Gene_set,Term,Overlap,P-value,Adjusted P-value,Old P-value,Old Adjusted P-value,Odds Ratio,Combined Score,Genes,theme
GO_Biological_Process_2023,Positive Regulation Of Intracellular Signal Transduction (GO:1902533),72/525,3.23084891998625e-16,1.1288586126431957e-12,0,0,3.3826662827526635,120.65502659561824,ITGB1;CD40;ECM1;FLT1;FASLG;TREM2;PARK7;CX3CL1;EDA2R;IGF1R;MYDGF;CASP8;KDR;IL12B;TRIM25;ITGAV;IKBKG;TGM2;HGF;ADIPOQ;F2R;TNFRSF19;IL18;SHISA5;TRAF2;IRAK4;RHOC;TNFRSF1A;DOK2;EEF1D;GFRAL;KIT;HCLS1;TRIM58;ROR1;S100A4;GAPDH;TMEM106A;HBEGF;SRC;PDGFB;TXN;IRAK1;CCL5;ERBB2;HMOX1;IGFBP6;FADD;HEXIM1;LYN;FIS1;CD74;TGFB1;EGF;FN1;EIF2AK2;BMP6;SOD1;BMP4;SELP;GH1;MAVS;AXL;CLEC6A;LEP;CNTN1;CD27;PTPN6;HPSE;TEK;CC2D1A;FGFR2,
GO_Biological_Process_2023,Regulation Of Cell Migration (GO:0030334),61/434,2.1124248659992343e-14,3.6904062409006616e-11,0,0,3.4520561639478347,108.69956924087654,ITGB1;ACVRL1;ROBO4;FLT1;SERPINE2;TNC;VSIR;CX3CL1;IGF1R;FGF5;CDH1;MDK;PLAU;AKT2;DAG1;KDR;TNR;TMSB10;EPHA4;EDN1;MMP7;HGF;ADIPOQ;F2R;RHOC;RNF41;SFRP1;KIT;NUMB;PECAM1;ADAM9;HBEGF;EPHA2;CSF1R;GRN;SEMA7A;CCL11;SRC;PDGFB;NEXN;SEMA3F;ERBB4;CCL5;NTF3;STX4;CGA;PLXNA4;ARSB;CCL24;CD74;ACE;TGFB1;EGF;SEMA4C;LAMB1;SOD2;CXCL12;PLXNB3;CNTN1;EPPK1;RECK,
GO_Biological_Process_2023,Positive Regulation Of MAPK Cascade (GO:0043410),49/310,9.328126765492505e-14,1.0864158306210268e-10,0,0,3.933319664953848,118.01200776376147,CD40;FLT1;CXCL17;TREM2;CX3CL1;CRKL;IGF1R;MYDGF;KDR;EDN1;MAP2K1;F2R;DOK2;GFRAL;KIT;ERP29;ADAM9;XCL1;ROR1;TMEM106A;NOTCH2;CCL13;CSF1R;SEMA7A;CCL11;PDGFB;IRAK1;ERBB4;CCL5;NTF3;ERBB2;CCL2;APOE;IGFBP6;CCL16;CCL24;CD74;CCL23;TGFB1;CCL20;EGF;SEMA4C;EIF2AK2;SOD1;BMP4;GH1;LEP;TEK;FGFR2,
GO_Biological_Process_2023,Cell-Cell Adhesion Via Plasma-Membrane Adhesion Molecules (GO:0098742),35/172,1.8619632554263465e-13,1.6264249036149134e-10,0,0,5.304950844103296,155.49858526762574,ITGB1;CD84;ROBO4;ITGB2;NEXN;UMOD;CELSR2;PKD1;PTPRF;CDH6;IGSF21;ALCAM;CDH3;SLITRK2;CDH1;SLITRK1;HMCN2;CDH23;SCARF2;SCARF1;CD164;VCAM1;DSCAM;CRTAM;L1CAM;SELE;CEACAM19;TGFBR2;SELP;CD6;PLXNB3;PECAM1;ESAM;DSG2;NECTIN2,
GO_Biological_Process_2023,Positive Regulation Of Peptidyl-Tyrosine Phosphorylation (GO:0050731),30/130,3.154546058021623e-13,2.20439678534551e-10,0,0,6.20764192139738,178.6854928270958,CSF1R;CD40;SRC;PDGFB;TREM2;ERBB4;CCL5;NTF3;ABL1;IL12B;TNFRSF14;PIBF1;LYN;EPHA4;CD74;PTPN1;ACE;TGFB1;HGF;IL18;BMP6;TNFRSF1A;GH1;ARL2BP;BANK1;CLEC6A;KIT;PECAM1;HCLS1;ITGA5,
GO_Biological_Process_2023,Positive Regulation Of Cell Population Proliferation (GO:0008284),61/483,2.5111333016048042e-12,1.3142103021647935e-09,0,0,3.0432216777786705,81.28532426624311,CDKN1A;MEGF10;REG1B;REG1A;AKR1B1;PRL;CX3CL1;CRKL;IGF1R;FGF5;TCL1A;MDK;AKT2;RBPMS2;KDR;CCN4;ITGAV;TIMP1;EPHA4;EDN1;CR1;F2R;IL18;FLT3LG;PGF;TGFBR2;TGFBR3;SFRP1;HCLS1;STAMBP;FXN;HBEGF;CSF1R;GRN;PDGFB;TNFRSF11A;CSF2RA;DLL1;ERBB4;CCL5;NTF3;ERBB2;HMOX1;STX4;STX3;CGA;LYN;CD74;TGFB1;EGF;TNFSF13;FN1;LAMB1;BMP6;BMP4;DNAJA2;PTPN6;HPSE;FOLR2;FGFR2;LGMN,
GO_Biological_Process_2023,Regulation Of Phosphatidylinositol 3-Kinase Signaling (GO:0014066),24/90,2.632934205825288e-12,1.3142103021647935e-09,0,0,7.488858213370144,199.6748440897963,FLT1;SRC;EGF;HGF;F2R;IL18;PDGFB;FN1;TREM2;IGF1R;CRNN;SELP;MYDGF;GH1;PIK3IP1;CCL5;LEP;KIT;KDR;HCLS1;ROR1;PTPN6;STAMBP;TEK,
GO_Biological_Process_2023,Positive Regulation Of Phosphatidylinositol 3-Kinase Signaling (GO:0014068),21/69,3.710302671964758e-12,1.4836386135435295e-09,0,0,8.989324324324324,236.5981861410828,FLT1;SRC;EGF;HGF;F2R;IL18;PDGFB;FN1;TREM2;IGF1R;SELP;MYDGF;GH1;CCL5;LEP;KIT;KDR;HCLS1;ROR1;PTPN6;TEK,
GO_Biological_Process_2023,Positive Regulation Of Cell Motility (GO:2000147),38/221,4.235352712381698e-12,1.4836386135435295e-09,0,0,4.315603861245516,113.01511134351908,ITGB1;CSF1R;GRN;SEMA7A;CCL11;FLT1;PDGFB;SEMA3F;VSIR;IGF1R;PLAU;MDK;AKT2;CCL5;NTF3;KDR;STX4;CGA;EPHA4;CCL24;EDN1;TGFB1;MMP7;EGF;HGF;F2R;SEMA4C;LAMB1;RHOC;SOD2;CXCL12;KIT;CNTN1;NUMB;PECAM1;ADAM9;EPHA2;HBEGF,
GO_Biological_Process_2023,Response To Tumor Necrosis Factor (GO:0034612),26/108,4.246246747405637e-12,1.4836386135435295e-09,0,0,6.538600212089078,171.21315266859307,CCL13;CD40;ASAH1;CCL11;TNFRSF11A;CX3CL1;CRHBP;TCL1A;CASP8;CASP3;CCL5;CCL2;CD58;GBP1;CCL16;IGBP1;CCL24;CCL23;CCL20;ADIPOQ;ERBIN;SELE;SFRP1;ADAM9;XCL1;TNFRSF21,
GO_Biological_Process_2023,Regulation Of Cell Adhesion (GO:0030155),30/144,5.26437918836283e-12,1.6721582621945203e-09,0,0,5.441277867156975,141.31030120692878,ACVRL1;SRC;TNC;ADAM22;CELSR2;DLL1;ATXN3;ADGRG1;PLAU;MDK;CCL5;ERBB2;IL12B;TNR;ITGAV;STX4;STX3;PLXNA4;TGM2;LYN;EPHA4;CD164;PPP1R12A;DSCAM;IL18;LAMB1;CXCL12;PLXNB3;P4HB;EPHA2,
GO_Biological_Process_2023,Inflammatory Response (GO:0006954),39/236,7.898908673973431e-12,2.2998989089052643e-09,0,0,4.115889388232529,105.21981671710144,CCL13;CSF1R;CXCL6;CD40;CCL11;ITGB2;LY75;F11R;CXCL3;CX3CL1;CRHBP;IL1RL1;PRDX5;ADGRE5;CCL5;CCL2;IKBKG;TNFRSF4;CCL16;AOC3;CCL24;CCL23;TGFB1;VCAM1;CCL20;F2R;IL18;HSPG2;SELE;TNFRSF1A;CXCL11;CD40LG;KIT;CRH;XCL1;IL17D;FOLR2;MGLL;PF4,immune
GO_Biological_Process_2023,Positive Regulation Of Cell Migration (GO:0030335),42/272,1.2169490449898696e-11,3.2707845870727726e-09,0,0,3.8024624855713736,95.56382590756232,ITGB1;CSF1R;GRN;SEMA7A;CCL11;FLT1;SRC;PDGFB;SEMA3F;VSIR;CRKL;IGF1R;PLAU;MDK;AKT2;CCL5;NTF3;KDR;CCN4;STX4;CGA;EPHA4;CCL24;EDN1;TGFB1;MMP7;EGF;HGF;F2R;SEMA4C;FN1;LAMB1;RHOC;SOD2;CXCL12;KIT;CNTN1;NUMB;PECAM1;ADAM9;EPHA2;HBEGF,
GO_Biological_Process_2023,Proteolysis (GO:0006508),47/330,1.3644484953171155e-11,3.405273601884287e-09,0,0,3.467681011882068,86.75335369320744,FCN2;CPM;TINAGL1;CPQ;CPXM2;ADAM22;HTRA2;PLAT;ECE1;PRSS22;WFDC2;ADAMTS16;ENDOU;ADAMTS15;THBD;CASP7;CASP8;PLAU;ANPEP;CASP3;ADAM23;LONP1;TBL1X;CTSE;TPSAB1;ADAMTS8;CTSC;HGFAC;CTSB;USP25;ACE;MMP7;HGF;GZMA;KLK14;GZMB;TMPRSS11D;MMP12;KEL;F9;CLPP;CNTN1;REN;TPP1;CTRC;LGMN;METAP2,
GO_Biological_Process_2023,Positive Regulation Of Cytokine Production (GO:0001819),46/320,1.632241078763485e-11,3.686240214533259e-09,0,0,3.50316301703163,87.01325174293794,CD274;CSF1R;CD40;CXCL17;PARK7;LY9;C3;MYDGF;IRAK1;MDK;IL12B;HMOX1;TNFRSF14;FADD;CD58;PIBF1;HAVCR2;CD74;TGFB1;IL1R1;ADIPOQ;F2R;CRTAM;IL18;EIF2AK2;TRAF2;PRG3;IL17RA;SOD1;MAVS;CD40LG;CD6;CLEC6A;LEP;CD28;CNTN1;PAEP;XCL1;HPSE;CD46;IL17D;GAPDH;TMEM106A;IL18R1;CD244;HSPA1A,immune
GO_Biological_Process_2023,Positive Regulation Of Phosphorylation (GO:0042327),38/231,1.6880321531921047e-11,3.686240214533259e-09,0,0,4.089829038369359,101.44768816600217,CSF1R;CD40;CDKN1A;FLT1;AKR1B1;TREM2;STK4;CRKL;IGF1R;C3;FGF5;MYDGF;ERBB4;AKT2;CCL5;ERBB2;KDR;EPHB4;LYN;CD74;TGFB1;DSCAM;EGF;HGF;ADIPOQ;AXIN1;MERTK;PGF;BMP4;MAVS;AXL;LEP;ERP29;PECAM1;ROR1;TEK;FGFR2;EPHA2,
GO_Biological_Process_2023,Regulation Of ERK1 And ERK2 Cascade (GO:0070372),39/244,2.2623588328048133e-11,4.6498128010705985e-09,0,0,3.953591308790706,96.91054095110256,NOTCH2;CCL13;CSF1R;SEMA7A;CCL11;PSCA;PDGFB;CXCL17;TREM2;CX3CL1;CRKL;ERBB4;CCL5;ERBB2;KDR;CCL2;APOE;GBP1;CCL16;LYN;EPHA4;CCL24;CD74;PTPN1;CCL23;MAP2K1;TGFB1;CCL20;ADIPOQ;F2R;FN1;TGFBR3;TNIP1;XCL1;ROR1;PTPN6;TEK;FGFR2;EPHA2,
GO_Biological_Process_2023,Regulation Of MAPK Cascade (GO:0043408),35/204,3.176813802257685e-11,6.1665485694935285e-09,0,0,4.293188446274658,103.77734362026496,CSF1R;FLT1;PDGFB;PEBP1;STK4;CX3CL1;DUSP13;IGF1R;MYDGF;GRAP2;ERBB2;DAG1;KDR;IGFBP6;LYN;CD74;MAP2K1;EGF;F2R;FN1;EIF2AK2;RNF41;SOD1;BMP4;TGFBR3;DOK2;LEP;GFRAL;KIT;REN;PTPN6;TEK;TMEM106A;FGFR2;EPHA2,
GO_Biological_Process_2023,Neutrophil Migration (GO:1990266),21/77,3.8328536792519056e-11,7.048416187003242e-09,0,0,7.701891891891892,184.72854006496468,CXCL6;CCL13;CCL24;EDN1;CCL23;CCL11;CCL20;ITGB2;GP2;UMOD;IRAK4;CXCL3;CX3CL1;CXCL11;CCL5;PECAM1;XCL1;CCL2;PPIB;CCL16;PF4,
GO_Biological_Process_2023,Regulation Of Cell Population Proliferation (GO:0042127),79/766,5.3151794110196685e-11,9.285618431051361e-09,0,0,2.43606842514384,57.63218830098887,ACVRL1;CDKN1A;REG1B;PDCD5;REG1A;AKR1B1;PRL;PKD2;CX3CL1;CRKL;IGF1R;PPP1R9B;FGF5;HHEX;TCL1A;AKT2;KDR;TNFRSF8;ITGAV;TIMP1;ADAMTS8;EPHA4;FGFBP1;MAP2K1;EDN1;CR1;F2R;FLT3LG;PGF;RNF41;TGFBR2;ACE2;SFRP1;DDAH1;KIT;HCLS1;STAMBP;FXN;HBEGF;CSF1R;PDGFB;UMOD;TNFRSF11A;DLL1;DNAJB2;ADGRG1;FRZB;ERBB4;NTF3;ERBB2;STX4;IGFBP7;STX3;IGFBP6;CGA;LYN;CDKN2D;STAT5B;CCL23;TGFB1;EGF;AMBN;TNFRSF9;TNFSF13;FN1;EIF2AK2;IFNLR1;SOD2;BMP6;BMP4;CXCL11;DNAJA2;PTPN6;MELTF;FOLR2;FGFR2;LGMN;HSPA1A;PF4,
GO_Biological_Process_2023,Cytokine-Mediated Signaling Pathway (GO:0019221),39/257,1.1266561490102374e-10,1.8745412307817956e-08,0,0,3.715262535023214,85.10402106071395,CCL13;CSF1R;CXCL6;CCL11;SRC;PDGFB;IL1RAP;TNFRSF11A;CXCL3;CSF2RA;CX3CL1;IL1RL1;IRAK1;CCL5;IL12B;CCL2;CD300LF;CCL16;LYN;STAT5B;CCL24;CCL23;IL4R;IL1R1;CCL20;IL18;TRAF2;IRAK4;IL17RA;TNFRSF1A;CXCL11;CXCL12;LEP;KIT;XCL1;PTPN6;P4HB;IL18R1;PF4,immune
GO_Biological_Process_2023,Monocyte Chemotaxis (GO:0002548),15/42,3.53331603780492e-10,5.6115482891319964e-08,0,0,11.353980188566656,247.10364346451908,CCL13;CCL24;CALCA;CCL23;CCL11;FLT1;CCL20;PDGFB;TNFRSF11A;CX3CL1;CCL5;CCL2;XCL1;FOLR2;CCL16,
GO_Biological_Process_2023,Positive Regulation Of Protein Phosphorylation (GO:0001934),48/377,4.3072501198133085e-10,6.543274747229434e-08,0,0,3.042221485096906,65.6071833589024,ACVRL1;CSF1R;CD40;CDKN1A;MSTN;SRC;PDGFB;TREM2;TXN;PARK7;STK4;CX3CL1;CRKL;C3;FGF5;MYDGF;TCL1A;ERBB4;AKT2;NTF3;ERBB2;KDR;SNX9;TNFRSF14;MAP3K5;LYN;CD74;TGFB1;EGF;HGF;ADIPOQ;AXIN1;INHBC;PGF;BMP6;TGFBR2;BMP4;GH1;MAVS;BANK1;CLEC6A;LEP;ERP29;PECAM1;HCLS1;ITGA5;TEK;EIF4G1,
GO_Biological_Process_2023,Negative Regulation Of Apoptotic Process (GO:0043066),56/482,5.114769507972184e-10,7.446251942022842e-08,0,0,2.75140581315609,58.86280170327005,ITGB1;TNFRSF6B;HSPB1;TREM2;PARK7;TRIAP1;CX3CL1;IGF1R;MYDGF;TCL1A;MDK;AKT2;KDR;DFFA;HGF;F2R;SERPINB9;DKK1;SFRP1;CAT;TAX1BP1;HCLS1;ITGA5;FXN;NOTCH2;GRN;SRC;GLO1;FSTL1;DLL1;PRDX5;DNAJB6;PTPRZ1;ERBB4;NTF3;ERBB2;CCL2;APOE;TXNDC5;CDKN2D;IGBP1;CD74;MERTK;SOD2;SMAD5;SOD1;BMP4;CD40LG;KRT18;AXL;CD28;CD27;CIAPIN1;TEK;LGMN;HSPA1A,
GO_Biological_Process_2023,Positive Regulation Of Epithelial Cell Proliferation (GO:0050679),25/123,5.385316184362961e-10,7.526517899265673e-08,0,0,5.250504110438964,112.05717706596748,NOTCH2;ECM1;GRN;CCL11;PDGFB;MYDGF;CDH3;MDK;ERBB2;KDR;CCL24;EGFL7;EGF;LAMB1;PGF;BMP6;BMP4;CRNN;MMP12;NELL2;SFRP1;CNTN1;PLXNB3;TEK;FGFR2,
GO_Biological_Process_2023,Axon Guidance (GO:0007411),27/149,1.6358874881397827e-09,2.198381109061693e-07,0,0,4.559160884068571,92.23675028204484,EPHB6;NOTCH2;DRAXIN;SEMA7A;ROBO4;LRTM2;MYCBP2;NEXN;SEMA3F;ALCAM;OPHN1;DAG1;TNR;NCAM1;NEO1;PLXNA4;VASP;EPHA4;DSCAM;SEMA4C;L1CAM;NELL2;NFASC;CXCL12;PLA2G10;CNTN1;PLXNB3,neurological signaling
GO_Biological_Process_2023,Response To Cytokine (GO:0034097),24/125,3.965280708126061e-09,5.131366960812021e-07,0,0,4.884688902729752,94.49767329162144,IGBP1;CD274;CSF1R;CD74;CD40;IL1R1;CALCOCO2;SRC;ADIPOQ;EIF2AK2;IFNLR1;TNFRSF11A;SELE;CRNN;SELP;COL3A1;CASP8;IRAK1;CASP3;KYNU;ADAM9;HCLS1;TIMP1;TIMP4,immune
GO_Biological_Process_2023,Positive Regulation Of Cellular Process (GO:0048522),62/594,4.324840168860185e-09,5.396782696427674e-07,0,0,2.441831388425816,47.02696370134522,REG1B;REG1A;AKR1B1;PRL;DNPH1;CX3CL1;CRKL;IGF1R;FGF5;TCL1A;CDH3;MDK;AKT2;KDR;IL12B;ITGAV;TIMP1;TGM2;EPHA4;EDN1;CR1;F2R;FLT3LG;SIRT2;PGF;TGFBR2;SFRP1;HCLS1;STAMBP;FXN;HDGFL2;HBEGF;CSF1R;GRN;PDGFB;TNFRSF11A;CST7;DLL1;ADGRG1;ERBB4;CCL5;NTF3;ERBB2;STX4;STX3;CGA;LYN;TGFB1;EGF;TNFSF13;FN1;LAMB1;BMP6;BMP4;CXCL12;DNAJA2;PTPN6;P4HB;FOLR2;FGFR2;LGMN;EIF4G1,
GO_Biological_Process_2023,Chemokine-Mediated Signaling Pathway (GO:0070098),16/57,5.153546340526057e-09,6.209134797861394e-07,0,0,7.978179910831367,152.25224056193298,LYN;CXCL6;CCL13;CCL24;CCL23;CCL11;CCL20;CXCL3;CX3CL1;CXCL11;CXCL12;CCL5;XCL1;CCL2;CCL16;PF4,immune
GO_Biological_Process_2023,Granulocyte Chemotaxis (GO:0071621),18/73,5.601635374265768e-09,6.524037999228199e-07,0,0,6.700274294670846,127.30660023541252,CXCL6;CCL13;CCL24;EDN1;CCL23;CCL11;CCL20;ITGB2;CXCL3;CX3CL1;CXCL11;CCL5;BSG;XCL1;CCL2;PPIB;CCL16;PF4,
GO_Biological_Process_2023,Leukocyte Cell-Cell Adhesion (GO:0007159),12/31,7.174760663487745e-09,8.0866495994278e-07,0,0,12.871633044066268,241.3778270705737,ITGB1;SELP;VCAM1;CD40LG;TNIP1;CCL5;ITGB2;PECAM1;UMOD;F11R;SELE;JAM2,immune
GO_Biological_Process_2023,Hemopoiesis (GO:0030097),21/101,8.394840314887326e-09,9.1661162688176e-07,0,0,5.384513513513514,100.1285210072273,NOTCH2;LYN;CSF1R;CD164;TGFB1;ZBTB16;PDGFB;FLT3LG;PBXIP1;DLL1;TGFBR2;FSTL3;BMP4;TGFBR3;MFAP5;SFRP1;KIT;KDR;TEK;CD34;FGFR2,
GO_Biological_Process_2023,Homophilic Cell Adhesion Via Plasma Membrane Adhesion Molecules (GO:0007156),16/60,1.1650447696757864e-08,1.1972548309550582e-06,0,0,7.433040078201368,135.78619063884935,ITGB1;CD84;ROBO4;DSCAM;NEXN;L1CAM;CELSR2;PKD1;IGSF21;CDH1;HMCN2;PECAM1;PLXNB3;DSG2;ESAM;NECTIN2,
GO_Biological_Process_2023,Negative Regulation Of Peptidase Activity (GO:0010466),16/60,1.1650447696757864e-08,1.1972548309550582e-06,0,0,7.433040078201368,135.78619063884935,ECM1;SERPINB1;UBXN1;SERPINE2;SERPINB9;PARK7;SERPINA9;CST7;SERPINA5;SERPINB6;CST3;SPOCK1;TIMP1;GAPDH;TIMP4;CTSB,
GO_Biological_Process_2023,Response To Interleukin-1 (GO:0070555),19/85,1.22240600988183e-08,1.2203104567220327e-06,0,0,5.89670164427446,107.43707658111242,IGBP1;CCL13;CCL24;CD40;CCL23;CCL11;IL1R1;SRC;CCL20;TNFRSF11A;SELE;CX3CL1;SFRP1;IRAK1;CCL5;XCL1;CCL2;GBP1;CCL16,immune
GO_Biological_Process_2023,Positive Regulation Of I-kappaB kinase/NF-kappaB Signaling (GO:0043123),28/175,1.4589582463254744e-08,1.4160000312947798e-06,0,0,3.9230210602759614,70.78290458784794,CD40;ECM1;FASLG;CX3CL1;EDA2R;CASP8;IRAK1;TRIM25;HMOX1;FADD;IKBKG;CD74;F2R;TNFRSF19;SHISA5;TRAF2;IRAK4;RHOC;TNFRSF1A;MAVS;EEF1D;CLEC6A;TRIM58;ROR1;S100A4;GAPDH;CC2D1A;TMEM106A,
GO_Biological_Process_2023,Phagocytosis (GO:0006909),17/69,1.50362837818438e-08,1.4199128522638444e-06,0,0,6.686966961993873,120.45099607184896,ITGB1;SRPX;MEGF10;CD93;ANXA3;ITGB2;TREM2;MERTK;CORO1A;MESD;BIN2;AXL;PECAM1;MYH9;ITGAV;HAVCR1;TGM2,
GO_Biological_Process_2023,Neuron Projection Guidance (GO:0097485),23/124,1.65620079025519e-08,1.5228330424083246e-06,0,0,4.676088518927733,83.77752410446752,EPHB6;NOTCH2;VASP;EPHA4;DRAXIN;SEMA7A;ROBO4;DSCAM;LRTM2;MYCBP2;SEMA4C;NEXN;SEMA3F;L1CAM;NELL2;NFASC;CXCL12;OPHN1;PLA2G10;DAG1;CNTN1;TNR;NEO1,neurological signaling
GO_Biological_Process_2023,Neutrophil Chemotaxis (GO:0030593),17/70,1.8992494807590257e-08,1.7015327399415476e-06,0,0,6.560452505229807,116.6397411563041,CXCL6;CCL13;CCL24;EDN1;CCL23;CCL11;CCL20;ITGB2;CXCL3;CX3CL1;CXCL11;CCL5;XCL1;CCL2;PPIB;CCL16;PF4,
GO_Biological_Process_2023,Regulation Of Protein Kinase B Signaling (GO:0051896),24/136,2.2399429715564e-08,1.9565901856545145e-06,0,0,4.402386117136659,77.54464310201637,ITGB1;TGFB1;MSTN;SRC;EGF;IL18;SORD;PARK7;TXN;CX3CL1;IGF1R;RNF41;MYDGF;BANK1;AXL;LEP;GFRAL;DAG1;CNTN1;HCLS1;HPSE;TEK;EPHA2;HBEGF,
GO_Biological_Process_2023,Positive Regulation Of ERK1 And ERK2 Cascade (GO:0070374),28/179,2.4193825301709214e-08,2.061785990345658e-06,0,0,3.818291996710384,66.96202970530236,NOTCH2;CSF1R;CCL13;SEMA7A;CCL11;CXCL17;PDGFB;TREM2;TNFRSF11A;CX3CL1;CRKL;ERBB4;CCL5;KDR;CCL2;APOE;CCL16;CCL24;CD74;MAP2K1;CCL23;TGFB1;CCL20;F2R;XCL1;ROR1;TEK;FGFR2,
GO_Biological_Process_2023,Regulation Of Peptidyl-Tyrosine Phosphorylation (GO:0050730),19/90,3.298190279968723e-08,2.7437801995739806e-06,0,0,5.479997569017123,94.4055995267301,CD74;TGFB1;SRC;HGF;ITGB2;PDGFB;TREM2;BMP6;GH1;SFRP1;BANK1;CLEC6A;NTF3;PECAM1;IL12B;HCLS1;TNFRSF14;PTPN6;ITGA5,
GO_Biological_Process_2023,Cellular Response To Tumor Necrosis Factor (GO:0071356),22/119,3.5975822721831194e-08,2.923244757908794e-06,0,0,4.653166421207659,79.75722081086298,CCL13;CCL24;CD40;ASAH1;CCL23;CCL11;CCL20;ERBIN;TRAF2;TNFRSF11A;CX3CL1;TNFRSF1A;CRHBP;TCL1A;SFRP1;CCL5;XCL1;CCL2;CD58;GBP1;TNFRSF21;CCL16,
GO_Biological_Process_2023,Positive Regulation Of MAP Kinase Activity (GO:0043406),19/91,3.9859726967682646e-08,3.165224682388253e-06,0,0,5.403601821886611,92.06602408748375,PTPN1;CD40;EDN1;FLT1;TGFB1;EGF;PDGFB;TRAF2;TNFRSF11A;DKK1;ERN1;GH1;IRAK1;KIT;ERBB2;NTF3;ERP29;ADAM9;MAP3K5,
GO_Biological_Process_2023,Regulation Of I-kappaB kinase/NF-kappaB Signaling (GO:0043122),32/232,5.4424779150353554e-08,4.225781741140784e-06,0,0,3.300481400437637,55.20532486799067,CD40;ECM1;OTUD7B;HSPB1;FASLG;TREM2;CX3CL1;EDA2R;CASP8;IRAK1;TRIM25;HMOX1;FADD;IKBKG;CD74;F2R;TNFRSF19;SHISA5;TRAF2;IRAK4;RHOC;TNFRSF1A;MAVS;TNIP1;EEF1D;CLEC6A;TRIM58;ROR1;S100A4;GAPDH;CC2D1A;TMEM106A,
GO_Biological_Process_2023,Regulation Of Endothelial Cell Proliferation (GO:0001936),19/93,5.772400854217417e-08,4.384514909703404e-06,0,0,5.257004577392927,87.6216108940175,CCL24;ECM1;EGFL7;CCL11;EGF;SORD;PDGFB;PRL;PGF;ATP5IF1;BMP4;NELL2;MYDGF;LEP;KDR;CNTN1;PLXNB3;APOE;TEK,blood vessels
GO_Biological_Process_2023,Negative Regulation Of Cellular Process (GO:0048523),55/537,6.250341417899932e-08,4.646530407264332e-06,0,0,2.378464218021618,39.45407065846281,ACVRL1;CDKN1A;PDCD5;AKR1B1;TREM2;ENO1;SPINT2;PARK7;PKD2;PPP1R9B;MDK;CCN5;TNFRSF8;CCN4;CCN3;ADAMTS8;EPHA4;FGFBP1;MAP2K1;DSCAM;F2R;APOA1;RNF41;VAMP8;SFRP1;DDAH1;MYH9;CHMP6;TNFRSF21;ADAM22;HTRA2;UMOD;DLL1;DNAJB2;ADGRG1;FRZB;ERBB4;IGFBP7;IGFBP6;JAM2;PLXNA4;LYN;CDKN2D;CD164;CCL23;TGFB1;SUSD2;EIF2AK2;IFNLR1;SOD2;DCBLD2;BMP4;PLXNB3;PTPN6;HSPA1A,
GO_Biological_Process_2023,Peptidyl-Tyrosine Phosphorylation (GO:0018108),16/67,6.408893443101868e-08,4.665140352124567e-06,0,0,6.41045751633987,106.17637013492433,LYN;EPHA4;CSF1R;FLT1;SRC;PDGFB;IGF1R;ERBB4;LEP;ERBB2;KDR;ABL1;PTPN6;TEK;PIBF1;FGFR2,
GO_Biological_Process_2023,Cellular Response To Chemokine (GO:1990869),15/59,6.714505165194541e-08,4.78785327493668e-06,0,0,6.960990137681867,114.97057134978245,CXCL6;CCL13;CCL24;CCL23;CCL11;CCL20;CXCL3;CX3CL1;CXCL11;CXCL12;CCL5;XCL1;CCL2;CCL16;PF4,immune
GO_Biological_Process_2023,Axonogenesis (GO:0007409),28/188,7.117669061719028e-08,4.973827140329255e-06,0,0,3.601797385620915,59.27874317706099,EPHB6;NOTCH2;DRAXIN;SEMA7A;ROBO4;LRTM2;SSNA1;MYCBP2;NEXN;SEMA3F;OPHN1;SLITRK2;SLITRK1;DAG1;SLITRK6;TNR;NEO1;VASP;EPHA4;DSCAM;SEMA4C;L1CAM;NELL2;NFASC;CXCL12;PLA2G10;CNTN1;FGFR2,neurological signaling
GO_Biological_Process_2023,Positive Regulation Of Endothelial Cell Proliferation (GO:0001938),17/77,8.65470576263006e-08,5.929321947966556e-06,0,0,5.792931467527808,94.2079972448568,CCL24;ECM1;EGFL7;FGFBP1;CCL11;EGF;PDGFB;PGF;BMP4;NELL2;MYDGF;MDK;KDR;CNTN1;PLXNB3;HMOX1;TEK,blood vessels
GO_Biological_Process_2023,Organonitrogen Compound Catabolic Process (GO:1901565),17/78,1.0584197754757106e-07,7.111766722138717e-06,0,0,5.697665390248637,91.51201929701313,ACHE;BCHE;CPQ;PLA2G4A;HTRA2;NPL;PLA2G7;RNF5;PLA2G15;CASP7;RIDA;NAGK;GNPDA2;ANPEP;CASP3;PLA2G10;TPP1,
GO_Biological_Process_2023,Positive Regulation Of Cell Adhesion (GO:0045785),18/88,1.2599016101553446e-07,8.187778844872025e-06,0,0,5.260344827586207,83.57142452361708,VIT;EPHA4;MEGF10;PDGFB;LAMB1;FSTL3;ADGRG1;CXCL12;MDK;CCL5;ERBB2;IL12B;ADAM9;ITGAV;STX4;STX3;P4HB;TGM2,
GO_Biological_Process_2023,Regulation Of Protein Phosphorylation (GO:0001932),34/265,1.265426610254978e-07,8.187778844872025e-06,0,0,3.0378123338649656,48.24862047169496,CSF1R;CD40;CDKN1A;ITGB2;HSPB1;TREM2;PARK7;STK4;CRKL;C3;FGF5;MYDGF;ERBB4;AKT2;ERBB2;KDR;LYN;CD74;TGFB1;HGF;ADIPOQ;FN1;AXIN1;SORD;PGF;SOD1;BMP4;OCLN;MAVS;IMPACT;LEP;ERP29;PECAM1;TEK,
GO_Biological_Process_2023,Response To Type II Interferon (GO:0034341),17/80,1.566508989905971e-07,9.951604383148114e-06,0,0,5.5162061954311685,86.43479230818285,CCL13;CCL24;CD74;CD40;CCL23;CCL11;CALCOCO2;CCL20;CX3CL1;KYNU;CCL5;XCL1;CCL2;CD58;GAPDH;GBP1;CCL16,immune
GO_Biological_Process_2023,Cellular Response To Interleukin-1 (GO:0071347),17/81,1.8962134062433254e-07,1.1831017216811036e-05,0,0,5.429729547900969,84.04263914540786,CCL13;CCL24;CD40;CCL23;CCL11;IL1R1;CCL20;IL1RAP;IRAK4;CX3CL1;SFRP1;IRAK1;CCL5;XCL1;CCL2;GBP1;CCL16,immune
GO_Biological_Process_2023,Cellular Response To Cytokine Stimulus (GO:0071345),37/308,1.9532539306058094e-07,1.1973103918485435e-05,0,0,2.821197617916773,43.58355066149791,CCL13;CSF1R;CD40;ASAH1;CCL11;SELPLG;SHMT1;HTRA2;CSF2RA;CX3CL1;CRHBP;TCL1A;CCL5;IL12B;CCL2;CD58;GBP1;CCL16;STAT5B;CCL24;CCL23;IL4R;CCL20;ERBIN;IRAK4;TNFRSF1A;CRNN;SFRP1;CXCL12;AXL;KIT;HCLS1;XCL1;PTPN6;GAPDH;TNFRSF21;PF4,immune
GO_Biological_Process_2023,Transmembrane Receptor Protein Tyrosine Kinase Signaling Pathway (GO:0007169),35/284,2.240168314838729e-07,1.3495082917321582e-05,0,0,2.901507236409965,44.42655759493301,EPHB6;CSF1R;FLT1;SRC;PDGFB;PLAT;GIGYF2;IGF1R;FGF5;FLRT2;ERBB4;AKT2;CASP3;NTF3;ERBB2;KDR;EPHB4;LYN;EPHA4;YES1;SORT1;HGF;MERTK;MTSS1;PGF;GH1;DOK2;AXL;CD8A;GFRAL;KIT;ROR1;TEK;FGFR2;EPHA2,
GO_Biological_Process_2023,Positive Regulation Of Protein Kinase B Signaling (GO:0051897),18/93,3.034716951840053e-07,1.797169666055787e-05,0,0,4.908362068965517,73.66458745427717,ITGB1;TGFB1;SRC;EGF;IL18;PARK7;TXN;CX3CL1;IGF1R;MYDGF;AXL;LEP;GFRAL;CNTN1;HCLS1;HPSE;TEK;HBEGF,
GO_Biological_Process_2023,Positive Regulation Of Kinase Activity (GO:0033674),19/104,3.688889713468244e-07,2.148163443143008e-05,0,0,4.57403388539882,67.7541125059448,CSF1R;CD74;CDKN1A;FLT1;AXIN1;TREM2;MERTK;IGF1R;ERBB4;AXL;ERBB2;KDR;ROR1;SNX9;TEK;EPHB4;FGFR2;MAP3K5;EPHA2,
GO_Biological_Process_2023,Integrin-Mediated Signaling Pathway (GO:0007229),17/85,3.9451370039437513e-07,2.25972273635729e-05,0,0,5.109257265877288,75.33912509119745,ITGB1;SEMA7A;FYB1;MPIG6B;ITGB5;SRC;ITGB2;ERBIN;FN1;APOA1;COL3A1;CD40LG;ITGA11;ADAM9;MYH9;ITGAV;ITGA5,
GO_Biological_Process_2023,Regulation Of Apoptotic Process (GO:0042981),64/705,4.479949026686349e-07,2.5246680482648544e-05,0,0,2.084384871993519,30.47054686474421,ITGB1;TNFRSF6B;PDCD5;HSPB1;FASLG;PARK7;TRIAP1;CX3CL1;IGF1R;MYDGF;TCL1A;CASP8;ADAMTSL4;AKT2;CASP3;KDR;TNFRSF8;MAP3K5;CTSB;TGM2;DFFA;HGF;SERPINB9;TRAF2;DKK1;SFRP1;PLSCR3;AKT1S1;CAT;TAX1BP1;FXN;NOTCH2;SRC;DIABLO;GLO1;HTRA2;STK4;FSTL1;PRDX5;PNMA1;FRZB;ERBB4;NTF3;ERBB2;ABL1;HS1BP3;FADD;TXNDC5;CD74;CRADD;GZMA;HIP1R;SMAD5;SOD1;BMP4;CD40LG;KRT18;AXL;CD28;CD27;PTPN6;CIAPIN1;TEK;HSPA1A,
GO_Biological_Process_2023,Positive Regulation Of Protein Serine/Threonine Kinase Activity (GO:0071902),20/117,5.598122824207541e-07,3.104736690123992e-05,0,0,4.2210148961278975,60.764313531741166,CSF1R;MAP2K1;CD40;EDN1;TGFB1;FLT1;SRC;EGF;ADIPOQ;PDGFB;PKD2;PKD1;GH1;TCL1A;IRAK1;KIT;ERBB2;NTF3;ERP29;ADAM9,
GO_Biological_Process_2023,Positive Regulation Of Chemotaxis (GO:0050921),12/44,6.06659375174254e-07,3.311981026341943e-05,0,0,7.637312633832977,109.3304090567384,TGFB1;DSCAM;MDK;PDGFB;KDR;CNTN1;HSPB1;XCL1;TREM2;STX4;STX3;LGMN,
GO_Biological_Process_2023,Eosinophil Chemotaxis (GO:0048245),9/24,7.841808932568927e-07,4.089517710351185e-05,0,0,12.191462113127,171.39520760725293,CCL13;CCL24;CCL23;CCL11;CCL5;CCL2;XCL1;CX3CL1;CCL16,
GO_Biological_Process_2023,Eosinophil Migration (GO:0072677),9/24,7.841808932568927e-07,4.089517710351185e-05,0,0,12.191462113127,171.39520760725293,CCL13;CCL24;CCL23;CCL11;CCL5;CCL2;XCL1;CX3CL1;CCL16,
GO_Biological_Process_2023,Cell-Matrix Adhesion (GO:0007160),19/109,7.841948671823966e-07,4.089517710351185e-05,0,0,4.318782212633345,60.71606742760157,ITGB1;CD63;VCAM1;ITGB5;SRC;FGL1;ITGB2;FN1;L1CAM;MSLN;NID2;PKD1;COL3A1;ITGA11;ADAM9;ITGAV;HPSE;ITGA5;CD34,
GO_Biological_Process_2023,Positive Regulation Of Protein Modification Process (GO:0031401),29/225,9.564380042519062e-07,4.914403510082589e-05,0,0,3.042763670353638,42.17285619965719,CSF1R;CD40;CDKN1A;TREM2;TXN;STK4;CRKL;C3;FGF5;MYDGF;ERBB4;AKT2;ERBB2;KDR;LYN;CD74;ACE;TGFB1;HGF;ADIPOQ;ASPSCR1;AXIN1;PGF;BMP4;MAVS;LEP;ERP29;PECAM1;TEK,salt transport
GO_Biological_Process_2023,Peptidyl-Tyrosine Modification (GO:0018212),13/54,9.947638809944894e-07,5.018183519331289e-05,0,0,6.461427861867043,89.30184653709287,LYN;EPHA4;CSF1R;FLT1;SRC;PDGFB;ERBB4;ERBB2;KDR;ABL1;PTPN6;TEK;FGFR2,salt transport
GO_Biological_Process_2023,Positive Regulation Of Transferase Activity (GO:0051347),22/143,1.0053601784579e-06,5.018183519331289e-05,0,0,3.725501770956317,51.44979302519116,CSF1R;CD74;TGFB1;FLT1;ADIPOQ;AXIN1;APOA1;TREM2;APOA4;MERTK;IGF1R;TNIP1;ERBB4;AXL;ERBB2;KDR;ROR1;APOE;TEK;EPHB4;FGFR2;EPHA2,
GO_Biological_Process_2023,Cellular Response To Growth Factor Stimulus (GO:0071363),23/155,1.1001631647154289e-06,5.414042390867194e-05,0,0,3.5720640861485933,49.00890521504388,ACVRL1;STAT5B;TGFB1;FLT1;HGF;PDCD5;MARS1;PDGFB;TWF2;HTRA2;HSPB1;BMP6;CRKL;TGFBR2;ERN1;BMP4;SFRP1;CCL5;ERBB2;KDR;XCL1;CCL2;LGMN,
GO_Biological_Process_2023,Positive Regulation Of Lymphocyte Proliferation (GO:0050671),15/74,1.5798402910147191e-06,7.666613856674207e-05,0,0,5.187150685430283,69.29092780364357,VAV3;CD274;CD74;CD40;VCAM1;IL18;PDCD1LG2;CD40LG;CD6;CCL5;LEP;CD28;IL12B;CD46;TNFRSF4,immune
GO_Biological_Process_2023,Negative Regulation Of Cell Population Proliferation (GO:0008285),40/379,1.87734104864145e-06,8.985520032812639e-05,0,0,2.437372612605573,32.138352226669824,ACVRL1;CDKN1A;MSTN;PDCD5;AKR1B1;UMOD;TREM2;PKD2;DLL1;DNAJB2;ADGRG1;FRZB;ERBB4;IL12B;HMOX1;TNFRSF8;CCN3;IGFBP7;APOE;IGFBP6;ADAMTS8;LYN;CDKN2D;FGFBP1;CCL23;MAP2K1;TGFB1;F2R;EIF2AK2;IFNLR1;SOD2;MTSS1;RNF41;BMP4;TGFBR3;SFRP1;DDAH1;EPPK1;PTPN6;HSPA1A,
GO_Biological_Process_2023,Regulation Of Kinase Activity (GO:0043549),16/85,2.017423535167682e-06,9.525510583616056e-05,0,0,4.733676172666355,62.07595875648252,CSF1R;CD74;FLT1;TREM2;MERTK;IGF1R;SOD1;ERBB4;AXL;ERBB2;KDR;ROR1;TEK;EPHB4;FGFR2;EPHA2,
GO_Biological_Process_2023,Heterophilic Cell-Cell Adhesion Via Plasma Membrane Cell Adhesion Molecules (GO:0007157),12/49,2.132942723198856e-06,9.836700360621346e-05,0,0,6.603507147404364,86.22864897087386,SELP;IGSF21;CD164;ALCAM;VCAM1;CD6;CRTAM;UMOD;SCARF2;SCARF1;SELE;CEACAM19,
GO_Biological_Process_2023,Lymphocyte Migration (GO:0072676),11/41,2.1396371705988046e-06,9.836700360621346e-05,0,0,7.460392156862745,97.39448176011204,CCL13;CCL24;CCL23;CCL11;CCL20;CCL5;CRTAM;CCL2;XCL1;CX3CL1;CCL16,immune
GO_Biological_Process_2023,Cellular Response To Transforming Growth Factor Beta Stimulus (GO:0071560),17/96,2.360021069151551e-06,0.0001070897872157,0,0,4.395293700862504,56.949117285013934,ACVRL1;ITGB1;GPI;TGFB1;ITGB5;WFIKKN1;SRC;PDCD5;APOA1;SMAD5;CRKL;TGFBR2;TGFBR3;SFRP1;COL3A1;ADAM9;XCL1,
GO_Biological_Process_2023,Negative Regulation Of Neuron Death (GO:1901215),16/88,3.249758857802284e-06,0.0001455725313995,0,0,4.535722819593787,57.31761069099255,CHGA;GRN;F2R;HTRA2;TRAF2;PARK7;SOD2;SOD1;PTPRZ1;MDK;NTF3;CCL2;IKBKG;APOE;EIF4G1;LGMN,neurological signaling
GO_Biological_Process_2023,Positive Regulation Of Response To External Stimulus (GO:0032103),22/155,3.9684038281299085e-06,0.000175513961715,0,0,3.387218045112782,42.12732740176173,GRN;TGFB1;PDGFB;IL18;PLAT;TREM2;PLA2G7;BMP6;CX3CL1;IL17RA;TNFRSF1A;THBD;TNIP1;PLAU;MDK;CCL5;CCN4;IL12B;STX4;FADD;STX3;SCARF1,
GO_Biological_Process_2023,Regulation Of Protein Localization To Plasma Membrane (GO:1903076),15/80,4.408778051488495e-06,0.0001925533813987,0,0,4.706849541436007,58.04445901486542,ITGB1;LRPAP1;TGFB1;STX8;STX7;AKR1B1;TREM2;VAMP8;CNPY4;NUMB;STX4;STX3;GBP1;ARF6;EPHA2,
GO_Biological_Process_2023,Lymphocyte Chemotaxis (GO:0048247),11/44,4.559632393410167e-06,0.000196683402254,0,0,6.781105169340464,83.39585245982349,CCL13;CCL24;CCL23;CXCL11;CCL11;CCL20;CCL5;CCL2;XCL1;CX3CL1;CCL16,immune
GO_Biological_Process_2023,Regulation Of Blood Coagulation (GO:0030193),9/29,4.849925129629961e-06,0.0002066541268649,0,0,9.14119530416222,111.85666862946628,THBD;EDN1;SERPINE2;PLAU;F2R;GP1BA;APOE;HPSE;TFPI,
GO_Biological_Process_2023,Enzyme-Linked Receptor Protein Signaling Pathway (GO:0007167),19/124,5.752936211217078e-06,0.0002421778207468,0,0,3.69888529306005,44.6300108646199,LYN;CSF1R;YES1;FLT1;GP6;MERTK;PTPRF;MTSS1;DOK2;CD8A;ERBB4;AXL;ERBB2;NTF3;KDR;ROR1;TEK;FGFR2;EPHA2,
GO_Biological_Process_2023,Regulation Of Smooth Muscle Cell Proliferation (GO:0048660),12/54,6.375038850694582e-06,0.000265171258861,0,0,5.815845824411135,69.57566366656343,BMP4;EDN1;TGFB1;CCL5;RBPMS2;IL18;PDGFB;CCN4;IL12B;HMOX1;APOE;CX3CL1,
GO_Biological_Process_2023,Regulation Of MAP Kinase Activity (GO:0043405),18/114,6.547498270065742e-06,0.0002666174215761,0,0,3.8304148706896552,45.721469493817146,LYN;PTPN1;CD40;EDN1;TGFB1;FLT1;EGF;ADIPOQ;PDGFB;BMP4;GH1;IRAK1;KIT;ERBB2;NTF3;ERP29;ADAM9;APOE,
GO_Biological_Process_2023,Leukocyte Tethering Or Rolling (GO:0050901),7/17,6.6368585299295125e-06,0.0002666174215761,0,0,14.196805111821089,169.2666875931263,ITGB1;SELP;SELPLG;VCAM1;GCNT1;SELE;JAM2,immune
GO_Biological_Process_2023,Negative Regulation Of Blood Coagulation (GO:0030195),9/30,6.638728012913779e-06,0.0002666174215761,0,0,8.705442902881536,103.79142804160888,THBD;EDN1;SERPINE2;PLAU;PDGFB;PLAT;GP1BA;APOE;TFPI,
GO_Biological_Process_2023,Regulation Of Interleukin-10 Production (GO:0032653),11/46,7.272471218244035e-06,0.0002887501640516,0,0,6.392941176470588,75.63753632049746,CD274;CD40LG;CD28;IL12B;XCL1;PDCD1LG2;CD46;DLL1;PIBF1;VSIR;TNFRSF21,immune
GO_Biological_Process_2023,Positive Regulation Of Tyrosine Phosphorylation Of STAT Protein (GO:0042531),12/55,7.80621399552905e-06,0.0003064596820267,0,0,5.680294806035556,66.80362099301486,LYN;CSF1R;GH1;CD40;ERBB4;CCL5;KIT;IL18;IL12B;HCLS1;PIBF1;TNFRSF1A,
GO_Biological_Process_2023,Positive Regulation Of Smooth Muscle Cell Proliferation (GO:0048661),11/47,9.091835704832318e-06,0.0003529652661409,0,0,6.215032679738562,72.14493043572278,BMP4;ERN1;EDN1;TGFB1;CCL5;PDGFB;RBPMS2;IL18;CCN4;HMOX1;CX3CL1,
GO_Biological_Process_2023,Positive Regulation Of Endothelial Cell Migration (GO:0010595),15/85,9.582011257202895e-06,0.0003679071135457,0,0,4.369495166487647,50.49223903946474,GPI;CD40;EDN1;GRN;TGFB1;ANXA3;EGF;PDGFB;HSPB1;BMP4;NELL2;KDR;ABL1;TEK;LGMN,blood vessels
GO_Biological_Process_2023,Positive Regulation Of Hydrolase Activity (GO:0051345),23/176,9.869825390083682e-06,0.0003748388034016,0,0,3.078360560547801,35.48127123292199,RTN4R;ITGB1;CCL13;CCL24;CD40;CCL23;CCL11;CCL20;F2R;APOA1;PRSS22;RHOC;CX3CL1;SFRP1;CCL5;PSAP;ERBB2;XCL1;CCL2;SNX9;AGRN;CCL16;TGM2,
GO_Biological_Process_2023,Regulation Of GTPase Activity (GO:0043087),26/214,1.0179255952770252e-05,0.0003824335516019,0,0,2.8360083256244217,32.60036560353348,RTN4R;ITGB1;CCL13;CD40;CCL11;CX3CL1;KLRK1;CCL5;ERBB2;CCL2;SNX9;CCL16;PLXNA4;PRKG1;TGM2;VAV3;EPHA4;CCL24;CCL23;CCL20;F2R;SOD1;SFRP1;PLXNB3;XCL1;AGRN,
GO_Biological_Process_2023,Positive Regulation Of Macrophage Migration (GO:1905523),7/18,1.0416997597943343e-05,0.0003831262063917,0,0,12.905508761738794,148.05292185967565,CSF1R;MSTN;MDK;CCL5;CXCL17;TREM2;CX3CL1,
GO_Biological_Process_2023,Regulation Of Oxidative Stress-Induced Intrinsic Apoptotic Signaling Pathway (GO:1902175),7/18,1.0416997597943343e-05,0.0003831262063917,0,0,12.905508761738794,148.05292185967565,HSPB1;HTRA2;TREM2;PARK7;P4HB;SOD2;SOD1,stress response
GO_Biological_Process_2023,Cellular Response To Type II Interferon (GO:0071346),13/66,1.084539748835521e-05,0.0003906579260238,0,0,4.995308297437764,57.10521434949111,CCL13;CCL24;CCL23;CCL11;CCL20;CX3CL1;CCL5;XCL1;CCL2;CD58;GAPDH;GBP1;CCL16,immune
GO_Biological_Process_2023,Negative Regulation Of Endopeptidase Activity (GO:0010951),13/66,1.084539748835521e-05,0.0003906579260238,0,0,4.995308297437764,57.10521434949111,SERPINB1;CR1;SERPINE2;SERPINB9;SERPINA9;SERPINA5;SERPINB6;CST3;SPOCK1;TIMP1;GAPDH;RECK;TIMP4,
GO_Biological_Process_2023,Regulation Of Monocyte Chemotaxis (GO:0090025),8/25,1.2807195641376847e-05,0.000456615730316,0,0,9.550733726326351,107.59382312802052,LYN;CXCL12;CCL5;CXCL17;CCN3;PLA2G7;NBL1;LGMN,
GO_Biological_Process_2023,Negative Regulation Of Proteolysis (GO:0045861),10/41,1.5702647377512715e-05,0.0005527778041778,0,0,6.556038047973532,72.52080306467913,BAG6;CST3;EPHA4;ECM1;SERPINE2;PLAT;TIMP1;CST7;TIMP4;CTSB,
GO_Biological_Process_2023,Leukocyte Adhesion To Vascular Endothelial Cell (GO:0061756),7/19,1.5820772872863017e-05,0.0005527778041778,0,0,11.829428470003547,130.7647113662967,ITGB1;SELP;SELPLG;VCAM1;GCNT1;SELE;JAM2,immune;blood vessels
GO_Biological_Process_2023,Cell Chemotaxis (GO:0060326),11/50,1.7122668896126008e-05,0.0005923426249808,0,0,5.73604826546003,62.95374522544901,CXCL12;BIN2;CCL20;HGF;KIT;PDGFB;PLXNB3;CCN3;CX3CL1;EPHA2;HBEGF,
GO_Biological_Process_2023,Negative Regulation Of Transmembrane Receptor Protein Serine/Threonine Kinase Signaling Pathway (GO:0090101),17/111,1.7735724610421713e-05,0.0006075355077334,0,0,3.6909969539426974,40.37924687764778,WFIKKN1;CHRDL2;DKK1;VASN;ASPN;FSTL3;SPART;CILP;CD109;ADAMTSL2;RBPMS2;VWC2L;VWC2;CCN3;SOST;NBL1;HSPA1A,
GO_Biological_Process_2023,Regulation Of Endopeptidase Activity (GO:0052548),13/69,1.7976866104700493e-05,0.0006098171861147,0,0,4.726956055734191,51.64873007948633,SERPINB1;SERPINE2;SERPINB9;SERPINA9;VSIR;SERPINA5;SERPINB6;PSME1;PSME2;SPOCK1;TIMP1;GAPDH;TIMP4,
GO_Biological_Process_2023,Cellular Response To Lipopolysaccharide (GO:0071222),18/124,2.1501719298660907e-05,0.0007223750695146,0,0,3.467225113858165,37.26357772618356,LYN;CD274;CXCL6;TGFB1;IL18;PDCD1LG2;CXCL3;CXCL11;CASP7;IRAK1;CD6;TNIP1;AXL;CCL5;ADAM9;CCL2;GIT1;PF4,
GO_Biological_Process_2023,Protein Catabolic Process (GO:0030163),16/102,2.2912093976380223e-05,0.0007624272033664,0,0,3.79454863715929,40.54037200991532,GZMA;HTRA2;GZMB;RNF5;RNF41;BAG6;CASP7;CASP8;CLPP;CASP3;LONP1;TPP1;APOE;CTSC;LGMN;CTSB,
GO_Biological_Process_2023,Lipopolysaccharide-Mediated Signaling Pathway (GO:0031663),7/20,2.3347471102785307e-05,0.0007695855097465,0,0,10.91889899238142,116.45029669926356,LYN;TGFB1;CD6;IRAK1;CCL5;IL18;CCL2,
GO_Biological_Process_2023,Positive Regulation Of Interleukin-8 Production (GO:0032757),12/61,2.386762496537348e-05,0.0007793783329814,0,0,4.983175282961151,53.03587285128084,CD74;MAVS;LEP;F2R;CNTN1;PARK7;CD58;FADD;PRG3;IL17D;CD244;HSPA1A,immune
GO_Biological_Process_2023,Regulation Of Interleukin-8 Production (GO:0032677),14/81,2.409912295016028e-05,0.0007796512554431,0,0,4.256902184357184,45.26506745778006,CD74;F2R;OTUD7B;SSC5D;PARK7;PRG3;MAVS;LEP;CNTN1;CD58;FADD;IL17D;CD244;HSPA1A,immune
GO_Biological_Process_2023,Negative Regulation Of Macromolecule Metabolic Process (GO:0010605),23/186,2.44493060492894e-05,0.0007837236269377,0,0,2.887975327187286,30.667146399131312,NOTCH2;ACVRL1;EDN1;TGFB1;PDGFB;SORD;WWP2;PARK7;SMAD5;CRKL;BMP4;SFRP1;OCLN;PRKAR1A;CILP;KDR;ERP29;CD28;APOE;CD46;CD34;LGMN;HAVCR2,
GO_Biological_Process_2023,Regulation Of Mast Cell Activation (GO:0033003),5/9,2.517043382408379e-05,0.0007995045071031,0,0,25.305526036131774,267.98148482540233,LYN;CD84;CD300LF;HAVCR1;NECTIN2,immune
GO_Biological_Process_2023,Positive Regulation Of Signal Transduction (GO:0009967),29/266,2.608758471627399e-05,0.0008211713603483,0,0,2.510907426068312,26.50024512686188,CD63;SRC;TREM2;PKD2;TXNDC15;DLL1;C3;HHEX;CDH3;RSPO3;CCN3;ITGAV;FGFBP3;CD74;TGFB1;CRADD;ADIPOQ;KLK14;LAMB1;BMP6;ERN1;GH1;SFRP1;AXL;CLEC6A;CNTN1;ITGA5;TEK;FGFR2,
GO_Biological_Process_2023,Negative Regulation Of Gene Expression (GO:0010629),34/336,2.6396138616512785e-05,0.0008234652529115,0,0,2.31485999767631,24.40393193983548,ACVRL1;NOTCH2;SHMT1;PDGFB;PARK7;GIGYF2;CRKL;RIDA;KDR;APOE;NUDT16;CD34;HAVCR2;EPHA4;TGFB1;SORD;EIF2AK2;GZMB;WWP2;PRG3;SMAD5;ERN1;BMP4;SFRP1;OCLN;PRKAR1A;CILP;CD28;ERP29;DXO;CD46;GAPDH;LGMN;HSPA1A,
GO_Biological_Process_2023,Negative Regulation Of Signal Transduction (GO:0009968),29/267,2.79765482090728e-05,0.0008650447738274,0,0,2.500224517287831,26.212713778326304,LRPAP1;GPI;INPPL1;TREM2;CX3CL1;FSTL3;CRHBP;HHEX;FRZB;CCL5;IL12B;SOST;BRAP;LYN;PTPN1;EGFL7;MPIG6B;ADIPOQ;SORD;KLK14;WWP2;DKK1;SMAD5;DLK1;DKK4;SFRP1;BPIFB1;CILP;LGMN,
GO_Biological_Process_2023,Negative Regulation Of Cell Adhesion (GO:0007162),13/72,2.8925160345983407e-05,0.000878821828251,0,0,4.485893872508947,46.88117403683188,ACVRL1;EPHA4;CD164;TGFB1;DSCAM;ADAM22;SPINT2;CX3CL1;CDH1;MDK;PLXNB3;SPOCK1;PLXNA4,
GO_Biological_Process_2023,Transforming Growth Factor Beta Receptor Signaling Pathway (GO:0007179),13/72,2.8925160345983407e-05,0.000878821828251,0,0,4.485893872508947,46.88117403683188,ACVRL1;ITGB1;GPI;TGFB1;ITGB5;WFIKKN1;SRC;APOA1;SMAD5;TGFBR2;TGFBR3;COL3A1;ADAM9,
GO_Biological_Process_2023,Regulation Of Receptor Internalization (GO:0002090),9/36,3.382167763026555e-05,0.0010187322555185,0,0,6.768765563856279,69.68043850670334,CD63;LRPAP1;GH1;ANXA2;EGF;TBC1D5;NTF3;DKK1;SELE,
GO_Biological_Process_2023,Zymogen Activation (GO:0031638),10/45,3.762694015405954e-05,0.0011236626401562,0,0,5.805555555555555,59.145782404713145,THBD;CASP8;F9;KLK1;PLAU;PLAT;FADD;VSIR;HGFAC;LGMN,
GO_Biological_Process_2023,Protein-Containing Complex Assembly (GO:0065003),33/328,3.8707861753654953e-05,0.0011461463471802,0,0,2.298427608740045,23.35080135625689,CD40;SRC;STXBP1;IL1RAP;CX3CL1;LONP1;SNX9;DMD;FADD;IKBKG;GBP1;CD74;DBNL;TGFB1;FN1;AXIN1;HIP1R;TBCC;DNAJB14;APOA4;TRAF2;TBCA;DARS1;CD2AP;CRNN;VAMP8;NT5C3A;OCLN;CXCL12;BIN2;PSMG3;SPAG1;HSPA1A,
GO_Biological_Process_2023,Regulation Of Angiogenesis (GO:0045765),24/205,4.058253957221437e-05,0.0011915579265993,0,0,2.714205246821108,27.44651204617334,ITGB1;CD40;ECM1;GRN;FLT1;ANXA3;CD160;HSPB1;FASLG;PRL;HSPG2;PGF;MYDGF;SFRP1;HHEX;LEP;ERBB2;KDR;CNTN1;HMOX1;TEK;CD34;EPHA2;PF4,blood vessels
GO_Biological_Process_2023,Transmembrane Receptor Protein Serine/Threonine Kinase Signaling Pathway (GO:0007178),18/130,4.106029470364037e-05,0.0011955389141209,0,0,3.2804418103448274,33.134000710027884,ACVRL1;ITGB1;GPI;TGFB1;ITGB5;MSTN;WFIKKN1;SRC;APOA1;RGMB;INHBC;SMAD5;BMP6;TGFBR2;BMP4;TGFBR3;COL3A1;ADAM9,
GO_Biological_Process_2023,Heterotypic Cell-Cell Adhesion (GO:0034113),8/29,4.29359115914154e-05,0.0012398188024826,0,0,7.729921819474058,77.73056315428742,ITGB1;VCAM1;ITGB2;ITGAV;DSG2;CD58;ITGA5;DSC2,
GO_Biological_Process_2023,Positive Regulation Of Angiogenesis (GO:0045766),17/119,4.4498752428049344e-05,0.0012744150900295,0,0,3.400071761750987,34.0688870316236,ITGB1;CD40;ECM1;GRN;FLT1;ANXA3;HSPB1;DLL1;PGF;MYDGF;MDK;KDR;CNTN1;HMOX1;ITGA5;TEK;CD34,blood vessels
GO_Biological_Process_2023,Positive Regulation Of T Cell Proliferation (GO:0042102),12/65,4.637358689376331e-05,0.0013066880048936,0,0,4.606116924568704,45.96342978811441,CD274;VCAM1;CD40LG;CD6;CCL5;LEP;IL18;CD28;IL12B;PDCD1LG2;FADD;CD46,immune
GO_Biological_Process_2023,Regulation Of Tyrosine Phosphorylation Of STAT Protein (GO:0042509),12/65,4.637358689376331e-05,0.0013066880048936,0,0,4.606116924568704,45.96342978811441,LYN;CSF1R;GH1;CD40;ERBB4;CCL5;KIT;IL18;IL12B;HCLS1;PIBF1;TNFRSF1A,
GO_Biological_Process_2023,Negative Regulation Of Hemostasis (GO:1900047),5/10,4.8375881503599787e-05,0.0013414708728061,0,0,20.24335812964931,201.14831398005347,THBD;EDN1;SERPINE2;APOE;TFPI,
GO_Biological_Process_2023,Regulation Of Inclusion Body Assembly (GO:0090083),5/10,4.8375881503599787e-05,0.0013414708728061,0,0,20.24335812964931,201.14831398005347,DNAJB2;DNAJB1;DNAJB6;DNAJA4;HSPA1A,
GO_Biological_Process_2023,Circulatory System Development (GO:0072359),18/132,5.043595283554216e-05,0.0013875844032077,0,0,3.2225499092558985,31.886507103206288,ACVRL1;CDKN1A;TGFB1;HEG1;PDGFB;FN1;ECE1;CACYBP;PKD2;HSPG2;PKD1;TGFBR2;COL3A1;CASP8;ERBB4;TEK;PDLIM5;PDLIM7,
GO_Biological_Process_2023,Regulation Of Type II Interferon Production (GO:0032649),14/87,5.494453192225988e-05,0.0014998140198154,0,0,3.905785172555706,38.31257476519728,CD274;CR1;IL1R1;CRTAM;IL18;PDCD1LG2;VSIR;MYDGF;IL12B;XCL1;FADD;CD244;IL18R1;HAVCR2,immune
GO_Biological_Process_2023,Negative Regulation Of Interleukin-10 Production (GO:0032693),6/16,5.863521723395214e-05,0.0015881507675614,0,0,12.155744680851065,118.44770421817005,CD274;IL12B;PDCD1LG2;DLL1;VSIR;TNFRSF21,immune
GO_Biological_Process_2023,Heart Development (GO:0007507),21/171,6.016559005968359e-05,0.0016069746553931,0,0,2.861145945945946,27.80578926600409,ACVRL1;CDKN1A;TGFB1;HEG1;PDGFB;FN1;ECE1;CACYBP;PKD2;PKD1;TGFBR2;BMP4;TGFBR3;COL3A1;CASP8;FLRT2;ERBB4;TEK;PDLIM5;EPHB4;PDLIM7,
GO_Biological_Process_2023,Regulation Of T Cell Proliferation (GO:0042129),13/77,6.0250051475817865e-05,0.0016069746553931,0,0,4.134344855305466,40.17345844194021,CD274;CR1;VCAM1;PDCD1LG2;MYDGF;CD40LG;CD6;CCL5;LEP;CD28;IL12B;CD46;TNFRSF21,immune
GO_Biological_Process_2023,Regulation Of Endothelial Cell Migration (GO:0010594),14/88,6.253745789821202e-05,0.0016553475598208,0,0,3.852801299153231,37.29413355040722,ACVRL1;GPI;EDN1;GRN;ANXA3;EGF;BMP4;NELL2;DNAJA4;KDR;ABL1;APOE;TEK;EPHA2,blood vessels
GO_Biological_Process_2023,Negative Regulation Of Programmed Cell Death (GO:0043069),36/381,6.58919746979701e-05,0.0017310267638699,0,0,2.145322503583373,20.654079325088453,NOTCH2;TNFRSF6B;SRC;GLO1;HSPB1;TREM2;TRIAP1;FSTL1;CX3CL1;IGF1R;MYDGF;TCL1A;PRDX5;ERBB4;AKT2;ERBB2;KDR;TXNDC5;CD74;HGF;SERPINB9;DKK1;SMAD5;BMP4;SFRP1;CD40LG;KRT18;AXL;CAT;CD28;TAX1BP1;CD27;CIAPIN1;TEK;FXN;HSPA1A,
GO_Biological_Process_2023,Negative Regulation Of Protein Metabolic Process (GO:0051248),19/147,6.644789400220062e-05,0.001732604042117,0,0,3.030558926645092,29.15122653989848,EPHA4;CD84;EDN1;SERPINE2;SHMT1;EIF2AK2;GZMB;PLAT;TREM2;PRG3;GIGYF2;SIRT2;BAG6;CST3;RIDA;ITGAV;APOE;GAPDH;RILP,
GO_Biological_Process_2023,Negative Regulation Of Protein Secretion (GO:0050709),9/39,6.700824918704931e-05,0.0017342727604411,0,0,6.090928495197439,58.53805496188901,CHGA;PSMD9;SFRP1;F2R;ERP29;IL12B;CCN3;APOE;RAB11FIP3,
GO_Biological_Process_2023,Cellular Response To Chemical Stress (GO:0062197),14/89,7.10295044762006e-05,0.0018248315341165,0,0,3.801230329041488,36.31093041656128,GSR;HTRA2;PARK7;PKD2;SOD2;SIRT2;SERPINB6;MSRA;PRDX5;CCS;LONP1;ABL1;STX4;HSPA1A,stress response
GO_Biological_Process_2023,Regulation Of Inflammatory Response (GO:0050727),26/240,7.45118726055025e-05,0.0019003246925812,0,0,2.4880130028443723,23.64744916484317,GRN;SEMA7A;CXCL17;TNC;PARK7;PLA2G7;CX3CL1;IL1RL2;MDK;CCL5;CCN4;IL12B;CCN3;APOE;IL1R1;ADIPOQ;IL18;APOA1;SELE;IL17RA;TNFRSF1A;ACE2;TNIP1;XCL1;TEK;MGLL,immune
GO_Biological_Process_2023,Positive Regulation Of Protein Localization To Membrane (GO:1905477),13/79,7.930902442954101e-05,0.0020080125460638,0,0,4.008639449153919,37.85020958810421,ITGB1;FIS1;ITGB2;PDCD5;GZMB;TREM2;CNPY4;AKT2;ERBB2;STX4;STX3;ARF6;EPHA2,
GO_Biological_Process_2023,Cellular Response To Superoxide (GO:0071451),5/11,8.523120596427145e-05,0.0021424304578357,0,0,16.868579525327664,158.06100107721693,CCS;APOA4;SOD2;SOD3;SOD1,
GO_Biological_Process_2023,Endocytosis (GO:0006897),22/189,9.120045214753676e-05,0.0022694288404169,0,0,2.6927573424579414,25.049242433728423,SCARB2;ITGB1;CD93;ANXA3;SORT1;ITGB2;INPPL1;STAB2;HIP1R;MERTK;HSPG2;CORO1A;MESD;DNM1;EHD3;AXL;DNER;PECAM1;SNX9;APOE;SCARF1;PDLIM7,
GO_Biological_Process_2023,Extracellular Matrix Organization (GO:0030198),21/176,9.158256053199294e-05,0.0022694288404169,0,0,2.7681185701830864,25.738713003931288,VIT;COL15A1;TGFB1;MMP7;DMP1;NID2;KLK7;MMP10;ADAMTS16;MMP12;ADAMTS15;COL3A1;SPINT1;FLRT2;ADAMTSL4;SMOC1;QSOX1;ADAMTS8;TPSAB1;RECK;MATN2,
GO_Biological_Process_2023,Regulation Of Natural Killer Cell Mediated Cytotoxicity (GO:0042269),8/32,9.274017739046305e-05,0.002281930843678,0,0,6.762615493958777,62.79567797490206,NCR1;KLRK1;KLRB1;CD160;LEP;CRTAM;KLRD1;NECTIN2,
GO_Biological_Process_2023,Negative Regulation Of Cytokine Production (GO:0001818),21/178,0.0001077612780748,0.0026329923468077,0,0,2.7325667068342225,24.96361499879678,CD274;CD84;CR1;FN1;OTUD7B;APOA1;SSC5D;TREM2;PDCD1LG2;DLL1;CX3CL1;VSIR;AXL;IL12B;XCL1;PTPN6;PIBF1;CD34;GBP1;TNFRSF21;HAVCR2,immune
GO_Biological_Process_2023,Myeloid Leukocyte Differentiation (GO:0002573),12/71,0.0001135989825809,0.0027563530912353,0,0,4.1363916814865895,37.57016730726363,BMP4;CSF1R;IL1RL1;CASP8;GLO1;KIT;MYH9;TREM2;TNFRSF11A;OSCAR;TGFBR2;EPHA2,immune
GO_Biological_Process_2023,Positive Regulation Of Leukocyte Mediated Cytotoxicity (GO:0001912),10/51,0.0001165218701267,0.0027959456722887,0,0,4.954398582447363,44.874126161577,KLRK1;CD160;STX7;CRTAM;IL12B;XCL1;KLRD1;FADD;ULBP2;NECTIN2,immune
GO_Biological_Process_2023,Negative Regulation Of Response To Wounding (GO:1903035),7/25,0.0001176313720167,0.0027959456722887,0,0,7.88380073364099,71.33227260525433,RTN4R;EPHA4;MDK;CD109;EPPK1;PTPN6;GIT1,
GO_Biological_Process_2023,Osteoclast Differentiation (GO:0030316),7/25,0.0001176313720167,0.0027959456722887,0,0,7.88380073364099,71.33227260525433,CSF1R;SRC;GLO1;TREM2;TNFRSF11A;OSCAR;EPHA2,
GO_Biological_Process_2023,Endothelial Cell Proliferation (GO:0001935),6/18,0.0001252890491069,0.0029218302381385,0,0,10.12872340425532,91.00543622673392,BMP4;ERN1;HMOX1;TEK;CD34;PROK1,blood vessels
GO_Biological_Process_2023,Negative Regulation Of Peptide Hormone Secretion (GO:0090278),6/18,0.0001252890491069,0.0029218302381385,0,0,10.12872340425532,91.00543622673392,CHGA;CRHBP;PSMD9;SFRP1;CRH;CCN3,
GO_Biological_Process_2023,Protein Processing (GO:0016485),16/117,0.0001254363296281,0.0029218302381385,0,0,3.228446715639306,29.003436345759543,CPM;KLK1;CPXM2;HTRA2;ECE1;ASRGL1;VSIR;THBD;KEL;F9;MEP1A;CNTN1;FXN;HGFAC;LGMN;METAP2,
GO_Biological_Process_2023,Negative Regulation Of Response To Stimulus (GO:0048585),10/52,0.00013821939069,0.0031982685501384,0,0,4.836182336182336,42.9775484900424,BRAP;LYN;FCRLB;EPHA4;PTPN1;COL3A1;MPIG6B;DDAH1;APOA1;PDCD1,
GO_Biological_Process_2023,Negative Regulation Of Coagulation (GO:0050819),5/12,0.0001404205158362,0.0032067273355029,0,0,14.458023379383636,128.25523071586437,THBD;EDN1;SERPINE2;APOE;TFPI,
GO_Biological_Process_2023,Positive Regulation Of T-helper 1 Type Immune Response (GO:0002827),5/12,0.0001404205158362,0.0032067273355029,0,0,14.458023379383636,128.25523071586437,IL1R1;IL18;IL12B;XCL1;IL18R1,immune
GO_Biological_Process_2023,Regulation Of Rho Protein Signal Transduction (GO:0035023),12/73,0.0001495856733442,0.0033938463809392,0,0,4.000351037315267,35.23365686444515,RTN4R;ADGRG1;COL3A1;OPHN1;HEG1;F2R;ABL1;APOA1;EPS8L2;MYO9B;APOE;F11R,
GO_Biological_Process_2023,Positive Regulation Of Apoptotic Cell Clearance (GO:2000427),4/7,0.0001552023199454,0.0034539930311424,0,0,26.965322009908,236.50693400337607,C3;CCL2;TREM2;CD300LF,
GO_Biological_Process_2023,Regulation Of Apoptotic Cell Clearance (GO:2000425),4/7,0.0001552023199454,0.0034539930311424,0,0,26.965322009908,236.50693400337607,C3;CCL2;CD300LF;TGM2,
GO_Biological_Process_2023,Regulation Of Natural Killer Cell Mediated Cytotoxicity Directed Against Tumor Cell Target (GO:0002858),4/7,0.0001552023199454,0.0034539930311424,0,0,26.965322009908,236.50693400337607,TGFB1;CRTAM;IL12B;NECTIN2,
GO_Biological_Process_2023,Negative Regulation Of Neuron Apoptotic Process (GO:0043524),12/74,0.0001709662946551,0.0037807356552222,0,0,3.935622021136976,34.137759083138135,GRN;PTPRZ1;MDK;F2R;NTF3;CCL2;PARK7;APOE;SOD2;CX3CL1;SOD1;LGMN,neurological signaling
GO_Biological_Process_2023,Positive Regulation Of Protein Kinase Activity (GO:0045860),18/145,0.0001722585870209,0.0037853553651029,0,0,2.890697121911485,25.05226649066417,EPHA4;CSF1R;PTPN1;MAP2K1;CALCA;CDKN1A;ACE;SRC;PDGFB;AXIN1;DKK1;TGFBR2;GH1;TCL1A;CCL5;IL12B;SNX9;MAP3K5,
GO_Biological_Process_2023,Regulation Of Tissue Remodeling (GO:0034103),6/19,0.0001758132100752,0.0038393209750191,0,0,9.34909983633388,80.83314395296252,CST3;TGFB1;MDK;LEP;IL18;IL12B,
GO_Biological_Process_2023,Negative Regulation Of Immune System Process (GO:0002683),9/44,0.0001812844673617,0.0039342107388943,0,0,5.219423692636073,44.967647930319664,LYN;FCRLB;COL3A1;BPIFB1;HMOX1;TREM2;FADD;PDCD1;IL17D,immune
GO_Biological_Process_2023,Extracellular Structure Organization (GO:0043062),15/109,0.000188178401717,0.0040586131827128,0,0,3.249765751765432,27.876880914843376,VIT;COL15A1;MMP7;DMP1;MMP10;ADAMTS16;MMP12;ADAMTS15;COL3A1;SPINT1;ADAMTSL4;SMOC1;ADAMTS8;RECK;MATN2,
GO_Biological_Process_2023,Response To Lipopolysaccharide (GO:0032496),19/159,0.0001906046696676,0.0040857221829361,0,0,2.769039913700108,23.71768268029375,CD274;CXCL6;F2R;ERBIN;TNFRSF11A;PDCD1LG2;CXCL3;SELE;SELP;CXCL11;CASP7;IRAK1;CD6;TNIP1;AXL;ADAM9;CCL2;GIT1;PF4,
GO_Biological_Process_2023,Positive Regulation Of Leukocyte Chemotaxis (GO:0002690),10/54,0.0001919365689805,0.0040891851952327,0,0,4.615870240870241,39.50421281418981,CSF1R;CXCL12;MSTN;MDK;CCL5;CXCL17;XCL1;PLA2G7;PGF;LGMN,immune
GO_Biological_Process_2023,Negative Regulation Of Macromolecule Biosynthetic Process (GO:0010558),14/98,0.0002047867887269,0.0043365153928006,0,0,3.392346208869814,28.81303220505592,EPHA4;CDKN1A;EDN1;TGFB1;SHMT1;ADIPOQ;EIF2AK2;AKR1B1;GZMB;PRG3;GIGYF2;RIDA;GAPDH;PF4,
GO_Biological_Process_2023,External Encapsulating Structure Organization (GO:0045229),15/110,0.0002085386294806,0.004389361273526,0,0,3.21538809429589,27.25165607688573,VIT;COL15A1;MMP7;DMP1;MMP10;ADAMTS16;MMP12;ADAMTS15;COL3A1;SPINT1;ADAMTSL4;SMOC1;ADAMTS8;RECK;MATN2,
GO_Biological_Process_2023,Positive Regulation Of Macrophage Chemotaxis (GO:0010759),5/13,0.0002193074247004,0.0045883840832547,0,0,12.650106269925612,106.57760131934305,CSF1R;MSTN;MDK;CCL5;CXCL17,
GO_Biological_Process_2023,Regulation Of Neuron Projection Development (GO:0010975),20/174,0.00022181070972,0.0046131346414397,0,0,2.65069703514628,22.302133061627547,SCARB2;RTN4R;LYN;EPHA4;MYCBP2;TWF2;CX3CL1;MDK;NCS1;PLXNB3;TNR;SPOCK1;ROR1;APOE;RTN4IP1;FKBP4;PDLIM5;SCARF1;ARSB;DBN1,neurological signaling
GO_Biological_Process_2023,Negative Regulation Of Inflammatory Response (GO:0050728),15/111,0.0002307760830304,0.0047711931012334,0,0,3.18172663802363,26.64397821816083,LYN;GRN;YES1;SRC;ADIPOQ;CXCL17;APOA1;TREM2;TNFRSF1A;MDK;CCN3;PTPN6;APOE;TEK;GIT1,immune
GO_Biological_Process_2023,Regulation Of Macrophage Chemotaxis (GO:0010758),6/20,0.0002411560815449,0.0049564667583404,0,0,8.680851063829786,72.31206397186655,CSF1R;MSTN;MDK;CCL5;CXCL17;MTUS1,
GO_Biological_Process_2023,Negative Regulation Of Wound Healing (GO:0061045),7/28,0.0002558997592247,0.0051983358065778,0,0,6.756478523251686,55.88097418357726,THBD;EDN1;SERPINE2;CD109;EPPK1;APOE;TFPI,
GO_Biological_Process_2023,Regulation Of Platelet Activation (GO:0010543),7/28,0.0002558997592247,0.0051983358065778,0,0,6.756478523251686,55.88097418357726,LYN;SELP;THBD;PDGFB;PLA2G4A;GP1BA;GP5,
GO_Biological_Process_2023,Positive Regulation Of Cellular Metabolic Process (GO:0031325),10/56,0.0002621878228034,0.0052952846987001,0,0,4.414715719063545,36.40572992557147,ACE2;CDKN1A;DCXR;CCL5;ADIPOQ;SORD;PDGFB;IFNLR1;RNF41;TGFBR2,
GO_Biological_Process_2023,Positive Regulation Of Receptor Signaling Pathway Via JAK-STAT (GO:0046427),8/37,0.0002759637105299,0.0055098125976668,0,0,5.595176825233438,45.85382355259513,GH1;ERBB4;CCL5;LEP;F2R;KIT;PRL;PIBF1,
GO_Biological_Process_2023,Positive Regulation Of Receptor Signaling Pathway Via STAT (GO:1904894),8/37,0.0002759637105299,0.0055098125976668,0,0,5.595176825233438,45.85382355259513,GH1;TGFB1;ERBB4;CCL5;LEP;F2R;KIT;PRL,
GO_Biological_Process_2023,Positive Regulation Of Macromolecule Metabolic Process (GO:0010604),33/364,0.0002809331990484,0.0055771624856547,0,0,2.04451643431733,16.71881569237824,CALCOCO1;PDCD5;PDGFB;TNC;AKR1B1;ECE1;TREM2;PARK7;DLL1;VSIR;FGF5;CDH3;CD34;CD74;PTPN1;MAP2K1;TGFB1;ANXA2;EGF;FN1;DKK1;BMP6;BMP4;OCLN;DNAJA4;PLA2G10;CD28;ERP29;CNTN1;CD46;HSPA1A;PF4;EIF4G1,
GO_Biological_Process_2023,Extrinsic Apoptotic Signaling Pathway (GO:0097191),11/67,0.0002828390387522,0.0055832745841821,0,0,3.9911764705882353,32.61043654219419,CASP8;TGFB1;CRADD;DIABLO;SORT1;CD27;FASLG;ITGAV;FADD;RNF41;TNFRSF1A,
GO_Biological_Process_2023,Proteolysis Involved In Protein Catabolic Process (GO:0051603),12/78,0.0002845648955832,0.0055857850852131,0,0,3.6963208098111737,30.17879320836717,BAG6;ATXN3;CASP8;CLPP;GZMA;LONP1;OTUD7B;GZMB;CTSC;CTSB;RNF41;LGMN,
GO_Biological_Process_2023,Vesicle-Mediated Transport (GO:0016192),36/411,0.0002957206924462,0.0057673020318333,0,0,1.970531868131868,16.012729467813795,TINAGL1;STXBP1;SNAP23;STAB2;INPPL1;TNFAIP2;DPY30;AP1G2;CCL5;DNER;STX4;SNX9;STX3;SNAP29;RILP;RAB11FIP3;WASHC3;ANXA2;SORT1;STX8;VTA1;STX7;HIP1R;IRAG2;RAB27B;AP3B1;COMMD1;DNM1;VAMP8;EHD3;RABEP1;PLIN3;MITD1;TBC1D23;CHMP6;ARF6,
GO_Biological_Process_2023,"Regulation Of Complement Activation, Classical Pathway (GO:0030450)",4/8,0.0002987640720554,0.0057673020318333,0,0,20.22292993630573,164.1263943940429,CR2;CR1;TREM2;CD46,immune
GO_Biological_Process_2023,Synapse Pruning (GO:0098883),4/8,0.0002987640720554,0.0057673020318333,0,0,20.22292993630573,164.1263943940429,C3;TREM2;DKK1;CX3CL1,neurological signaling
GO_Biological_Process_2023,Negative Regulation Of Hydrolase Activity (GO:0051346),9/47,0.000306854535855,0.0058909326828441,0,0,4.806605628264899,38.881290217106056,ATP5IF1;CST3;GCHFR;ECM1;KLRK1;PLXNB3;CST7;SERPINA5;CTSB,
GO_Biological_Process_2023,Positive Regulation Of NF-kappaB Transcription Factor Activity (GO:0051092),18/152,0.0003113142834997,0.0059438912926129,0,0,2.738677303139475,22.11401842861757,CD40;IL18;EIF2AK2;AKR1B1;TRAF2;IL1RAP;TNFRSF11A;CX3CL1;EDA2R;CRNN;CD40LG;IRAK1;TRIM25;TRIM58;ROR1;IKBKG;IL18R1;HSPA1A,
GO_Biological_Process_2023,Positive Regulation Of GTPase Activity (GO:0043547),24/234,0.0003175658050888,0.0059930634251349,0,0,2.335791757049892,18.814395009675057,RTN4R;ITGB1;CCL13;CCL24;ARHGEF10;CD40;CCL23;CCL11;CCL20;F2R;CX3CL1;ARHGAP45;SFRP1;TBC1D5;CCL5;NTF3;ERBB2;XCL1;CCL2;SNX9;AGRN;CCL16;EPHA2;TGM2,
GO_Biological_Process_2023,Maintenance Of Blood-Brain Barrier (GO:0035633),7/29,0.0003236613459651,0.0059930634251349,0,0,6.449027011327331,51.823173916782125,ITGB1;OCLN;PECAM1;DMD;ESAM;F11R;JAM2,
GO_Biological_Process_2023,Regulation Of Developmental Growth (GO:0048638),7/29,0.0003236613459651,0.0059930634251349,0,0,6.449027011327331,51.823173916782125,STAT5B;LEP;MYCBP2;EPPK1;APOE;DLL1;SOD1,
GO_Biological_Process_2023,Positive Regulation Of T Cell Cytokine Production (GO:0002726),6/21,0.0003241811640957,0.0059930634251349,0,0,8.101702127659575,65.09076045269245,IL1R1;IL18;XCL1;TRAF2;CD55;IL18R1,immune
GO_Biological_Process_2023,Positive Regulation Of Blood Coagulation (GO:0030194),6/21,0.0003241811640957,0.0059930634251349,0,0,8.101702127659575,65.09076045269245,THBD;PLAU;F2R;CNTN1;PLAT;HPSE,
GO_Biological_Process_2023,Positive Regulation Of Natural Killer Cell Mediated Cytotoxicity (GO:0045954),6/21,0.0003241811640957,0.0059930634251349,0,0,8.101702127659575,65.09076045269245,KLRK1;CD160;CRTAM;IL12B;KLRD1;NECTIN2,
GO_Biological_Process_2023,Regulation Of Bone Remodeling (GO:0046850),5/14,0.0003278907657109,0.0060297386073365,0,0,11.243948518124926,90.20828789913404,CSF1R;SFRP1;SRC;MDK;LEP,
GO_Biological_Process_2023,Positive Regulation Of Protein Tyrosine Kinase Activity (GO:0061098),8/38,0.0003352118475,0.0061320952626451,0,0,5.408386638237385,43.27113774302391,CSF1R;EPHA4;PTPN1;ACE;SRC;EGF;PDGFB;HBEGF,
GO_Biological_Process_2023,Regulation Of Neuron Death (GO:1901214),10/58,0.0003527648979388,0.006419586215616,0,0,4.230324074074074,33.62984424109339,CHGA;ITGB2;AKT1S1;HTRA2;TRAF2;PARK7;IKBKG;DKK1;MAP3K5;EIF4G1,neurological signaling
GO_Biological_Process_2023,Positive Regulation Of Reactive Oxygen Species Metabolic Process (GO:2000379),9/48,0.0003620148245215,0.0065537813309748,0,0,4.683113044906001,37.10817007410019,CDKN1A;TGFB1;DCXR;ITGB2;PDGFB;SORD;RNF41;SOD1;TGFBR2,stress response
GO_Biological_Process_2023,Positive Regulation Of Vasculature Development (GO:1904018),14/104,0.0003840531254532,0.0069169155687309,0,0,3.165188364329995,24.89335083189044,ITGB1;CD40;ECM1;GRN;FLT1;ANXA3;HSPB1;PGF;MYDGF;KDR;CNTN1;HMOX1;TEK;CD34,
GO_Biological_Process_2023,Extrinsic Apoptotic Signaling Pathway Via Death Domain Receptors (GO:0008625),7/30,0.000405082828443,0.0071186491344001,0,0,6.168310413483354,48.18325714385528,CASP8;CRADD;DIABLO;SORT1;FASLG;FADD;TNFRSF1A,
GO_Biological_Process_2023,Positive Regulation Of JUN Kinase Activity (GO:0043507),7/30,0.000405082828443,0.0071186491344001,0,0,6.168310413483354,48.18325714385528,ERN1;PTPN1;EDN1;TRAF2;TNFRSF11A;DKK1;MAP3K5,
GO_Biological_Process_2023,Positive Regulation Of Locomotion (GO:0040017),7/30,0.000405082828443,0.0071186491344001,0,0,6.168310413483354,48.18325714385528,CSF1R;TGFB1;AKT2;PDGFB;TREM2;STX4;STX3,
GO_Biological_Process_2023,Positive Regulation Of Proteolysis (GO:0045862),10/59,0.0004070136793416,0.0071186491344001,0,0,4.143772893772894,32.349041691547335,ATP5IF1;CASP8;TNIP1;IST1;ADAM9;SNX9;APOE;FADD;PRSS22;CTSC,
GO_Biological_Process_2023,Activation Of Protein Kinase Activity (GO:0032147),12/81,0.0004070176027849,0.0071186491344001,0,0,3.535052602178568,27.59693297313118,CALCA;IRAK1;LEP;NTF3;AXIN1;IL18;PDGFB;TRAF2;PARK7;TXN;PIBF1;TGFBR2,
GO_Biological_Process_2023,Positive Regulation Of Multicellular Organismal Process (GO:0051240),34/387,0.000407478485083,0.0071186491344001,0,0,1.975032304557428,15.416158941385891,LRPAP1;ACHE;PDGFB;TREM2;ENO1;TNFRSF11A;PRL;DBH;IGF1R;MDK;IL12B;APOE;DECR1;IL4R;TGFB1;EGF;ZBTB16;ADIPOQ;F2R;CRTAM;IL18;EIF2AK2;TGFBR2;SOD1;BMP4;GH1;FABP4;FABP5;CLEC6A;LEP;CRH;CD28;PPIB;GAPDH,
GO_Biological_Process_2023,Cellular Response To Oxidative Stress (GO:0034599),15/117,0.0004120963219567,0.007163505218492,0,0,2.993618500031592,23.33302130623575,GSR;HTRA2;PARK7;PKD2;SOD2;SIRT2;MSRA;CRYGD;PRDX5;CCS;LONP1;ABL1;HMOX1;STX4;HSPA1A,stress response
GO_Biological_Process_2023,Negative Regulation Of MAPK Cascade (GO:0043409),14/105,0.00042422302593,0.00729521270148,0,0,3.130241003631561,24.3071078239059,LYN;IGBP1;EPHA4;PTPN1;PSCA;ADIPOQ;PEBP1;DUSP13;IGF1R;BMP4;TNIP1;DAG1;APOE;GBP1,
GO_Biological_Process_2023,Regulation Of Neuron Apoptotic Process (GO:0043523),14/105,0.00042422302593,0.00729521270148,0,0,3.130241003631561,24.3071078239059,GRN;F2R;TREM2;PARK7;SOD2;DKK1;SOD1;PTPRZ1;MDK;AKT1S1;NTF3;CCL2;APOE;LGMN,neurological signaling
GO_Biological_Process_2023,Positive Regulation Of Receptor Internalization (GO:0002092),6/22,0.0004280247864348,0.00729521270148,0,0,7.594946808510638,58.90890961592071,CD63;GH1;EGF;TBC1D5;NTF3;SELE,
GO_Biological_Process_2023,Regulation Of Mononuclear Cell Migration (GO:0071675),6/22,0.0004280247864348,0.00729521270148,0,0,7.594946808510638,58.90890961592071,LYN;CSF1R;MSTN;MDK;CCL5;CXCL17,
GO_Biological_Process_2023,Synapse Organization (GO:0050808),16/131,0.0004659600839845,0.0078583206099009,0,0,2.8333239831697057,21.735591592935407,DBNL;DSCAM;DCTN1;F2R;TNC;L1CAM;DKK1;CX3CL1;PTPRF;SLITRK2;CDH1;SLITRK1;DNER;HMCN2;SLITRK6;AGRN,neurological signaling
GO_Biological_Process_2023,Vesicle Organization (GO:0016050),13/94,0.0004712192896765,0.0078583206099009,0,0,3.263718523811414,25.000694172252352,SRPX;USP8;ANXA2;SORT1;STX8;STX7;IRAG2;CORO1A;DNM1;VAMP8;STX4;CHMP6;CD34,
GO_Biological_Process_2023,Negative Regulation Of Platelet Activation (GO:0010544),5/15,0.0004727504064547,0.0078583206099009,0,0,10.119022316684378,77.4807770000612,THBD;SERPINE2;PDGFB;APOE;PRKG1,
GO_Biological_Process_2023,Positive Regulation Of Endothelial Cell Apoptotic Process (GO:2000353),5/15,0.0004727504064547,0.0078583206099009,0,0,10.119022316684378,77.4807770000612,CD40;CD40LG;CD160;CCL2;FASLG,blood vessels
GO_Biological_Process_2023,Regulation Of Granulocyte Macrophage Colony-Stimulating Factor Production (GO:0032645),5/15,0.0004727504064547,0.0078583206099009,0,0,10.119022316684378,77.4807770000612,CD84;IL18;IL12B;PAEP;IL17D,
GO_Biological_Process_2023,Positive Regulation Of Cell-Substrate Adhesion (GO:0010811),11/71,0.0004745579990524,0.0078583206099009,0,0,3.724313725490196,28.502644869268345,VIT;SFRP1;MDK;PDGFB;ABL1;FN1;APOA1;P4HB;CX3CL1;SKAP1;CRKL,
GO_Biological_Process_2023,Regulation Of Cell Growth (GO:0001558),23/227,0.0004982785576416,0.0082121947188673,0,0,2.302540734603701,17.50932859308499,ACVRL1;OGFR;CDKN2D;CDKN1A;TGFB1;TNC;ENO1;DNPH1;IL17RB;DCBLD2;PPP1R9B;DNAJB2;SFRP1;FRZB;ERBB2;SPOCK1;CCN3;MELTF;EBAG9;HDGFL2;FXN;HSPA1A;EIF4G1,
GO_Biological_Process_2023,Granulocyte Migration (GO:0097530),4/9,0.0005176405739392,0.0083347288725523,0,0,16.177494692144375,122.40263643123774,ITGB2;GP2;UMOD;IRAK4,
GO_Biological_Process_2023,Phosphatidylcholine Catabolic Process (GO:0034638),4/9,0.0005176405739392,0.0083347288725523,0,0,16.177494692144375,122.40263643123774,PLA2G15;PLA2G10;PLA2G4A;PLA2G7,
GO_Biological_Process_2023,Positive Regulation Of Platelet Activation (GO:0010572),4/9,0.0005176405739392,0.0083347288725523,0,0,16.177494692144375,122.40263643123774,SELP;PLA2G4A;GP1BA;GP5,
GO_Biological_Process_2023,"Regulation Of CD4-positive, Alpha-Beta T Cell Proliferation (GO:2000561)",4/9,0.0005176405739392,0.0083347288725523,0,0,16.177494692144375,122.40263643123774,XCL1;CD55;VSIR;TGFBR2,immune
GO_Biological_Process_2023,Regulation Of Inflammatory Response To Wounding (GO:0106014),4/9,0.0005176405739392,0.0083347288725523,0,0,16.177494692144375,122.40263643123774,GRN;MDK;PTPN6;GIT1,immune
GO_Biological_Process_2023,Positive Regulation Of Epithelial Cell Migration (GO:0010634),13/95,0.00052273501586,0.0083781474560314,0,0,3.2237471570857186,24.36003869916906,GPI;EDN1;GRN;ANXA3;SRC;EGF;BMP4;NELL2;KDR;ABL1;ADAM9;TEK;ARF6,
GO_Biological_Process_2023,Apoptotic Process (GO:0006915),23/228,0.0005300248649072,0.0084561957898906,0,0,2.291187273736226,17.281478515120146,NOTCH2;DIABLO;ZBTB16;GZMA;ITGB2;TNFRSF19;GZMB;FASLG;YARS1;STK4;TGFBR2;BAG6;CASP7;CASP8;PLSCR3;CASP3;PAEP;FADD;IKBKG;PDCD1;RELT;GAPDH;TNFRSF21,
GO_Biological_Process_2023,Negative Regulation Of Intrinsic Apoptotic Signaling Pathway (GO:2001243),10/61,0.0005364286736166,0.0085194626618936,0,0,3.980853024970672,29.978120040434494,CDKN2D;PTPN1;CXCL12;SRC;HSPB1;HTRA2;ENO1;PARK7;SOD2;HSPA1A,
GO_Biological_Process_2023,Adaptive Immune Response Based On Somatic Recombination Of Immune Receptors Built From Immunoglobulin Superfamily Domains (GO:0002460),6/23,0.0005560877768795,0.0087917225901225,0,0,7.147809762202754,53.56986356719761,CR2;CR1;CD8A;IL18;IL12B;CD46,immune
GO_Biological_Process_2023,Positive Regulation Of Secretion By Cell (GO:1903532),11/73,0.0006052586360515,0.0095260075421806,0,0,3.6037950664136624,26.703597787921208,ACHE;EDN1;TGFB1;ANXA2;PLA2G10;ADAM9;TREM2;RAB27B;BMP6;CD2AP;ARF6,
GO_Biological_Process_2023,Negative Regulation Of Multicellular Organismal Process (GO:0051241),23/231,0.0006360870672337,0.0099663148561192,0,0,2.2577818984915408,16.617670123665697,EPHA4;LRPAP1;GRN;ADIPOQ;F2R;ACOT13;APOA1;TREM2;APOA4;DKK1;VASN;BMP4;CRHBP;SFRP1;MDK;ALDH1A1;PAEP;TIMP1;SOST;IL17D;RAB11FIP3;IL18R1;MAP2K6,
GO_Biological_Process_2023,Positive Regulation Of DNA-binding Transcription Factor Activity (GO:0051091),24/246,0.0006564056874201,0.0101293151013877,0,0,2.2081256961951103,16.182760421229748,CD40;EDN1;ANXA3;IL18;EIF2AK2;AKR1B1;TRAF2;IL1RAP;PARK7;TNFRSF11A;CX3CL1;EDA2R;CRNN;MAVS;CD40LG;IRAK1;KIT;TRIM25;HCLS1;TRIM58;ROR1;IKBKG;IL18R1;HSPA1A,
GO_Biological_Process_2023,Lymphocyte Mediated Immunity (GO:0002449),5/16,0.000660985644853,0.0101293151013877,0,0,9.198628151869384,67.35031724006836,CR2;CR1;CD8A;KLRD1;CD46,immune
GO_Biological_Process_2023,Positive Regulation Of Lymphocyte Migration (GO:2000403),5/16,0.000660985644853,0.0101293151013877,0,0,9.198628151869384,67.35031724006836,CXCL12;CCL20;CCL5;TNFRSF14;JAM2,immune
GO_Biological_Process_2023,Positive Regulation Of Positive Chemotaxis (GO:0050927),5/16,0.000660985644853,0.0101293151013877,0,0,9.198628151869384,67.35031724006836,CXCL12;NTF3;CNTN1;KDR;PGF,
GO_Biological_Process_2023,Regulation Of Plasminogen Activation (GO:0010755),5/16,0.000660985644853,0.0101293151013877,0,0,9.198628151869384,67.35031724006836,SERPINE2;PLAU;PLAT;ENO1;MELTF,
GO_Biological_Process_2023,Sprouting Angiogenesis (GO:0002040),9/52,0.0006706177850161,0.0102320460298974,0,0,4.246581122335013,31.0310898106796,BMP4;TGFB1;KDR;RSPO3;TEK;DLL1;RECK;EPHB4;PGF,blood vessels
GO_Biological_Process_2023,Protein Autophosphorylation (GO:0046777),18/162,0.0006740534702955,0.0102397514139681,0,0,2.547144396551724,18.59976065871969,LYN;EPHA4;CSF1R;FLT1;SRC;EIF2AK2;STK4;IGF1R;ERN1;IRAK1;ERBB4;KIT;ERBB2;KDR;ABL1;TEK;EPHB4;FGFR2,
GO_Biological_Process_2023,Negative Regulation Of Protein Phosphorylation (GO:0001933),17/149,0.0006955182582618,0.0105200900189038,0,0,2.623169259875396,19.07267885638016,LYN;CDKN1A;TGFB1;SORD;HSPB1;PARK7;DKK1;SIRT2;CRKL;SFRP1;OCLN;IMPACT;AKT1S1;NTF3;DMD;PTPN6;EIF4G1,
GO_Biological_Process_2023,Multivesicular Body Sorting Pathway (GO:0071985),6/24,0.0007120243117244,0.0106773087775328,0,0,6.750354609929078,48.92250988428899,SORT1;VTA1;RAB27B;MITD1;CHMP6;RILP,
GO_Biological_Process_2023,Regulation Of Proteolysis Involved In Protein Catabolic Process (GO:1903050),6/24,0.0007120243117244,0.0106773087775328,0,0,6.750354609929078,48.92250988428899,ATP5IF1;EPHA4;PSME1;PSME2;PKD1;CTSC,
GO_Biological_Process_2023,Regulation Of Activated T Cell Proliferation (GO:0046006),7/33,0.0007511183554242,0.011215416811335,0,0,5.455722126648644,39.24817757993068,CD274;PRKAR1A;CRTAM;IL18;IL12B;FADD;PDCD1LG2,immune
GO_Biological_Process_2023,Positive Regulation Of Chemokine Production (GO:0032722),9/53,0.0007744026367961,0.0114650966651089,0,0,4.149849616765305,29.72711000271105,CSF1R;CD74;CD84;MAVS;ADIPOQ;IL18;HMOX1;EIF2AK2;IL17RA,immune
GO_Biological_Process_2023,Regulation Of Receptor Signaling Pathway Via JAK-STAT (GO:0046425),9/53,0.0007744026367961,0.0114650966651089,0,0,4.149849616765305,29.72711000271105,GPI;GH1;ERBB4;EGF;CCL5;LEP;F2R;KIT;PRL,
GO_Biological_Process_2023,Nervous System Development (GO:0007399),36/433,0.0007778574589755,0.0114676538466689,0,0,1.8591413624159216,13.309532155019282,NOTCH2;IGSF8;DCTN1;ADAM22;PKD2;PKD1;FGF5;ATXN3;PTPRZ1;OPHN1;CDH1;MDK;SLITRK1;ERBB4;ADAM23;NTF3;DNER;ERBB2;SLITRK6;SPOCK1;PCDH1;DBNL;TGFB1;DSCAM;PSPN;ZBTB16;FN1;GFRA1;L1CAM;MERTK;NFASC;AXL;GFRAL;TPP1;MELTF;NBL1,
GO_Biological_Process_2023,Negative Regulation Of Cell Death (GO:0060548),10/64,0.0007929794905217,0.0116414720163144,0,0,3.759100981323204,26.838902895788227,CHGA;CCN5;CCN4;HTRA2;CCN3;TRAF2;PARK7;IKBKG;CHMP6;EIF4G1,
GO_Biological_Process_2023,Negative Regulation Of BMP Signaling Pathway (GO:0030514),8/43,0.0008064481589108,0.0117405411134766,0,0,4.63454157782516,33.01124153213708,SPART;RBPMS2;VWC2L;VWC2;SOST;CHRDL2;NBL1;FSTL3,
GO_Biological_Process_2023,Positive Regulation Of Receptor-Mediated Endocytosis (GO:0048260),8/43,0.0008064481589108,0.0117405411134766,0,0,4.63454157782516,33.01124153213708,C3;CD63;GH1;ANXA2;EGF;TBC1D5;NTF3;SELE,
GO_Biological_Process_2023,N-acetylneuraminate Metabolic Process (GO:0006054),4/10,0.0008304856858813,0.0117478420504836,0,0,13.480537862703468,95.62419350385832,NAGK;GNPDA2;NPL;ST3GAL1,
GO_Biological_Process_2023,Megakaryocyte Development (GO:0035855),4/10,0.0008304856858813,0.0117478420504836,0,0,13.480537862703468,95.62419350385832,MPIG6B;KIT;GP1BA;GP5,
GO_Biological_Process_2023,Negative Regulation Of Activated T Cell Proliferation (GO:0046007),4/10,0.0008304856858813,0.0117478420504836,0,0,13.480537862703468,95.62419350385832,CD274;PRKAR1A;CRTAM;PDCD1LG2,immune
GO_Biological_Process_2023,Negative Regulation Of Inclusion Body Assembly (GO:0090084),4/10,0.0008304856858813,0.0117478420504836,0,0,13.480537862703468,95.62419350385832,DNAJB2;DNAJB1;DNAJB6;HSPA1A,
GO_Biological_Process_2023,Regulation Of ERAD Pathway (GO:1904292),4/10,0.0008304856858813,0.0117478420504836,0,0,13.480537862703468,95.62419350385832,BAG6;ATXN3;USP25;UBXN1,
GO_Biological_Process_2023,Regulation Of Axon Regeneration (GO:0048679),4/10,0.0008304856858813,0.0117478420504836,0,0,13.480537862703468,95.62419350385832,RTN4R;EPHA4;GRN;SCARF1,neurological signaling
GO_Biological_Process_2023,Removal Of Superoxide Radicals (GO:0019430),4/10,0.0008304856858813,0.0117478420504836,0,0,13.480537862703468,95.62419350385832,CCS;SOD2;SOD3;SOD1,
GO_Biological_Process_2023,Regulation Of Signal Transduction (GO:0009966),20/193,0.0008520007260089,0.0120035908736905,0,0,2.357207955155495,16.660564743995337,BRAP;CD63;PTPN1;MPIG6B;SRC;ADIPOQ;TREM2;KAZALD1;DLL1;CX3CL1;IRAK1;IGFBP7;NCAM1;TIMP1;IGFBP6;CD46;GIT1;MGLL;CD55;FGFR2,
GO_Biological_Process_2023,Regulation Of Keratinocyte Proliferation (GO:0010837),6/25,0.0008997282117826,0.0124806280665552,0,0,6.394736842105263,44.84896136838807,NOTCH2;CRNN;CDH3;MDK;EPPK1;FGFR2,
GO_Biological_Process_2023,Negative Regulation Of Leukocyte Activation (GO:0002695),5/17,0.0009001483322186,0.0124806280665552,0,0,8.431633014523557,59.13062913567583,CD84;GRN;FN1;CD300LF;HAVCR2,immune
GO_Biological_Process_2023,Positive Regulation Of Alpha-Beta T Cell Proliferation (GO:0046641),5/17,0.0009001483322186,0.0124806280665552,0,0,8.431633014523557,59.13062913567583,IL18;IL12B;XCL1;CD55;TGFBR2,immune
GO_Biological_Process_2023,Positive Regulation Of Leukocyte Adhesion To Vascular Endothelial Cell (GO:1904996),5/17,0.0009001483322186,0.0124806280665552,0,0,8.431633014523557,59.13062913567583,SELP;IRAK1;MDK;ITGB2;SELE,immune;blood vessels
GO_Biological_Process_2023,Glomerulus Vasculature Development (GO:0072012),3/5,0.000981796669508,0.0132157835526849,0,0,30.30540827147402,209.89908612732103,PECAM1;TEK;CD34,
GO_Biological_Process_2023,Positive Regulation Of T-helper 1 Cell Cytokine Production (GO:2000556),3/5,0.000981796669508,0.0132157835526849,0,0,30.30540827147402,209.89908612732103,IL1R1;XCL1;IL18R1,immune
GO_Biological_Process_2023,Positive Regulation Of Natural Killer Cell Mediated Cytotoxicity Directed Against Tumor Cell Target (GO:0002860),3/5,0.000981796669508,0.0132157835526849,0,0,30.30540827147402,209.89908612732103,CRTAM;IL12B;NECTIN2,
GO_Biological_Process_2023,Positive Regulation Of Natural Killer Cell Mediated Immune Response To Tumor Cell (GO:0002857),3/5,0.000981796669508,0.0132157835526849,0,0,30.30540827147402,209.89908612732103,CRTAM;IL12B;NECTIN2,immune
GO_Biological_Process_2023,Regulation Of T-helper 1 Cell Cytokine Production (GO:2000554),3/5,0.000981796669508,0.0132157835526849,0,0,30.30540827147402,209.89908612732103,IL1R1;XCL1;IL18R1,immune
GO_Biological_Process_2023,Regulation Of Hyaluronan Biosynthetic Process (GO:1900125),3/5,0.000981796669508,0.0132157835526849,0,0,30.30540827147402,209.89908612732103,TGFB1;EGF;PDGFB,
GO_Biological_Process_2023,Regulation Of Natural Killer Cell Mediated Immunity (GO:0002715),3/5,0.000981796669508,0.0132157835526849,0,0,30.30540827147402,209.89908612732103,NCR1;KLRB1;LEP,
GO_Biological_Process_2023,Regulation Of Response To External Stimulus (GO:0032101),15/127,0.0009834298007149,0.0132157835526849,0,0,2.7248925886143933,18.86842145034547,SEMA7A;GRN;IL1R1;F2R;TNC;TREM2;GP1BA;PARK7;SELE;CX3CL1;IL1RL2;CASP8;XCL1;MGLL;CD55,
GO_Biological_Process_2023,Organelle Membrane Fusion (GO:0090174),6/26,0.0011233169678635,0.0150378141215142,0,0,6.07468085106383,41.25600906653038,VAMP8;STX8;STX7;IRAG2;STX4;STX3,
GO_Biological_Process_2023,Regulation Of Epithelial Cell Proliferation (GO:0050678),12/91,0.0011795445843918,0.0157302625109349,0,0,3.085951264467514,20.80741788578074,TGFBR3;BMP4;SFRP1;GRN;TGFB1;LEP;ERBB2;LAMB1;EPPK1;MTSS1;BMP6;FGFR2,
GO_Biological_Process_2023,Negative Regulation Of Cellular Component Organization (GO:0051129),11/79,0.0011886271480272,0.0157911150388108,0,0,3.2847750865051903,22.122816646363816,DNAJB2;DNAJB1;DNAJB6;SRC;DNAJA4;AKR1B1;APOA1;APOA4;SOST;BMP6;HSPA1A,
GO_Biological_Process_2023,Positive Regulation Of Monocyte Chemotaxis (GO:0090026),5/18,0.0011981725674161,0.0158576323884543,0,0,7.782637129077086,52.35347109955904,CXCL12;CCL5;CXCL17;PLA2G7;LGMN,
GO_Biological_Process_2023,Digestive System Development (GO:0055123),4/11,0.0012563477763291,0.0164407458070931,0,0,11.554140127388536,77.17641459942239,CLMP;KIT;PKD1;FGFR2,
GO_Biological_Process_2023,Positive Regulation Of Keratinocyte Proliferation (GO:0010838),4/11,0.0012563477763291,0.0164407458070931,0,0,11.554140127388536,77.17641459942239,CRNN;NOTCH2;CDH3;MDK,
GO_Biological_Process_2023,Positive Regulation Of Vascular Permeability (GO:0043117),4/11,0.0012563477763291,0.0164407458070931,0,0,11.554140127388536,77.17641459942239,OCLN;TGFB1;FGFBP3;BMP6,blood vessels
GO_Biological_Process_2023,Homotypic Cell-Cell Adhesion (GO:0034109),8/46,0.001280500477538,0.0166322255335242,0,0,4.2679833913141065,28.426921642229345,MEGF10;FGL1;STXBP1;HSPB1;MYH9;GP1BA;CD99;DSC2,
GO_Biological_Process_2023,Vacuolar Transport (GO:0007034),8/46,0.001280500477538,0.0166322255335242,0,0,4.2679833913141065,28.426921642229345,GRN;AP1G2;VPS53;PSAP;VTI1A;VPS37A;ARSB;HSPA1A,
GO_Biological_Process_2023,Negative Regulation Of T Cell Proliferation (GO:0042130),7/36,0.00129727250168,0.0167257200032105,0,0,4.890565899159046,32.50999423831949,CD274;CR1;PRKAR1A;CRTAM;TNFRSF14;PDCD1LG2;TNFRSF21,immune
GO_Biological_Process_2023,Receptor Signaling Pathway Via JAK-STAT (GO:0007259),7/36,0.00129727250168,0.0167257200032105,0,0,4.890565899159046,32.50999423831949,STAT5B;GH1;LEP;STAMBP;PKD2;CSF2RA;PKD1,
GO_Biological_Process_2023,Negative Regulation Of Protein Serine/Threonine Kinase Activity (GO:0071901),11/80,0.0013204032404852,0.0169613563318211,0,0,3.236999147485081,21.46071555004291,HEXIM1;LYN;BMP4;PTPN1;CDKN1A;HHEX;PRKAR1A;HEG1;PRKAR2A;ADIPOQ;APOE,
GO_Biological_Process_2023,Myeloid Cell Development (GO:0061515),6/27,0.0013871137799157,0.0176882319234512,0,0,5.785106382978723,38.069066730651535,MPIG6B;ANXA2;SRC;KIT;GP1BA;GP5,
GO_Biological_Process_2023,Positive Regulation Of Response To Wounding (GO:1903036),6/27,0.0013871137799157,0.0176882319234512,0,0,5.785106382978723,38.069066730651535,ITGB1;GRN;OCLN;MDK;SCARF1;HBEGF,
GO_Biological_Process_2023,Regulation Of Wound Healing (GO:0061041),8/47,0.0014802234086209,0.0188069112353519,0,0,4.158329232956099,27.09385297676015,ITGB1;OCLN;PLAU;CD109;F2R;GP1BA;EPPK1;HBEGF,
GO_Biological_Process_2023,Response To Organic Cyclic Compound (GO:0014070),9/58,0.0015073382845787,0.0190820288634718,0,0,3.7254154596737306,24.205551322931893,CDKN2D;STAT5B;GH1;SFRP1;TGFB1;KYNU;CCL5;IL18;CCL2,
GO_Biological_Process_2023,Negative Regulation Of Endothelial Cell Proliferation (GO:0001937),7/37,0.0015355787593568,0.0191618292328315,0,0,4.727298544550941,30.62744837604808,ATP5IF1;FLT1;SORD;CCL2;IL12B;PRL;APOE,blood vessels
GO_Biological_Process_2023,Negative Regulation Of Smooth Muscle Cell Proliferation (GO:0048662),7/37,0.0015355787593568,0.0191618292328315,0,0,4.727298544550941,30.62744837604808,BMP4;CDKN1A;HMOX1;IL12B;APOE;SOD2;PRKG1,
GO_Biological_Process_2023,Regulation Of Ossification (GO:0030278),7/37,0.0015355787593568,0.0191618292328315,0,0,4.727298544550941,30.62744837604808,BMP4;ECM1;SFRP1;MDK;ZBTB16;SOST;DKK1,salt transport
GO_Biological_Process_2023,Regulation Of Vascular Associated Smooth Muscle Cell Proliferation (GO:1904705),7/37,0.0015355787593568,0.0191618292328315,0,0,4.727298544550941,30.62744837604808,BMP4;ERN1;CDKN1A;ADIPOQ;PDGFB;SOD2;PRKG1,blood vessels
GO_Biological_Process_2023,Regulation Of Granulocyte Chemotaxis (GO:0071622),5/19,0.0015633025397285,0.0193694293397572,0,0,7.226354941551541,46.68915179910446,CSF1R;MSTN;MDK;CCL5;CXCL17,
GO_Biological_Process_2023,Regulation Of Insulin-Like Growth Factor Receptor Signaling Pathway (GO:0043567),5/19,0.0015633025397285,0.0193694293397572,0,0,7.226354941551541,46.68915179910446,GH1;CDH3;CILP;INPPL1;IGFBP6,metabolism
GO_Biological_Process_2023,Negative Regulation Of Epithelial Cell Proliferation (GO:0050680),10/70,0.0016094030000081,0.0198701557668851,0,0,3.382122507122507,21.75344661608735,ATP5IF1;TGFBR3;SFRP1;TGFB1;SORD;EPPK1;PRL;APOE;MTSS1;FGFR2,
GO_Biological_Process_2023,Cellular Response To Organic Substance (GO:0071310),11/82,0.001619997699526,0.0199305350779718,0,0,3.145484672742336,20.21077876165025,CRNN;CSF1R;STAT5B;EDN1;TGFB1;CCL5;IL18;HCLS1;CCL2;TREM2;PARK7,
GO_Biological_Process_2023,Hematopoietic Progenitor Cell Differentiation (GO:0002244),6/28,0.0016956278965693,0.0205000825972777,0,0,5.521856866537718,35.227802213404814,LYN;BMP4;SFRP1;TGFB1;KIT;FSTL3,
GO_Biological_Process_2023,Negative Regulation Of Type II Interferon Production (GO:0032689),6/28,0.0016956278965693,0.0205000825972777,0,0,5.521856866537718,35.227802213404814,CD274;CR1;XCL1;PDCD1LG2;VSIR;HAVCR2,immune
GO_Biological_Process_2023,Regulation Of Chemotaxis (GO:0050920),6/28,0.0016956278965693,0.0205000825972777,0,0,5.521856866537718,35.227802213404814,TGFB1;MYCBP2;PDGFB;TREM2;STX4;STX3,
GO_Biological_Process_2023,Regulation Of Protein Localization To Membrane (GO:1905475),6/28,0.0016956278965693,0.0205000825972777,0,0,5.521856866537718,35.227802213404814,VAMP8;STX8;STX7;AKR1B1;GPC5;GBP1,
GO_Biological_Process_2023,Vascular Endothelial Growth Factor Receptor Signaling Pathway (GO:0048010),6/28,0.0016956278965693,0.0205000825972777,0,0,5.521856866537718,35.227802213404814,FLT1;SRC;KDR;HSPB1;CLEC14A;PGF,blood vessels
GO_Biological_Process_2023,Negative Regulation Of Cellular Response To Growth Factor Stimulus (GO:0090288),10/71,0.0017954437041935,0.0214162628980999,0,0,3.326502732240437,21.03182383216564,SPART;PTPN1;HHEX;RBPMS2;VWC2L;VWC2;SOST;CHRDL2;NBL1;FSTL3,
GO_Biological_Process_2023,Regulation Of Hydrolase Activity (GO:0051336),10/71,0.0017954437041935,0.0214162628980999,0,0,3.326502732240437,21.03182383216564,SCARB2;ATP5IF1;VAV3;EPHA4;PLXNB3;APOA1;PRKG1;PLXNA4;SERPINA5;SOD1,
GO_Biological_Process_2023,Endothelium Development (GO:0003158),4/12,0.0018143142008693,0.0214162628980999,0,0,10.109341825902336,63.81064815865172,KDR;PECAM1;CD34;FSTL1,blood vessels
GO_Biological_Process_2023,Negative Regulation Of Complement Activation (GO:0045916),4/12,0.0018143142008693,0.0214162628980999,0,0,10.109341825902336,63.81064815865172,CR2;CR1;CD46;CD55,immune
GO_Biological_Process_2023,Regulation Of Vascular Associated Smooth Muscle Cell Migration (GO:1904752),4/12,0.0018143142008693,0.0214162628980999,0,0,10.109341825902336,63.81064815865172,BMP4;ADIPOQ;PDGFB;PRKG1,blood vessels
GO_Biological_Process_2023,Semaphorin-Plexin Signaling Pathway Involved In Neuron Projection Guidance (GO:1902285),4/12,0.0018143142008693,0.0214162628980999,0,0,10.109341825902336,63.81064815865172,NELL2;PLXNB3;SEMA3F;PLXNA4,neurological signaling
GO_Biological_Process_2023,Spinal Cord Development (GO:0021510),4/12,0.0018143142008693,0.0214162628980999,0,0,10.109341825902336,63.81064815865172,VIT;PKD2;DLL1;PKD1,
GO_Biological_Process_2023,Positive Regulation Of Supramolecular Fiber Organization (GO:1902905),12/96,0.0018835249672117,0.0217027593367055,0,0,2.9014989293361886,18.205774995397555,VASP;USP8;CCL24;EDN1;OCLN;CCL11;DCTN1;SNX9;APOE;CX3CL1;MTSS1;ARF6,
GO_Biological_Process_2023,Receptor-Mediated Endocytosis (GO:0006898),14/122,0.0018873682722834,0.0217027593367055,0,0,2.635153393737085,16.52918904751544,SCARB2;ITGB1;ITGB2;STAB2;HIP1R;HSPG2;DLL1;DNM1;ACE2;DNAJC6;SNX9;APOE;SCARF1;PDLIM7,
GO_Biological_Process_2023,N-acetylneuraminate Catabolic Process (GO:0019262),3/6,0.0018944881504565,0.0217027593367055,0,0,20.20254506892895,126.64584750595508,NAGK;GNPDA2;NPL,
GO_Biological_Process_2023,Definitive Hemopoiesis (GO:0060216),3/6,0.0018944881504565,0.0217027593367055,0,0,20.20254506892895,126.64584750595508,MFAP5;TGFBR3;TEK,
GO_Biological_Process_2023,Negative Regulation Of Plasminogen Activation (GO:0010757),3/6,0.0018944881504565,0.0217027593367055,0,0,20.20254506892895,126.64584750595508,SERPINE2;PLAU;PLAT,
GO_Biological_Process_2023,Positive Regulation Of Activation Of Janus Kinase Activity (GO:0010536),3/6,0.0018944881504565,0.0217027593367055,0,0,20.20254506892895,126.64584750595508,GH1;CCL5;IL12B,
GO_Biological_Process_2023,Positive Regulation Of Amyloid-Beta Clearance (GO:1900223),3/6,0.0018944881504565,0.0217027593367055,0,0,20.20254506892895,126.64584750595508,LRPAP1;TREM2;APOE,
GO_Biological_Process_2023,Regulation Of Natural Killer Cell Chemotaxis (GO:2000501),3/6,0.0018944881504565,0.0217027593367055,0,0,20.20254506892895,126.64584750595508,KLRK1;CCL5;XCL1,
GO_Biological_Process_2023,Regulation Of Vascular Associated Smooth Muscle Cell Differentiation (GO:1905063),3/6,0.0018944881504565,0.0217027593367055,0,0,20.20254506892895,126.64584750595508,KIT;PDGFB;NFATC1,blood vessels
GO_Biological_Process_2023,Erythrocyte Differentiation (GO:0030218),8/49,0.0019533822120121,0.0221765959314302,0,0,3.955067866243694,24.67247644501013,ATP5IF1;TGFBR3;LYN;MPIG6B;CASP3;KIT;HCLS1;AHSP,
GO_Biological_Process_2023,Negative Regulation Of T Cell Activation (GO:0050868),8/49,0.0019533822120121,0.0221765959314302,0,0,3.955067866243694,24.67247644501013,CD274;CR1;FGL1;PDCD1LG2;VSIR;TNFRSF21;PAG1;HAVCR2,immune
GO_Biological_Process_2023,Regulation Of Intracellular Signal Transduction (GO:1902531),26/297,0.0019548916848541,0.0221765959314302,0,0,1.958759826728702,12.217608680667723,CSF1R;JPT2;FAM13A;HSPB1;TREM2;STK4;GRAP2;KDR;ITGAV;GBP1;MAP2K6;LYN;VAV3;ARHGEF10;TGFB1;ARHGEF12;MYO9B;SEZ6L;ARHGAP45;RNF41;CRNN;DNMBP;CLEC6A;REN;ARHGEF1;TEK,
GO_Biological_Process_2023,Regulation Of Cysteine-Type Endopeptidase Activity Involved In Apoptotic Process (GO:0043281),11/84,0.0019729488516396,0.0223090074033295,0,0,3.058984689766317,19.05204790631647,CDKN2D;IGBP1;FIS1;DNAJB6;SRC;HGF;PDCD5;F2R;HTRA2;TRIAP1;MAP3K5,
GO_Biological_Process_2023,T Cell Mediated Immunity (GO:0002456),5/20,0.0020040198558998,0.0223707520016418,0,0,6.744243712362735,41.89928975315046,CR2;CR1;CD8A;CRTAM;CD46,immune
GO_Biological_Process_2023,Calcium-Mediated Signaling Using Intracellular Calcium Source (GO:0035584),5/20,0.0020040198558998,0.0223707520016418,0,0,6.744243712362735,41.89928975315046,SELP;FIS1;VCAM1;CCL20;KDR,
GO_Biological_Process_2023,Regulation Of Calcium Ion Import (GO:0090279),5/20,0.0020040198558998,0.0223707520016418,0,0,6.744243712362735,41.89928975315046,CXCL12;EGF;PDGFB;CCL2;PKD2,
GO_Biological_Process_2023,Regulation Of Protein Localization To Cell Periphery (GO:1904375),5/20,0.0020040198558998,0.0223707520016418,0,0,6.744243712362735,41.89928975315046,VAMP8;STX8;STX7;AKR1B1;GBP1,
GO_Biological_Process_2023,Regulation Of Cell Motility (GO:2000145),14/123,0.0020393782133735,0.0226237629945419,0,0,2.610839862975942,16.174440965810298,CSF1R;ROBO4;TGFB1;SERPINE2;TNC;NEXN;SPINT2;FGF5;ERBB4;AKT2;ABL1;TNR;TMSB10;PLXNA4,
GO_Biological_Process_2023,Glycolytic Process (GO:0006096),6/29,0.0020535335344662,0.0226237629945419,0,0,5.2814986123959295,32.682934297114585,PFKFB2;GPI;PKLR;ENO1;ENO2;GAPDH,
GO_Biological_Process_2023,Positive Regulation Of Calcium Ion Transport (GO:0051928),6/29,0.0020535335344662,0.0226237629945419,0,0,5.2814986123959295,32.682934297114585,CRACR2A;CXCL12;CCL5;F2R;PDGFB;CCL2,salt transport
GO_Biological_Process_2023,Positive Regulation Of Endopeptidase Activity (GO:0010950),6/29,0.0020535335344662,0.0226237629945419,0,0,5.2814986123959295,32.682934297114585,LYN;EPHA4;CR1;PSME1;PSME2;VSIR,
GO_Biological_Process_2023,Regulation Of Defense Response (GO:0031347),12/97,0.0020590602839909,0.0226237629945419,0,0,2.867212495276484,17.73515886873459,SEMA7A;GRN;IL1RL2;CASP8;IL1R1;TNC;XCL1;TREM2;PARK7;APOE;SELE;MGLL,
GO_Biological_Process_2023,Response To Lipid (GO:0033993),13/110,0.002074913706566,0.0227264842969957,0,0,2.7230748831504625,16.82270926328421,CDKN2D;STAT5B;TGFB1;F2R;ERBIN;TREM2;APOA4;TNFRSF11A;SELE;SELP;GH1;IRAK1;CD6,metabolism
GO_Biological_Process_2023,Regulation Of Mitochondrial Membrane Potential (GO:0051881),7/39,0.0021133635202644,0.0230752879368873,0,0,4.4313764643237485,27.294950399553127,ATP5IF1;SPART;TCL1A;AKT2;ABL1;PARK7;SOD1,metabolism
GO_Biological_Process_2023,Positive Regulation Of Cell Junction Assembly (GO:1901890),9/61,0.0021638736628321,0.0235531918315748,0,0,3.50993350299647,21.536444090582165,ACE2;SFRP1;SLITRK2;SLITRK1;KDR;SLITRK6;IL1RAP;TEK;EPHA2,
GO_Biological_Process_2023,Positive Regulation Of Developmental Growth (GO:0048639),8/50,0.0022307985721257,0.0242062428913268,0,0,3.860696517412936,23.57107973697979,GH1;SEMA7A;LEP;TWF2;PPIB;L1CAM;AGRN;DLL1,
GO_Biological_Process_2023,MAPK Cascade (GO:0000165),12/98,0.002247756801119,0.0243147438486379,0,0,2.833723420148399,17.279542536021903,BRAP;PPP1CC;MAP2K1;TGFB1;EGF;CCL5;KDR;IL18;CCL2;ITGAV;MAP3K5;MAP2K6,
GO_Biological_Process_2023,Positive Regulation Of Apoptotic Process (GO:0043065),24/270,0.0023411762805038,0.0252471293953103,0,0,1.9901592508332893,12.054597164467838,ITGB1;GRN;CRADD;DIABLO;GZMA;PDCD5;ADIPOQ;HIP1R;HTRA2;FASLG;STK4;SIRT2;SOD1;BMP4;SFRP1;CASP8;PNMA1;ADAMTSL4;FRZB;CASP3;TNFRSF8;FADD;MAP3K5;TGM2,
GO_Biological_Process_2023,Glycerophospholipid Metabolic Process (GO:0006650),9/62,0.0024272460440665,0.0260947620860565,0,0,3.44352711383178,20.73346979478951,PLA2G15;CSF1R;ACP6;PLA2G10;APOA1;PLA2G4A;APOA4;ENPP6;PLA2G7,metabolism
GO_Biological_Process_2023,Positive Regulation Of Myeloid Leukocyte Differentiation (GO:0002763),7/40,0.0024588139139829,0.0261059784689226,0,0,4.296866427856843,25.81590089441869,CD74;CASP8;IL12B;HCLS1;TNFRSF11A;FADD;PF4,immune
GO_Biological_Process_2023,Positive Regulation Of Protein Metabolic Process (GO:0051247),19/196,0.002461515814598,0.0261059784689226,0,0,2.185916540203195,13.130752422578931,USP8;TGFB1;IST1;CIRBP;IL18;ASPSCR1;AXIN1;RNF41;CASP8;PLA2G10;ERBB2;CD28;IL12B;PAEP;APOE;FADD;IL17D;RILP;EIF4G1,
GO_Biological_Process_2023,Positive Regulation Of Interleukin-10 Production (GO:0032733),6/30,0.0024656476516154,0.0261059784689226,0,0,5.0611702127659575,30.393849360667524,CD40LG;CD28;IL12B;XCL1;CD46;PIBF1,immune
GO_Biological_Process_2023,Positive Regulation Of Phosphate Metabolic Process (GO:0045937),6/30,0.0024656476516154,0.0261059784689226,0,0,5.0611702127659575,30.393849360667524,DSCAM;SRC;EGF;CCL5;PTH1R;CD244,
GO_Biological_Process_2023,Prostaglandin Metabolic Process (GO:0006693),6/30,0.0024656476516154,0.0261059784689226,0,0,5.0611702127659575,30.393849360667524,CD74;EDN1;GSTA1;PLA2G4A;PTGDS;PTGR1,
GO_Biological_Process_2023,Embryonic Hemopoiesis (GO:0035162),4/13,0.0025232092972448,0.0262202562318359,0,0,8.98560981363529,53.75392760022515,KIT;KDR;FLT3LG;TGFBR2,
GO_Biological_Process_2023,Negative Regulation Of Myoblast Differentiation (GO:0045662),4/13,0.0025232092972448,0.0262202562318359,0,0,8.98560981363529,53.75392760022515,BMP4;TGFB1;MSTN;DLL1,
GO_Biological_Process_2023,Negative Regulation Of Neuroinflammatory Response (GO:0150079),4/13,0.0025232092972448,0.0262202562318359,0,0,8.98560981363529,53.75392760022515,GRN;TREM2;CST7;CX3CL1,immune;neurological signaling
GO_Biological_Process_2023,Positive Regulation Of Granulocyte Macrophage Colony-Stimulating Factor Production (GO:0032725),4/13,0.0025232092972448,0.0262202562318359,0,0,8.98560981363529,53.75392760022515,IL18;IL12B;PAEP;IL17D,
GO_Biological_Process_2023,Positive Regulation Of Gene Expression (GO:0010628),37/480,0.0025232190007689,0.0262202562318359,0,0,1.7100303709829223,10.229777563318962,CALCOCO1;PDCD5;PDGFB;TNC;AKR1B1;DPY30;TREM2;PARK7;DLL1;VSIR;FGF5;CDH3;ERBB2;CD34;CD74;MAP2K1;TGFB1;EGF;CRTAM;FN1;CIRBP;EIF2AK2;DKK1;BMP6;SOD1;ERN1;BMP4;OCLN;DNAJA4;CLEC6A;ERP29;CD28;CNTN1;CD46;GAPDH;HSPA1A;PF4,
GO_Biological_Process_2023,Peptide Catabolic Process (GO:0043171),5/21,0.0025289714797162,0.0262202562318359,0,0,6.322396386822529,37.80756741591688,CPQ;ANPEP;DPEP2;ECE1;TPP1,
GO_Biological_Process_2023,Regulation Of Membrane Protein Ectodomain Proteolysis (GO:0051043),5/21,0.0025289714797162,0.0262202562318359,0,0,6.322396386822529,37.80756741591688,ADAM9;SNX9;APOE;TIMP1;TIMP4,
GO_Biological_Process_2023,Positive Regulation Of Protein Localization To Plasma Membrane (GO:1903078),8/51,0.0025382091486135,0.0262381738617037,0,0,3.770714533644072,22.53490809338534,ITGB1;CNST;CNPY4;TREM2;STX4;STX3;ARF6;EPHA2,
GO_Biological_Process_2023,Positive Regulation Of Cellular Component Organization (GO:0051130),13/113,0.002639645932715,0.0272062622091638,0,0,2.6409646302250804,15.67969880247088,TGFB1;ANXA2;DCTN1;AKR1B1;BRK1;TREM2;PARK7;RHOC;DLL1;ADD1;IGF1R;TCL1A;APOE,
GO_Biological_Process_2023,Negative Regulation Of Phosphorylation (GO:0042326),10/75,0.0027208582446989,0.0278788231876193,0,0,3.121137409598948,18.435959162013965,CDKN2D;LYN;BMP4;CDKN1A;IMPACT;OCLN;TGFB1;SORD;PARK7;CRKL,
GO_Biological_Process_2023,Regulation Of BMP Signaling Pathway (GO:0030510),10/75,0.0027208582446989,0.0278788231876193,0,0,3.121137409598948,18.435959162013965,BMP4;SPART;RBPMS2;VWC2L;VWC2;SOST;CHRDL2;NBL1;FSTL1;FSTL3,
GO_Biological_Process_2023,Cellular Response To Lipid (GO:0071396),21/228,0.0027990259290469,0.0285958964797959,0,0,2.067042694868782,12.151077005635594,LYN;CD274;CXCL6;TWF2;AKR1B1;HTRA2;TREM2;PDCD1LG2;CXCL3;TFPI;CRHBP;SFRP1;CXCL11;CASP7;TNIP1;AXL;ADAM9;CCL2;GIT1;HSPA1A;PF4,metabolism
GO_Biological_Process_2023,Protein Phosphorylation (GO:0006468),38/500,0.0028342148481405,0.0288709815726034,0,0,1.684154318515552,9.879232946083416,EPHB6;ACVRL1;GPI;CSF1R;CCL11;FLT1;SRC;GMFG;PDGFB;STK4;CSF2RA;PKD1;IGF1R;IRAK1;ERBB4;AKT2;ERBB2;ABL1;KDR;CCL2;MAP4K5;PRKG1;EPHB4;MAP3K5;LYN;EPHA4;MAP2K1;TGFB1;EIF2AK2;CDC42BPB;TGFBR2;ERN1;BMP4;TGFBR3;KIT;PTPN6;TEK;FGFR2,
GO_Biological_Process_2023,Endodermal Cell Differentiation (GO:0035987),6/31,0.0029369068381619,0.0295721973848353,0,0,4.858468085106383,28.32680429398981,ITGB5;ITGB2;FN1;ITGAV;LAMB1;ITGA5,
GO_Biological_Process_2023,Positive Regulation Of Rho Protein Signal Transduction (GO:0035025),6/31,0.0029369068381619,0.0295721973848353,0,0,4.858468085106383,28.32680429398981,RTN4R;ADGRG1;COL3A1;F2R;APOA1;F11R,
GO_Biological_Process_2023,Positive Regulation Of Mononuclear Cell Migration (GO:0071677),6/31,0.0029369068381619,0.0295721973848353,0,0,4.858468085106383,28.32680429398981,CXCL12;CCL5;CXCL17;PLA2G7;JAM2;LGMN,
GO_Biological_Process_2023,Receptor Signaling Pathway Via STAT (GO:0097696),6/31,0.0029369068381619,0.0295721973848353,0,0,4.858468085106383,28.32680429398981,STAT5B;GH1;STAMBP;PKD2;CSF2RA;PKD1,
GO_Biological_Process_2023,Positive Regulation Of Programmed Cell Death (GO:0043068),22/245,0.0030769021624981,0.0307064954603536,0,0,2.010570147341448,11.628799915303794,ITGB1;CRADD;DIABLO;GZMA;PDCD5;HIP1R;HTRA2;FASLG;STK4;SOD1;BMP4;SFRP1;CASP8;PNMA1;ADAMTSL4;FRZB;CASP3;TNFRSF8;FADD;GBP1;MAP3K5;TGM2,
GO_Biological_Process_2023,Placenta Development (GO:0001890),5/22,0.0031468992111612,0.0307064954603536,0,0,5.950178158404701,34.28098567654099,LEP;PDGFB;PKD2;PKD1;SOD1,
GO_Biological_Process_2023,Regulation Of Regulatory T Cell Differentiation (GO:0045589),5/22,0.0031468992111612,0.0307064954603536,0,0,5.950178158404701,34.28098567654099,LAG3;CR1;MDK;CD46;VSIR,immune
GO_Biological_Process_2023,Amino Sugar Catabolic Process (GO:0046348),3/7,0.0031989594583768,0.0307064954603536,0,0,15.151113467656415,87.0420816167867,NAGK;GNPDA2;NPL,
GO_Biological_Process_2023,Glycoside Catabolic Process (GO:0016139),3/7,0.0031989594583768,0.0307064954603536,0,0,15.151113467656415,87.0420816167867,FUCA1;GUSB;GLA,
GO_Biological_Process_2023,Growth Hormone Receptor Signaling Pathway Via JAK-STAT (GO:0060397),3/7,0.0031989594583768,0.0307064954603536,0,0,15.151113467656415,87.0420816167867,LYN;PTPN1;STAT5B,
GO_Biological_Process_2023,Lymphocyte Apoptotic Process (GO:0070227),3/7,0.0031989594583768,0.0307064954603536,0,0,15.151113467656415,87.0420816167867,CASP7;FASLG;TNFRSF21,immune
GO_Biological_Process_2023,"Negative Regulation Of Complement Activation, Classical Pathway (GO:0045959)",3/7,0.0031989594583768,0.0307064954603536,0,0,15.151113467656415,87.0420816167867,CR2;CR1;CD46,immune
GO_Biological_Process_2023,Negative Regulation Of Inflammatory Response To Wounding (GO:0106015),3/7,0.0031989594583768,0.0307064954603536,0,0,15.151113467656415,87.0420816167867,MDK;PTPN6;GIT1,immune
GO_Biological_Process_2023,Platelet Activating Factor Metabolic Process (GO:0046469),3/7,0.0031989594583768,0.0307064954603536,0,0,15.151113467656415,87.0420816167867,PLA2G10;PLA2G4A;PLA2G7,
GO_Biological_Process_2023,Positive Regulation Of CoA-transferase Activity (GO:1905920),3/7,0.0031989594583768,0.0307064954603536,0,0,15.151113467656415,87.0420816167867,APOA1;APOA4;APOE,
GO_Biological_Process_2023,Positive Regulation Of Aspartic-Type Peptidase Activity (GO:1905247),3/7,0.0031989594583768,0.0307064954603536,0,0,15.151113467656415,87.0420816167867,LYN;EPHA4;GRN,
GO_Biological_Process_2023,Positive Regulation Of Glial Cell Migration (GO:1903977),3/7,0.0031989594583768,0.0307064954603536,0,0,15.151113467656415,87.0420816167867,TREM2;CX3CL1;CRKL,neurological signaling
GO_Biological_Process_2023,Positive Regulation Of Microtubule Nucleation (GO:0090063),3/7,0.0031989594583768,0.0307064954603536,0,0,15.151113467656415,87.0420816167867,DCTN1;GIT1;HSPA1A,
GO_Biological_Process_2023,Regulation Of Cdc42 Protein Signal Transduction (GO:0032489),3/7,0.0031989594583768,0.0307064954603536,0,0,15.151113467656415,87.0420816167867,ABL1;APOA1;APOE,
GO_Biological_Process_2023,Regulation Of CoA-transferase Activity (GO:1905918),3/7,0.0031989594583768,0.0307064954603536,0,0,15.151113467656415,87.0420816167867,APOA1;APOA4;APOE,
GO_Biological_Process_2023,Regulation Of Activation Of Janus Kinase Activity (GO:0010533),3/7,0.0031989594583768,0.0307064954603536,0,0,15.151113467656415,87.0420816167867,GH1;CCL5;IL12B,
GO_Biological_Process_2023,Glycoprotein Metabolic Process (GO:0009100),8/53,0.0032517055727663,0.0310422384460259,0,0,3.6027481639421937,20.63861532821304,ERP44;FUT8;B4GAT1;TNIP1;MAN1A2;GCNT1;PARK7;HPSE,
GO_Biological_Process_2023,Negative Regulation Of Cysteine-Type Endopeptidase Activity (GO:2000117),8/53,0.0032517055727663,0.0310422384460259,0,0,3.6027481639421937,20.63861532821304,CST3;CDKN2D;IGBP1;DNAJB6;SRC;HGF;TRIAP1;CST7,
GO_Biological_Process_2023,Negative Regulation Of Intracellular Signal Transduction (GO:1902532),21/231,0.0032673178897083,0.0311062907537899,0,0,2.0371891891891893,11.660434650473572,LYN;MSTN;SRC;ADIPOQ;SORD;OTUD7B;PEBP1;TREM2;DUSP13;CD2AP;IGF1R;CASP8;PIK3IP1;TNIP1;CILP;BANK1;AKT1S1;DAG1;CCN3;STAMBP;EPHA2,
GO_Biological_Process_2023,Embryonic Organ Development (GO:0048568),10/77,0.0033086943481844,0.0313294798172262,0,0,3.0276502104860312,17.291520799496652,TGFB1;KIT;KDR;PDGFB;FLT3LG;TBC1D23;PKD2;PKD1;FGFR2;TGFBR2,
GO_Biological_Process_2023,Regulation Of Immune Response (GO:0050776),10/77,0.0033086943481844,0.0313294798172262,0,0,3.0276502104860312,17.291520799496652,LYN;FCRLB;LAG3;COL3A1;CASP8;FGL1;INPPL1;TREM2;PDCD1;CFP,immune
GO_Biological_Process_2023,Antimicrobial Humoral Immune Response Mediated By Antimicrobial Peptide (GO:0061844),9/65,0.0033726343856002,0.0317761577235084,0,0,3.258537886872999,18.547796824357,CXCL6;CCL13;CXCL11;GNLY;REG1B;REG1A;CXCL3;GAPDH;PF4,immune
GO_Biological_Process_2023,Mammary Gland Epithelium Development (GO:0061180),4/14,0.0034013402943881,0.0317761577235084,0,0,8.086624203821657,45.961021854367296,CSF1R;ERBB4;AKT2;EPHA2,
GO_Biological_Process_2023,Prostanoid Biosynthetic Process (GO:0046457),4/14,0.0034013402943881,0.0317761577235084,0,0,8.086624203821657,45.961021854367296,CD74;EDN1;PLA2G4A;PTGDS,
GO_Biological_Process_2023,Regulation Of Leukocyte Activation (GO:0002694),4/14,0.0034013402943881,0.0317761577235084,0,0,8.086624203821657,45.961021854367296,LYN;CD74;CD84;PLA2G10,immune
GO_Biological_Process_2023,Regulation Of Microglial Cell Activation (GO:1903978),4/14,0.0034013402943881,0.0317761577235084,0,0,8.086624203821657,45.961021854367296,GRN;TREM2;CST7;CX3CL1,neurological signaling
GO_Biological_Process_2023,Cellular Response To BMP Stimulus (GO:0071773),9/66,0.003744983566628,0.0343831340642555,0,0,3.2012020445992246,17.886197989866016,ACVRL1;TGFBR3;BMP4;SFRP1;TGFB1;RGMB;INHBC;SMAD5;BMP6,
GO_Biological_Process_2023,Negative Regulation Of Immune Response (GO:0050777),9/66,0.003744983566628,0.0343831340642555,0,0,3.2012020445992246,17.886197989866016,LYN;FCRLB;COL3A1;CR1;YES1;SRC;TREM2;PDCD1;HAVCR2,immune
GO_Biological_Process_2023,Regulation Of Endocytosis (GO:0030100),9/66,0.003744983566628,0.0343831340642555,0,0,3.2012020445992246,17.886197989866016,LRPAP1;PTPN1;OPHN1;SRC;ABL1;HIP1R;ITGAV;APOE;DLL1,
GO_Biological_Process_2023,Ephrin Receptor Signaling Pathway (GO:0048013),7/43,0.0037591176910548,0.0343831340642555,0,0,3.938172997278429,21.9890685632348,EPHB6;LYN;EPHA4;YES1;SRC;EPHB4;EPHA2,
GO_Biological_Process_2023,Positive Regulation Of T Cell Mediated Immunity (GO:0002711),7/43,0.0037591176910548,0.0343831340642555,0,0,3.938172997278429,21.9890685632348,STX7;IL12B;XCL1;TRAF2;FADD;ULBP2;CD55,immune
GO_Biological_Process_2023,Regulation Of JUN Kinase Activity (GO:0043506),7/43,0.0037591176910548,0.0343831340642555,0,0,3.938172997278429,21.9890685632348,ERN1;PTPN1;EDN1;TRAF2;TNFRSF11A;DKK1;MAP3K5,
GO_Biological_Process_2023,Regulation Of Cell-Cell Adhesion (GO:0022407),7/43,0.0037591176910548,0.0343831340642555,0,0,3.938172997278429,21.9890685632348,TGFB1;MEGF10;SRC;CDH1;SPINT2;CELSR2;FSTL3,
GO_Biological_Process_2023,Regulation Of Endothelial Cell Apoptotic Process (GO:2000351),7/43,0.0037591176910548,0.0343831340642555,0,0,3.938172997278429,21.9890685632348,CD40;CD40LG;CD160;KDR;CCL2;FASLG;TEK,blood vessels
GO_Biological_Process_2023,Negative Regulation Of Oxidative Stress-Induced Cell Death (GO:1903202),5/23,0.00386657148706,0.0351817728536145,0,0,5.619317510922187,31.217483928132165,HSPB1;HTRA2;PARK7;TXN;SOD2,stress response
GO_Biological_Process_2023,Positive Regulation Of Epithelial Cell Apoptotic Process (GO:1904037),5/23,0.00386657148706,0.0351817728536145,0,0,5.619317510922187,31.217483928132165,CD40;CD40LG;CD160;CCL2;FASLG,
GO_Biological_Process_2023,Positive Regulation Of Cytoskeleton Organization (GO:0051495),10/79,0.0039932446547495,0.0362113961091114,0,0,2.9395825591477767,16.235758885751384,VASP;CCL24;EDN1;CCL11;SNX9;TEK;CX3CL1;MTSS1;CCL27;ARF6,
GO_Biological_Process_2023,Positive Regulation Of Stress-Activated MAPK Cascade (GO:0032874),12/105,0.004000457612512,0.0362113961091114,0,0,2.6194653588450647,14.462975946666846,BMP4;LEP;TNFRSF19;SEMA4C;AXIN1;SORD;EIF2AK2;CD27;TRAF2;IGFBP6;EDA2R;MAP3K5,stress response
GO_Biological_Process_2023,B Cell Activation (GO:0042113),11/92,0.0040602338461183,0.0362474681192361,0,0,2.755700798838053,15.174306983675368,ITGB1;LAT2;CD79B;CD40;HHEX;CR2;CASP8;VCAM1;CD40LG;BANK1;KIT,immune
GO_Biological_Process_2023,Positive Regulation Of Neuron Projection Development (GO:0010976),11/92,0.0040602338461183,0.0362474681192361,0,0,2.755700798838053,15.174306983675368,SCARB2;LYN;MDK;TWF2;PLXNB3;ROR1;APOE;SCARF1;CX3CL1;DBN1;ARSB,neurological signaling
GO_Biological_Process_2023,Epithelial Tube Morphogenesis (GO:0060562),6/33,0.0040770620981281,0.0362474681192361,0,0,4.498108747044918,24.750297417861766,ACVRL1;BMP4;CSF1R;PKD2;PKD1;MTSS1,
GO_Biological_Process_2023,Positive Regulation Of T Cell Mediated Cytotoxicity (GO:0001916),6/33,0.0040770620981281,0.0362474681192361,0,0,4.498108747044918,24.750297417861766,STX7;IL12B;XCL1;FADD;ULBP2;NECTIN2,immune
GO_Biological_Process_2023,Positive Regulation Of Cytokine Production Involved In Immune Response (GO:0002720),6/33,0.0040770620981281,0.0362474681192361,0,0,4.498108747044918,24.750297417861766,CD160;KIT;XCL1;TNFRSF14;TRAF2;CD55,immune
GO_Biological_Process_2023,Positive Regulation Of Nitrogen Compound Metabolic Process (GO:0051173),6/33,0.0040770620981281,0.0362474681192361,0,0,4.498108747044918,24.750297417861766,TGFB1;EGF;PLA2G10;PDGFB;TMEM106A;EIF4G1,
GO_Biological_Process_2023,Regulation Of Lamellipodium Assembly (GO:0010591),6/33,0.0040770620981281,0.0362474681192361,0,0,4.498108747044918,24.750297417861766,OCLN;MSTN;TWF2;PLXNB3;BRK1;EPHA2,
GO_Biological_Process_2023,Response To Peptide Hormone (GO:0043434),8/55,0.0041118248914103,0.0364637466258573,0,0,3.4490768044277096,18.9488428275718,TGFBR3;STAT5B;SRC;SORT1;REG1B;LEP;REG1A;KHK,
GO_Biological_Process_2023,Regulation Of Protein-Containing Complex Assembly (GO:0043254),13/119,0.0041467068806257,0.0366799844073582,0,0,2.4906873748710794,13.662518102541132,TGFB1;SRC;STXBP1;EIF2AK2;BRK1;TRAF2;PARK7;RHOC;SEPTIN8;SELP;TCL1A;APOE;SOST,
GO_Biological_Process_2023,Positive Regulation Of Cytokine-Mediated Signaling Pathway (GO:0001961),7/44,0.0042914490233073,0.0377690752832141,0,0,3.83153440980917,20.88619536821514,CD74;EDN1;MAVS;AXL;FADD;CD300LF;HSPA1A,immune
GO_Biological_Process_2023,Response To Unfolded Protein (GO:0006986),7/44,0.0042914490233073,0.0377690752832141,0,0,3.83153440980917,20.88619536821514,DNAJB2;ERN1;DNAJB1;PTPN1;ERP44;HSPB1;HSPA1A,stress response
GO_Biological_Process_2023,Regulation Of Peptidyl-Serine Phosphorylation (GO:0033135),11/93,0.0044132053795494,0.0387430643119244,0,0,2.721951219512196,14.761560671423776,TCL1A;TGFB1;NTF3;AXIN1;HCLS1;DMD;PARK7;TXN;STK4;DKK1;EIF4G1,
GO_Biological_Process_2023,Glycosaminoglycan Catabolic Process (GO:0006027),4/15,0.0044662860268732,0.038818913875361,0,0,7.351090523065046,39.77820694040605,TGFB1;GLB1;FUCA1;GUSB,
GO_Biological_Process_2023,Negative Regulation Of Immune Effector Process (GO:0002698),4/15,0.0044662860268732,0.038818913875361,0,0,7.351090523065046,39.77820694040605,GRN;CR1;CD55;HAVCR2,immune
GO_Biological_Process_2023,Positive Regulation Of Cell Activation (GO:0050867),4/15,0.0044662860268732,0.038818913875361,0,0,7.351090523065046,39.77820694040605,SELP;PLA2G4A;GP1BA;GP5,
GO_Biological_Process_2023,Regulation Of Multicellular Organism Growth (GO:0040014),4/15,0.0044662860268732,0.038818913875361,0,0,7.351090523065046,39.77820694040605,STAT5B;GH1;PPIB;SOD1,
GO_Biological_Process_2023,Regulation Of Canonical Wnt Signaling Pathway (GO:0060828),19/207,0.0044997342519514,0.0390125843084819,0,0,2.0568179209988755,11.114502976646063,USP8;DRAXIN;TGFB1;EGF;AXIN1;STK4;DKK1;DKK4;SFRP1;HHEX;CDH3;FRZB;MDK;GPC5;APOE;TBL1X;IGFBP6;SOST;FGFR2,
GO_Biological_Process_2023,Peptide Metabolic Process (GO:0006518),8/56,0.0046027012982278,0.0396522003773247,0,0,3.377043354655295,18.17224821327957,CPM;DNPEP;ACE;CPQ;CPXM2;ANPEP;DMD;TPP1,
GO_Biological_Process_2023,Regulation Of Reactive Oxygen Species Metabolic Process (GO:2000377),8/56,0.0046027012982278,0.0396522003773247,0,0,3.377043354655295,18.17224821327957,ACE2;CDKN1A;DCXR;SORD;PDGFB;SIRT2;RNF41;TGFBR2,stress response
GO_Biological_Process_2023,Negative Regulation Of Cell Migration (GO:0030336),16/163,0.0046075539076112,0.0396522003773247,0,0,2.212800819252432,11.90499712292424,ACVRL1;EPHA4;CD74;ADIPOQ;CX3CL1;RNF41;SFRP1;ADGRG1;COL3A1;CDH1;DAG1;PLXNB3;HMOX1;EPPK1;TIMP1;RECK,
GO_Biological_Process_2023,Positive Regulation Of T Cell Activation (GO:0050870),12/107,0.0046643327544624,0.0399278176972239,0,0,2.564048236222247,13.76332501203554,CD274;VCAM1;CD40LG;CD6;MDK;CCL5;LEP;CD28;IL12B;CCL2;PDCD1LG2;CD46,immune
GO_Biological_Process_2023,Mononuclear Cell Differentiation (GO:1903131),5/24,0.004696718109204,0.0399278176972239,0,0,5.32328430001678,28.537548431823463,LYN;BMP4;CSF1R;MYH9;TREM2,
GO_Biological_Process_2023,Negative Regulation Of Ossification (GO:0030279),5/24,0.004696718109204,0.0399278176972239,0,0,5.32328430001678,28.537548431823463,ECM1;SFRP1;MDK;SOST;DKK1,salt transport
GO_Biological_Process_2023,Positive Regulation Of Natural Killer Cell Mediated Immunity (GO:0002717),5/24,0.004696718109204,0.0399278176972239,0,0,5.32328430001678,28.537548431823463,KLRK1;CD160;CRTAM;KLRD1;NECTIN2,
GO_Biological_Process_2023,Protein Kinase B Signaling (GO:0043491),5/24,0.004696718109204,0.0399278176972239,0,0,5.32328430001678,28.537548431823463,TGFB1;CCL5;KDR;CCL2;EPHA2,
GO_Biological_Process_2023,Membrane Protein Proteolysis (GO:0033619),6/34,0.0047562140819571,0.040043884343032,0,0,4.337234042553192,23.19684309121782,MMP7;TGFB1;CLPP;DAG1;ADAM9;MYH9,
GO_Biological_Process_2023,Regulation Of Phosphatidylinositol 3-Kinase Activity (GO:0043551),6/34,0.0047562140819571,0.040043884343032,0,0,4.337234042553192,23.19684309121782,FLT1;TGFB1;PIK3IP1;KIT;PDGFB;TEK,
GO_Biological_Process_2023,Semaphorin-Plexin Signaling Pathway (GO:0071526),6/34,0.0047562140819571,0.040043884343032,0,0,4.337234042553192,23.19684309121782,NELL2;SEMA7A;SEMA4C;PLXNB3;SEMA3F;PLXNA4,
GO_Biological_Process_2023,Superoxide Metabolic Process (GO:0006801),6/34,0.0047562140819571,0.040043884343032,0,0,4.337234042553192,23.19684309121782,CCS;APOA4;PRG3;SOD2;SOD3;SOD1,
GO_Biological_Process_2023,Cellular Response To Hormone Stimulus (GO:0032870),11/94,0.0047901278251514,0.0402324678391327,0,0,2.6890148830616583,14.36256140499498,CRHBP;STAT5B;SFRP1;SRC;LEP;AKR1B1;SERPINB9;SOST;TFPI;CTSB;HSPA1A,
GO_Biological_Process_2023,Natural Killer Cell Activation (GO:0030101),7/45,0.0048788299838039,0.0407970713309207,0,0,3.730508379575136,19.856935951039866,BAG6;NCR1;CASP8;KLRK1;IL12B;ULBP2;CD244,
GO_Biological_Process_2023,CD40 Signaling Pathway (GO:0023035),3/8,0.0049390844799597,0.0407970713309207,0,0,12.120254506892897,64.36552412797758,ITGB1;CD40LG;ITGA5,
GO_Biological_Process_2023,Embryonic Placenta Development (GO:0001892),3/8,0.0049390844799597,0.0407970713309207,0,0,12.120254506892897,64.36552412797758,PDGFB;PKD2;PKD1,
GO_Biological_Process_2023,Integrin Activation (GO:0033622),3/8,0.0049390844799597,0.0407970713309207,0,0,12.120254506892897,64.36552412797758,CXCL12;FN1;CX3CL1,
GO_Biological_Process_2023,Negative Regulation Of Smooth Muscle Cell Differentiation (GO:0051151),3/8,0.0049390844799597,0.0407970713309207,0,0,12.120254506892897,64.36552412797758,PDGFB;RBPMS2;NFATC1,
GO_Biological_Process_2023,Positive Regulation Of Extracellular Matrix Assembly (GO:1901203),3/8,0.0049390844799597,0.0407970713309207,0,0,12.120254506892897,64.36552412797758,PHLDB1;TGFB1;DAG1,
GO_Biological_Process_2023,Regulation Of T-helper 1 Type Immune Response (GO:0002825),3/8,0.0049390844799597,0.0407970713309207,0,0,12.120254506892897,64.36552412797758,MYDGF;IL12B;XCL1,immune
GO_Biological_Process_2023,Myeloid Cell Differentiation (GO:0030099),8/57,0.0051373183105025,0.0423344107945655,0,0,3.3079500456899176,17.436945887113257,ATP5IF1;LYN;MPIG6B;CASP3;ZBTB16;KIT;HCLS1;AHSP,
GO_Biological_Process_2023,Negative Regulation Of Apoptotic Signaling Pathway (GO:2001234),10/82,0.0052246998424514,0.0428523503509982,0,0,2.8166547958214623,14.79971246024977,BMP4;SRC;HGF;AKR1B1;ITGAV;PARK7;TRIAP1;FXN;CX3CL1;HSPA1A,
GO_Biological_Process_2023,Regulation Of Phosphorylation (GO:0042325),10/82,0.0052246998424514,0.0428523503509982,0,0,2.8166547958214623,14.79971246024977,CDKN2D;LYN;BMP4;CDKN1A;DSCAM;EGF;CCL5;FN1;HSPB1;SIRT2,
GO_Biological_Process_2023,Positive Regulation Of Cysteine-Type Endopeptidase Activity Involved In Apoptotic Process (GO:0043280),12/109,0.0054134203437748,0.0442962311033945,0,0,2.510916355769443,13.104156486264264,FIS1;CASP8;CRADD;DIABLO;PDCD5;F2R;CNTN1;SORD;HIP1R;HTRA2;FASLG;MAP3K5,
GO_Biological_Process_2023,Endoderm Formation (GO:0001706),6/35,0.0055149743695204,0.044626113424312,0,0,4.187454145267791,21.77596868829212,ITGB5;ITGB2;FN1;ITGAV;LAMB1;ITGA5,
GO_Biological_Process_2023,Positive Regulation Of Blood Vessel Endothelial Cell Migration (GO:0043536),7/46,0.0055246855993918,0.044626113424312,0,0,3.6346631714043856,18.894901677464127,CD40;FGFBP1;TGFB1;PDGFB;KDR;HSPB1;HMOX1,blood vessels
GO_Biological_Process_2023,Response To Hydrogen Peroxide (GO:0042542),7/46,0.0055246855993918,0.044626113424312,0,0,3.6346631714043856,18.894901677464127,EDN1;CAT;HMOX1;ADAM9;FXN;MAP3K5;SOD1,
GO_Biological_Process_2023,Regulation Of Actin Filament Polymerization (GO:0030833),9/70,0.0055665060720692,0.044626113424312,0,0,2.990657312315202,15.524465317079889,VASP;CCL24;CCL11;TWF2;HIP1R;HCLS1;SNX9;ESAM;ARF6,
GO_Biological_Process_2023,Activation Of Protein Kinase B Activity (GO:0032148),5/25,0.0056459684019628,0.044626113424312,0,0,5.056854410201913,26.17839240937416,NTF3;PDGFB;IL18;PARK7;TXN,
GO_Biological_Process_2023,Cellular Response To Steroid Hormone Stimulus (GO:0071383),5/25,0.0056459684019628,0.044626113424312,0,0,5.056854410201913,26.17839240937416,BMP4;SRC;AKR1B1;TFPI;HSPA1A,metabolism
GO_Biological_Process_2023,Negative Regulation Of Response To Endoplasmic Reticulum Stress (GO:1903573),5/25,0.0056459684019628,0.044626113424312,0,0,5.056854410201913,26.17839240937416,PTPN1;USP25;UBXN1;PARK7;HSPA1A,stress response
GO_Biological_Process_2023,Positive Regulation Of T Cell Migration (GO:2000406),5/25,0.0056459684019628,0.044626113424312,0,0,5.056854410201913,26.17839240937416,CXCL12;CCL20;CCL5;XCL1;TNFRSF14,immune
GO_Biological_Process_2023,Positive Regulation Of Peptidase Activity (GO:0010952),5/25,0.0056459684019628,0.044626113424312,0,0,5.056854410201913,26.17839240937416,GRN;PSME1;PSME2;PRSS22;VSIR,
GO_Biological_Process_2023,Regulation Of Actin Cytoskeleton Reorganization (GO:2000249),5/25,0.0056459684019628,0.044626113424312,0,0,5.056854410201913,26.17839240937416,NOTCH2;CSF1R;MDK;TEK;CCL27,
GO_Biological_Process_2023,Regulation Of Myelination (GO:0031641),5/25,0.0056459684019628,0.044626113424312,0,0,5.056854410201913,26.17839240937416,PTPRZ1;JAM2;SIRT2;TNFRSF21;TYMP,neurological signaling
GO_Biological_Process_2023,Regulation Of Platelet Aggregation (GO:0090330),5/25,0.0056459684019628,0.044626113424312,0,0,5.056854410201913,26.17839240937416,LYN;SERPINE2;F11R;GP6;PRKG1,
GO_Biological_Process_2023,Cellular Response To Organic Cyclic Compound (GO:0071407),15/152,0.0056836485695715,0.044626113424312,0,0,2.224709322837856,11.502107376557047,TGFB1;PDGFB;IL18;AKR1B1;PKD2;TFPI;CRHBP;SFRP1;CASP7;CDH1;CASP3;CCL5;CCL2;TGM2;HSPA1A,
GO_Biological_Process_2023,Positive Regulation Of Type II Interferon Production (GO:0032729),8/58,0.005718116441936,0.044626113424312,0,0,3.241620469083156,16.740103550676633,MYDGF;IL1R1;CRTAM;IL18;IL12B;FADD;CD244;IL18R1,immune
GO_Biological_Process_2023,Negative Regulation Of Inflammatory Response To Antigenic Stimulus (GO:0002862),4/16,0.0057347237915043,0.044626113424312,0,0,6.738145789101203,34.77702377805749,LYN;YES1;SRC;TREM2,immune
GO_Biological_Process_2023,Positive Regulation Of Cardiac Muscle Tissue Growth (GO:0055023),4/16,0.0057347237915043,0.044626113424312,0,0,6.738145789101203,34.77702377805749,TGFBR3;EDN1;ERBB4;FGFR2,
GO_Biological_Process_2023,Positive Regulation Of Collagen Metabolic Process (GO:0010714),4/16,0.0057347237915043,0.044626113424312,0,0,6.738145789101203,34.77702377805749,BMP4;TGFB1;F2R;VSIR,
GO_Biological_Process_2023,Positive Regulation Of Myeloid Leukocyte Cytokine Production Involved In Immune Response (GO:0061081),4/16,0.0057347237915043,0.044626113424312,0,0,6.738145789101203,34.77702377805749,CD74;SEMA7A;MAVS;KIT,immune
GO_Biological_Process_2023,Positive Regulation Of Smooth Muscle Cell Migration (GO:0014911),4/16,0.0057347237915043,0.044626113424312,0,0,6.738145789101203,34.77702377805749,MDK;CCL5;PDGFB;CCN4,
GO_Biological_Process_2023,Regulation Of Natural Killer Cell Activation (GO:0032814),4/16,0.0057347237915043,0.044626113424312,0,0,6.738145789101203,34.77702377805749,LEP;IL12B;KLRD1;PIBF1,
GO_Biological_Process_2023,Regulation Of Osteoblast Proliferation (GO:0033688),4/16,0.0057347237915043,0.044626113424312,0,0,6.738145789101203,34.77702377805749,SFRP1;EIF2AK2;HPSE;FGFR2,
GO_Biological_Process_2023,Regulation Of Transforming Growth Factor Beta Production (GO:0071634),4/16,0.0057347237915043,0.044626113424312,0,0,6.738145789101203,34.77702377805749,FN1;XCL1;ITGAV;CD46,
GO_Biological_Process_2023,Negative Regulation Of Protein Binding (GO:0032091),9/71,0.0061139195027268,0.0474711883167281,0,0,2.9422659827176645,14.997280569825358,DNAJB2;LRPAP1;CDKN1A;ADIPOQ;PDGFB;MITD1;PARK7;DKK1;PTPRF,
GO_Biological_Process_2023,Regulation Of Interleukin-2 Production (GO:0032663),7/47,0.0062324681657984,0.0482843542600882,0,0,3.5436102236421725,17.994391943992714,CR1;CD28;XCL1;TRAF2;CD34;GBP1;HAVCR2,immune
GO_Biological_Process_2023,T Cell Activation (GO:0042110),12/111,0.0062551080429457,0.048352538721355,0,0,2.4599312179611967,12.482568856301928,CD74;CD84;CASP8;CD8A;MDK;LEP;CRTAM;TREML2;KIT;CD28;TNFRSF4;LY9,immune
GO_Biological_Process_2023,Negative Regulation Of Cell Growth (GO:0030308),13/125,0.0062825589500889,0.0484575297386553,0,0,2.3565112540192925,11.94745999163136,RTN4R;ACVRL1;CDKN2D;CDKN1A;TGFB1;ENO1;PPP1R9B;DCBLD2;DNAJB2;SFRP1;FRZB;CCN3;HSPA1A,
GO_Biological_Process_2023,Positive Regulation Of Signaling Receptor Activity (GO:2000273),6/36,0.0063585169069415,0.0488278199403379,0,0,4.047659574468085,20.47290070519759,ITGB1;EDN1;EGF;CCL2;PARK7;HBEGF,
GO_Biological_Process_2023,Regulation Of T Cell Mediated Cytotoxicity (GO:0001914),6/36,0.0063585169069415,0.0488278199403379,0,0,4.047659574468085,20.47290070519759,STX7;IL12B;XCL1;KLRD1;FADD;ULBP2,immune
KEGG_2021_Human,Cytokine-cytokine receptor interaction,59/295,2.095487190485408e-21,5.993093364788266e-19,0,0,5.303833145434047,252.53936795673863,ACVRL1;CXCL6;IL1RN;CD40;TNFRSF6B;MSTN;CXCL17;FASLG;PRL;IL1RAP;CXCL3;CX3CL1;EDA2R;IL12B;TNFRSF8;TNFRSF4;IL4R;IL1R1;TNFRSF19;IL18;IL17RB;IL17RA;TGFBR2;TNFRSF1A;XCL1;TNFRSF21;CCL13;CSF1R;CCL11;TNFRSF11A;CSF2RA;IL1RL1;IL1RL2;CCL5;CCL2;TNFRSF14;RELT;CCL16;CCL24;CCL23;TGFB1;CCL20;TNFRSF9;TNFSF13;IFNLR1;INHBC;BMP6;BMP4;GH1;CXCL11;CD40LG;CXCL12;LEP;CD27;IL17D;IL17C;CCL27;IL18R1;PF4,immune
KEGG_2021_Human,Cell adhesion molecules,37/148,3.229430871128089e-17,4.618086145713167e-15,0,0,6.946461312797947,263.76853282870115,ITGB1;CD274;CD40;SELPLG;ITGB2;ICAM2;F11R;PTPRF;VSIR;ALCAM;CDH3;CDH1;ITGAV;NCAM1;CD58;NCAM2;CD34;NEO1;CD99;JAM2;VCAM1;PDCD1LG2;L1CAM;SELE;SELP;OCLN;NFASC;CD40LG;CD6;CD8A;CD28;CNTN1;PECAM1;SDC1;ESAM;PDCD1;NECTIN2,
KEGG_2021_Human,Lipid and atherosclerosis,33/215,2.2660474683335563e-09,1.847466131751057e-07,0,0,3.747914735866543,74.60310006479443,CD40;SRC;FASLG;CXCL3;PPP3R1;CASP7;CASP8;IRAK1;AKT2;CASP3;CCL5;IL12B;CCL2;IKBKG;MAP3K5;MAP2K6;LYN;VAV3;VCAM1;IL18;APOA1;NFATC1;APOA4;TRAF2;IRAK4;SOD2;SELE;TNFRSF1A;ERN1;SELP;CD40LG;ARHGEF1;HSPA1A,blood vessels;metabolism
KEGG_2021_Human,Proteoglycans in cancer,32/205,2.5838687157357435e-09,1.847466131751057e-07,0,0,3.821049569319892,75.55735034577944,ITGB1;CD63;CDKN1A;ITGB5;SRC;FASLG;IGF1R;PPP1CC;PLAU;ERBB4;AKT2;CASP3;ERBB2;KDR;IL12B;ITGAV;EIF4B;VAV3;MAP2K1;TGFB1;ARHGEF12;PPP1R12A;HGF;FN1;HSPG2;SDC1;HCLS1;ARHGEF1;PTPN6;HPSE;ITGA5;HBEGF,
KEGG_2021_Human,Malaria,15/50,5.648196451329744e-09,2.834675153588148e-07,0,0,8.755102040816327,166.27628120515485,CD40;CR1;TGFB1;VCAM1;KLRB1;HGF;ITGB2;IL18;SELE;SELP;KLRK1;CD40LG;PECAM1;CCL2;SDC1,
KEGG_2021_Human,MAPK signaling pathway,39/294,5.9468709515835286e-09,2.834675153588148e-07,0,0,3.1699461703093585,60.04005049257176,CSF1R;FLT1;PDGFB;HSPB1;FASLG;IL1RAP;STK4;CRKL;IGF1R;FGF5;PPP3R1;IRAK1;ERBB4;AKT2;CASP3;NTF3;ERBB2;KDR;IKBKG;MAP3K5;MAP2K6;MAP2K1;TGFB1;IL1R1;EGF;HGF;FLT3LG;PLA2G4A;NFATC1;TRAF2;IRAK4;PGF;TGFBR2;TNFRSF1A;KIT;TEK;FGFR2;EPHA2;HSPA1A,
KEGG_2021_Human,Viral protein interaction with cytokine and cytokine receptor,21/100,6.9551625792744155e-09,2.841680710960689e-07,0,0,5.452959288402327,102.42719654312936,CSF1R;CXCL6;CCL13;CCL24;CCL23;CCL11;CCL20;IL18;CXCL3;CX3CL1;TNFRSF1A;CXCL11;CXCL12;CCL5;XCL1;CCL2;TNFRSF14;CCL16;CCL27;IL18R1;PF4,immune
KEGG_2021_Human,TNF signaling pathway,21/112,5.67832780534062e-08,2.030002190409272e-06,0,0,4.730893970893971,78.93034833911068,CXCL6;MAP2K1;EDN1;VCAM1;CCL20;TRAF2;CXCL3;SELE;CX3CL1;TNFRSF1A;CASP7;CASP8;AKT2;CASP3;CCL5;CCL2;FADD;IKBKG;IL18R1;MAP3K5;MAP2K6,
KEGG_2021_Human,Yersinia infection,23/137,1.1375672337536817e-07,3.603318605044285e-06,0,0,4.140008743418677,66.19544301176093,ITGB1;VAV3;MAP2K1;FYB1;ARHGEF12;SRC;FN1;IL18;NFATC1;TRAF2;IRAK4;CRKL;IRAK1;CD8A;AKT2;CCL2;ARHGEF1;IKBKG;ITGA5;LAT;SKAP2;MAP2K6;ARF6,
KEGG_2021_Human,ECM-receptor interaction,18/88,1.2599016101553446e-07,3.603318605044285e-06,0,0,5.260344827586207,83.57142452361708,ITGB1;ITGB5;TNC;FN1;DMP1;GP1BA;LAMB1;GP6;HSPG2;GP5;ITGA11;DAG1;TNR;COL6A3;SDC1;ITGAV;ITGA5;AGRN,
KEGG_2021_Human,Lysosome,22/128,1.393303247092692e-07,3.6225884424409993e-06,0,0,4.256064690026954,67.18801745039629,SCARB2;CD164;CD63;ASAH1;SORT1;FUCA1;AP3B1;NAGPA;PLA2G15;AP1G2;GM2A;NPC2;GLB1;PSAP;TPP1;CTSE;GUSB;GLA;ARSB;CTSC;LGMN;CTSB,
KEGG_2021_Human,PI3K-Akt signaling pathway,40/354,3.25675695686353e-07,7.76193741385808e-06,0,0,2.6349460778110543,39.359148023866034,ITGB1;CSF1R;CDKN1A;FLT1;ITGB5;PDGFB;TNC;FASLG;PRL;IGF1R;FGF5;GYS1;TCL1A;ERBB4;AKT2;NTF3;ERBB2;KDR;EIF4EBP1;TNR;ITGAV;IKBKG;EIF4B;MAP2K1;IL4R;EGF;HGF;F2R;FN1;FLT3LG;LAMB1;PGF;GH1;KIT;ITGA11;COL6A3;ITGA5;TEK;FGFR2;EPHA2,
KEGG_2021_Human,Fluid shear stress and atherosclerosis,22/139,6.119844146393044e-07,1.3463657122064697e-05,0,0,3.8536833536833535,55.13294834784715,EDN1;VCAM1;IL1R1;SRC;PDGFB;PLAT;TXN;SELE;TNFRSF1A;BMP4;THBD;AKT2;GSTA1;KDR;PECAM1;HMOX1;SDC1;CCL2;ITGAV;IKBKG;MAP3K5;MAP2K6,stress response;blood vessels
KEGG_2021_Human,Rap1 signaling pathway,28/210,7.366084328905044e-07,1.5047857986191732e-05,0,0,3.162728339198928,44.66154910444338,ITGB1;CSF1R;FLT1;SRC;ITGB2;PDGFB;CRKL;IGF1R;FGF5;CDH1;AKT2;KDR;MAP2K6;VASP;VAV3;MAP2K1;FYB1;EGF;HGF;F2R;PGF;APBB1IP;KIT;TEK;SKAP1;FGFR2;LAT;EPHA2,
KEGG_2021_Human,NF-kappa B signaling pathway,18/104,1.6939673373202083e-06,3.229831056490531e-05,0,0,4.278067361668003,56.84882965819229,LYN;CCL13;CD40;VCAM1;IL1R1;TRAF2;TNFRSF11A;IRAK4;CXCL3;EDA2R;TNFRSF1A;CXCL12;CD40LG;IRAK1;PLAU;TRIM25;IKBKG;LAT,
KEGG_2021_Human,Focal adhesion,26/201,3.219035921461118e-06,5.754026709611749e-05,0,0,3.048782608695652,38.556211719593264,ITGB1;FLT1;ITGB5;SRC;PDGFB;TNC;CRKL;IGF1R;PPP1CC;AKT2;ERBB2;KDR;TNR;ITGAV;VASP;VAV3;MAP2K1;PPP1R12A;EGF;HGF;FN1;LAMB1;PGF;ITGA11;COL6A3;ITGA5,
KEGG_2021_Human,Platelet activation,19/124,5.752936211217078e-06,9.678469155341672e-05,0,0,3.69888529306005,44.6300108646199,LYN;VASP;ITGB1;ARHGEF12;PPP1R12A;SRC;F2R;SNAP23;PLA2G4A;GP1BA;GP6;GP5;APBB1IP;VAMP8;PPP1CC;COL3A1;AKT2;ARHGEF1;PRKG1,
KEGG_2021_Human,Pathogenic Escherichia coli infection,25/197,6.96729824111676e-06,0.0001107026276088,0,0,2.9798878872812664,35.384032186596045,ITGB1;SRC;BRK1;FASLG;CASP7;CASP8;IRAK1;CASP3;ABL1;FADD;IKBKG;ARHGEF12;IL1R1;F2R;IL18;TRAF2;IRAK4;TNFRSF1A;OCLN;HCLS1;MYH9;ARHGEF1;PTPN6;GAPDH;ARF6,
KEGG_2021_Human,Chemokine signaling pathway,24/192,1.366879034022903e-05,0.0001985200354752,0,0,2.9262472885032538,32.77512667307652,LYN;VAV3;STAT5B;CXCL6;CCL13;CCL24;MAP2K1;CCL23;CCL11;SRC;CCL20;CXCL3;CX3CL1;CRKL;CXCL11;CXCL12;AKT2;CCL5;XCL1;CCL2;IKBKG;CCL16;CCL27;PF4,immune
KEGG_2021_Human,Pathways in cancer,48/531,1.3882519963304198e-05,0.0001985200354752,0,0,2.055195119589426,22.98711092445048,NOTCH2;ITGB1;CSF1R;CDKN1A;PDGFB;FASLG;STK4;CSF2RA;DLL1;CRKL;IGF1R;FGF5;CASP7;CASP8;CDH1;AKT2;CASP3;ERBB2;ABL1;HMOX1;IL12B;ITGAV;IKBKG;FADD;STAT5B;MAP2K1;EDN1;IL4R;TGFB1;ARHGEF12;EGF;ZBTB16;TXNRD1;HGF;F2R;FN1;AXIN1;FLT3LG;TRAF2;LAMB1;PGF;TGFBR2;BMP4;CXCL12;KIT;GSTA1;ARHGEF1;FGFR2,
KEGG_2021_Human,Hematopoietic cell lineage,16/99,1.5593478164622577e-05,0.0002123683216705,0,0,3.932322839746081,43.52553586241622,CSF1R;CR2;IL4R;CR1;IL1R1;FLT3LG;GP1BA;CSF2RA;GP5;CD8A;CD5;ANPEP;KIT;ITGA5;CD34;CD55,
KEGG_2021_Human,IL-17 signaling pathway,15/94,3.330485774572894e-05,0.0004329631506944,0,0,3.869869066880583,39.897604330100606,CXCL6;USP25;CCL11;CCL20;TRAF2;CXCL3;IL17RB;IL17RA;CASP8;CASP3;CCL2;IKBKG;FADD;IL17D;IL17C,
KEGG_2021_Human,Regulation of actin cytoskeleton,25/218,4.002181351043757e-05,0.000497662550608,0,0,2.652697844762114,26.861446281885566,ITGB1;ITGB5;SRC;ITGB2;PDGFB;BRK1;IQGAP2;CRKL;FGF5;PPP1CC;ITGAV;GIT1;VAV3;MAP2K1;ARHGEF12;PPP1R12A;EGF;F2R;FN1;CXCL12;ITGA11;MYH9;ARHGEF1;ITGA5;FGFR2,
KEGG_2021_Human,Ras signaling pathway,26/232,4.203322995278914e-05,0.0005008959902707,0,0,2.5857323765301814,26.05655460821303,CSF1R;FLT1;PDGFB;FASLG;STK4;IGF1R;FGF5;AKT2;NTF3;KDR;ABL1;IKBKG;BRAP;MAP2K1;EGF;HGF;FLT3LG;PLA2G4A;PGF;KIT;PLA2G10;TEK;FGFR2;LAT;EPHA2;ARF6,
KEGG_2021_Human,Natural killer cell mediated cytotoxicity,18/131,4.55345818003331e-05,0.0005209156157958,0,0,3.251239700945987,32.50276840171322,VAV3;MAP2K1;ITGB2;ICAM2;GZMB;NFATC1;FASLG;KIR2DL3;NCR1;PPP3R1;KLRK1;CASP3;KLRD1;CD48;PTPN6;ULBP2;LAT;CD244,
KEGG_2021_Human,Chagas disease,15/102,8.79074104535846e-05,0.0009669815149894,0,0,3.51253750138894,32.80438314424304,ACE;TGFB1;FASLG;IRAK4;TGFBR2;TNFRSF1A;C3;CASP8;IRAK1;AKT2;CCL5;IL12B;CCL2;FADD;IKBKG,
KEGG_2021_Human,Viral myocarditis,11/60,0.0001019703092493,0.0010801299424193,0,0,4.563025210084033,41.93798384835576,CD40;CASP8;CD40LG;CASP3;ITGB2;DAG1;ABL1;CD28;DMD;CD55;EIF4G1,
KEGG_2021_Human,Rheumatoid arthritis,14/93,0.0001158504336432,0.0011575973610889,0,0,3.60800239039496,32.70008537937915,CXCL6;FLT1;TGFB1;CCL20;ITGB2;TNFSF13;IL18;TNFRSF11A;CXCL3;CXCL12;CCL5;CD28;CCL2;TEK,
KEGG_2021_Human,SNARE interactions in vesicular transport,8/33,0.0001173787533971,0.0011575973610889,0,0,6.491769722814499,58.75119531052767,VAMP8;STX8;SNAP23;STX7;VTI1A;STX4;STX3;SNAP29,
KEGG_2021_Human,Apoptosis,18/142,0.0001317901738573,0.0012563996574396,0,0,2.961102614015573,26.45537758048428,MAP2K1;DFFA;DIABLO;HTRA2;GZMB;FASLG;TRAF2;TNFRSF1A;ERN1;CASP7;CASP8;AKT2;CASP3;FADD;IKBKG;CTSC;MAP3K5;CTSB,
KEGG_2021_Human,Complement and coagulation cascades,13/85,0.0001709250695524,0.0015739217057282,0,0,3.673425032749792,31.86433671538504,CR2;CR1;ITGB2;F2R;PLAT;TFPI;SERPINA5;C3;THBD;F9;PLAU;CD46;CD55,immune
KEGG_2021_Human,Human cytomegalovirus infection,24/225,0.0001761031279136,0.0015739217057282,0,0,2.4415449865639265,21.105791049218272,CDKN1A;MAP2K1;ARHGEF12;IL1R1;SRC;NFATC1;FASLG;TRAF2;CX3CL1;CRKL;TNFRSF1A;PPP3R1;CXCL12;CASP8;AKT2;CASP3;CCL5;EIF4EBP1;CCL2;ARHGEF1;ITGAV;FADD;IKBKG;MAP2K6,
KEGG_2021_Human,HIF-1 signaling pathway,15/109,0.000188178401717,0.0015961797422409,0,0,3.249765751765432,27.876880914843376,MAP2K1;CDKN1A;EDN1;FLT1;EGF;ENO1;ENO2;IGF1R;AKT2;ERBB2;EIF4EBP1;HMOX1;TIMP1;TEK;GAPDH,stress response
KEGG_2021_Human,Influenza A,20/172,0.0001897556336929,0.0015961797422409,0,0,2.685858815505286,23.01720157306548,MAP2K1;CALCOCO2;IL18;EIF2AK2;FASLG;IRAK4;TMPRSS11D;TNFRSF1A;DNAJB1;MAVS;CASP8;AKT2;CASP3;CCL5;IL12B;TRIM25;CCL2;FADD;IKBKG;TPSAB1,
KEGG_2021_Human,Tyrosine metabolism,8/36,0.0002255562539694,0.0018431168181501,0,0,5.795309168443497,48.66286897208352,AOC3;ADH4;DDC;GOT1;ADH1B;DBH;MIF;COMT,
KEGG_2021_Human,Toxoplasmosis,15/112,0.0002550319156617,0.002026086885535,0,0,3.14875923239616,26.05321760036068,ITGB1;CD40;TGFB1;LAMB1;IRAK4;TNFRSF1A;CASP8;CD40LG;IRAK1;AKT2;CASP3;IL12B;IKBKG;MAP2K6;HSPA1A,
KEGG_2021_Human,Legionellosis,10/57,0.000304677017031,0.0023550709965101,0,0,4.320558283324241,34.980355874984085,C3;CASP7;CASP8;CR1;CASP3;ITGB2;IL18;IL12B;CXCL3;HSPA1A,
KEGG_2021_Human,Epithelial cell signaling in Helicobacter pylori infection,11/70,0.0004186345903437,0.0031507761273242,0,0,3.787637088733799,29.462180993151595,LYN;PTPRZ1;SRC;CASP3;CCL5;IKBKG;CXCL3;F11R;GIT1;JAM2;HBEGF,
KEGG_2021_Human,Adherens junction,11/71,0.0004745579990524,0.0034800919930509,0,0,3.724313725490196,28.502644869268345,PTPN1;PTPRB;YES1;CDH1;SRC;ERBB2;PTPN6;PTPRF;NECTIN2;IGF1R;TGFBR2,
KEGG_2021_Human,Bladder cancer,8/41,0.0005776812288431,0.0041304207862286,0,0,4.915939781611423,36.655647704101526,CDKN1A;MAP2K1;SRC;CDH1;EGF;ERBB2;TYMP;HBEGF,
KEGG_2021_Human,ErbB signaling pathway,12/85,0.0006370484900646,0.004443801662402,0,0,3.340647091607756,24.582702104572967,STAT5B;CDKN1A;MAP2K1;SRC;ERBB4;EGF;AKT2;ERBB2;ABL1;EIF4EBP1;CRKL;HBEGF,
KEGG_2021_Human,Hepatitis B,18/162,0.0006740534702955,0.0045899831548697,0,0,2.547144396551724,18.59976065871969,STAT5B;MAP2K1;CDKN1A;TGFB1;SRC;NFATC1;FASLG;IRAK4;HSPG2;TGFBR2;MAVS;CASP8;IRAK1;AKT2;CASP3;FADD;IKBKG;MAP2K6,
KEGG_2021_Human,AGE-RAGE signaling pathway in diabetic complications,13/100,0.0008574948661334,0.0057033379468411,0,0,3.037673553362654,21.45051772036497,STAT5B;EDN1;TGFB1;VCAM1;FN1;NFATC1;SELE;TGFBR2;THBD;COL3A1;AKT2;CASP3;CCL2,salt transport
KEGG_2021_Human,Nitrogen metabolism,5/17,0.0009001483322186,0.0058509641594211,0,0,8.431633014523557,59.13062913567583,CA12;CA2;CA5A;CA4;CA13,
KEGG_2021_Human,Endocytosis,24/252,0.0009215846796439,0.0058571826306261,0,0,2.149332115538304,15.02257604512321,SH3GLB2;USP8;IST1;SRC;VTA1;VPS37A;DNM1;IGF1R;RNF41;TGFBR2;SPART;EHD3;RABEP1;DNAJC6;STAMBP;FOLR3;CHMP6;FOLR2;RAB11FIP3;GIT1;FGFR2;ARF6;HSPA1A;WASHC3,
KEGG_2021_Human,PD-L1 expression and PD-1 checkpoint pathway in cancer,12/89,0.0009672989654457,0.0059842749575421,0,0,3.166439556161184,21.97826627594304,CD274;MAP2K1;PPP3R1;EGF;AKT2;CD28;NFATC1;PTPN6;IKBKG;PDCD1;LAT;MAP2K6,
KEGG_2021_Human,Osteoclast differentiation,15/127,0.0009834298007149,0.0059842749575421,0,0,2.7248925886143933,18.86842145034547,CSF1R;MAP2K1;TGFB1;IL1R1;NFATC1;TREM2;TRAF2;TNFRSF11A;OSCAR;TGFBR2;TNFRSF1A;PPP3R1;AKT2;IKBKG;MAP2K6,
KEGG_2021_Human,Pyrimidine metabolism,9/56,0.0011665736948914,0.0069508349320613,0,0,3.8843525057335535,26.233690504208088,DCTD;NT5C3A;NT5C;DTYMK;DUT;RRM2;ENTPD5;UPB1;TYMP,metabolism
KEGG_2021_Human,T cell receptor signaling pathway,13/104,0.0012406704676314,0.0072414643620939,0,0,2.903536977491961,19.43076952169253,VAV3;MAP2K1;NFATC1;PPP3R1;CD40LG;CD8A;AKT2;GRAP2;CD28;PTPN6;IKBKG;PDCD1;LAT,immune
KEGG_2021_Human,B cell receptor signaling pathway,11/81,0.0014639356884527,0.0083737121379496,0,0,3.190588235294117,20.82377866209393,VAV3;CD79B;LYN;CR2;MAP2K1;PPP3R1;AKT2;INPPL1;NFATC1;PTPN6;IKBKG,immune
KEGG_2021_Human,African trypanosomiasis,7/37,0.0015355787593568,0.0086112848073737,0,0,4.727298544550941,30.62744837604808,VCAM1;IL18;IL12B;APOA1;FASLG;APOL1;SELE,
KEGG_2021_Human,Prostate cancer,12/97,0.0020590602839909,0.0113248315619501,0,0,2.867212495276484,17.73515886873459,MAP2K1;CDKN1A;SPINT1;PLAU;EGF;AKT2;ERBB2;PDGFB;PLAT;IKBKG;FGFR2;IGF1R,
KEGG_2021_Human,Tuberculosis,18/180,0.0022503961024028,0.0121436468922116,0,0,2.2619731800766285,13.79045660041523,CD74;TGFB1;ARHGEF12;CR1;SRC;ITGB2;IL18;IRAK4;CORO1A;TNFRSF1A;C3;PPP3R1;CASP8;IRAK1;AKT2;CASP3;IL12B;FADD,
KEGG_2021_Human,Measles,15/139,0.0024390786918705,0.0129180834421289,0,0,2.4596341083122555,14.797490591096128,STAT5B;EIF2AK2;FASLG;IRAK4;MAVS;CASP8;IRAK1;AKT2;CASP3;CD28;IL12B;FADD;IKBKG;CD46;HSPA1A,
KEGG_2021_Human,Axon guidance,18/182,0.0025399775702415,0.013207883365256,0,0,2.234151597981497,13.35039635280446,EPHB6;ITGB1;EPHA4;NRP1;SEMA7A;ARHGEF12;SRC;SEMA4C;SEMA3F;L1CAM;PPP3R1;CXCL12;ABL1;PLXNB3;NEO1;EPHB4;PLXNA4;EPHA2,neurological signaling
KEGG_2021_Human,Pertussis,10/76,0.0030033305469192,0.0153384381503375,0,0,3.073685573685573,17.852068546230804,ITGB1;C3;CXCL6;CASP7;IRAK1;CASP3;ITGB2;IL12B;IRAK4;ITGA5,
KEGG_2021_Human,Protein processing in endoplasmic reticulum,17/171,0.0031241487364741,0.0155274057889336,0,0,2.245816616107251,12.9552029929003,UBXN1;EIF2AK2;TRAF2;RNF5;ERN1;DNAJB2;ATXN3;NSFL1C;DNAJB1;MAN1A2;DNAJA2;ERP29;P4HB;MAP3K5;SEC31A;TXNDC5;HSPA1A,
KEGG_2021_Human,Amoebiasis,12/102,0.0031489144606928,0.0155274057889336,0,0,2.707209136331192,15.595412906865311,COL3A1;TGFB1;IL1R1;CASP3;ITGB2;FN1;IL12B;HSPB1;SERPINB9;LAMB1;CXCL3;SERPINB6,
KEGG_2021_Human,Bacterial invasion of epithelial cells,10/77,0.0033086943481844,0.016038755653911,0,0,3.0276502104860312,17.291520799496652,ITGB1;CDH1;SRC;FN1;HCLS1;ITGA5;DNM1;CRKL;CD2AP;SEPTIN8,
KEGG_2021_Human,Toll-like receptor signaling pathway,12/104,0.0036982377073384,0.0176282664049798,0,0,2.6480774601992367,14.828965972038736,MAP2K1;CXCL11;CD40;CASP8;IRAK1;AKT2;CCL5;IL12B;FADD;IKBKG;IRAK4;MAP2K6,
KEGG_2021_Human,Renin-angiotensin system,5/23,0.00386657148706,0.018128515496708,0,0,5.619317510922187,31.217483928132165,ACE2;ACE;KLK1;ANPEP;REN,
KEGG_2021_Human,Kaposi sarcoma-associated herpesvirus infection,18/193,0.0047457657587967,0.0218917581776752,0,0,2.0925,11.195926434559306,LYN;CDKN1A;MAP2K1;SRC;PDGFB;EIF2AK2;NFATC1;TRAF2;CXCL3;TNFRSF1A;C3;PPP3R1;CASP8;AKT2;CASP3;FADD;IKBKG;MAP2K6,
KEGG_2021_Human,Pyruvate metabolism,7/47,0.0062324681657984,0.0282934269114024,0,0,3.5436102236421725,17.994391943992714,ADH4;GRHPR;MDH1;PKLR;ADH1B;GLO1;ACYP1,
KEGG_2021_Human,Melanoma,9/72,0.0067018400101672,0.029948847545435,0,0,2.895410885805763,14.492611940501227,FGF5;CDKN1A;MAP2K1;CDH1;EGF;AKT2;HGF;PDGFB;IGF1R,
KEGG_2021_Human,Phenylalanine metabolism,4/17,0.0072222900952557,0.031296590412775,0,0,6.219500244977952,30.66576334976892,AOC3;DDC;GOT1;MIF,
KEGG_2021_Human,Selenocompound metabolism,4/17,0.0072222900952557,0.031296590412775,0,0,6.219500244977952,30.66576334976892,TXNRD1;MARS1;KYAT1;SCLY,
KEGG_2021_Human,Salmonella infection,21/249,0.0076593378487322,0.0324189531122531,0,0,1.874566145092461,9.132567098427124,MAP2K1;ANXA2;DCTN1;IL18;BRK1;TRAF2;TXN;IRAK4;TNFRSF1A;CASP7;CASP8;IRAK1;AKT2;CASP3;SNX9;FADD;IKBKG;GAPDH;RILP;ARF6;MAP2K6,
KEGG_2021_Human,Leukocyte transendothelial migration,12/114,0.0077080028378783,0.0324189531122531,0,0,2.387202418440609,11.614924200678937,VASP;ITGB1;VAV3;OCLN;VCAM1;CXCL12;ITGB2;PECAM1;ESAM;F11R;CD99;JAM2,immune;blood vessels
KEGG_2021_Human,Allograft rejection,6/38,0.0083204986192528,0.0344878638421205,0,0,3.794281914893617,18.17094166501641,CD40;CD40LG;CD28;IL12B;GZMB;FASLG,
KEGG_2021_Human,Chronic myeloid leukemia,9/76,0.0094964876093065,0.0387999350894525,0,0,2.721977094251262,12.67579350378486,STAT5B;CDKN1A;MAP2K1;TGFB1;AKT2;ABL1;IKBKG;CRKL;TGFBR2,
KEGG_2021_Human,Hypertrophic cardiomyopathy,10/90,0.0099800610789702,0.0398678653551651,0,0,2.5339209401709404,11.674194575919014,ITGB1;EDN1;ACE;TGFB1;ITGB5;ITGA11;DAG1;ITGAV;DMD;ITGA5,
KEGG_2021_Human,C-type lectin receptor signaling pathway,11/104,0.0101292366801923,0.0398678653551651,0,0,2.398608475648324,11.01520002023052,PPP3R1;CASP8;ARHGEF12;SRC;AKT2;CLEC6A;IL12B;NFATC1;IKBKG;CLEC1B;IL17D,
KEGG_2021_Human,Arrhythmogenic right ventricular cardiomyopathy,9/77,0.0103154616653224,0.0398678653551651,0,0,2.6818067675309183,12.266882845646291,ITGB1;ITGB5;ITGA11;DAG1;ITGAV;DSG2;DMD;ITGA5;DSC2,
KEGG_2021_Human,Leishmaniasis,9/77,0.0103154616653224,0.0398678653551651,0,0,2.6818067675309183,12.266882845646291,ITGB1;C3;CR1;TGFB1;IRAK1;ITGB2;IL12B;PTPN6;IRAK4,
KEGG_2021_Human,Glycosaminoglycan degradation,4/19,0.0109115216665532,0.0416092692884565,0,0,5.389667374380751,24.3501723362705,GLB1;HPSE;GUSB;ARSB,
KEGG_2021_Human,Antigen processing and presentation,9/78,0.0111864065074696,0.0420962139623201,0,0,2.6428007981068165,11.874251830796965,CD74;CD8A;PSME1;PSME2;KLRD1;KIR2DL3;CTSB;HSPA1A;LGMN,
KEGG_2021_Human,Th17 cell differentiation,11/107,0.0123968026338928,0.045711614766631,0,0,2.32328431372549,10.199953902174512,STAT5B;PPP3R1;IL4R;TGFB1;IL1R1;NFATC1;IL1RAP;IKBKG;IL17D;LAT;TGFBR2,
KEGG_2021_Human,Glyoxylate and dicarboxylate metabolism,5/30,0.012466804027263,0.045711614766631,0,0,4.04442082890542,17.73351475997069,GRHPR;MDH1;SHMT1;CAT;HAO1,
KEGG_2021_Human,Acute myeloid leukemia,8/67,0.0134350338051162,0.0486382236489018,0,0,2.745834989700408,11.834245447736471,CSF1R;STAT5B;MAP2K1;AKT2;ZBTB16;KIT;EIF4EBP1;IKBKG,
