Gene_set,Term,Overlap,P-value,Adjusted P-value,Old P-value,Old Adjusted P-value,Odds Ratio,Combined Score,Genes,theme
GO_Biological_Process_2023,Positive Regulation Of MAPK Cascade (GO:0043410),67/310,1.041504247772273e-26,3.604646201539837e-23,0,0,6.036989185567997,361.1722133708384,RET;CD40;FLT1;CXCL17;TREM2;CRKL;ICAM1;IGF1R;GHR;MYDGF;KDR;TNFSF11;CCN2;LGALS9;PDGFRB;EDN1;GPR37;F2R;DOK2;KIT;ERP29;CHI3L1;XCL1;ADAM8;TMEM106A;CCL14;CCL13;SEMA7A;PDGFB;GPNMB;IRAK1;ERBB4;CCL5;CCL4;CCL3;CCL2;APOE;CCL19;IGFBP6;CCL18;CCL17;CCL24;CD74;NTRK2;CCL23;CCL22;TGFB1;CCL21;ANGPT1;CCL20;GDF15;EGF;PLA2G2A;SEMA4C;OSM;EIF2AK2;VEGFA;BMP4;MARCO;GH1;CD4;PTPRC;LEP;GHRL;TEK;FGFR4;CCL26,
GO_Biological_Process_2023,Cytokine-Mediated Signaling Pathway (GO:0019221),59/257,4.400753489286305e-25,7.615503913209953e-22,0,0,6.479687427268073,363.3993480805058,CXCL6;CSF3R;IL5RA;CXCL1;CXCL3;CXCL5;GHR;IL18RAP;TNFSF11;IL6R;IL13RA1;IL4R;IL18;LIFR;TRAF2;IRAK4;OSMR;TNFRSF1B;IL17RA;CEACAM1;KIT;TFF2;XCL1;IL6ST;CCL14;YAP1;CCL13;SRC;PDGFB;CSF2RB;TNFRSF11A;LILRA3;CSF2RA;IRAK1;CCL5;CCL4;CCL3;CCL2;CCL19;CCL18;CD300LF;CCL17;LYN;CCL24;CCL23;CCL22;CCL21;CCL20;OSM;PPBP;LILRB2;LILRB4;CD4;CXCL12;IL7;LEP;PTPN6;P4HB;CCL26,immune
GO_Biological_Process_2023,Positive Regulation Of Intracellular Signal Transduction (GO:1902533),80/525,2.872237289865989e-21,3.313604420075396e-18,0,0,3.953782683098311,187.0107408170401,RET;ITGB1;CD40;FLT1;FASLG;TREM2;EDA2R;IGF1R;MYDGF;LGALS1;CASP8;KDR;TNFSF10;TNFSF11;TRIM25;ITGAV;IKBKG;LGALS9;PDGFRB;GPR37;HGF;F2R;IL18;SHISA5;TRAF2;IRAK4;RHOC;EDAR;DOK2;EEF1D;KIT;HCLS1;TRIM58;CHI3L1;ADAM8;GAPDH;TMEM106A;TLR3;ENG;HBEGF;CANT1;SRC;PDGFB;TXN;IRAK1;CCL5;CCL4;CCL3;CCL19;IGFBP6;FADD;KIAA0319;HEXIM1;LYN;NTRK2;CD74;TGFB1;CCL21;ANGPT1;GDF15;EGF;OSM;EIF2AK2;TNFRSF10B;AGT;VEGFA;BMP4;SELP;GH1;MAVS;CD4;PTPRC;LEP;CNTN1;CD27;PTPN6;GHRL;HPSE;TEK;CC2D1A,
GO_Biological_Process_2023,Positive Regulation Of Phosphorylation (GO:0042327),51/231,4.9666830416040046e-21,4.297422501747866e-18,0,0,6.110749619482497,285.68692307152975,RET;CD40;CDKN1A;FLT1;TREM2;CRKL;IGF1R;FGF5;MYDGF;AKT2;KDR;RSPO1;EPHB4;PDGFRB;DSCAM;HGF;AXIN1;PLAUR;MMP9;TYRO3;ERP29;PECAM1;FAM20A;EPHA1;MET;EPHA2;ENG;STK4;C3;GPNMB;ERBB4;CCL5;LYN;CD74;NTRK2;TGFB1;ANGPT1;EGF;RARRES2;TIE1;VEGFC;MERTK;VEGFA;BMP4;EFNA1;MARCO;MAVS;CD4;LEP;TEK;FGFR4,
GO_Biological_Process_2023,Monocyte Chemotaxis (GO:0002548),23/42,3.083778551486853e-20,2.1345915133392e-17,0,0,25.514788076385653,1146.2657908245376,CCL14;CCL13;CCL24;CALCA;CCL23;FLT1;CCL22;CCL21;CCL20;PDGFB;TNFRSF11A;CCL5;CCL4;CCL3;CCL2;TNFSF11;XCL1;CCL19;CCL18;FOLR2;CCL17;IL6R;CCL26,
GO_Biological_Process_2023,Regulation Of ERK1 And ERK2 Cascade (GO:0070372),51/244,6.42943743093662e-20,3.708713824745274e-17,0,0,5.6952232237916105,251.676554822684,PTPRR;PSCA;CXCL17;TREM2;CRKL;ICAM1;KDR;TIMP3;CCN2;LGALS9;PDGFRB;EPHA4;F2R;CEACAM1;CHI3L1;XCL1;EPHA2;CCL14;CCL13;SEMA7A;PDGFB;GPNMB;ERBB4;CCL5;CCL4;CCL3;CCL2;APOE;CCL19;CCL18;CCL17;LYN;CCL24;CD74;NTRK2;PTPN1;CCL23;CCL22;TGFB1;CCL21;ANGPT1;CCL20;PLA2G2A;MARCO;CD4;PTPRC;TNIP1;PTPN6;TEK;FGFR4;CCL26,
GO_Biological_Process_2023,Positive Regulation Of ERK1 And ERK2 Cascade (GO:0070374),43/179,2.0649594933369464e-19,1.0209749723484532e-16,0,0,6.773115184988022,291.40654941749807,CCL14;CCL13;SEMA7A;CXCL17;PDGFB;TREM2;TNFRSF11A;CRKL;ICAM1;GPNMB;ERBB4;CCL5;CCL4;KDR;CCL3;TNFSF11;CCL2;CCN2;LGALS9;APOE;CCL19;CCL18;CCL17;PDGFRB;CCL24;CD74;NTRK2;CCL23;TGFB1;CCL22;ANGPT1;CCL21;CCL20;F2R;PLA2G2A;MARCO;CD4;PTPRC;CHI3L1;XCL1;TEK;FGFR4;CCL26,
GO_Biological_Process_2023,Positive Regulation Of Peptidyl-Tyrosine Phosphorylation (GO:0050731),36/130,1.2090009240640237e-18,5.230440247731982e-16,0,0,8.157747689662584,336.5620537015921,CD40;SRC;CD80;PDGFB;TREM2;THBS4;GHR;ERBB4;CCL5;ENPP2;ABL1;TNFRSF14;IL6R;PIBF1;LYN;EPHA4;CD74;PTPN1;ACE;TGFB1;ANGPT1;HGF;IL18;OSM;AGT;VEGFA;EFNA1;GH1;PTPRC;ARL2BP;BANK1;KIT;PECAM1;HCLS1;ITGA5;IL6ST,
GO_Biological_Process_2023,Neutrophil Migration (GO:1990266),28/77,2.671119273030015e-18,1.027193755995209e-15,0,0,12.09216589861751,489.29781309449817,CCL14;CXCL6;CCL13;ITGB2;CXCL1;UMOD;CXCL3;CXCL5;CCL5;CCL4;CCL3;CCL2;CCL19;CCL18;CCL17;CCL24;EDN1;CCL23;CCL22;CCL21;CCL20;GP2;IRAK4;PPBP;PECAM1;XCL1;PPIB;CCL26,
GO_Biological_Process_2023,Positive Regulation Of Protein Phosphorylation (GO:0001934),61/377,9.646030420955716e-18,3.3384911286927736e-15,0,0,4.181077703394042,163.8145625328118,ACVRL1;CD40;CDKN1A;CD80;TREM2;CRKL;FGF5;GHR;MYDGF;AKT2;KDR;ENPP2;RSPO1;IL6R;MAP3K5;HGF;AXIN1;PLAUR;MMP9;BANK1;ERP29;PECAM1;HCLS1;CHI3L1;FAM20A;ITGA5;ENG;SRC;PDGFB;TXN;STK4;THBS4;C3;GPNMB;ERBB4;TNFRSF14;CCL19;LYN;CD74;NTRK2;TGFB1;CCL21;ANGPT1;GDF15;BDNF;EGF;RARRES2;OSM;VEGFC;AGT;VEGFA;BMP4;EFNA1;MARCO;GH1;MAVS;CD4;PTPRC;LEP;TEK;EIF4G1,
GO_Biological_Process_2023,Chemokine-Mediated Signaling Pathway (GO:0070098),24/57,1.2625779868377473e-17,3.972529465859494e-15,0,0,15.334742776603242,596.6869701286616,CCL14;LYN;CXCL6;CCL13;CCL24;CCL23;CCL22;CCL21;CCL20;CXCL1;PPBP;CXCL3;CXCL5;CXCL12;CCL5;CCL4;CCL3;TFF2;XCL1;CCL2;CCL19;CCL18;CCL17;CCL26,immune
GO_Biological_Process_2023,Regulation Of Cell Migration (GO:0030334),65/434,4.4133080345617024e-17,1.2728715923015044e-14,0,0,3.8222071315840767,143.9417293155763,RET;ITGB1;ACVRL1;ROBO4;FLT1;SERPINE2;TNC;PTPRK;VSIR;CXCL16;IGF1R;FGF5;CDH5;MDK;PLAU;AKT2;DAG1;KDR;ENPP2;TNR;PDGFRB;EPHA4;EDN1;HGF;F2R;RHOC;RNF41;CEACAM1;ADAM15;KIT;NUMB;PECAM1;DPEP1;EPHA1;ENG;HBEGF;EPHA2;SEMA7A;SRC;PDGFB;NEXN;THY1;SEMA3F;GPNMB;PODXL;ERBB4;CCL5;CCL3;STX4;PLXNA4;ARSB;CCL24;CD74;ACE;TGFB1;EGF;SEMA4C;SLURP1;VEGFA;COL1A1;CXCL12;PLXNB3;CNTN1;EPPK1;CCL26,
GO_Biological_Process_2023,Inflammatory Response (GO:0006954),46/236,7.697084226402904e-17,2.0492006544292654e-14,0,0,5.189186928729315,192.534947458694,CCL14;IL22;CCL13;CXCL6;CD40;ITGB2;LY75;CXCL1;F11R;CXCL3;CXCL5;PRDX5;ADGRE5;HYAL1;CCL5;CCL4;CCL3;CCL2;LGALS9;CD14;IKBKG;CCL19;CCL18;CCL17;CCL24;CCL23;CCL22;TGFB1;VCAM1;CCL21;CCL20;IL10RB;F2R;IL18;PPBP;SELE;CD40LG;KIT;CHI3L1;XCL1;ADAM8;SIGLEC1;FOLR2;MGLL;TLR3;CCL26,immune
GO_Biological_Process_2023,Transmembrane Receptor Protein Tyrosine Kinase Signaling Pathway (GO:0007169),50/284,2.7671706332786132e-16,6.8408411155552e-14,0,0,4.58999697882252,164.42992256958138,EPHB6;RET;FLT1;PLAT;IGF1R;FGF5;GHR;AKT2;CASP3;KDR;EPHB4;PDGFRB;EPHA4;HGF;MMP9;MTSS1;DOK2;CD8A;KIT;TYRO3;EPHA1;MET;ANGPTL1;EPHA2;SRC;PDGFB;EFNA4;GIGYF2;FLRT2;ERBB4;LYN;NTRK2;YES1;ANGPT1;GDF15;SORT1;BDNF;RARRES2;TIE1;VEGFC;PILRB;MERTK;VEGFA;EFNA1;GH1;CD4;APEX1;CD7;TEK;FGFR4,
GO_Biological_Process_2023,Cellular Response To Cytokine Stimulus (GO:0071345),52/308,4.307409592937616e-16,9.938629734104727e-14,0,0,4.368232142857143,154.5525297217803,CD40;CSF3R;IL5RA;GHR;HYAL1;TNFSF11;LGALS9;IL6R;IL13RA1;IL4R;LIFR;IRAK4;OSMR;KIT;HCLS1;CHI3L1;XCL1;IL6ST;GAPDH;IFNAR1;CCL14;CCL13;ASAH1;ASAH2;SELPLG;SHMT1;HTRA2;CSF2RB;LILRA3;CSF2RA;CCL5;CCL4;CCL3;CCL2;CCL19;CD58;CCL18;CCL17;CCL24;CCL23;CCL22;CCL21;CCL20;ERBIN;LILRB2;LILRB4;CD4;CXCL12;IL7;MNDA;PTPN6;CCL26,immune
GO_Biological_Process_2023,Cellular Response To Chemokine (GO:1990869),23/59,4.689605104176131e-16,1.0144202040970995e-13,0,0,13.454123647984268,474.876924643003,CCL14;CXCL6;CCL13;CCL24;CCL23;CCL22;CCL21;CCL20;CXCL1;PPBP;CXCL3;CXCL5;CXCL12;CCL5;CCL4;CCL3;TFF2;XCL1;CCL2;CCL19;CCL18;CCL17;CCL26,immune
GO_Biological_Process_2023,Neutrophil Chemotaxis (GO:0030593),24/70,3.310805301014867e-15,6.740410086360267e-13,0,0,10.993499927776975,366.540711649151,CCL14;CXCL6;CCL13;CCL24;EDN1;CCL23;CCL22;CCL21;CCL20;ITGB2;CXCL1;PPBP;CXCL3;CXCL5;CCL5;CCL4;CCL3;XCL1;CCL2;CCL19;PPIB;CCL18;CCL17;CCL26,
GO_Biological_Process_2023,Positive Regulation Of Cell Motility (GO:2000147),42/221,4.385840279710016e-15,8.40578971037685e-13,0,0,5.009298361897548,165.60938332625193,RET;ITGB1;SEMA7A;FLT1;PDGFB;SEMA3F;VSIR;CXCL16;IGF1R;CDH5;GPNMB;PLAU;PODXL;MDK;AKT2;CCL5;KDR;CCL3;STX4;CCL19;PDGFRB;EPHA4;CCL24;EDN1;TGFB1;CCL21;EGF;HGF;F2R;SEMA4C;RHOC;VEGFA;COL1A1;CXCL12;KIT;CNTN1;NUMB;PECAM1;EPHA1;EPHA2;HBEGF;CCL26,
GO_Biological_Process_2023,Positive Regulation Of Cell Migration (GO:0030335),47/272,4.614562395179432e-15,8.40578971037685e-13,0,0,4.474020202020202,147.68543540837933,RET;ITGB1;SEMA7A;FLT1;SRC;PDGFB;SEMA3F;VSIR;CRKL;CXCL16;IGF1R;CDH5;GPNMB;HYAL1;PLAU;PODXL;MDK;AKT2;CCL5;KDR;ENPP2;CCL3;STX4;S100A11;PDGFRB;EPHA4;CCL24;EDN1;TGFB1;EGF;HGF;F2R;SEMA4C;RHOC;VEGFA;COL1A1;CXCL12;PTPRC;KIT;CNTN1;NUMB;PECAM1;EPHA1;ZP3;EPHA2;HBEGF;CCL26,
GO_Biological_Process_2023,Positive Regulation Of Protein Modification Process (GO:0031401),42/225,8.442880986260386e-15,1.46104055467236e-12,0,0,4.898768176345281,158.74680089448896,CD40;CDKN1A;TREM2;TXN;STK4;CRKL;C3;FGF5;MYDGF;CDH5;GPNMB;ERBB4;AKT2;SMPD1;KDR;RSPO1;LYN;CD74;NTRK2;ACE;TGFB1;ANGPT1;HGF;RARRES2;AXIN1;PLAUR;VEGFC;LILRB2;SLC51B;MMP9;VEGFA;BMP4;EFNA1;MARCO;MAVS;CD4;LEP;ERP29;PECAM1;FAM20A;TEK;ENG,electrolyte transport
GO_Biological_Process_2023,Granulocyte Chemotaxis (GO:0071621),24/73,9.786083876367262e-15,1.6128398236241473e-12,0,0,10.31880127466269,332.8619828599547,CCL14;CXCL6;CCL13;CCL24;EDN1;CCL23;CCL22;CCL21;CCL20;ITGB2;CXCL1;PPBP;CXCL3;CXCL5;CCL5;CCL4;CCL3;XCL1;CCL2;CCL19;PPIB;CCL18;CCL17;CCL26,
GO_Biological_Process_2023,Positive Regulation Of Chemotaxis (GO:0050921),19/44,1.7697893404285257e-14,2.784200412374149e-12,0,0,15.943259911894271,504.8485988076317,PDGFRB;TGFB1;CCL21;DSCAM;RARRES2;PDGFB;HSPB1;TREM2;VEGFA;MDK;KDR;CNTN1;XCL1;STX4;CCL19;IL6R;MET;CCL26;LGMN,
GO_Biological_Process_2023,Positive Regulation Of Cytokine Production (GO:0001819),50/320,3.7781467171763215e-14,5.6852894731075e-12,0,0,3.970395709278264,122.71285223485964,FCN1;CD40;CD80;CXCL17;MYDGF;MDK;LGALS9;IL6R;HAVCR2;F2R;IL18;IL16;TRAF2;IL17RA;CHI3L1;XCL1;CD46;IL6ST;ZP3;GAPDH;TLR3;TMEM106A;CD274;LY9;C3;IRAK1;TNFRSF14;CD14;FADD;CCL19;CD58;PIBF1;CD74;TGFB1;CRTAM;OSM;EIF2AK2;LILRB2;AGT;MAVS;CD4;CD40LG;PTPRC;CD6;IL7;LEP;CD28;CNTN1;HPSE;CD244,immune
GO_Biological_Process_2023,Response To Interleukin-1 (GO:0070555),25/85,4.9986863573212404e-14,7.208522284453671e-12,0,0,8.78279748706578,268.99088050082923,CCL14;CCL13;CD40;SRC;TNFRSF11A;IRAK1;HYAL1;SMPD1;CCL5;CCL4;CCL3;CCL2;LGALS9;CCL19;CCL18;CCL17;CCL24;CCL23;CCL22;CCL21;CCL20;SELE;CHI3L1;XCL1;CCL26,immune
GO_Biological_Process_2023,Response To Tumor Necrosis Factor (GO:0034612),28/108,5.231601807270462e-14,7.242629541985228e-12,0,0,7.394382647385984,226.13111918217157,CCL14;CCL13;CD40;ASAH1;TNFRSF11A;CXCL16;CASP8;HYAL1;CASP3;SMPD1;CCL5;CCL4;CCL3;CCL2;CCL19;CD58;CCL18;CCL17;CCL24;CCL23;CCL22;CCL21;CCL20;ERBIN;SELE;CHI3L1;XCL1;CCL26,
GO_Biological_Process_2023,Regulation Of Endothelial Cell Proliferation (GO:0001936),26/93,5.953371685580596e-14,7.82868837183406e-12,0,0,8.185863137144466,249.2778162490185,PDCD6;PDGFB;PTPRM;PRL;THBS4;ATP5IF1;MYDGF;APOH;KDR;APOE;CCL24;EGFL7;ANGPT1;EGF;TIE1;TNFSF12;VEGFC;VEGFA;BMP4;NELL2;LEP;CNTN1;PLXNB3;GHRL;TEK;CCL26,vascular
GO_Biological_Process_2023,Lymphocyte Migration (GO:0072676),18/41,6.107326958668581e-14,7.82868837183406e-12,0,0,16.4012053379251,499.0345890745272,CCL14;RET;CCL13;CCL24;CCL23;CCL22;CCL21;CCL20;CRTAM;CCL5;CCL4;CCL3;CCL2;XCL1;CCL19;CCL18;CCL17;CCL26,immune
GO_Biological_Process_2023,Regulation Of Peptidyl-Tyrosine Phosphorylation (GO:0050730),25/90,2.1311851116868106e-13,2.634297025552876e-11,0,0,8.105065666041275,236.48091732039785,SRC;CD80;ITGB2;PDGFB;TREM2;THBS4;GHR;ENPP2;TNFRSF14;IL6R;CD74;TGFB1;ANGPT1;HGF;OSM;AGT;VEGFA;EFNA1;GH1;PTPRC;BANK1;PECAM1;HCLS1;PTPN6;ITGA5,
GO_Biological_Process_2023,Positive Regulation Of Phosphatidylinositol 3-Kinase Signaling (GO:0014068),22/69,2.602951422627964e-13,3.106487887488063e-11,0,0,9.840648877395086,285.1520913068142,PDGFRB;NTRK2;FLT1;SRC;EGF;HGF;F2R;IL18;PDGFB;OSM;TREM2;IGF1R;SELP;MYDGF;GH1;CCL5;LEP;KIT;KDR;HCLS1;PTPN6;TEK,
GO_Biological_Process_2023,Regulation Of Cell Adhesion (GO:0030155),31/144,5.459526329825257e-13,6.298473542508403e-11,0,0,5.80515170670038,163.91568106742156,ACVRL1;RET;SRC;TNC;NID1;DLL1;ADGRG1;PLAU;PODXL;HYAL1;MDK;CCL5;TNR;ITGAV;STX4;PLXNA4;LYN;EPHA4;CD164;PPP1R12A;DSCAM;ANGPT1;IL18;PLAUR;VEGFA;EFNA1;CXCL12;PLXNB3;ADAM8;P4HB;EPHA2,
GO_Biological_Process_2023,Response To Type II Interferon (GO:0034341),23/80,8.772138501948447e-13,9.793668179110829e-11,0,0,8.487967706877814,235.64317668030696,CCL14;CCL13;CCL24;CD74;CD40;CCL23;CCL22;CCL21;CALCOCO2;CCL20;CXCL16;CCL5;CCL4;CCL3;XCL1;CCL2;LGALS9;CCL19;CD58;CCL18;GAPDH;CCL17;CCL26,immune
GO_Biological_Process_2023,Regulation Of Phosphatidylinositol 3-Kinase Signaling (GO:0014066),24/90,1.7123178360624262e-12,1.851978759566268e-10,0,0,7.65408235175677,207.3733788702633,PDGFRB;NTRK2;FLT1;SRC;EGF;HGF;F2R;IL18;PDGFB;OSM;TREM2;IGF1R;SELP;MYDGF;GH1;CEACAM1;CCL5;LEP;KIT;KDR;HCLS1;PTPN6;STAMBP;TEK,
GO_Biological_Process_2023,Proteolysis (GO:0006508),48/330,1.8496556190270188e-12,1.9398963931674278e-10,0,0,3.638757776002711,98.3047588412002,RET;FCN1;FCN2;CPM;TINAGL1;CPQ;CPXM2;CTSZ;HTRA2;PLAT;CTSS;WFDC2;CNDP1;ENDOU;ADAMTS15;CASP7;CASP8;PLAU;CASP3;LONP1;TBL1X;TPSAB1;ADAMTS8;CTSD;CTSC;HGFAC;CPA4;USP25;ACE;HGF;GZMA;GZMB;MMP9;PGA4;MMP12;KEL;F9;PROC;ADAM15;CLPP;CNTN1;REN;ADAM8;TPP1;KLKB1;THOP1;LGMN;METAP2,
GO_Biological_Process_2023,Enzyme-Linked Receptor Protein Signaling Pathway (GO:0007167),28/124,2.1107112843684294e-12,2.148579927999745e-10,0,0,6.156794586577679,165.51924179966446,RET;FLT1;LRP1;PTPRF;ERBB4;KDR;PDGFRB;LYN;NTRK2;YES1;BDNF;TIE1;LIFR;PILRB;GP6;MERTK;MTSS1;DOK2;CD4;CD8A;CD7;TYRO3;TEK;IL6ST;FGFR4;MET;ANGPTL1;EPHA2,
GO_Biological_Process_2023,Regulation Of Protein Phosphorylation (GO:0001932),42/265,2.647221875634618e-12,2.6177242604489746e-10,0,0,4.01155278558942,106.93801000030416,CD40;CDKN1A;ITGB2;HSPB1;TREM2;STK4;CRKL;C3;FGF5;MYDGF;CDH5;GPNMB;ERBB4;AKT2;KDR;RSPO1;LYN;CD74;NTRK2;NPM1;TGFB1;ANGPT1;HGF;IGFBP3;RARRES2;AXIN1;PLAUR;VEGFC;MMP9;VEGFA;BMP4;EFNA1;MARCO;OCLN;MAVS;CD4;LEP;ERP29;PECAM1;FAM20A;TEK;ENG,
GO_Biological_Process_2023,Regulation Of T Cell Proliferation (GO:0042129),22/77,3.1590432505676867e-12,3.0370690806152117e-10,0,0,8.40574585635359,222.59047058161127,CD274;CR1;VCAM1;CD80;SFTPD;PLA2G2A;LILRB2;TNFRSF1B;LILRB4;MYDGF;CD40LG;PTPRC;GPNMB;CD6;CCL5;LEP;CD28;CCL19;CLC;CD46;IL6ST;ZP3,immune
GO_Biological_Process_2023,Lymphocyte Chemotaxis (GO:0048247),17/44,3.830763909090328e-12,3.5833172673950336e-10,0,0,13.177940577940578,346.42113366104536,CCL14;CCL13;CCL24;CCL23;CCL22;CCL21;CCL20;CXCL16;CCL5;CCL4;CCL3;CCL2;XCL1;CCL19;CCL18;CCL17;CCL26,immune
GO_Biological_Process_2023,Regulation Of Protein Kinase B Signaling (GO:0051896),29/136,3.943648300178727e-12,3.5918333597154143e-10,0,0,5.7241845846429245,150.3108756312975,ITGB1;RET;SRC;PDCD6;TXN;IGF1R;MYDGF;DAG1;CCL3;CCL19;NTRK2;TGFB1;ANGPT1;CCL21;EGF;GDF15;IL18;OSM;RNF41;BANK1;LEP;CNTN1;CHI3L1;HCLS1;HPSE;TEK;EPHA2;ENG;HBEGF,
GO_Biological_Process_2023,Positive Regulation Of Kinase Activity (GO:0033674),25/104,7.325976701165903e-12,6.501334708393637e-10,0,0,6.6638131858879,170.8574687886827,RET;CDKN1A;FLT1;TREM2;IGF1R;ERBB4;KDR;CCL19;EPHB4;MAP3K5;PDGFRB;CD74;NTRK2;CCL21;TIE1;AXIN1;MERTK;CD4;PTPRC;TYRO3;TEK;EPHA1;FGFR4;MET;EPHA2,
GO_Biological_Process_2023,Positive Regulation Of Cell Population Proliferation (GO:0008284),59/483,1.016690382206684e-11,8.796913532043332e-10,0,0,2.98966122511086,75.6739563190482,CDKN1A;IL5RA;PRL;CXCL5;CRKL;IGF1R;FGF5;ESM1;MDK;HYAL1;AKT2;RBPMS2;KDR;ITGAV;IL6R;PDGFRB;EPHA4;EDN1;CR1;F2R;IL18;LIFR;OSMR;HCLS1;STAMBP;IL6ST;EPHA1;FXN;HBEGF;CCL14;YAP1;PDGFB;CSF2RB;TNFRSF11A;CSF2RA;DLL1;EPCAM;ERBB4;CCL5;STX4;LYN;NTRK2;CD74;NPM1;TGFB1;EGF;OSM;VEGFC;AGT;VEGFA;BMP4;PTPRC;IL7;DNAJA2;PTPN6;HPSE;FOLR2;FGFR4;LGMN,
GO_Biological_Process_2023,Positive Regulation Of Protein Kinase B Signaling (GO:0051897),23/93,2.6998959084609817e-11,2.27910725345938e-09,0,0,6.906905815423515,168.081091898284,ITGB1;RET;TGFB1;ANGPT1;CCL21;SRC;EGF;GDF15;IL18;OSM;TXN;IGF1R;MYDGF;LEP;CCL3;CNTN1;CHI3L1;HCLS1;CCL19;HPSE;TEK;ENG;HBEGF,
GO_Biological_Process_2023,Negative Regulation Of Apoptotic Process (GO:0043066),58/482,2.8135850737298622e-11,2.299946537089164e-09,0,0,2.9356069652821506,71.31756670358166,ITGB1;TNFRSF6B;HSPB1;TREM2;CLU;IGF1R;MYDGF;MDK;AKT2;LAMP3;KDR;HGF;F2R;PLAUR;SERPINB9;DKK1;PRAP1;MMP9;TYRO3;TAX1BP1;HCLS1;DPEP1;ADAM8;ANGPTL4;ITGA5;IL6ST;FXN;YAP1;ASAH2;SRC;DLL1;PRDX5;DNAJB6;ERBB4;APOH;CCL2;APOE;TXNDC5;CDKN2D;NTRK2;CD74;NPM1;ANGPT1;BDNF;MERTK;SMAD5;VEGFA;BMP4;CD40LG;KRT18;PROC;IL7;CD28;CD27;GHRL;CIAPIN1;TEK;LGMN,
GO_Biological_Process_2023,Cellular Response To Tumor Necrosis Factor (GO:0071356),26/119,2.85748919661468e-11,2.299946537089164e-09,0,0,5.8892747604215145,142.98271420243364,CCL14;CCL13;CD40;ASAH1;TNFRSF11A;HYAL1;CCL5;CCL4;CCL3;TNFSF11;CCL2;CCL19;CD58;CCL18;CCL17;CCL24;CCL23;CCL22;CCL21;CCL20;ERBIN;TRAF2;TNFRSF1B;CHI3L1;XCL1;CCL26,
GO_Biological_Process_2023,Regulation Of Cell Population Proliferation (GO:0042127),78/766,4.953069148609008e-11,3.896039164394495e-09,0,0,2.455059988495357,58.254715666525904,ACVRL1;CDKN1A;CXCL1;PRL;PTPRK;PKD2;CLU;CXCL5;CRKL;IGF1R;PPP1R9B;FGF5;HHEX;ESM1;AKT2;KDR;TNFRSF8;ITGAV;ADAMTS8;IL6R;ENPP7;PDGFRB;EPHA4;EDN1;CR1;IGFBP3;F2R;LIFR;OSMR;RNF41;DDAH1;KIT;MZB1;HCLS1;STAMBP;IL6ST;EPHA1;FXN;ENG;HBEGF;CCL14;YAP1;PDGFB;UMOD;TNFRSF11A;DLL1;ADGRG1;GPNMB;EPCAM;FRZB;ERBB4;STX4;IGFBP6;S100A11;LYN;CDKN2D;ZBTB17;NTRK2;CGREF1;CCL23;NPM1;TGFB1;EGF;OSM;EIF2AK2;VEGFC;AGT;SLURP1;VEGFA;BMP4;IL7;DNAJA2;PTPN6;GHRL;MELTF;FOLR2;FGFR4;LGMN,
GO_Biological_Process_2023,Cell-Cell Adhesion Via Plasma-Membrane Adhesion Molecules (GO:0098742),31/172,7.118050374908744e-11,5.474571632790925e-09,0,0,4.645485055724418,108.54548474351417,ITGB1;CD84;ROBO4;ITGAM;PTPRS;ITGB2;PTPRM;NEXN;UMOD;PVR;PTPRF;ICAM1;CDH5;IGSF21;CDH3;SLITRK1;HMCN2;SCARF1;CD164;VCAM1;DSCAM;CRTAM;L1CAM;SELE;SELP;CEACAM1;CD6;PLXNB3;PECAM1;CDH15;NECTIN2,
GO_Biological_Process_2023,Regulation Of MAPK Cascade (GO:0043408),34/204,7.985080935575161e-11,6.007905460440355e-09,0,0,4.233594624860023,98.43472059904909,RET;FLT1;PDGFB;STK4;IGF1R;MYDGF;GRAP2;DAG1;KDR;IGFBP6;LYN;CD74;NTRK2;GPR37;GDF15;EGF;F2R;OSM;EIF2AK2;LILRB4;RNF41;BMP4;CEACAM1;DOK2;CD4;PTPRC;LEP;KIT;REN;GHRL;PTPN6;TEK;TMEM106A;EPHA2,
GO_Biological_Process_2023,Cellular Response To Type II Interferon (GO:0071346),19/66,8.255879123535922e-11,6.0794888609697505e-09,0,0,8.470662667541475,196.66769904736225,CCL14;CCL13;CCL24;CCL23;CCL22;CCL21;CCL20;CCL5;CCL4;CCL3;XCL1;CCL2;LGALS9;CCL19;CD58;CCL18;GAPDH;CCL17;CCL26,immune
GO_Biological_Process_2023,Response To Cytokine (GO:0034097),26/125,9.169946694514535e-11,6.6031327020776094e-09,0,0,5.530600118835413,127.82602040922713,CD274;ITIH4;CD40;ASAH2;CALCOCO2;SRC;TNFRSF11A;CXCL16;CASP8;IRAK1;LAMP3;CASP3;SMPD1;TIMP3;LGALS9;IL6R;CD74;EIF2AK2;LIFR;OSMR;SELE;SELP;COL3A1;CHI3L1;HCLS1;IL6ST,immune
GO_Biological_Process_2023,Positive Regulation Of Lymphocyte Proliferation (GO:0050671),20/74,9.348555400225449e-11,6.6031327020776094e-09,0,0,7.766344072849034,179.34984718031646,VAV3;CD274;CD74;CD40;VCAM1;CD80;IL18;LILRB2;TNFSF13B;CD40LG;PTPRC;CD6;IL7;CCL5;LEP;CD28;CCL19;CD46;IL6ST;ZP3,immune
GO_Biological_Process_2023,Positive Regulation Of Response To External Stimulus (GO:0032103),29/155,1.1486548201286728e-10,7.950988664930673e-09,0,0,4.85614416516421,111.14383116204851,PDGFB;PLAT;TREM2;PLA2G7;LGALS1;PLAU;MDK;APOH;CCL5;CCL3;STX4;FADD;CCL19;SCARF1;PDGFRB;TGFB1;CCL21;RARRES2;PLA2G2A;IL18;OSM;IL16;AGT;IL17RA;TNIP1;ADAM8;ZP3;TLR3;CCL26,
GO_Biological_Process_2023,Eosinophil Chemotaxis (GO:0048245),12/24,1.4797123528112212e-10,9.848623948230071e-09,0,0,20.83169398907104,471.5046287696656,CCL14;CCL13;CCL24;CCL23;CCL22;CCL5;CCL4;CCL3;CCL2;XCL1;CCL18;CCL26,
GO_Biological_Process_2023,Eosinophil Migration (GO:0072677),12/24,1.4797123528112212e-10,9.848623948230071e-09,0,0,20.83169398907104,471.5046287696656,CCL14;CCL13;CCL24;CCL23;CCL22;CCL5;CCL4;CCL3;CCL2;XCL1;CCL18;CCL26,
GO_Biological_Process_2023,Phagocytosis (GO:0006909),19/69,1.93427528808504e-10,1.2631182588796836e-08,0,0,7.961167400881057,178.06041111189168,ITGB1;ITGAM;LRP1;ANXA3;ITGB2;TREM2;MERTK;CORO1A;MESD;MARCO;BIN2;PECAM1;TYRO3;MYH9;ITGAV;CD14;HAVCR1;MET;LDLR,
GO_Biological_Process_2023,Axon Guidance (GO:0007411),28/149,2.1578890347613489e-10,1.3830470276498202e-08,0,0,4.878294523759181,108.57483765800328,EPHB6;RET;DRAXIN;SEMA7A;ROBO4;MYCBP2;PTPRM;NEXN;SEMA3F;EFNA4;OPHN1;DAG1;TNR;NRCAM;NCAM1;PLXNA4;VASP;EPHA4;DSCAM;BDNF;SEMA4C;L1CAM;VEGFA;EFNA1;NELL2;CXCL12;CNTN1;PLXNB3,
GO_Biological_Process_2023,Leukocyte Cell-Cell Adhesion (GO:0007159),13/31,3.9745137122959675e-10,2.501053083319336e-08,0,0,15.056831996109896,325.919410350124,ITGB1;VCAM1;CLEC4M;ITGB2;UMOD;F11R;SELE;ICAM1;SELP;CD40LG;TNIP1;CCL5;PECAM1,immune
GO_Biological_Process_2023,Cellular Response To Interleukin-1 (GO:0071347),20/81,5.47528726491094e-10,3.3839230756887085e-08,0,0,6.87259385110344,146.56222995277415,CCL14;CCL13;CCL24;CD40;CCL23;CCL22;CCL21;CCL20;IRAK4;IRAK1;HYAL1;CCL5;CCL4;CCL3;XCL1;CCL2;CCL19;CCL18;CCL17;CCL26,immune
GO_Biological_Process_2023,Positive Regulation Of Cellular Process (GO:0048522),63/594,7.739074455040994e-10,4.674454901505298e-08,0,0,2.546178593848085,53.41772906041233,PRL;CXCL5;CXCL16;CRKL;IGF1R;FGF5;ESM1;CDH3;MDK;HYAL1;AKT2;KDR;ITGAV;CCN2;IL6R;PDGFRB;EPHA4;EDN1;CR1;F2R;LIFR;TNFRSF1B;OSMR;SIRT2;HCLS1;ADAM8;STAMBP;IL6ST;EPHA1;FXN;HDGFL2;HBEGF;CCL14;YAP1;PDGFB;TNFRSF11A;NID1;DLL1;ADGRG1;EPCAM;ERBB4;CCL5;STX4;CCL19;LYN;NTRK2;NPM1;TGFB1;CCL21;EGF;OSM;VEGFC;VEGFA;BMP4;CXCL12;IL7;DNAJA2;PTPN6;P4HB;FOLR2;FGFR4;LGMN;EIF4G1,
GO_Biological_Process_2023,Positive Regulation Of MAP Kinase Activity (GO:0043406),21/91,7.833527428122141e-10,4.674454901505298e-08,0,0,6.292384105960265,131.93517373791303,PDGFRB;PTPN1;CD40;EDN1;FLT1;TGFB1;EGF;PDGFB;TRAF2;TNFRSF11A;DKK1;VEGFA;GHR;ERN1;GH1;IRAK1;KIT;ERP29;TNFSF11;CCL19;MAP3K5,
GO_Biological_Process_2023,Cell-Matrix Adhesion (GO:0007160),23/109,8.217521673811222e-10,4.8204817818746856e-08,0,0,5.617166598065445,117.5087787493207,ITGB1;CD63;VCAM1;ITGAM;ITGB5;CCL21;SRC;ITGA2;ITGB2;THY1;PTPRK;L1CAM;MSLN;NID2;COL3A1;ADAM15;ITGA11;ITGAV;ITGB7;HPSE;ITGA5;SIGLEC1;CD34,
GO_Biological_Process_2023,Integrin-Mediated Signaling Pathway (GO:0007229),20/85,1.373223952830666e-09,7.791357542208091e-08,0,0,6.448308031549487,131.58484825847202,ITGB1;SEMA7A;ITGAM;FYB1;MPIG6B;ITGB5;SRC;ITGA2;ITGB2;ERBIN;THY1;CEACAM1;COL3A1;CD40LG;ADAM15;ITGA11;MYH9;ITGAV;ITGB7;ITGA5,
GO_Biological_Process_2023,Regulation Of Kinase Activity (GO:0043549),20/85,1.373223952830666e-09,7.791357542208091e-08,0,0,6.448308031549487,131.58484825847202,RET;PDGFRB;CD74;NTRK2;FLT1;TIE1;TREM2;MERTK;IGF1R;CD4;ERBB4;KDR;TYRO3;SLAMF8;TEK;EPHA1;FGFR4;MET;EPHB4;EPHA2,
GO_Biological_Process_2023,Positive Regulation Of I-kappaB kinase/NF-kappaB Signaling (GO:0043123),29/175,2.2427455351109688e-09,1.251958435003075e-07,0,0,4.186495103273637,83.37641550340217,CD40;CANT1;FASLG;EDA2R;LGALS1;CASP8;IRAK1;TNFSF10;TRIM25;LGALS9;FADD;IKBKG;CCL19;CD74;CCL21;F2R;SHISA5;TNFRSF10B;TRAF2;IRAK4;RHOC;EDAR;MAVS;CD4;EEF1D;TRIM58;GAPDH;CC2D1A;TMEM106A,
GO_Biological_Process_2023,Regulation Of Endothelial Cell Migration (GO:0010594),20/88,2.635170021797591e-09,1.4296173948981757e-07,0,0,6.162851027952526,121.74291981020058,ACVRL1;GPI;EDN1;ANGPT1;ANXA3;EGF;PDCD6;PTPRM;PRCP;AGT;VEGFA;BMP4;NELL2;CEACAM1;APOH;KDR;ABL1;APOE;TEK;EPHA2,vascular
GO_Biological_Process_2023,Regulation Of I-kappaB kinase/NF-kappaB Signaling (GO:0043122),34/232,2.643614945781082e-09,1.4296173948981757e-07,0,0,3.629520286855113,71.6870854971614,CD40;CANT1;OTUD7B;HSPB1;FASLG;TREM2;EDA2R;LGALS1;CASP8;IRAK1;TNFSF10;TRIM25;LGALS9;FADD;IKBKG;CCL19;CD74;CCL21;F2R;SHISA5;TNFRSF10B;TRAF2;IRAK4;RHOC;LILRB4;EDAR;MAVS;CD4;TNIP1;EEF1D;TRIM58;GAPDH;CC2D1A;TMEM106A,
GO_Biological_Process_2023,Endocytosis (GO:0006897),30/189,3.4040421347568166e-09,1.812521512060514e-07,0,0,3.978460697082518,77.57322915469217,SCARB2;ITGB1;ITGAM;LRP1;ITGB2;INPPL1;STAB2;CORO1A;MESD;ASGR1;CXCL16;APOE;CD14;SCARF1;LDLR;PDLIM7;AHSG;ANXA3;SORT1;SFTPD;HIP1R;MERTK;IGF2R;DNM1;MARCO;EHD3;TYRO3;PECAM1;MET;FOLR1,
GO_Biological_Process_2023,Regulation Of Apoptotic Process (GO:0042981),69/705,3.6066346689725667e-09,1.891297362017281e-07,0,0,2.3312827109996923,45.32127991833839,ITGB1;TNFRSF6B;HSPB1;FASLG;CLU;IGF1R;MYDGF;LGALS1;CASP8;ADAMTSL4;AKT2;SMPD1;CASP3;KDR;TNFSF10;TNFRSF8;CTSD;MAP3K5;IGFBP3;HGF;PLAUR;SERPINB9;TRAF2;DKK1;PRAP1;MMP9;PLSCR3;TAX1BP1;DPEP1;ANGPTL4;IL6ST;FXN;SRC;DIABLO;HTRA2;STK4;PRDX5;BCL2L11;PNMA1;FRZB;ERBB4;ABL1;HS1BP3;FADD;TXNDC5;CD74;NPM1;ANGPT1;CRADD;GZMA;HIP1R;TNFRSF10B;TNFRSF10A;SMAD5;AGT;VEGFA;BMP4;CD40LG;KRT18;PROC;IL7;APEX1;CD28;CD27;MNDA;PTPN6;GHRL;CIAPIN1;TEK,
GO_Biological_Process_2023,Positive Regulation Of T Cell Proliferation (GO:0042102),17/65,4.1572203960682314e-09,2.1474835508645e-07,0,0,7.404418498168498,142.89357181388402,CD274;VCAM1;CD80;IL18;LILRB2;CD40LG;PTPRC;CD6;CCL5;LEP;CD28;CCL19;FADD;CD46;IL6ST;ZP3;ICOSLG,immune
GO_Biological_Process_2023,Peptidyl-Tyrosine Phosphorylation (GO:0018108),17/67,6.875116520651796e-09,3.4992320997023335e-07,0,0,7.107494505494506,133.58789834820504,PDGFRB;LYN;EPHA4;FLT1;SRC;PDGFB;IGF1R;EFEMP1;ERBB4;LEP;KDR;ABL1;PTPN6;TEK;EPHA1;FGFR4;PIBF1,
GO_Biological_Process_2023,Positive Regulation Of Endothelial Cell Migration (GO:0010595),19/85,8.811351385963708e-09,4.419722774901506e-07,0,0,6.026114670938459,111.76770477703306,GPI;CD40;EDN1;TGFB1;ANGPT1;ANXA3;EGF;PDCD6;PDGFB;HSPB1;AGT;VEGFA;BMP4;NELL2;KDR;ABL1;TEK;MET;LGMN,vascular
GO_Biological_Process_2023,Positive Regulation Of Endothelial Cell Proliferation (GO:0001938),18/77,1.0179944189404974e-08,5.033255262790088e-07,0,0,6.381607652290652,117.43974482443863,CCL24;EGFL7;EGF;PDCD6;TNFSF12;PDGFB;VEGFC;THBS4;VEGFA;BMP4;NELL2;MYDGF;MDK;KDR;CNTN1;PLXNB3;TEK;CCL26,vascular
GO_Biological_Process_2023,Neuron Projection Guidance (GO:0097485),23/124,1.1363840825648808e-08,5.539472267263454e-07,0,0,4.779155349163235,87.42427338250528,EPHB6;VASP;RET;EPHA4;DRAXIN;SEMA7A;ROBO4;DSCAM;BDNF;MYCBP2;SEMA4C;NEXN;SEMA3F;L1CAM;EFNA4;EFNA1;NELL2;CXCL12;OPHN1;DAG1;CNTN1;TNR;NRCAM,
GO_Biological_Process_2023,Positive Regulation Of T Cell Activation (GO:0050870),21/107,1.7369850910024155e-08,8.349590833276888e-07,0,0,5.117395656861235,91.44033699729304,CD274;VCAM1;CD80;THY1;LILRB2;SIRPB1;PTPRC;CD40LG;CD6;IL7;MDK;CCL5;LEP;CD28;TNFSF11;CCL2;LGALS9;CCL19;IL6ST;CD46;ZP3,immune
GO_Biological_Process_2023,Regulation Of Angiogenesis (GO:0045765),30/205,2.3413437431964257e-08,1.1100535198907983e-06,0,0,3.6116579073100814,63.456669543962,ITGB1;CD40;FLT1;PDCD6;PTPRM;HSPB1;FASLG;PRL;THBS4;MYDGF;CDH5;HHEX;GPNMB;HYAL1;APOH;KDR;CD34;ANXA3;TNFSF12;VEGFC;VEGFA;CEACAM1;LEP;CNTN1;CHI3L1;GHRL;ANGPTL4;TEK;EPHA1;EPHA2,vascular
GO_Biological_Process_2023,Positive Regulation Of Angiogenesis (GO:0045766),22/119,2.510167595035844e-08,1.1740121684350075e-06,0,0,4.755618841487726,83.2249048921286,ITGB1;CD40;FLT1;ANXA3;PDCD6;TNFSF12;HSPB1;VEGFC;DLL1;VEGFA;CDH5;MYDGF;HYAL1;MDK;KDR;CNTN1;CHI3L1;ANGPTL4;ITGA5;TEK;EPHA1;CD34,vascular
GO_Biological_Process_2023,Negative Regulation Of Cellular Process (GO:0048523),55/537,3.1736824767905186e-08,1.464548673622931e-06,0,0,2.4327748486809546,42.003775192097024,ACVRL1;CDKN1A;TREM2;CXCL1;ENO1;SPINT2;PTPRK;PKD2;CLU;PPP1R9B;MDK;HYAL1;TNFRSF8;CCN2;ADAMTS8;ENPP7;EPHA4;DSCAM;IGFBP3;F2R;RNF41;VAMP8;ADAM15;DDAH1;MYH9;CHMP6;ZP3;HTRA2;UMOD;DLL1;ADGRG1;GPNMB;FRZB;PODXL;ERBB4;IGFBP6;S100A11;PLXNA4;LYN;CDKN2D;CD164;ZBTB17;CGREF1;CCL23;NPM1;TGFB1;ANGPT1;SUSD2;OSM;EIF2AK2;SLURP1;DCBLD2;BMP4;PLXNB3;PTPN6,
GO_Biological_Process_2023,Positive Regulation Of Developmental Growth (GO:0048639),14/50,3.772824413794493e-08,1.7181243810714133e-06,0,0,8.108737982231958,138.6014974964235,SEMA7A;SYT1;BDNF;TWF2;ISLR2;L1CAM;DLL1;GHR;GH1;LEP;GHRL;PPIB;ZP3;AGRN,
GO_Biological_Process_2023,Protein Catabolic Process (GO:0030163),20/102,3.851602911473603e-08,1.7312204774818365e-06,0,0,5.106892193508484,87.18584068878562,GZMA;CTSZ;HTRA2;GZMB;RNF5;CTSS;RNF41;BAG6;CASP7;CEACAM1;CASP8;CLPP;CASP3;LAMP2;LONP1;TPP1;APOE;CTSD;CTSC;LGMN,
GO_Biological_Process_2023,Receptor-Mediated Endocytosis (GO:0006898),22/122,4.015885865272408e-08,1.7689328895519492e-06,0,0,4.612220994475138,78.54807349978367,SCARB2;ITGB1;ITGAM;CLEC4M;LRP1;ITGB2;SFTPD;STAB2;HIP1R;DLL1;LILRB4;IGF2R;ASGR1;DNM1;CXCL16;MARCO;DNAJC6;APOE;SCARF1;LDLR;FOLR1;PDLIM7,
GO_Biological_Process_2023,Negative Regulation Of T Cell Proliferation (GO:0042130),12/36,4.0888364970862744e-08,1.7689328895519492e-06,0,0,10.40928961748634,177.08720988685263,CD274;CR1;GPNMB;PRKAR1A;CD80;CRTAM;PLA2G2A;SFTPD;TNFRSF14;LGALS9;LILRB2;LILRB4,immune
GO_Biological_Process_2023,Regulation Of Receptor Internalization (GO:0002090),12/36,4.0888364970862744e-08,1.7689328895519492e-06,0,0,10.40928961748634,177.08720988685263,CCL14;CD63;LRPAP1;GH1;ANGPT1;ANXA2;EGF;TBC1D5;RSPO1;DKK1;SELE;VEGFA,
GO_Biological_Process_2023,Positive Regulation Of Transferase Activity (GO:0051347),24/143,4.1671766251500654e-08,1.771910231238873e-06,0,0,4.23328401127893,71.9380663396018,PDGFRB;RET;CD74;NTRK2;TGFB1;FLT1;TIE1;AXIN1;TREM2;MERTK;AGT;IGF1R;CD4;TNIP1;ERBB4;KDR;TYRO3;APOE;TEK;EPHA1;FGFR4;MET;EPHB4;EPHA2,
GO_Biological_Process_2023,Positive Regulation Of Receptor-Mediated Endocytosis (GO:0048260),13/43,4.198111498456734e-08,1.771910231238873e-06,0,0,9.028409919766592,153.35698587002784,CCL14;CD63;ANGPT1;ANXA2;CCL21;EGF;CLU;SELE;VEGFA;C3;GH1;TBC1D5;CCL19,
GO_Biological_Process_2023,Positive Regulation Of Epithelial Cell Proliferation (GO:0050679),22/123,4.6799291692412196e-08,1.9514740788848022e-06,0,0,4.566314753022263,77.06751042482097,YAP1;CCL24;EGFL7;EGF;PDCD6;TNFSF12;PDGFB;VEGFC;THBS4;VEGFA;BMP4;MMP12;NELL2;MYDGF;CDH3;HYAL1;MDK;KDR;CNTN1;PLXNB3;TEK;CCL26,
GO_Biological_Process_2023,Extrinsic Apoptotic Signaling Pathway (GO:0097191),16/67,4.844048908379875e-08,1.995863484750327e-06,0,0,6.550698435246766,110.33295402745529,TGFB1;CRADD;DIABLO;SORT1;TNFSF12;TNFRSF10B;FASLG;TNFRSF10A;TNFRSF1B;RNF41;CASP8;CD27;ITGAV;FADD;IL6R;TLR3,
GO_Biological_Process_2023,Regulation Of MAP Kinase Activity (GO:0043405),21/114,5.5447998338030594e-08,2.257712026446164e-06,0,0,4.730470697144485,79.0358539747681,PDGFRB;LYN;PTPN1;CD40;EDN1;TGFB1;FLT1;CD300A;EGF;PDGFB;AGT;VEGFA;BMP4;GHR;GH1;IRAK1;SMPD1;KIT;ERP29;TNFSF11;APOE,
GO_Biological_Process_2023,Regulation Of GTPase Activity (GO:0043087),30/214,6.292959230832204e-08,2.5325502206872397e-06,0,0,3.433364839319471,56.92947840014802,CCL14;RTN4R;ITGB1;CCL13;CD40;THY1;KLRK1;CCL5;CCL4;CCL3;CCL2;CCL19;CCL18;CCL17;PLXNA4;PRKG1;VAV3;EPHA4;CCL24;NTRK2;CCL23;CCL22;CCL21;CCL20;F2R;PLXNB3;XCL1;EPHA1;AGRN;CCL26,
GO_Biological_Process_2023,Peptidyl-Tyrosine Modification (GO:0018212),14/54,1.0980286618040966e-07,4.368134710924113e-06,0,0,7.296330777656079,116.92063044925489,PDGFRB;LYN;EPHA4;FLT1;SRC;PDGFB;EFEMP1;ERBB4;KDR;ABL1;PTPN6;TEK;EPHA1;FGFR4,electrolyte transport
GO_Biological_Process_2023,Positive Regulation Of Tyrosine Phosphorylation Of STAT Protein (GO:0042531),14/55,1.410604439597702e-07,5.547843142554144e-06,0,0,7.11799748884674,112.27984302212,LYN;CD40;IL18;OSM;VEGFA;GHR;GH1;ERBB4;CCL5;KIT;HCLS1;IL6ST;IL6R;PIBF1,
GO_Biological_Process_2023,Cellular Response To Lipopolysaccharide (GO:0071222),21/124,2.471139271064724e-07,9.60967754736518e-06,0,0,4.268951327718125,64.94533398329115,LYN;CD274;CXCL6;TGFB1;CD80;IL18;CXCL1;PPBP;LILRB2;CXCL3;TNFRSF1B;CXCL5;CASP7;IRAK1;CD6;TNIP1;CCL5;CCL3;CCL2;CD14;GIT1,
GO_Biological_Process_2023,Regulation Of Chemotaxis (GO:0050920),10/28,2.668485372474253e-07,1.02618087490371e-05,0,0,11.544286925966317,174.7410758832132,PDGFRB;TGFB1;CCL21;RARRES2;MYCBP2;PDGFB;TREM2;STX4;CCL19;CCL26,
GO_Biological_Process_2023,Positive Regulation Of Vasculature Development (GO:1904018),19/104,2.7062518667127746e-07,1.0292678802959248e-05,0,0,4.674423425757968,70.68911338944694,ITGB1;CD40;FLT1;ANXA3;PDCD6;TNFSF12;HSPB1;VEGFC;VEGFA;CDH5;MYDGF;HYAL1;KDR;CNTN1;CHI3L1;ANGPTL4;TEK;EPHA1;CD34,
GO_Biological_Process_2023,Positive Regulation Of Epithelial Cell Migration (GO:0010634),18/95,3.147860987253837e-07,1.184211617052775e-05,0,0,4.885174231708885,73.13776305479148,GPI;EDN1;ANGPT1;ANXA3;SRC;EGF;PDCD6;MMP9;AGT;VEGFA;BMP4;NELL2;HYAL1;ENPP2;KDR;ABL1;TEK;ARF6,
GO_Biological_Process_2023,Heterotypic Cell-Cell Adhesion (GO:0034113),10/29,3.904149622335757e-07,1.4374746641387294e-05,0,0,10.936118923262354,161.3739795114158,ITGB1;VCAM1;RNASE10;ITGB2;ITGAV;ITGB7;CD58;LILRB2;ITGA5;DSC2,
GO_Biological_Process_2023,Regulation Of Blood Coagulation (GO:0030193),10/29,3.904149622335757e-07,1.4374746641387294e-05,0,0,10.936118923262354,161.3739795114158,EDN1;PROC;SERPINE2;PLAU;APOH;F2R;PLAUR;GP1BA;APOE;HPSE,
GO_Biological_Process_2023,Homophilic Cell Adhesion Via Plasma Membrane Adhesion Molecules (GO:0007156),14/60,4.527718156412941e-07,1.6323367228484573e-05,0,0,6.342635363588743,92.65244077748554,ITGB1;CD84;ROBO4;DSCAM;PTPRM;NEXN;L1CAM;PVR;IGSF21;CEACAM1;HMCN2;PECAM1;PLXNB3;NECTIN2,
GO_Biological_Process_2023,Negative Regulation Of Peptidase Activity (GO:0010466),14/60,4.527718156412941e-07,1.6323367228484573e-05,0,0,6.342635363588743,92.65244077748554,SERPINA12;SERPINB1;SERPINE2;LRP1;SERPIND1;SERPINB9;SERPINA9;SERPINA6;SERPINB8;SERPINA5;SERPINB6;TIMP3;FETUB;GAPDH,
GO_Biological_Process_2023,Organonitrogen Compound Catabolic Process (GO:1901565),16/78,4.5931335110786523e-07,1.6388489775096096e-05,0,0,5.38536170815481,78.59145476163063,ACHE;PNLIPRP2;CPQ;PLA2G4A;HTRA2;NPL;PLA2G7;RNF5;PLA2G15;CASP7;RIDA;NAGK;GNPDA2;CASP3;ENPP2;TPP1,
GO_Biological_Process_2023,Regulation Of Endopeptidase Activity (GO:0052548),15/69,4.738183132000636e-07,1.6733522265157347e-05,0,0,5.792824074074074,84.3576639821237,SERPINA12;SERPINB1;SERPINE2;SERPIND1;AHSG;SERPINB9;SERPINA9;SERPINA6;SERPINB8;VSIR;SERPINA5;SERPINB6;TIMP3;FETUB;GAPDH,
GO_Biological_Process_2023,Negative Regulation Of Macromolecule Metabolic Process (GO:0010605),26/186,4.978427479664388e-07,1.7404381320321664e-05,0,0,3.411057158712542,49.50460970222426,ACVRL1;YAP1;LRP1;PDGFB;CRKL;KDR;CCL3;LGALS9;APOE;CD34;LDLR;HAVCR2;EDN1;TGFB1;WWP2;LILRB2;SMAD5;VEGFA;BMP4;OCLN;PRKAR1A;ERP29;CD28;CD46;LGMN;ENG,
GO_Biological_Process_2023,Negative Regulation Of Blood Coagulation (GO:0030195),10/30,5.613601639216847e-07,1.9236312151811395e-05,0,0,10.38876772082879,149.5245274874554,EDN1;PROC;SERPINE2;PLAU;APOH;PDGFB;PLAT;GP1BA;APOE;KLKB1,
GO_Biological_Process_2023,Positive Regulation Of Locomotion (GO:0040017),10/30,5.613601639216847e-07,1.9236312151811395e-05,0,0,10.38876772082879,149.5245274874554,PDGFRB;TGFB1;CCL21;AKT2;RARRES2;PDGFB;TREM2;STX4;CCL19;CCL26,
GO_Biological_Process_2023,Extracellular Matrix Organization (GO:0030198),25/176,6.053790094982421e-07,2.054134070464133e-05,0,0,3.473150174006256,49.72651889871428,DMP1;CAPG;NID1;NID2;CTSS;ADAMTS15;FLRT2;ADAMTSL4;ADAMTS8;TPSAB1;TGFB1;MIA;COL24A1;MMP9;MMP10;COL1A1;MMP12;COL3A1;COL2A1;ADAM15;SPINT1;SMOC1;COL9A1;ADAM8;MATN2,
GO_Biological_Process_2023,Axonogenesis (GO:0007409),26/188,6.143264185965363e-07,2.0642560531675847e-05,0,0,3.3685890848302984,48.18005190579319,EPHB6;RET;DRAXIN;SEMA7A;ROBO4;SSNA1;MYCBP2;NEXN;SEMA3F;EFNA4;OPHN1;SLITRK1;DAG1;SLITRK6;TNR;NRCAM;VASP;EPHA4;DSCAM;BDNF;SEMA4C;L1CAM;EFNA1;NELL2;CXCL12;CNTN1,
GO_Biological_Process_2023,Regulation Of Mast Cell Activation (GO:0033003),6/9,7.267390985210986e-07,2.418503865366848e-05,0,0,41.4115092290988,585.3391890154583,LYN;MILR1;CD84;CD300LF;HAVCR1;NECTIN2,immune
GO_Biological_Process_2023,T Cell Activation (GO:0042110),19/111,7.722832677068405e-07,2.5309558288094948e-05,0,0,4.317168645853285,60.75946208927754,CD74;CD84;CCL21;CD80;CRTAM;CD1C;LY9;CD4;PTPRC;CASP8;CD8A;MDK;LEP;KIT;CD7;CD28;CEACAM21;CCL19;ICOSLG,immune
GO_Biological_Process_2023,Activation Of Protein Kinase Activity (GO:0032147),16/81,7.874787901482657e-07,2.5309558288094948e-05,0,0,5.135995946972895,72.18349243415523,CALCA;ANGPT1;AXIN1;IL18;PDGFB;TNFRSF10B;TRAF2;PILRB;TNFRSF10A;TXN;VEGFA;IRAK1;LEP;CHI3L1;PIBF1;TLR3,
GO_Biological_Process_2023,Regulation Of Interleukin-8 Production (GO:0032677),16/81,7.874787901482657e-07,2.5309558288094948e-05,0,0,5.135995946972895,72.18349243415523,FCN1;CD74;F2R;OTUD7B;SSC5D;MAVS;PTPRC;LEP;CNTN1;CHI3L1;LGALS9;CD14;CD58;FADD;TLR3;CD244,immune
GO_Biological_Process_2023,Regulation Of Inflammatory Response (GO:0050727),30/240,7.897810734222058e-07,2.5309558288094948e-05,0,0,3.0041407867494825,42.21271446305767,IL22;SEMA7A;CXCL17;TNC;PLA2G7;CDH5;LGALS1;MDK;CCL5;CCL3;APOE;AHSG;PLA2G2A;IL18;OSM;IL16;TNFRSF1B;SELE;MMP9;AGT;IL17RA;PROC;TNIP1;TYRO3;XCL1;GHRL;TEK;ZP3;MGLL;TLR3,immune
GO_Biological_Process_2023,Positive Regulation Of Signal Transduction (GO:0009967),32/266,8.090990778754648e-07,2.5690751454375995e-05,0,0,2.878517881869837,40.377961856996855,YAP1;CD63;SRC;CD80;TREM2;NID1;PKD2;DLL1;CTSS;KLK6;C3;ESM1;HHEX;CDH3;TNFSF11;ITGAV;RSPO1;CD74;TGFB1;CRADD;BDNF;VEGFA;ERN1;GH1;PTPRC;IL7;APEX1;CNTN1;GHRL;ITGA5;TEK;IL6ST,
GO_Biological_Process_2023,Negative Regulation Of Response To Wounding (GO:1903035),9/25,9.911910742723812e-07,3.1186475527788285e-05,0,0,11.677083333333334,161.42818637033585,RTN4R;EPHA4;PTPRS;MDK;CD109;SIGLEC10;EPPK1;PTPN6;GIT1,
GO_Biological_Process_2023,Negative Regulation Of Lymphocyte Proliferation (GO:0050672),11/39,1.0145423576921612e-06,3.1633613513266394e-05,0,0,8.168083281347473,112.72831303370772,LYN;CD274;CR1;GPNMB;CD300A;CD80;PLA2G2A;SFTPD;MNDA;LILRB2;LILRB4,immune
GO_Biological_Process_2023,Regulation Of Natural Killer Cell Chemotaxis (GO:2000501),5/6,1.2214296513359984e-06,3.7528215382668376e-05,0,0,103.42733188720172,1408.213652026412,KLRK1;CCL5;CCL4;CCL3;XCL1,
GO_Biological_Process_2023,Response To Lipopolysaccharide (GO:0032496),23/159,1.2252783410117094e-06,3.7528215382668376e-05,0,0,3.542677967204581,48.22414593694588,CD274;CXCL6;CD80;F2R;ERBIN;CXCL1;TNFRSF11A;PPBP;LILRB2;CXCL3;TNFRSF1B;SELE;CXCL5;SELP;CASP7;IRAK1;CD6;TNIP1;CCL2;LGALS9;CD14;GIT1;IFNAR1,
GO_Biological_Process_2023,Regulation Of Tyrosine Phosphorylation Of STAT Protein (GO:0042509),14/65,1.2828561576235324e-06,3.894706282048286e-05,0,0,5.719305027597019,77.59050322165989,LYN;CD40;IL18;OSM;VEGFA;GHR;GH1;ERBB4;CCL5;KIT;HCLS1;IL6ST;IL6R;PIBF1,
GO_Biological_Process_2023,Negative Regulation Of Endopeptidase Activity (GO:0010951),14/66,1.5594602420516364e-06,4.6528378428799255e-05,0,0,5.609023506613868,74.99921130155676,SERPINA12;SERPINB1;CR1;SERPINE2;SERPIND1;SERPINB9;SERPINA9;SERPINA6;SERPINB8;SERPINA5;SERPINB6;TIMP3;FETUB;GAPDH,
GO_Biological_Process_2023,Regulation Of Endocytosis (GO:0030100),14/66,1.5594602420516364e-06,4.6528378428799255e-05,0,0,5.609023506613868,74.99921130155676,LRPAP1;PTPN1;LRP1;SRC;HIP1R;DLL1;PTPRC;OPHN1;SMPD1;ABL1;ITGAV;APOE;CCL19;CD22,
GO_Biological_Process_2023,Lipopolysaccharide-Mediated Signaling Pathway (GO:0031663),8/20,1.5822385886073604e-06,4.680451072794936e-05,0,0,13.82734856728328,184.6873302042109,LYN;TGFB1;CD6;IRAK1;CCL5;IL18;CCL3;CCL2,
GO_Biological_Process_2023,Negative Regulation Of T Cell Activation (GO:0050868),12/49,1.7266078558660869e-06,5.064228634875022e-05,0,0,6.747363757199823,89.53314376265847,CD274;CEACAM1;CR1;GPNMB;CD80;SFTPD;PLA2G2A;LILRB2;LILRB4;VSIR;PAG1;HAVCR2,immune
GO_Biological_Process_2023,Regulation Of Neuron Death (GO:1901214),13/58,1.8987706779013908e-06,5.522391022030852e-05,0,0,6.014198881594943,79.2328837380205,C1QA;ITGAM;ITGB2;HTRA2;TRAF2;TNFRSF1B;CLU;DKK1;GPNMB;SNCG;IKBKG;MAP3K5;EIF4G1,
GO_Biological_Process_2023,Positive Regulation Of Hydrolase Activity (GO:0051345),24/176,2.123453266323404e-06,6.124393128954416e-05,0,0,3.3084455324357407,43.21646024230738,RTN4R;ITGB1;CCL14;CCL13;CCL24;CD40;CCL23;CCL22;CCL21;CCL20;F2R;THY1;RHOC;CTSS;CCL5;CCL4;CCL3;XCL1;CCL2;CCL19;CCL18;AGRN;CCL17;CCL26,
GO_Biological_Process_2023,Cell Chemotaxis (GO:0060326),12/50,2.176729891037883e-06,6.226167068497615e-05,0,0,6.569456427955133,85.65051573066607,PDGFRB;CXCL12;BIN2;CCL21;CCL20;HGF;KIT;PDGFB;PLXNB3;EPHA2;HBEGF;VEGFA,
GO_Biological_Process_2023,Negative Regulation Of Neuron Death (GO:1901215),16/88,2.503916561646036e-06,7.045573349477179e-05,0,0,4.6349554823759,59.780054097640814,NTRK2;BDNF;F2R;HTRA2;TRAF2;TNFRSF1B;CLU;GPNMB;MDK;TYRO3;CCL2;IKBKG;APOE;IL6ST;EIF4G1;LGMN,
GO_Biological_Process_2023,Positive Regulation Of Cell Adhesion (GO:0045785),16/88,2.503916561646036e-06,7.045573349477179e-05,0,0,4.6349554823759,59.780054097640814,RET;EPHA4;CCL21;RNASE10;PDGFB;NID1;VEGFA;ADGRG1;CXCL12;HYAL1;MDK;CCL5;ITGAV;ADAM8;STX4;P4HB,
GO_Biological_Process_2023,Negative Regulation Of Cell Population Proliferation (GO:0008285),39/379,2.8715168680871687e-06,8.014774097136847e-05,0,0,2.4198032591414944,30.878311199281367,ACVRL1;CDKN1A;UMOD;CXCL1;TREM2;PTPRK;PKD2;ATRAID;DLL1;ADGRG1;GPNMB;FRZB;ERBB4;TNFRSF8;APOE;IGFBP6;ADAMTS8;S100A11;ENPP7;LYN;CDKN2D;CGREF1;ZBTB17;CCL23;NPM1;TGFB1;CD300A;IGFBP3;F2R;OSM;EIF2AK2;MTSS1;SLURP1;RNF41;BMP4;DDAH1;OGN;EPPK1;PTPN6,
GO_Biological_Process_2023,Ephrin Receptor Signaling Pathway (GO:0048013),11/43,2.937005329830514e-06,8.131980357234727e-05,0,0,7.145571779475983,91.02115144604116,EPHB6;LYN;EFNA1;EPHA4;YES1;SRC;EPHA1;EFNA4;MMP9;EPHB4;EPHA2,
GO_Biological_Process_2023,Negative Regulation Of Inflammatory Response (GO:0050728),18/111,3.353358272128576e-06,9.211089666537304e-05,0,0,4.041307356542106,50.94289485565166,LYN;IL22;YES1;SRC;SIGLEC10;CXCL17;TREM2;TNFRSF1B;CDH5;PROC;MDK;TYRO3;SLAMF8;GHRL;PTPN6;APOE;TEK;GIT1,immune
GO_Biological_Process_2023,Negative Regulation Of Response To Stimulus (GO:0048585),12/52,3.3971769863384003e-06,9.257976023399371e-05,0,0,6.240327868852459,78.58173911093428,BRAP;LYN;FCRLB;EPHA4;PTPN1;COL3A1;MPIG6B;DDAH1;IGFBP3;THY1;PDCD1;CLU,
GO_Biological_Process_2023,Positive Regulation Of Protein Kinase Activity (GO:0045860),21/145,3.45410988746523e-06,9.318608891606602e-05,0,0,3.5420583208716088,44.54473333689023,EPHA4;PTPN1;CALCA;CDKN1A;ACE;CCL21;SRC;PDGFB;AXIN1;CLU;DKK1;AGT;VEGFA;EFNA1;GH1;CD4;PTPRC;CCL5;CCL19;IL6R;MAP3K5,
GO_Biological_Process_2023,Positive Regulation Of Interleukin-8 Production (GO:0032757),13/61,3.473275200858861e-06,9.318608891606602e-05,0,0,5.637422501823487,70.86472655103817,FCN1;CD74;F2R;MAVS;LEP;CNTN1;CHI3L1;LGALS9;CD14;CD58;FADD;TLR3;CD244,immune
GO_Biological_Process_2023,Regulation Of Plasminogen Activation (GO:0010755),7/16,3.557263333618564e-06,9.470529536656809e-05,0,0,16.116908212560386,202.2110956780034,SERPINE2;PLAU;CTSZ;PLAUR;PLAT;ENO1;MELTF,
GO_Biological_Process_2023,Negative Regulation Of Sequestering Of Calcium Ion (GO:0051283),10/36,3.685603772520036e-06,9.69334595968976e-05,0,0,7.988843217850851,99.9490262463204,PTPRC;CCL21;F2R;ITPR1;XCL1;GP1BA;CCL19;PKD2;CLU;GP5,
GO_Biological_Process_2023,Positive Regulation Of Receptor Internalization (GO:0002092),8/22,3.6969710103410815e-06,9.69334595968976e-05,0,0,11.85076946992072,148.22938565262427,CCL14;CD63;GH1;ANGPT1;EGF;TBC1D5;SELE;VEGFA,
GO_Biological_Process_2023,Regulation Of B Cell Proliferation (GO:0030888),11/44,3.753051690500959e-06,9.766399925431444e-05,0,0,6.92867540029112,86.55953481864022,LYN;VAV3;CD74;CD40;PTPRC;CD300A;IL7;MZB1;MNDA;CD22;TNFSF13B,immune
GO_Biological_Process_2023,Myeloid Leukocyte Differentiation (GO:0002573),14/71,3.90848883219516e-06,0.00010094984961363767,0,0,5.115658807478718,63.702023811599695,TREM2;TNFRSF11A;MMP9;OSCAR;VEGFA;BMP4;CD4;CASP8;KIT;TNFSF11;MYH9;LGALS9;CCL19;EPHA2,immune
GO_Biological_Process_2023,Positive Regulation Of Calcium Ion Transport (GO:0051928),9/29,4.1093765305724894e-06,0.0001046181936903012,0,0,9.33970588235294,115.83326675323912,PDGFRB;CRACR2A;CXCL12;CCL5;CCL4;F2R;PDGFB;CCL3;CCL2,electrolyte transport
GO_Biological_Process_2023,Regulation Of Natural Killer Cell Mediated Cytotoxicity Directed Against Tumor Cell Target (GO:0002858),5/7,4.110972072199065e-06,0.0001046181936903012,0,0,51.71095444685466,641.311554367317,CEACAM1;TGFB1;CRTAM;PVR;NECTIN2,
GO_Biological_Process_2023,Regulation Of Receptor Signaling Pathway Via JAK-STAT (GO:0046425),12/53,4.2077560729193785e-06,0.00010629958955017496,0,0,6.087804878048781,75.35838610968595,GHR;GPI;GH1;PTPRC;ERBB4;EGF;IL10RB;CCL5;LEP;F2R;KIT;PRL,
GO_Biological_Process_2023,Negative Regulation Of Protein Metabolic Process (GO:0051248),21/147,4.311721223312514e-06,0.00010813671850641022,0,0,3.485467255334805,43.06006677509598,EPHA4;CD84;EDN1;SERPINE2;NHLRC3;SHMT1;EIF2AK2;GZMB;PLAT;TREM2;LILRB2;CLU;ATRAID;GIGYF2;SIRT2;BAG6;RIDA;ITGAV;APOE;GAPDH;LDLR,
GO_Biological_Process_2023,Zymogen Activation (GO:0031638),11/45,4.760640137358375e-06,0.0001185365144992614,0,0,6.7245376316465455,82.41007221489087,CASP8;F9;KLK1;PLAU;APOH;PLAT;FADD;KLKB1;VSIR;HGFAC;LGMN,
GO_Biological_Process_2023,Positive Regulation Of Receptor Signaling Pathway Via JAK-STAT (GO:0046427),10/37,4.8419327025309495e-06,0.00011885056087560012,0,0,7.692556242174563,94.14301563473128,GHR;GH1;ERBB4;IL10RB;CCL5;LEP;F2R;KIT;PRL;PIBF1,
GO_Biological_Process_2023,Positive Regulation Of Receptor Signaling Pathway Via STAT (GO:1904894),10/37,4.8419327025309495e-06,0.00011885056087560012,0,0,7.692556242174563,94.14301563473128,GHR;GH1;TGFB1;ERBB4;IL10RB;CCL5;LEP;F2R;KIT;PRL,
GO_Biological_Process_2023,Positive Regulation Of Leukocyte Chemotaxis (GO:0002690),12/54,5.183711099693163e-06,0.0001254603085037625,0,0,5.942544886807182,72.32070786366563,CXCL12;MDK;CCL5;RARRES2;CXCL17;XCL1;VEGFC;LGALS9;IL6R;PLA2G7;VEGFA;LGMN,immune
GO_Biological_Process_2023,Regulation Of Smooth Muscle Cell Proliferation (GO:0048660),12/54,5.183711099693163e-06,0.0001254603085037625,0,0,5.942544886807182,72.32070786366563,PDGFRB;BMP4;EDN1;TGFB1;IGFBP3;CCL5;OGN;RBPMS2;IL18;PDGFB;APOE;IL6R,
GO_Biological_Process_2023,Positive Regulation Of Inflammatory Response (GO:0050729),17/104,5.581265556085891e-06,0.00013414416728898103,0,0,4.076822028546166,49.31362657626392,PLA2G2A;IL18;OSM;IL16;OSMR;PLA2G7;AGT;IL17RA;VAMP8;LGALS1;TNIP1;MDK;CCL3;ADAM8;IL6ST;ZP3;TLR3,immune
GO_Biological_Process_2023,Leukocyte Tethering Or Rolling (GO:0050901),7/17,5.805295618159971e-06,0.0001385664009272528,0,0,14.504456521739131,174.87646140476883,ITGB1;SELP;SELPLG;VCAM1;GCNT1;ITGB7;SELE,immune
GO_Biological_Process_2023,Negative Regulation Of Gene Expression (GO:0010629),35/336,7.019796970759662e-06,0.00016640765284793967,0,0,2.4470747731775995,29.03888882941134,ACVRL1;YAP1;LRP1;SHMT1;PDGFB;GIGYF2;CRKL;RIDA;GPNMB;KDR;CCL3;LGALS9;APOE;NUDT16;CD34;HAVCR2;EPHA4;TGFB1;NHLRC3;EIF2AK2;GZMB;WWP2;SMAD5;VEGFA;ERN1;BMP4;OCLN;PRKAR1A;CD28;ERP29;DXO;CD46;GAPDH;LGMN;ENG,
GO_Biological_Process_2023,Positive Regulation Of Smooth Muscle Cell Proliferation (GO:0048661),11/47,7.503493644470457e-06,0.00017547021286156927,0,0,6.350285055798156,74.93426429787989,PDGFRB;BMP4;ERN1;EDN1;TGFB1;CCL5;PDGFB;RBPMS2;IL18;IL6R;MMP9,
GO_Biological_Process_2023,Regulation Of Interleukin-2 Production (GO:0032663),11/47,7.503493644470457e-06,0.00017547021286156927,0,0,6.350285055798156,74.93426429787989,CD4;CR1;PTPRC;CD80;SFTPD;CD28;XCL1;TRAF2;CD34;LILRB4;HAVCR2,immune
GO_Biological_Process_2023,Negative Regulation Of Programmed Cell Death (GO:0043069),38/381,7.965454479587049e-06,0.00018502307351577705,0,0,2.3341324316967667,27.40364036384856,TNFRSF6B;SRC;HSPB1;TREM2;IGF1R;MYDGF;PRDX5;ERBB4;AKT2;KDR;TXNDC5;CD74;NPM1;ANGPT1;HGF;PLAUR;SERPINB9;DKK1;PRAP1;SMAD5;MMP9;VEGFA;BMP4;CD40LG;KRT18;PROC;IL7;CD28;TAX1BP1;CD27;DPEP1;GHRL;ANGPTL4;CIAPIN1;TEK;IL6ST;FXN;MET,
GO_Biological_Process_2023,Release Of Sequestered Calcium Ion Into Cytosol (GO:0051209),10/39,8.122255833126427e-06,0.00018740751625633708,0,0,7.161283044410183,83.93670127235147,PTPRC;CCL21;F2R;ITPR1;XCL1;FASLG;GP1BA;PKD2;CLU;GP5,
GO_Biological_Process_2023,Positive Regulation Of Apoptotic Process (GO:0043065),30/270,8.925399020475729e-06,0.00020457487423752648,0,0,2.624442586399108,30.51336916791323,ITGB1;DIABLO;HTRA2;FASLG;STK4;CLU;CTSS;LGALS1;BCL2L11;CASP8;PNMA1;ADAMTSL4;FRZB;SMPD1;CASP3;TNFSF10;CCL3;TNFRSF8;FADD;CTSD;MAP3K5;CRADD;IGFBP3;GZMA;HIP1R;TNFRSF10B;TNFRSF10A;SIRT2;BMP4;MNDA,
GO_Biological_Process_2023,Regulation Of Type II Interferon Production (GO:0032649),15/87,1.009528348704889e-05,0.000229866948346554,0,0,4.3405062134502925,49.93076245223434,CD274;CR1;CRTAM;IL18;LILRB4;VSIR;MYDGF;XCL1;LGALS9;CD14;FADD;ZP3;TLR3;CD244;HAVCR2,immune
GO_Biological_Process_2023,"Regulation Of Complement Activation, Classical Pathway (GO:0030450)",5/8,1.054238033764435e-05,0.0002384782898600464,0,0,34.47216196673897,395.0546716187976,CR2;CR1;TREM2;C4BPB;CD46,immune
GO_Biological_Process_2023,Positive Regulation Of Multicellular Organismal Process (GO:0051240),38/387,1.139649305139013e-05,0.0002561250808497483,0,0,2.2932692152735923,26.1024600462734,LRPAP1;ACHE;LRP1;PDGFB;TREM2;OXT;ENO1;TNFRSF11A;PRL;IGF1R;GHR;MDK;TNFSF11;APOE;DECR1;IL4R;TGFB1;EGF;ZBTB16;F2R;CRTAM;IL18;EIF2AK2;LILRB2;AGT;VEGFA;COL1A1;BMP4;GH1;FABP4;FABP5;APEX1;LEP;CD28;ADAM8;GHRL;PPIB;GAPDH,
GO_Biological_Process_2023,Heterophilic Cell-Cell Adhesion Via Plasma Membrane Cell Adhesion Molecules (GO:0007157),11/49,1.153064624824756e-05,0.0002574681720334504,0,0,6.015427487933808,68.39843134093958,SELP;IGSF21;CD164;VCAM1;CD6;CRTAM;UMOD;PVR;SCARF1;SELE;ICAM1,
GO_Biological_Process_2023,Positive Regulation Of Tumor Necrosis Factor Production (GO:0032760),14/78,1.2295268979405037e-05,0.00027278157652385143,0,0,4.554456462212486,51.49403290547197,CD84;HSPB1;CLU;MAVS;PTPRC;CCL3;TNFRSF8;LGALS9;CCL19;CD14;FADD;TLR3;TMEM106A;HAVCR2,
GO_Biological_Process_2023,Positive Regulation Of GTPase Activity (GO:0043547),27/234,1.2482870174884016e-05,0.00027517970493804827,0,0,2.7342028985507247,30.872303915429317,CCL14;RTN4R;ITGB1;CCL13;CD40;THY1;CCL5;CCL4;CCL3;CCL2;CCL19;CCL18;CCL17;CCL24;ARHGEF10;CCL23;CCL22;CCL21;CCL20;F2R;ARHGAP45;TBC1D5;XCL1;EPHA1;AGRN;EPHA2;CCL26,
GO_Biological_Process_2023,Regulation Of Activated T Cell Proliferation (GO:0046006),9/33,1.3387658564072529e-05,0.000293257508166171,0,0,7.781454248366013,87.31707760212251,CD274;PRKAR1A;CRTAM;IL18;FADD;LGALS9;CLC;LILRB4;ICOSLG,immune
GO_Biological_Process_2023,Leukocyte Adhesion To Vascular Endothelial Cell (GO:0061756),7/19,1.386216606884692e-05,0.000297993520275026,0,0,12.085778985507249,135.1957210551208,ITGB1;SELP;SELPLG;VCAM1;GCNT1;ITGB7;SELE,immune;vascular
GO_Biological_Process_2023,Regulation Of Insulin-Like Growth Factor Receptor Signaling Pathway (GO:0043567),7/19,1.386216606884692e-05,0.000297993520275026,0,0,12.085778985507249,135.1957210551208,IGFBP1;GH1;CDH3;IGFBP4;IGFBP3;INPPL1;IGFBP6,
GO_Biological_Process_2023,Regulation Of Smooth Muscle Cell Migration (GO:0014910),7/19,1.386216606884692e-05,0.000297993520275026,0,0,12.085778985507249,135.1957210551208,PDGFRB;LRP1;PLAU;IGFBP3;CCL5;PDGFB;S100A11,
GO_Biological_Process_2023,Positive Regulation Of Phosphatidylinositol 3-Kinase Activity (GO:0043552),8/26,1.530702406201015e-05,0.0003270222856704761,0,0,9.215330673437313,102.17220268553945,PDGFRB;FLT1;TGFB1;CCL21;KIT;PDGFB;CCL19;TEK,
GO_Biological_Process_2023,Positive Regulation Of Phagocytosis (GO:0050766),12/60,1.6370319494776265e-05,0.0003475931028921512,0,0,5.198087431693989,57.28313479786312,FCN1;C3;FCN2;PTPRC;AHSG;SFTPD;CCL2;TREM2;CFP;CD300LF;MERTK;SIRPB1,
GO_Biological_Process_2023,Positive Regulation Of Cellular Component Organization (GO:0051130),17/113,1.7382225044334493e-05,0.0003668285419417176,0,0,3.69286858974359,40.47407026373604,TGFB1;ANXA2;AHNAK;LRP1;DCTN1;TREM2;RHOC;CLU;DLL1;IGF1R;VEGFA;CDH5;BCL2L11;HYAL1;SMPD1;APOE;CCL19,
GO_Biological_Process_2023,Negative Regulation Of Signal Transduction (GO:0009968),29/267,1.929726902954856e-05,0.0004047748370379853,0,0,2.555702681963654,27.74355051339879,LRPAP1;GPI;ASAH2;LRP1;PDCD6;INPPL1;TREM2;HHEX;FRZB;SMPD1;CCL5;BRAP;LYN;PTPN1;EGFL7;MPIG6B;AHSG;GDF15;BDNF;IGFBP3;WWP2;DKK1;SMAD5;AGT;DKK4;BPIFB1;PTPRC;TYRO3;LGMN,
GO_Biological_Process_2023,Regulation Of Calcium Ion Import (GO:0090279),7/20,2.0474494700740425e-05,0.0004268808804774856,0,0,11.15551839464883,120.43866468522828,PDGFRB;CXCL12;EGF;PDGFB;CCL3;CCL2;PKD2,
GO_Biological_Process_2023,Sprouting Angiogenesis (GO:0002040),11/52,2.104959911816428e-05,0.0004362434883111771,0,0,5.574395569283204,60.0285980205677,BMP4;ESM1;TGFB1;ANGPT1;KDR;VEGFC;TEK;DLL1;EPHB4;ENG;VEGFA,vascular
GO_Biological_Process_2023,Positive Regulation Of Tumor Necrosis Factor Superfamily Cytokine Production (GO:1903557),14/82,2.2232295670938203e-05,0.0004580117578399828,0,0,4.285645254816056,45.91625140371095,CD84;HSPB1;CLU;MAVS;PTPRC;CCL3;TNFRSF8;LGALS9;CCL19;CD14;FADD;TLR3;TMEM106A;HAVCR2,immune
GO_Biological_Process_2023,Regulation Of Axon Extension (GO:0030516),9/35,2.25460665728862e-05,0.0004602031992224224,0,0,7.182126696832579,76.84839610870573,RTN4R;SEMA7A;PTPRS;TWF2;ISLR2;NRCAM;APOE;L1CAM;KIAA0319,
GO_Biological_Process_2023,Granulocyte Migration (GO:0097530),5/9,2.2812082482497423e-05,0.0004602031992224224,0,0,25.852765726681127,276.32005361360183,ITGB2;CCL3;GP2;UMOD;IRAK4,
GO_Biological_Process_2023,Regulation Of Dendritic Cell Apoptotic Process (GO:2000668),5/9,2.2812082482497423e-05,0.0004602031992224224,0,0,25.852765726681127,276.32005361360183,LYN;CXCL12;CCL21;CCL19;LGALS9,
GO_Biological_Process_2023,Regulation Of Tumor Necrosis Factor Production (GO:0032680),18/127,2.287054327253876e-05,0.0004602031992224224,0,0,3.445181215369243,36.81403784612046,CD84;HSPB1;CLU;LILRB4;VSIR;MAVS;PTPRC;CCL3;TNFRSF8;GHRL;PTPN6;LGALS9;CD14;FADD;CCL19;TLR3;TMEM106A;HAVCR2,
GO_Biological_Process_2023,Negative Regulation Of Immune System Process (GO:0002683),10/44,2.5680726407630764e-05,0.0005096963420824106,0,0,6.106549490025017,64.54482233693417,LYN;FCRLB;COL3A1;BPIFB1;TYRO3;TREM2;FADD;LILRB2;PDCD1;LILRB4,immune
GO_Biological_Process_2023,Regulation Of Viral Entry Into Host Cell (GO:0046596),10/44,2.5680726407630764e-05,0.0005096963420824106,0,0,6.106549490025017,64.54482233693417,FCN1;CD74;CD4;LGALS1;SMPD1;TRIM25;TRIM58;LGALS9;P4HB;NECTIN2,immune
GO_Biological_Process_2023,Negative Regulation Of MAPK Cascade (GO:0043409),16/105,2.5919259233315305e-05,0.0005096963420824106,0,0,3.746272154318628,39.562597992160725,LYN;EPHA4;PTPN1;PTPRR;PSCA;CD300A;LILRB4;AGT;IGF1R;BMP4;PTPRC;TNIP1;SMPD1;DAG1;TIMP3;APOE,
GO_Biological_Process_2023,Positive Regulation Of Stress-Activated MAPK Cascade (GO:0032874),16/105,2.5919259233315305e-05,0.0005096963420824106,0,0,3.746272154318628,39.562597992160725,CCL21;SEMA4C;AXIN1;EIF2AK2;TRAF2;EDA2R;VEGFA;EDAR;BMP4;LEP;CD27;CCN2;IGFBP6;CCL19;TLR3;MAP3K5,stress response
GO_Biological_Process_2023,Positive Regulation Of Protein Serine/Threonine Kinase Activity (GO:0071902),17/117,2.762671956628544e-05,0.0005402038215757848,0,0,3.5444065934065936,37.20466893141829,PDGFRB;CD40;EDN1;TGFB1;FLT1;SRC;EGF;PDGFB;PKD2;VEGFA;GHR;GH1;IRAK1;KIT;ERP29;TNFSF11;ADAM8,
GO_Biological_Process_2023,Positive Regulation Of Programmed Cell Death (GO:0043068),27/245,2.8578610966678697e-05,0.0005556773739082864,0,0,2.594724770642202,27.14822122542188,ITGB1;DIABLO;HTRA2;FASLG;STK4;CLU;LGALS1;BCL2L11;CASP8;PNMA1;ADAMTSL4;FRZB;SMPD1;CASP3;TNFSF10;TNFRSF8;FADD;CTSD;MAP3K5;CRADD;IGFBP3;GZMA;HIP1R;TNFRSF10B;TNFRSF10A;BMP4;MNDA,
GO_Biological_Process_2023,Activation Of NF-kappaB-inducing Kinase Activity (GO:0007250),6/15,3.404401029652617e-05,0.0006582475957333915,0,0,13.7994933043793,141.96720619683808,IRAK1;TNFRSF10B;CHI3L1;TNFRSF10A;TRAF2;TLR3,
GO_Biological_Process_2023,Regulation Of Interleukin-10 Production (GO:0032653),10/46,3.878611520110496e-05,0.0007457708039501349,0,0,5.766690900278687,58.57486428388803,CD274;CD40LG;CD28;XCL1;LGALS9;CD46;DLL1;PIBF1;LILRB4;VSIR,immune
GO_Biological_Process_2023,Positive Regulation Of Viral Life Cycle (GO:1903902),7/22,4.1520609869226655e-05,0.0007895759931724916,0,0,9.667101449275362,97.53448609075392,CD74;CD4;LGALS1;SMPD1;TYRO3;LGALS9;P4HB,
GO_Biological_Process_2023,Regulation Of Regulatory T Cell Differentiation (GO:0045589),7/22,4.1520609869226655e-05,0.0007895759931724916,0,0,9.667101449275362,97.53448609075392,LAG3;CR1;MDK;LILRB2;CD46;LILRB4;VSIR,immune
GO_Biological_Process_2023,Angiogenesis Involved In Wound Healing (GO:0060055),5/10,4.387907976166574e-05,0.0008208945678655412,0,0,20.68112798264642,207.5159457179506,KDR;PRCP;HPSE;CD34;VEGFA,vascular
GO_Biological_Process_2023,Negative Regulation Of Activated T Cell Proliferation (GO:0046007),5/10,4.387907976166574e-05,0.0008208945678655412,0,0,20.68112798264642,207.5159457179506,CD274;PRKAR1A;CRTAM;LGALS9;LILRB4,immune
GO_Biological_Process_2023,Negative Regulation Of Hemostasis (GO:1900047),5/10,4.387907976166574e-05,0.0008208945678655412,0,0,20.68112798264642,207.5159457179506,EDN1;PROC;SERPINE2;APOH;APOE,
GO_Biological_Process_2023,Positive Regulation Of Axonogenesis (GO:0050772),9/38,4.593070562435236e-05,0.0008500864821705001,0,0,6.438133874239351,64.30650635972721,NTRK2;SEMA7A;SLITRK1;BDNF;TWF2;PLXNB3;ISLR2;L1CAM;PLXNA4,
GO_Biological_Process_2023,Positive Regulation Of Protein Tyrosine Kinase Activity (GO:0061098),9/38,4.593070562435236e-05,0.0008500864821705001,0,0,6.438133874239351,64.30650635972721,EFNA1;EPHA4;PTPN1;ACE;SRC;EGF;PDGFB;AGT;HBEGF,
GO_Biological_Process_2023,Extrinsic Apoptotic Signaling Pathway Via Death Domain Receptors (GO:0008625),8/30,4.861760178792677e-05,0.0008856079988842871,0,0,7.538233257493323,74.86615141882427,CASP8;CRADD;DIABLO;SORT1;TNFRSF10B;FASLG;TNFRSF10A;FADD,
GO_Biological_Process_2023,Positive Regulation Of JUN Kinase Activity (GO:0043507),8/30,4.861760178792677e-05,0.0008856079988842871,0,0,7.538233257493323,74.86615141882427,ERN1;PTPN1;EDN1;TRAF2;TNFRSF11A;CCL19;DKK1;MAP3K5,
GO_Biological_Process_2023,Positive Regulation Of Lipid Kinase Activity (GO:0090218),8/30,4.861760178792677e-05,0.0008856079988842871,0,0,7.538233257493323,74.86615141882427,PDGFRB;FLT1;TGFB1;CCL21;KIT;PDGFB;CCL19;TEK,
GO_Biological_Process_2023,Regulation Of Calcium Ion Transport (GO:0051924),11/57,5.203006757970738e-05,0.0009385266495803428,0,0,4.967177710271502,48.99469506795875,CD84;CRACR2A;CD4;EGF;CCL5;F2R;CCL4;CCL3;IL16;LILRB2;PKD2,electrolyte transport
GO_Biological_Process_2023,Positive Regulation Of Homotypic Cell-Cell Adhesion (GO:0034112),6/16,5.233621594019249e-05,0.0009385266495803428,0,0,12.418892508143324,122.42323129982822,CCL5;PLAUR;TNFSF11;F11R;GP6;IL6ST,
GO_Biological_Process_2023,Positive Regulation Of Positive Chemotaxis (GO:0050927),6/16,5.233621594019249e-05,0.0009385266495803428,0,0,12.418892508143324,122.42323129982822,CXCL12;CNTN1;KDR;VEGFC;IL16;VEGFA,
GO_Biological_Process_2023,Regulation Of Protein Tyrosine Kinase Activity (GO:0061097),9/39,5.727331363484734e-05,0.0010119283002335,0,0,6.223202614379085,60.786225409185626,EFNA1;EPHA4;PTPN1;ACE;PTPRC;PDGFB;THY1;LILRB4;AGT,
GO_Biological_Process_2023,Regulation Of Receptor-Mediated Endocytosis (GO:0048259),9/39,5.727331363484734e-05,0.0010119283002335,0,0,6.223202614379085,60.786225409185626,C3;LRPAP1;CCL21;HIP1R;CCL19;RSPO1;CLU;DKK1;ARF6,
GO_Biological_Process_2023,Positive Regulation Of Neutrophil Migration (GO:1902624),7/23,5.7306543439980106e-05,0.0010119283002335,0,0,9.062432065217392,88.51364165994087,CD74;CCL21;MDK;XCL1;CCL19;THBS4;XG,
GO_Biological_Process_2023,Response To Organic Cyclic Compound (GO:0014070),11/58,6.154826636596966e-05,0.0010813124360031,0,0,4.861237573167332,47.133047042318,CDKN2D;GH1;TGFB1;CCL5;IL18;CCL3;CCL2;FGFR4;CLU;TLR3;ADA,
GO_Biological_Process_2023,Protein Autophosphorylation (GO:0046777),20/162,6.284858118831387e-05,0.00109340345371,0,0,2.939733217385903,28.44127859770598,PDGFRB;LYN;EPHA4;NTRK2;FLT1;SRC;EIF2AK2;STK4;IGF1R;ERN1;IRAK1;ERBB4;KIT;KDR;TYRO3;ABL1;TEK;EPHA1;FGFR4;EPHB4,
GO_Biological_Process_2023,Positive Regulation Of Leukocyte Migration (GO:0002687),8/31,6.288184114205452e-05,0.00109340345371,0,0,7.210105502199934,69.75238572245392,MDK;XCL1;ADAM8;THY1;ZP3;IL6R;ICAM1;VEGFA,immune
GO_Biological_Process_2023,Negative Regulation Of Neuron Projection Regeneration (GO:0070571),4/6,6.381609293540576e-05,0.00109340345371,0,0,41.32394366197183,399.1688469952705,RTN4R;EPHA4;PTPRS;THY1,
GO_Biological_Process_2023,Nucleoside Diphosphate Catabolic Process (GO:0009134),4/6,6.381609293540576e-05,0.00109340345371,0,0,41.32394366197183,399.1688469952705,ENTPD2;ENTPD5;ENTPD6;NUDT5,
GO_Biological_Process_2023,Positive Regulation Of Amyloid-Beta Clearance (GO:1900223),4/6,6.381609293540576e-05,0.00109340345371,0,0,41.32394366197183,399.1688469952705,LRPAP1;LRP1;TREM2;APOE,
GO_Biological_Process_2023,Positive Regulation Of Endocytosis (GO:0045807),13/79,6.456790885339607e-05,0.0011008351356729,0,0,4.096064584576619,39.5179833805588,LRP1;CCL21;AHSG;SFTPD;TREM2;MERTK;CLU;DLL1;SIRPB1;C3;SMPD1;APOE;CCL19,
GO_Biological_Process_2023,Regulation Of Interleukin-6 Production (GO:0032675),16/114,7.23488917415997e-05,0.0012274485995964,0,0,3.4006138130334462,32.42148753812432,CD74;CD84;F2R;TREM2;IL16;LILRB2;LILRB4;IL17RA;MAVS;LEP;GHRL;PTPN6;LGALS9;IL6R;TLR3;TMEM106A,immune
GO_Biological_Process_2023,Negative Regulation Of Protein Serine/Threonine Kinase Activity (GO:0071901),13/80,7.38713297316852e-05,0.0012351143584606,0,0,4.034717005780724,38.38301238767884,HEXIM1;LYN;PTPN1;CDKN1A;CD300A;HEG1;AGT;BMP4;HHEX;PRKAR1A;SMPD1;PRKAR2A;APOE,
GO_Biological_Process_2023,Positive Regulation Of Immune Response (GO:0050778),13/80,7.38713297316852e-05,0.0012351143584606,0,0,4.034717005780724,38.38301238767884,CD74;ITGAM;ITGB2;CFP;PTPRC;CCL5;STX4;LGALS9;FADD;CD46;IL6ST;ZP3;SKAP1,immune
GO_Biological_Process_2023,Regulation Of Protein Localization To Plasma Membrane (GO:1903076),13/80,7.38713297316852e-05,0.0012351143584606,0,0,4.034717005780724,38.38301238767884,ITGB1;LRPAP1;TGFB1;LRP1;STX8;STX7;TREM2;VAMP8;CNPY4;NUMB;STX4;ARF6;EPHA2,
GO_Biological_Process_2023,Macrophage Chemotaxis (GO:0048246),5/11,7.737145246220323e-05,0.0012628087324081,0,0,17.233369486623282,163.14645938676668,CCL5;SFTPD;CCL3;CXCL17;CCL2,
GO_Biological_Process_2023,Negative Regulation Of Leukocyte Apoptotic Process (GO:2000107),5/11,7.737145246220323e-05,0.0012628087324081,0,0,17.233369486623282,163.14645938676668,CXCL12;CCL21;HCLS1;CCL19;MERTK,immune
GO_Biological_Process_2023,Negative Regulation Of Nitrogen Compound Metabolic Process (GO:0051172),5/11,7.737145246220323e-05,0.0012628087324081,0,0,17.233369486623282,163.14645938676668,EDN1;TGFB1;APOE;LILRB2;LDLR,
GO_Biological_Process_2023,Mononuclear Cell Differentiation (GO:1903131),7/24,7.768046177028454e-05,0.0012628087324081,0,0,8.528900255754476,80.7081881369703,LYN;BMP4;LY6D;MYH9;TREM2;CLU;VEGFA,
GO_Biological_Process_2023,Protein Kinase B Signaling (GO:0043491),7/24,7.768046177028454e-05,0.0012628087324081,0,0,8.528900255754476,80.7081881369703,TGFB1;CCL5;CCL3;KDR;TYRO3;CCL2;EPHA2,
GO_Biological_Process_2023,Negative Regulation Of Leukocyte Activation (GO:0002695),6/17,7.771691996617381e-05,0.0012628087324081,0,0,11.289310038495708,106.8243913811974,MILR1;CD84;CD300A;CD300LF;LILRB4;HAVCR2,immune
GO_Biological_Process_2023,Regulation Of Natural Killer Cell Mediated Cytotoxicity (GO:0042269),8/32,8.045859310454312e-05,0.0013012485548356,0,0,6.909321726514327,65.13948142679122,NCR1;KLRK1;LAMP1;LEP;CRTAM;LGALS9;PVR;NECTIN2,
GO_Biological_Process_2023,Regulation Of Chemokine Production (GO:0032642),9/41,8.71210690812395e-05,0.0014024466050705,0,0,5.833639705882353,54.53409958244325,CD74;IL7;IL18;EIF2AK2;TREM2;LGALS9;IL6R;LILRB4;TLR3,immune
GO_Biological_Process_2023,Positive Regulation Of Macromolecule Metabolic Process (GO:0010604),34/364,8.818830906582482e-05,0.0014130543410963,0,0,2.162482608843191,20.189015818580465,YAP1;CALCOCO1;PDGFB;TNC;TREM2;CLU;DLL1;VSIR;FGF5;CDH5;CDH3;LAMP3;CCL3;LGALS9;CD34;CD74;NTRK2;PTPN1;TGFB1;ANXA2;ANGPT1;EGF;DKK1;AGT;VEGFA;BMP4;OCLN;CD28;ERP29;CNTN1;CD46;FGFR4;TLR3;EIF4G1,
GO_Biological_Process_2023,Positive Regulation Of Leukocyte Mediated Cytotoxicity (GO:0001912),10/51,9.855203897566544e-05,0.0015718368981326,0,0,5.062106019097269,46.69755259417544,ITGAM;KLRK1;LAMP1;STX7;CRTAM;XCL1;FADD;CD1C;PVR;NECTIN2,immune
GO_Biological_Process_2023,Protein Processing (GO:0016485),16/117,9.921178353879963e-05,0.0015733813744859,0,0,3.299083805197205,30.411791708489535,CPM;KLK1;CPXM2;HTRA2;ASRGL1;CTSS;VSIR;KLK6;KEL;F9;CNTN1;FXN;KLKB1;HGFAC;LGMN;METAP2,
GO_Biological_Process_2023,Negative Regulation Of Intrinsic Apoptotic Signaling Pathway (GO:2001243),11/61,9.955808177186746e-05,0.0015733813744859,0,0,4.568842794759825,42.100832539644216,CDKN2D;PTPN1;CXCL12;SRC;PLAUR;HSPB1;HTRA2;HYOU1;ENO1;CLU;MMP9,
GO_Biological_Process_2023,Regulation Of Monocyte Chemotaxis (GO:0090025),7/25,0.00010359464511625512,0.0016223577680875,0,0,8.054649758454106,73.90161223588848,LYN;CXCL12;CCL5;CXCL17;SLAMF8;PLA2G7;LGMN,
GO_Biological_Process_2023,Regulation Of Platelet Aggregation (GO:0090330),7/25,0.00010359464511625512,0.0016223577680875,0,0,8.054649758454106,73.90161223588848,LYN;CEACAM1;SERPINE2;F11R;GP6;IL6ST;PRKG1,
GO_Biological_Process_2023,Cellular Response To Growth Factor Stimulus (GO:0071363),19/155,0.00010461137351480707,0.0016309007375439,0,0,2.9136677247991707,26.70451723648511,ACVRL1;TGFB1;FLT1;HGF;MARS1;PDGFB;TWF2;HTRA2;HSPB1;CRKL;VEGFA;ERN1;BMP4;HYAL1;CCL5;KDR;XCL1;CCL2;LGMN,
GO_Biological_Process_2023,Negative Regulation Of Cell Adhesion (GO:0007162),12/72,0.00010784850343284626,0.0016663556713441,0,0,4.155846994535519,37.96276073229018,ACVRL1;EPHA4;CD164;TGFB1;PTPRC;DSCAM;ANGPT1;MDK;PODXL;PLXNB3;SPINT2;PLXNA4,
GO_Biological_Process_2023,Transforming Growth Factor Beta Receptor Signaling Pathway (GO:0007179),12/72,0.00010784850343284626,0.0016663556713441,0,0,4.155846994535519,37.96276073229018,ACVRL1;ITGB1;GPI;CDH5;COL3A1;TGFB1;ITGB5;SRC;GDF15;PTPRK;SMAD5;ENG,
GO_Biological_Process_2023,Positive Regulation Of Macrophage Migration (GO:1905523),6/18,0.0001120158370731188,0.0017154283721684,0,0,10.34799131378936,94.13433478732946,MDK;RARRES2;CCL5;CXCL17;CCL3;TREM2,
GO_Biological_Process_2023,Positive Regulation Of Neutrophil Chemotaxis (GO:0090023),6/18,0.0001120158370731188,0.0017154283721684,0,0,10.34799131378936,94.13433478732946,CD74;CCL21;MDK;XCL1;CCL19;THBS4,
GO_Biological_Process_2023,Regulation Of T Cell Activation (GO:0050863),11/62,0.0001160264075539403,0.001769019368036,0,0,4.479022176556212,40.58752274604584,MYDGF;CD4;GPNMB;CCL5;CRTAM;TNFSF11;CCL2;THY1;TNFRSF1B;SIRPB1;PAG1,immune
GO_Biological_Process_2023,Synapse Organization (GO:0050808),17/131,0.00011793611401547404,0.0017902495202085,0,0,3.106834393676499,28.10245881131109,C1QA;PTPRS;DBNL;DSCAM;BDNF;DCTN1;F2R;TNC;L1CAM;DKK1;PTPRF;SLITRK1;HMCN2;SLITRK6;SNCG;NRCAM;AGRN,
GO_Biological_Process_2023,Regulation Of Cysteine-Type Endopeptidase Activity Involved In Apoptotic Process (GO:0043281),13/84,0.00012366539226451508,0.0018690214961898,0,0,3.806607698708664,34.251593756662466,CDKN2D;SRC;PDCD6;HGF;F2R;HTRA2;VEGFA;DNAJB6;LAMP3;TNFSF10;DPEP1;CTSD;MAP3K5,
GO_Biological_Process_2023,Macrophage Migration (GO:1905517),5/12,0.00012757491226435562,0.0018844149977528,0,0,14.770684846606756,132.44587759990426,CCL5;SFTPD;CCL3;CXCL17;CCL2,
GO_Biological_Process_2023,Negative Regulation Of Coagulation (GO:0050819),5/12,0.00012757491226435562,0.0018844149977528,0,0,14.770684846606756,132.44587759990426,EDN1;PROC;SERPINE2;APOH;APOE,
GO_Biological_Process_2023,Positive Regulation By Symbiont Of Entry Into Host (GO:0075294),5/12,0.00012757491226435562,0.0018844149977528,0,0,14.770684846606756,132.44587759990426,CD74;LGALS1;SMPD1;LGALS9;P4HB,
GO_Biological_Process_2023,Positive Regulation Of Viral Entry Into Host Cell (GO:0046598),5/12,0.00012757491226435562,0.0018844149977528,0,0,14.770684846606756,132.44587759990426,CD74;LGALS1;SMPD1;LGALS9;P4HB,immune
GO_Biological_Process_2023,Regulation Of Phosphatidylinositol 3-Kinase Activity (GO:0043551),8/34,0.0001279089537239469,0.0018844149977528,0,0,6.377165815685946,57.16613780664284,PDGFRB;FLT1;TGFB1;CCL21;KIT;PDGFB;CCL19;TEK,
GO_Biological_Process_2023,Regulation Of Cell-Cell Adhesion (GO:0022407),9/43,0.0001290396863529123,0.0018844149977528,0,0,5.489907727797001,49.16426781206862,PTPRR;CEACAM1;TGFB1;SRC;PODXL;RNASE10;ADAM8;SPINT2;MDGA1,
GO_Biological_Process_2023,Regulation Of Endothelial Cell Apoptotic Process (GO:2000351),9/43,0.0001290396863529123,0.0018844149977528,0,0,5.489907727797001,49.16426781206862,CDH5;CD40;CD40LG;ANGPT1;KDR;CCL2;FASLG;TEK;ICAM1,vascular
GO_Biological_Process_2023,Response To Amyloid-Beta (GO:1904645),9/43,0.0001290396863529123,0.0018844149977528,0,0,5.489907727797001,49.16426781206862,MMP12;EPHA4;VCAM1;LRP1;TREM2;MMP9;ICAM1;IGF1R;LGMN,
GO_Biological_Process_2023,Cellular Response To Transforming Growth Factor Beta Stimulus (GO:0071560),14/96,0.0001326773685365249,0.0019293965231298,0,0,3.5513317126599526,31.70483411406618,ACVRL1;ITGB1;GPI;TGFB1;ITGB5;SRC;GDF15;PTPRK;SMAD5;CRKL;CDH5;COL3A1;XCL1;ENG,
GO_Biological_Process_2023,Positive Regulation Of Chemokine Production (GO:0032722),10/53,0.000138294630718145,0.0020026682716129,0,0,4.826152012376049,42.8857859173178,CD74;CD84;MAVS;IL7;IL18;EIF2AK2;LGALS9;IL6R;TLR3;IL17RA,immune
GO_Biological_Process_2023,Calcium-Mediated Signaling (GO:0019722),13/85,0.00013989622201706432,0.002017420101671,0,0,3.7535406029662046,33.3112077751339,EDN1;VCAM1;CCL20;CLU;SELE;PPP1R9B;LAT2;SELP;PPP3R1;PTPRC;KDR;CCL3;TNFSF11,
GO_Biological_Process_2023,"Negative Regulation Of Complement Activation, Classical Pathway (GO:0045959)",4/7,0.00014342374795687704,0.0020178438686128,0,0,27.54785120982304,243.79041270899924,CR2;CR1;C4BPB;CD46,immune
GO_Biological_Process_2023,Negative Regulation Of Inflammatory Response To Wounding (GO:0106015),4/7,0.00014342374795687704,0.0020178438686128,0,0,27.54785120982304,243.79041270899924,MDK;SIGLEC10;PTPN6;GIT1,immune
GO_Biological_Process_2023,Positive Regulation Of Apoptotic Cell Clearance (GO:2000427),4/7,0.00014342374795687704,0.0020178438686128,0,0,27.54785120982304,243.79041270899924,C3;CCL2;TREM2;CD300LF,
GO_Biological_Process_2023,Positive Regulation Of Calcium Ion Import (GO:0090280),4/7,0.00014342374795687704,0.0020178438686128,0,0,27.54785120982304,243.79041270899924,PDGFRB;CXCL12;CCL3;PDGFB,
GO_Biological_Process_2023,Regulation Of Activation Of Janus Kinase Activity (GO:0010533),4/7,0.00014342374795687704,0.0020178438686128,0,0,27.54785120982304,243.79041270899924,GH1;CD300A;CCL5;IL6R,
GO_Biological_Process_2023,Regulation Of Leukocyte Proliferation (GO:0070663),4/7,0.00014342374795687704,0.0020178438686128,0,0,27.54785120982304,243.79041270899924,HHEX;IL5RA;CSF2RB;CSF2RA,immune
GO_Biological_Process_2023,Extracellular Structure Organization (GO:0043062),15/109,0.00015089788729294435,0.002114403189963,0,0,3.320793673012318,29.219355335930096,MIA;COL24A1;DMP1;MMP9;MMP10;COL1A1;MMP12;ADAMTS15;COL3A1;SPINT1;ADAMTSL4;SMOC1;COL9A1;ADAMTS8;MATN2,
GO_Biological_Process_2023,Extracellular Matrix Disassembly (GO:0022617),9/44,0.00015561784699316458,0.0021717474534005,0,0,5.332773109243697,46.7583265878834,MMP12;ADAMTS15;ADAM15;CAPG;ADAM8;TPSAB1;MMP9;CTSS;MMP10,
GO_Biological_Process_2023,Positive Regulation Of Axon Extension (GO:0045773),6/19,0.00015731784325624535,0.0021779082220394,0,0,9.55149085442245,83.64471992727809,SEMA7A;DSCAM;TWF2;ISLR2;L1CAM;VEGFA,
GO_Biological_Process_2023,Regulation Of Tissue Remodeling (GO:0034103),6/19,0.00015731784325624535,0.0021779082220394,0,0,9.55149085442245,83.64471992727809,TGFB1;GPNMB;MDK;LEP;IL18;THBS4,
GO_Biological_Process_2023,Regulation Of Blood Vessel Endothelial Cell Migration (GO:0043535),10/54,0.00016275995843833578,0.0022442717775102,0,0,4.7162188956082085,41.14068144695048,CD40;TGFB1;ANGPT1;KDR;PDGFB;HSPB1;PRCP;APOE;EPHA2;VEGFA,vascular
GO_Biological_Process_2023,External Encapsulating Structure Organization (GO:0045229),15/110,0.00016737324398556616,0.002298725386643,0,0,3.285664819944598,28.569789544876624,MIA;COL24A1;DMP1;MMP9;MMP10;COL1A1;MMP12;ADAMTS15;COL3A1;SPINT1;ADAMTSL4;SMOC1;COL9A1;ADAMTS8;MATN2,
GO_Biological_Process_2023,Regulation Of Neuron Projection Development (GO:0010975),20/174,0.00016984294723771187,0.002323424665572,0,0,2.708944858889732,23.515365314337924,SCARB2;RTN4R;LYN;RET;EPHA4;NTRK2;PTPRS;BDNF;MYCBP2;TWF2;MDK;NCS1;PLXNB3;TNR;APOE;RTN4IP1;PDLIM5;SCARF1;ARSB;DBN1,
GO_Biological_Process_2023,Regulation Of Cell Motility (GO:2000145),16/123,0.00018008451633965482,0.0024538287836675,0,0,3.11310360392708,26.84144165181577,ROBO4;TGFB1;SERPINE2;CCL21;TNC;NEXN;SPINT2;FGF5;CEACAM1;ERBB4;AKT2;ENPP2;ABL1;TNR;CCL19;PLXNA4,
GO_Biological_Process_2023,Negative Regulation Of Protein Phosphorylation (GO:0001933),18/149,0.0001896121085386614,0.0025735196378521,0,0,2.863275640541153,24.539790080700843,LYN;CDKN1A;TGFB1;LRP1;IGFBP3;HSPB1;THY1;DKK1;SIRT2;CRKL;OCLN;CEACAM1;PTPRC;DMD;PTPN6;EPHA1;EIF4G1;ENG,
GO_Biological_Process_2023,Receptor Signaling Pathway Via JAK-STAT (GO:0007259),8/36,0.00019635506378493163,0.0026546284209361,0,0,5.921032177833048,50.53947928976285,GHR;GH1;LEP;CSF2RB;STAMBP;PKD2;CSF2RA;IFNAR1,
GO_Biological_Process_2023,Positive Regulation Of Defense Response (GO:0031349),16/124,0.00019804135391291407,0.0026646585902356,0,0,3.084115949099484,26.29836368882653,PLA2G2A;IL18;OSM;IL16;PLA2G7;AGT;IL17RA;LGALS1;TNIP1;MDK;CCL5;CCL3;ADAM8;FADD;ZP3;TLR3,
GO_Biological_Process_2023,Immune Response-Regulating Cell Surface Receptor Signaling Pathway (GO:0002768),5/13,0.00019940669600434328,0.0026646585902356,0,0,12.92367136659436,110.11180107938311,LYN;PIGR;CD40;KIT;LILRB2,immune
GO_Biological_Process_2023,Substrate-Dependent Cell Migration (GO:0006929),5/13,0.00019940669600434328,0.0026646585902356,0,0,12.92367136659436,110.11180107938311,PTPRC;OPHN1;ITGA2;ITGA11;VEGFC,immune
GO_Biological_Process_2023,Negative Regulation Of Cell Migration (GO:0030336),19/163,0.00020388831000621216,0.0027140670805057,0,0,2.750634789525208,23.374724490725843,ACVRL1;EPHA4;CD74;PTPRR;LRP1;IGFBP3;THY1;PTPRK;SLURP1;RNF41;ADGRG1;COL3A1;ADAM15;DAG1;PLXNB3;DPEP1;EPPK1;EPHA1;ENG,
GO_Biological_Process_2023,Negative Regulation Of Immune Response (GO:0050777),11/66,0.00020711176435347751,0.00274641308976,0,0,4.152401746724891,35.22171796279681,LYN;FCRLB;COL3A1;CR1;YES1;CD300A;SRC;TYRO3;TREM2;PDCD1;HAVCR2,immune
GO_Biological_Process_2023,Defense Response To Bacterium (GO:0042742),22/204,0.00020840555328732375,0.0027530214501046,0,0,2.5232347762734504,21.38700003826701,FCN2;RNASE10;ANXA3;RARRES2;SFTPD;PLA2G2A;STAB2;IL18;UMOD;TREM2;RNASE3;CFP;RNASE1;WFDC2;SELP;MAVS;GNLY;SLAMF8;TNFRSF14;PGLYRP1;IL6R;TLR3,
GO_Biological_Process_2023,Calcium-Mediated Signaling Using Intracellular Calcium Source (GO:0035584),6/20,0.0002159653698775154,0.0028420385746999,0,0,8.8687761749651,74.85595180292988,SELP;VCAM1;PTPRC;CCL20;KDR;CLU,
GO_Biological_Process_2023,Cellular Component Disassembly (GO:0022411),9/46,0.0002225648359463224,0.0029177912773114,0,0,5.043985161632221,42.42138856392176,MMP12;ADAMTS15;ADAM15;CAPG;ADAM8;TPSAB1;MMP9;CTSS;MMP10,
GO_Biological_Process_2023,Negative Regulation Of Type II Interferon Production (GO:0032689),7/28,0.0002259337585167507,0.0029286769221965,0,0,6.902898550724638,57.95168818057831,CD274;CR1;XCL1;LGALS9;LILRB4;VSIR;HAVCR2,immune
GO_Biological_Process_2023,Negative Regulation Of Wound Healing (GO:0061045),7/28,0.0002259337585167507,0.0029286769221965,0,0,6.902898550724638,57.95168818057831,EDN1;PROC;SERPINE2;APOH;CD109;EPPK1;APOE,
GO_Biological_Process_2023,Vascular Endothelial Growth Factor Receptor Signaling Pathway (GO:0048010),7/28,0.0002259337585167507,0.0029286769221965,0,0,6.902898550724638,57.95168818057831,FLT1;SRC;PDCD6;KDR;HSPB1;VEGFC;VEGFA,vascular
GO_Biological_Process_2023,Negative Regulation Of Cytokine Production (GO:0001818),20/178,0.0002308823815330078,0.0029816564271855,0,0,2.6398057303950986,22.10468293425135,CD274;CD84;CR1;SFTPD;OTUD7B;SSC5D;TREM2;DLL1;LILRB4;VSIR;CEACAM1;PTPRC;GPNMB;XCL1;GHRL;PTPN6;LGALS9;PIBF1;CD34;HAVCR2,immune
GO_Biological_Process_2023,Proteolysis Involved In Protein Catabolic Process (GO:0051603),12/78,0.00023635206264825757,0.0030409460551138,0,0,3.776850471932439,31.53741176676834,BAG6;CASP8;CLPP;GZMA;CTSZ;LONP1;OTUD7B;GZMB;CTSS;CTSC;RNF41;LGMN,
GO_Biological_Process_2023,Negative Regulation Of Endothelial Cell Proliferation (GO:0001937),8/37,0.0002404410011913292,0.0030820974263821,0,0,5.716558478105887,47.63628654120259,ATP5IF1;FLT1;APOH;PTPRM;CCL2;GHRL;PRL;APOE,vascular
GO_Biological_Process_2023,Regulation Of Canonical Wnt Signaling Pathway (GO:0060828),22/207,0.0002565606179576501,0.0032765915083078,0,0,2.481923249216067,20.520902777538016,CCL14;IGFBP1;USP8;DRAXIN;TGFB1;IGFBP4;EGF;AXIN1;STK4;DKK1;DKK4;COL1A1;HHEX;CDH3;FRZB;MDK;GPC5;APOE;RSPO1;TBL1X;IGFBP6;FOLR1,
GO_Biological_Process_2023,Positive Regulation Of Protein Localization To Membrane (GO:1905477),12/79,0.0002671195006206409,0.0033988992340001,0,0,3.7202838267678,30.60980496036554,ITGB1;ITGAM;LRP1;CNPY4;AKT2;ITGB2;GZMB;TREM2;STX4;SLC51B;ARF6;EPHA2,
GO_Biological_Process_2023,Intestinal Epithelial Cell Differentiation (GO:0060575),4/8,0.0002763062613641786,0.0034774398930233,0,0,20.659804983748646,169.28645577192114,YAP1;SRC;NPY;IL6ST,
GO_Biological_Process_2023,Negative Regulation Of Leukocyte Degranulation (GO:0043301),4/8,0.0002763062613641786,0.0034774398930233,0,0,20.659804983748646,169.28645577192114,CD84;CEACAM1;CD300A;LGALS9,immune
GO_Biological_Process_2023,Synapse Pruning (GO:0098883),4/8,0.0002763062613641786,0.0034774398930233,0,0,20.659804983748646,169.28645577192114,C3;ITGAM;TREM2;DKK1,
GO_Biological_Process_2023,Regulation Of Developmental Growth (GO:0048638),7/29,0.0002860003192992194,0.0035864025546905,0,0,6.588784584980237,53.76130398612423,GHR;LEP;MYCBP2;NRCAM;EPPK1;APOE;DLL1,
GO_Biological_Process_2023,Negative Regulation Of Interleukin-2 Production (GO:0032703),6/21,0.0002905576672939929,0.0036043730699086,0,0,8.277090119435396,67.40620908554455,CR1;PTPRC;SFTPD;XCL1;LILRB4;HAVCR2,immune
GO_Biological_Process_2023,Positive Regulation Of Blood Coagulation (GO:0030194),6/21,0.0002905576672939929,0.0036043730699086,0,0,8.277090119435396,67.40620908554455,PLAU;APOH;F2R;CNTN1;PLAT;HPSE,
GO_Biological_Process_2023,Positive Regulation Of Granulocyte Chemotaxis (GO:0071624),6/21,0.0002905576672939929,0.0036043730699086,0,0,8.277090119435396,67.40620908554455,CD74;CCL21;MDK;XCL1;CCL19;THBS4,
GO_Biological_Process_2023,Negative Regulation Of T Cell Mediated Immunity (GO:0002710),5/14,0.0002983776965520529,0.0036750363265717,0,0,11.48710532658472,93.24256200875978,CEACAM1;PTPRC;CD80;XCL1;LILRB4,immune
GO_Biological_Process_2023,Positive Regulation Of Endothelial Cell Chemotaxis (GO:2001028),5/14,0.0002983776965520529,0.0036750363265717,0,0,11.48710532658472,93.24256200875978,KDR;HSPB1;MET;VEGFA;LGMN,vascular
GO_Biological_Process_2023,Cellular Defense Response (GO:0006968),9/48,0.00031182891664318534,0.0038135684823394,0,0,4.784816490698844,38.628090831475646,ITGB1;LGALS3BP;NCR1;NCF2;GNLY;UMOD;MNDA;LILRB2;CD300C,
GO_Biological_Process_2023,Cellular Response To Mechanical Stimulus (GO:0071260),9/48,0.00031182891664318534,0.0038135684823394,0,0,4.784816490698844,38.628090831475646,CD40;CASP8;CRADD;TNFRSF8;TNFRSF10B;TNFRSF10A;FADD;F11R;TLR3,
GO_Biological_Process_2023,B Cell Activation (GO:0042113),13/92,0.0003137505018310389,0.0038235580522437,0,0,3.419688114561117,27.586324688223108,ITGB1;TOP2B;CD40;CR2;VCAM1;LAT2;HHEX;CASP8;CD40LG;PTPRC;BANK1;KIT;CD22,immune
GO_Biological_Process_2023,Positive Regulation Of Proteolysis (GO:0045862),10/59,0.00034663813084906647,0.0042095248100653,0,0,4.233859301626866,33.73212734121292,ATP5IF1;CASP8;TNIP1;IST1;APOE;FADD;TNFRSF1B;FGFR4;CTSS;CTSC,
GO_Biological_Process_2023,Negative Regulation Of Epithelial Cell Proliferation (GO:0050680),11/70,0.0003525443526614895,0.0042662797362287,0,0,3.870068832802901,30.768340290015345,ATP5IF1;CEACAM1;TGFB1;APOH;PTPRM;EPPK1;GHRL;PRL;PTPRK;APOE;MTSS1,
GO_Biological_Process_2023,Artery Morphogenesis (GO:0048844),7/30,0.00035824761012702487,0.0043201915632391,0,0,6.301984877126654,50.00175140524805,PDGFRB;BMP4;LRP1;PKD2;FOLR1;VEGFA;ENG,
GO_Biological_Process_2023,Negative Regulation Of Cysteine-Type Endopeptidase Activity Involved In Apoptotic Process (GO:0043154),9/49,0.000366480900554232,0.0044041333222854,0,0,4.664950980392157,36.90705894301991,CDKN2D;DNAJB6;SRC;LAMP3;HGF;PLAUR;DPEP1;MMP9;VEGFA,
GO_Biological_Process_2023,Vesicle-Mediated Transport (GO:0016192),35/411,0.0004143573898835745,0.0049622523404396,0,0,1.951134791527526,15.196962950572496,CCL14;TINAGL1;STXBP1;SNAP23;STAB2;INPPL1;TNFAIP2;DPY30;AP1G2;CCL5;CCL3;STX4;LDLR;SNAP29;RAB11FIP3;WASHC3;ANXA2;SORT1;STX8;VTA1;STX7;HIP1R;IRAG2;RAB27B;AP3B1;COMMD1;DNM1;VAMP8;EHD3;RABEP1;PLIN3;MITD1;TBC1D23;CHMP6;ARF6,
GO_Biological_Process_2023,Positive Regulation Of Transport (GO:0051050),9/50,0.000428791394173286,0.0050512458075093,0,0,4.550932568149211,35.29038871878533,CDH3;ANXA2;LRP1;AKT2;SMPD1;HIP1R;APOE;CCL19;DLL1,
GO_Biological_Process_2023,Glycosaminoglycan Catabolic Process (GO:0006027),5/15,0.0004305453664302972,0.0050512458075093,0,0,10.337852494577008,80.12309011031105,TGFB1;IDUA;GLB1;HYAL1;FUCA1,
GO_Biological_Process_2023,Negative Regulation Of Platelet Activation (GO:0010544),5/15,0.0004305453664302972,0.0050512458075093,0,0,10.337852494577008,80.12309011031105,CEACAM1;SERPINE2;PDGFB;APOE;PRKG1,
GO_Biological_Process_2023,Regulation Of Amyloid-Beta Clearance (GO:1900221),5/15,0.0004305453664302972,0.0050512458075093,0,0,10.337852494577008,80.12309011031105,LRPAP1;LRP1;TREM2;APOE;CLU,
GO_Biological_Process_2023,Regulation Of Multicellular Organism Growth (GO:0040014),5/15,0.0004305453664302972,0.0050512458075093,0,0,10.337852494577008,80.12309011031105,GHR;GH1;GDF15;GHRL;PPIB,
GO_Biological_Process_2023,Sphingolipid Catabolic Process (GO:0030149),5/15,0.0004305453664302972,0.0050512458075093,0,0,10.337852494577008,80.12309011031105,ASAH1;ASAH2;SMPD1;ENPP2;GLA,
GO_Biological_Process_2023,Receptor Signaling Pathway Via STAT (GO:0097696),7/31,0.0004443963875187466,0.0051961347878458,0,0,6.039085144927537,46.61445194242549,GHR;GH1;CSF2RB;STAMBP;PKD2;CSF2RA;IFNAR1,
GO_Biological_Process_2023,Positive Regulation Of Cell Junction Assembly (GO:1901890),10/61,0.0004576433794685052,0.0053330092132676,0,0,4.067397951547031,31.27593247687088,SLITRK1;BDNF;KDR;SLITRK6;GHRL;THY1;TEK;AGT;EPHA2;VEGFA,
GO_Biological_Process_2023,Regulation Of Interleukin-1 Beta Production (GO:0032651),12/84,0.00047694970549246897,0.0054366420779062,0,0,3.4610200364298724,26.470225651136847,SERPINB1;CASP8;F2R;CCL3;HSPB1;GHRL;MNDA;LGALS9;CCL19;LILRB4;GIT1;TMEM106A,immune
GO_Biological_Process_2023,Positive Regulation Of Supramolecular Fiber Organization (GO:1902905),13/96,0.0004784397044981107,0.0054366420779062,0,0,3.254198412907648,24.878282968603923,VASP;USP8;CCL24;EDN1;CCL21;DCTN1;CLU;MTSS1;OCLN;APOE;MET;ARF6;CCL26,
GO_Biological_Process_2023,Negative Regulation Of Alpha-Beta T Cell Proliferation (GO:0046642),4/9,0.0004791031013468395,0.0054366420779062,0,0,16.526977248104007,126.32551637525142,XCL1;TNFRSF14;LGALS9;VSIR,immune
GO_Biological_Process_2023,Negative Regulation Of Humoral Immune Response Mediated By Circulating Immunoglobulin (GO:0002924),4/9,0.0004791031013468395,0.0054366420779062,0,0,16.526977248104007,126.32551637525142,CR2;CR1;C4BPB;CD46,immune
GO_Biological_Process_2023,Phosphatidylcholine Catabolic Process (GO:0034638),4/9,0.0004791031013468395,0.0054366420779062,0,0,16.526977248104007,126.32551637525142,PLA2G15;PNLIPRP2;PLA2G4A;PLA2G7,
GO_Biological_Process_2023,Positive Regulation Of T Cell Apoptotic Process (GO:0070234),4/9,0.0004791031013468395,0.0054366420779062,0,0,16.526977248104007,126.32551637525142,CD274;CCL5;LGALS9;PDCD1,immune
GO_Biological_Process_2023,Positive Regulation Of Platelet Activation (GO:0010572),4/9,0.0004791031013468395,0.0054366420779062,0,0,16.526977248104007,126.32551637525142,SELP;PLA2G4A;GP1BA;GP5,
GO_Biological_Process_2023,Regulation Of Inflammatory Response To Wounding (GO:0106014),4/9,0.0004791031013468395,0.0054366420779062,0,0,16.526977248104007,126.32551637525142,MDK;SIGLEC10;PTPN6;GIT1,immune
GO_Biological_Process_2023,Positive Regulation Of DNA-binding Transcription Factor Activity (GO:0051091),24/246,0.0004934078618798713,0.0055806686600203,0,0,2.2568615126754663,17.184137199084432,CD40;EDN1;NPM1;ANXA3;IL18;EIF2AK2;TRAF2;TNFRSF11A;CLU;EDA2R;AGT;VEGFA;MAVS;CD40LG;IL18RAP;IRAK1;KIT;TNFSF11;TRIM25;HCLS1;TRIM58;ADAM8;LGALS9;IKBKG,
GO_Biological_Process_2023,Adaptive Immune Response Based On Somatic Recombination Of Immune Receptors Built From Immunoglobulin Superfamily Domains (GO:0002460),6/23,0.0004992326048009574,0.0056281564990752,0,0,7.302548380915884,55.51717444024986,CR2;CR1;CD8A;IL18;CD46;IL18BP,immune
GO_Biological_Process_2023,Regulation Of Release Of Cytochrome C From Mitochondria (GO:0090199),8/41,0.0005050291783321913,0.0056750194357393,0,0,5.02258713357734,38.125928302100526,BCL2L11;PLSCR3;HGF;TNFSF10;PLAUR;CLU;MMP9;FXN,
GO_Biological_Process_2023,Regulation Of Rho Protein Signal Transduction (GO:0035023),11/73,0.0005110320013140992,0.0057238891797673,0,0,3.682226369911255,27.907882140995422,RTN4R;ADGRG1;COL3A1;OPHN1;HEG1;F2R;ABL1;MYO9B;APOE;F11R;MET,
GO_Biological_Process_2023,Response To Lipid (GO:0033993),14/110,0.0005597818689303257,0.0062496937044124,0,0,3.0311929536327127,22.697461803854925,CDKN2D;TGFB1;F2R;ERBIN;TREM2;TNFRSF11A;SELE;SELP;GH1;IRAK1;CD6;LGALS9;FGFR4;IFNAR1,
GO_Biological_Process_2023,MAPK Cascade (GO:0000165),13/98,0.0005850793854580852,0.0065111246079435,0,0,3.177294375080448,23.651026367480576,BRAP;TGFB1;EGF;IL18;PPP1CC;CCL5;KDR;CCL3;CCL2;ITGAV;LGALS9;MAP3K5;MAP2K6,
GO_Biological_Process_2023,Protein Phosphorylation (GO:0006468),40/500,0.0005870590373465952,0.0065122157956941,0,0,1.824714474780648,13.576578514900458,EPHB6;ACVRL1;GPI;FLT1;SRC;GMFG;PDGFB;CSF2RB;STK4;CSF2RA;IGF1R;EFEMP1;IRAK1;ERBB4;AKT2;ABL1;KDR;CCL2;MAP4K5;PRKG1;EPHB4;MAP3K5;LYN;PDGFRB;NTRK2;EPHA4;TGFB1;IGFBP3;EIF2AK2;CDC42BPB;ERN1;BMP4;KIT;TYRO3;PTPN6;FAM20A;TEK;EPHA1;FGFR4;TLR3,
GO_Biological_Process_2023,Branching Morphogenesis Of An Epithelial Tube (GO:0048754),8/42,0.0005988333317085349,0.0065984578917576,0,0,4.874607949817577,36.17216108955219,BMP4;TIE1;KDR;PKD2;MET;VEGFA;ENG;EPHA2,
GO_Biological_Process_2023,Positive Regulation Of Lymphocyte Migration (GO:2000403),5/16,0.0006024596052572718,0.0065984578917576,0,0,9.397554722934332,69.67807495439041,CXCL12;CCL21;CCL20;CCL5;TNFRSF14,immune
GO_Biological_Process_2023,Positive Regulation Of Smooth Muscle Cell Migration (GO:0014911),5/16,0.0006024596052572718,0.0065984578917576,0,0,9.397554722934332,69.67807495439041,PDGFRB;MDK;CCL5;PDGFB;S100A11,
GO_Biological_Process_2023,Regulation Of Establishment Of Endothelial Barrier (GO:1903140),5/16,0.0006024596052572718,0.0065984578917576,0,0,9.397554722934332,69.67807495439041,CDH5;PPP1R12A;PROC;F11R;VEGFA,vascular
GO_Biological_Process_2023,Regulation Of Signal Transduction (GO:0009966),20/193,0.0006635969792146104,0.0071801219394115,0,0,2.4090089286283307,17.628731182462626,BRAP;IGFBP1;CD63;PTPN1;MPIG6B;IGFBP4;SRC;CD80;IGFBP3;TREM2;CLU;DLL1;IGFBPL1;IRAK1;MZB1;NCAM1;IGFBP6;CD46;GIT1;MGLL,
GO_Biological_Process_2023,Positive Regulation Of Epidermal Growth Factor Receptor Signaling Pathway (GO:0045742),7/33,0.0006659402318841664,0.0071801219394115,0,0,5.573954849498328,40.76963722559093,EGF;APEX1;HIP1R;PLAUR;MMP9;AGT;HBEGF,
GO_Biological_Process_2023,Positive Regulation Of Interleukin-12 Production (GO:0032735),7/33,0.0006659402318841664,0.0071801219394115,0,0,5.573954849498328,40.76963722559093,CD40;CD40LG;MDK;IL16;CCL19;LGALS9;TLR3,immune
GO_Biological_Process_2023,Regulation Of Amyloid-Beta Formation (GO:1902003),7/33,0.0006659402318841664,0.0071801219394115,0,0,5.573954849498328,40.76963722559093,EFNA1;EPHA4;NTRK2;CASP3;APEX1;APOE;CLU,
GO_Biological_Process_2023,Regulation Of Cell Adhesion Mediated By Integrin (GO:0033628),7/33,0.0006659402318841664,0.0071801219394115,0,0,5.573954849498328,40.76963722559093,RET;LYN;EFNA1;CCL21;PLAU;ADA;EPHA2,
GO_Biological_Process_2023,Protein-Containing Complex Assembly (GO:0065003),29/328,0.0006945150663059282,0.0074649585232447,0,0,2.027716739540115,14.746157758075272,YAP1;CD40;SRC;STXBP1;PDCD6;CAPG;CLU;LONP1;DMD;FADD;IKBKG;CD74;DBNL;TGFB1;ANGPT1;AXIN1;HIP1R;TBCC;PILRB;DNAJB14;TRAF2;DARS1;VAMP8;NT5C3A;OCLN;CXCL12;BIN2;MZB1;SPAG1,
GO_Biological_Process_2023,Positive Regulation Of NF-kappaB Transcription Factor Activity (GO:0051092),17/152,0.0006970492684539066,0.0074690016040835,0,0,2.6206430606430606,19.048548879339908,CD40;NPM1;IL18;EIF2AK2;TRAF2;TNFRSF11A;CLU;EDA2R;AGT;IL18RAP;CD40LG;IRAK1;TNFSF11;TRIM25;TRIM58;LGALS9;IKBKG,
GO_Biological_Process_2023,Regulation Of JUN Kinase Activity (GO:0043506),8/43,0.0007062151803526676,0.0075438603061746,0,0,4.7350847194155135,34.35583608036394,ERN1;PTPN1;EDN1;TRAF2;TNFRSF11A;CCL19;DKK1;MAP3K5,
GO_Biological_Process_2023,Positive Regulation Of Interleukin-6 Production (GO:0032755),11/76,0.000725073968052936,0.0077214800105575,0,0,3.51172321128653,25.38707896337077,CD74;MAVS;LEP;F2R;IL16;LGALS9;LILRB2;IL6R;TLR3;TMEM106A;IL17RA,immune
GO_Biological_Process_2023,Regulation Of Cytokine Production (GO:0001817),18/167,0.000764232439400235,0.0079927106087339,0,0,2.5149843843444746,18.049133948251207,LYN;ZBTB17;MOG;CRTAM;SFTPD;EIF2AK2;TREM2;TNFRSF1B;AGT;PTPRC;CASP8;GPNMB;LEP;CD28;LGALS9;ERMAP;GAPDH;ICOSLG,immune
GO_Biological_Process_2023,Antimicrobial Humoral Immune Response Mediated By Antimicrobial Peptide (GO:0061844),10/65,0.0007688469489650665,0.0079927106087339,0,0,3.7707940914047775,27.038926378011507,CXCL6;CCL13;GNLY;CXCL1;RNASE3;PPBP;CXCL3;PGLYRP1;GAPDH;CXCL5,immune
GO_Biological_Process_2023,Basement Membrane Organization (GO:0071711),4/10,0.0007692543188666498,0.0079927106087339,0,0,13.77175875767425,98.74473500665194,FLRT2;NID1;NID2;CTSS,
GO_Biological_Process_2023,Induction Of Positive Chemotaxis (GO:0050930),4/10,0.0007692543188666498,0.0079927106087339,0,0,13.77175875767425,98.74473500665194,CXCL12;VEGFC;IL16;VEGFA,
GO_Biological_Process_2023,Megakaryocyte Development (GO:0035855),4/10,0.0007692543188666498,0.0079927106087339,0,0,13.77175875767425,98.74473500665194,MPIG6B;KIT;GP1BA;GP5,
GO_Biological_Process_2023,Regulation Of Axon Regeneration (GO:0048679),4/10,0.0007692543188666498,0.0079927106087339,0,0,13.77175875767425,98.74473500665194,RTN4R;EPHA4;PTPRS;SCARF1,
GO_Biological_Process_2023,Regulation Of Cysteine-Type Endopeptidase Activity Involved In Apoptotic Signaling Pathway (GO:2001267),4/10,0.0007692543188666498,0.0079927106087339,0,0,13.77175875767425,98.74473500665194,PLAUR;HTRA2;LGALS9;MMP9,
GO_Biological_Process_2023,Regulation Of Opsonization (GO:1903027),4/10,0.0007692543188666498,0.0079927106087339,0,0,13.77175875767425,98.74473500665194,FCN1;FCN2;C4BPB;CFP,
GO_Biological_Process_2023,ERBB Signaling Pathway (GO:0038127),9/54,0.0007713277501638702,0.0079927106087339,0,0,4.145533769063181,29.712687034538515,PIGR;PTPRR;EFEMP1;TGFB1;SRC;ERBB4;EGF;ERBIN;HBEGF,
GO_Biological_Process_2023,Hemopoiesis (GO:0030097),13/101,0.0007822558204487608,0.0080817534166363,0,0,3.068492639745375,21.949936572390133,LYN;CD164;TGFB1;ZBTB16;PDGFB;DLL1;BMP4;MFAP5;PTPRC;KIT;KDR;TEK;CD34,
GO_Biological_Process_2023,Cellular Response To Amyloid-Beta (GO:1904646),7/34,0.0008054304248902227,0.0081662051453867,0,0,5.367230273752013,38.23686625211528,EPHA4;VCAM1;LRP1;TREM2;ICAM1;IGF1R;LGMN,
GO_Biological_Process_2023,Semaphorin-Plexin Signaling Pathway (GO:0071526),7/34,0.0008054304248902227,0.0081662051453867,0,0,5.367230273752013,38.23686625211528,NELL2;SEMA7A;SEMA4C;PLXNB3;SEMA3F;MET;PLXNA4,
GO_Biological_Process_2023,Positive Regulation Of Protein Metabolic Process (GO:0051247),20/196,0.0008060896707933293,0.0081662051453867,0,0,2.3675704119474794,16.8649511727197,USP8;NPM1;TGFB1;IST1;TNFSF12;CD80;CIRBP;IL18;AXIN1;C4BPB;CLU;AGT;RNF41;TNFSF13B;CASP8;CD28;APOE;FADD;FGFR4;EIF4G1,
GO_Biological_Process_2023,Osteoclast Differentiation (GO:0030316),6/25,0.0008090639256736126,0.0081662051453867,0,0,6.533173324189954,46.51379394949433,SRC;TNFSF11;TREM2;TNFRSF11A;OSCAR;EPHA2,
GO_Biological_Process_2023,Positive Regulation Of T Cell Migration (GO:2000406),6/25,0.0008090639256736126,0.0081662051453867,0,0,6.533173324189954,46.51379394949433,CXCL12;CCL21;CCL20;CCL5;XCL1;TNFRSF14,immune
GO_Biological_Process_2023,Regulation Of Neutrophil Chemotaxis (GO:0090022),6/25,0.0008090639256736126,0.0081662051453867,0,0,6.533173324189954,46.51379394949433,CD74;CCL21;MDK;XCL1;CCL19;THBS4,
GO_Biological_Process_2023,Regulation Of Immune Response (GO:0050776),11/77,0.0008111446905190432,0.0081662051453867,0,0,3.458333333333333,24.613180046221807,LYN;FCRLB;LAG3;COL3A1;CASP8;FCGR3B;INPPL1;TREM2;PDCD1;CFP;CD22,immune
GO_Biological_Process_2023,Golgi To Vacuole Transport (GO:0006896),5/17,0.0008211035511686172,0.0081662051453867,0,0,8.613973246565438,61.201085403111854,EHD3;AP1G2;LAMP1;SORT1;VTI1A,
GO_Biological_Process_2023,Positive Chemotaxis (GO:0050918),5/17,0.0008211035511686172,0.0081662051453867,0,0,8.613973246565438,61.201085403111854,GPNMB;PLXNB3;CORO1A;MET;VEGFA,
GO_Biological_Process_2023,Positive Regulation Of Cell Adhesion Mediated By Integrin (GO:0033630),5/17,0.0008211035511686172,0.0081662051453867,0,0,8.613973246565438,61.201085403111854,RET;CCL21;PODXL;CCL5;SKAP1,
GO_Biological_Process_2023,Positive Regulation Of Leukocyte Adhesion To Vascular Endothelial Cell (GO:1904996),5/17,0.0008211035511686172,0.0081662051453867,0,0,8.613973246565438,61.201085403111854,SELP;IRAK1;MDK;ITGB2;SELE,immune;vascular
GO_Biological_Process_2023,Positive Regulation Of Lymphocyte Chemotaxis (GO:0140131),5/17,0.0008211035511686172,0.0081662051453867,0,0,8.613973246565438,61.201085403111854,CCL21;CCL5;CCL4;CCL3;XCL1,immune
GO_Biological_Process_2023,Positive Regulation Of Regulatory T Cell Differentiation (GO:0045591),5/17,0.0008211035511686172,0.0081662051453867,0,0,8.613973246565438,61.201085403111854,CR1;LILRB2;CD46;LILRB4;VSIR,immune
GO_Biological_Process_2023,Positive Regulation Of Leukocyte Cell-Cell Adhesion (GO:1903039),8/44,0.000828570629990801,0.0082168565913987,0,0,4.603312779591343,32.664225831230546,IRAK1;MDK;ITGB2;CCL2;TNFSF11;THY1;SIRPB1;SKAP1,immune
GO_Biological_Process_2023,Calcium Ion Homeostasis (GO:0055074),13/102,0.0008592719366188604,0.0084969719218225,0,0,3.0338553831780297,21.417274880001752,CCL14;CCL13;CD40;EDN1;CCL23;CALCB;PTH1R;CDH5;CXCL12;CCL5;CCL3;FAM20A;CCL19,electrolyte transport
GO_Biological_Process_2023,Regulation Of Cell Growth (GO:0001558),22/227,0.0009071187243051326,0.0088205100733026,0,0,2.237412747608139,15.673607052948006,ACVRL1;OGFR;YAP1;CDKN2D;CDKN1A;TGFB1;TNC;ENO1;IL17RB;AGT;DCBLD2;CXCL16;PPP1R9B;CEACAM1;ADAM15;HYAL1;FRZB;MELTF;EBAG9;HDGFL2;FXN;EIF4G1,
GO_Biological_Process_2023,Glomerulus Vasculature Development (GO:0072012),3/5,0.0009251213974599414,0.0088205100733026,0,0,30.959415584415584,216.2696473369159,PECAM1;TEK;CD34,
GO_Biological_Process_2023,Negative Regulation Of Axon Regeneration (GO:0048681),3/5,0.0009251213974599414,0.0088205100733026,0,0,30.959415584415584,216.2696473369159,RTN4R;EPHA4;PTPRS,
GO_Biological_Process_2023,Negative Regulation Of Cellular Response To Hypoxia (GO:1900038),3/5,0.0009251213974599414,0.0088205100733026,0,0,30.959415584415584,216.2696473369159,EPHA4;HYOU1;ENO1,stress response
GO_Biological_Process_2023,Negative Regulation Of Mast Cell Activation (GO:0033004),3/5,0.0009251213974599414,0.0088205100733026,0,0,30.959415584415584,216.2696473369159,MILR1;CD84;CD300LF,immune
GO_Biological_Process_2023,Negative Regulation Of Myeloid Leukocyte Mediated Immunity (GO:0002887),3/5,0.0009251213974599414,0.0088205100733026,0,0,30.959415584415584,216.2696473369159,CD84;CD300A;LGALS9,immune
GO_Biological_Process_2023,Positive Regulation Of Endothelial Cell Development (GO:1901552),3/5,0.0009251213974599414,0.0088205100733026,0,0,30.959415584415584,216.2696473369159,CDH5;PROC;F11R,vascular
GO_Biological_Process_2023,Positive Regulation Of Establishment Of Endothelial Barrier (GO:1903142),3/5,0.0009251213974599414,0.0088205100733026,0,0,30.959415584415584,216.2696473369159,CDH5;PROC;F11R,vascular
GO_Biological_Process_2023,Positive Regulation Of Natural Killer Cell Mediated Cytotoxicity Directed Against Tumor Cell Target (GO:0002860),3/5,0.0009251213974599414,0.0088205100733026,0,0,30.959415584415584,216.2696473369159,CRTAM;PVR;NECTIN2,
GO_Biological_Process_2023,Positive Regulation Of Natural Killer Cell Mediated Immune Response To Tumor Cell (GO:0002857),3/5,0.0009251213974599414,0.0088205100733026,0,0,30.959415584415584,216.2696473369159,CRTAM;PVR;NECTIN2,immune
GO_Biological_Process_2023,Protein Import (GO:0017038),3/5,0.0009251213974599414,0.0088205100733026,0,0,30.959415584415584,216.2696473369159,LAMP2;CLU;GPIHBP1,
GO_Biological_Process_2023,Regulation Of Hyaluronan Biosynthetic Process (GO:1900125),3/5,0.0009251213974599414,0.0088205100733026,0,0,30.959415584415584,216.2696473369159,TGFB1;EGF;PDGFB,
GO_Biological_Process_2023,Vascular Endothelial Growth Factor Receptor-2 Signaling Pathway (GO:0036324),3/5,0.0009251213974599414,0.0088205100733026,0,0,30.959415584415584,216.2696473369159,PDCD6;KDR;VEGFA,vascular
GO_Biological_Process_2023,Apoptotic Process (GO:0006915),22/228,0.0009612512191748944,0.0091398089823195,0,0,2.226433513919434,15.467645375714053,DIABLO;TNFSF12;ZBTB16;GZMA;ITGB2;TNFRSF10B;GZMB;TNFRSF10A;FASLG;YARS1;STK4;BAG6;CASP7;BCL2L11;CASP8;PLSCR3;CASP3;CD14;FADD;IKBKG;PDCD1;GAPDH,
GO_Biological_Process_2023,Positive Regulation Of Gene Expression (GO:0010628),38/480,0.000965879663089328,0.0091586562026086,0,0,1.8017549842468787,12.508632274761824,YAP1;CALCOCO1;PDGFB;TNC;DPY30;TREM2;CLU;DLL1;VSIR;FGF5;CDH5;CDH3;LAMP3;CCL3;LGALS9;CD34;NTRK2;CD74;NPM1;TGFB1;ANGPT1;EGF;CRTAM;CIRBP;EIF2AK2;DKK1;AGT;VEGFA;ERN1;BMP4;OCLN;ERP29;CD28;CNTN1;CD46;FGFR4;GAPDH;TLR3,
GO_Biological_Process_2023,Heart Development (GO:0007507),18/171,0.0010076058466317,0.0094636851295386,0,0,2.448715459781272,16.896573060448446,ACVRL1;CDKN1A;TGFB1;HEG1;PDGFB;CACYBP;PKD2;VEGFA;BMP4;COL3A1;CASP8;FLRT2;ERBB4;CRELD1;TEK;PDLIM5;EPHB4;PDLIM7,
GO_Biological_Process_2023,Plasma Membrane Invagination (GO:0099024),6/26,0.0010109474436006,0.0094636851295386,0,0,6.206188925081433,42.80326160932756,MARCO;ITGAM;BIN2;ITGB2;MYH9;HAVCR1,
GO_Biological_Process_2023,Positive Regulation Of Nuclear Division (GO:0051785),6/26,0.0010109474436006,0.0094636851295386,0,0,6.206188925081433,42.80326160932756,PDGFRB;EDN1;EGF;PDGFB;CD28;SIRT2,
GO_Biological_Process_2023,Protein Localization To Cell Surface (GO:0034394),6/26,0.0010109474436006,0.0094636851295386,0,0,6.206188925081433,42.80326160932756,FCN1;STX4;PTPRK;MESD;GPIHBP1;ARF6,
GO_Biological_Process_2023,Pattern Recognition Receptor Signaling Pathway (GO:0002221),9/56,0.0010117201669833,0.0094636851295386,0,0,3.9687108886107634,27.36864010167985,FCN1;FCN2;MAVS;IRAK1;TRIM25;IRAK4;CD14;CTSS;TLR3,
GO_Biological_Process_2023,Cellular Response To Molecule Of Bacterial Origin (GO:0071219),14/117,0.0010396814203771,0.0096990226305262,0,0,2.824147428194685,19.398619473450104,CD274;CXCL6;CD80;CXCL1;PPBP;LILRB2;CXCL3;TNFRSF1B;CXCL5;CASP7;TNIP1;CCL2;CD14;GIT1,
GO_Biological_Process_2023,Positive Regulation Of Neuron Projection Development (GO:0010976),12/92,0.0010923987929678,0.0100953303153406,0,0,3.1136065573770493,21.23286402259231,RET;SCARB2;LYN;NTRK2;MDK;BDNF;TWF2;PLXNB3;APOE;SCARF1;DBN1;ARSB,
GO_Biological_Process_2023,Positive Regulation Of Monocyte Chemotaxis (GO:0090026),5/18,0.0010938309356407,0.0100953303153406,0,0,7.9509427665609875,54.21007738918518,CXCL12;CCL5;CXCL17;PLA2G7;LGMN,
GO_Biological_Process_2023,Regulation Of T Cell Cytokine Production (GO:0002724),5/18,0.0010938309356407,0.0100953303153406,0,0,7.9509427665609875,54.21007738918518,XCL1;TRAF2;CLC;TNFRSF1B;LILRB4,immune
GO_Biological_Process_2023,Regulation Of Lymphocyte Proliferation (GO:0050670),5/18,0.0010938309356407,0.0100953303153406,0,0,7.9509427665609875,54.21007738918518,MYDGF;LEP;MZB1;TNFRSF1B;CD22,immune
GO_Biological_Process_2023,T Cell Differentiation (GO:0030217),8/46,0.0011241763807456,0.010314160424735,0,0,4.360574995704713,29.611376758069447,CD4;TGFB1;PTPRC;CD8A;LEP;KIT;CD28;FADD,immune
GO_Biological_Process_2023,Positive Regulation Of Cell-Cell Adhesion (GO:0022409),8/46,0.0011241763807456,0.010314160424735,0,0,4.360574995704713,29.611376758069447,MDK;PODXL;RNASE10;CCL5;PLAUR;TNFSF11;THY1;SKAP1,
GO_Biological_Process_2023,Intrinsic Apoptotic Signaling Pathway (GO:0097193),13/105,0.0011294616587618,0.010314160424735,0,0,2.934461516506517,19.9132974263223,CDKN1A;DIABLO;ITPR1;HTRA2;TNFRSF10B;TRAF2;TNFRSF1B;ERN1;BAG6;BCL2L11;CASP3;MAP3K5;EPHA2,
GO_Biological_Process_2023,Regulation Of Neuron Apoptotic Process (GO:0043523),13/105,0.0011294616587618,0.010314160424735,0,0,2.934461516506517,19.9132974263223,NTRK2;BDNF;F2R;TREM2;CLU;DKK1;MDK;TYRO3;CCL3;CCL2;APOE;IL6ST;LGMN,
GO_Biological_Process_2023,Epithelial Cell-Cell Adhesion (GO:0090136),4/11,0.0011646182124597,0.0105516849039876,0,0,11.803745550224424,79.73857367906359,ITGB5;KIT;SERPINB8;THBS4,
GO_Biological_Process_2023,"Negative Regulation Of CD4-positive, Alpha-Beta T Cell Activation (GO:2000515)",4/11,0.0011646182124597,0.0105516849039876,0,0,11.803745550224424,79.73857367906359,CD274;XCL1;LGALS9;VSIR,immune
GO_Biological_Process_2023,Regulation Of Homotypic Cell-Cell Adhesion (GO:0034110),4/11,0.0011646182124597,0.0105516849039876,0,0,11.803745550224424,79.73857367906359,LYN;CCL5;PLAUR;TNFSF11,
GO_Biological_Process_2023,Negative Regulation Of Amide Metabolic Process (GO:0034249),12/93,0.0012024525508763,0.010866026837031,0,0,3.0750050597045133,20.67446446601975,EPHA4;NTRK2;RIDA;NHLRC3;SHMT1;APEX1;EIF2AK2;GZMB;APOE;CLU;GAPDH;GIGYF2,
GO_Biological_Process_2023,Positive Regulation Of Cellular Biosynthetic Process (GO:0031328),18/174,0.0012309787021547,0.0110854009547212,0,0,2.401243970550901,16.088204294828156,PDGFRB;EDN1;NPM1;HGF;CIRBP;PDGFB;PTH1R;PKD2;CLU;SIRT2;CDH3;DDAH1;AKT2;CCL5;CD28;FGFR4;LDLR;CD244,
GO_Biological_Process_2023,Positive Regulation Of Cell Growth (GO:0030307),13/106,0.0012339324289949,0.0110854009547212,0,0,2.902755229288722,19.441345710310376,YAP1;SEMA7A;EDN1;SYT1;BDNF;TWF2;ISLR2;L1CAM;CXCL16;HYAL1;HDGFL2;FXN;EIF4G1,
GO_Biological_Process_2023,Response To Molecule Of Bacterial Origin (GO:0002237),10/69,0.0012363376967704,0.0110854009547212,0,0,3.514407703824187,23.53107433613371,SELP;IRAK1;CD6;F2R;ERBIN;LGALS9;TNFRSF11A;CD14;SELE;IFNAR1,
GO_Biological_Process_2023,Myeloid Cell Development (GO:0061515),6/27,0.0012493735246513,0.0111733379039236,0,0,5.910345897316581,39.511330391114974,MPIG6B;ANXA2;SRC;KIT;GP1BA;GP5,
GO_Biological_Process_2023,Regulation Of Wound Healing (GO:0061041),8/47,0.0013006051633912,0.011601532140456,0,0,4.248542172372423,28.231246697111477,ITGB1;OCLN;PLAU;CD109;F2R;GP1BA;EPPK1;HBEGF,
GO_Biological_Process_2023,Positive Regulation Of Type II Interferon Production (GO:0032729),9/58,0.0013094629499728,0.0116505174032293,0,0,3.806322529011605,25.266894934455447,MYDGF;CRTAM;IL18;LGALS9;CD14;FADD;ZP3;TLR3;CD244,immune
GO_Biological_Process_2023,Vesicle Organization (GO:0016050),12/94,0.0013215326244364,0.0117277549055758,0,0,3.03734506197521,20.134448449564207,VAMP8;USP8;ANXA2;SORT1;STX8;STX7;IRAG2;STX4;CHMP6;CD34;CORO1A;DNM1,
GO_Biological_Process_2023,Regulation Of Phosphorylation (GO:0042325),11/82,0.0013784266964236,0.0122013677655298,0,0,3.213943046927856,21.16964025266022,CDKN2D;LYN;BMP4;CDH5;CDKN1A;DSCAM;EGF;CCL5;SLAMF8;HSPB1;SIRT2,
GO_Biological_Process_2023,Negative Regulation Of ERK1 And ERK2 Cascade (GO:0070373),8/48,0.0014983610891064,0.013195490405591,0,0,4.142110990206747,26.937735753048965,LYN;EPHA4;PTPN1;PTPRR;PTPRC;PSCA;TNIP1;TIMP3,
GO_Biological_Process_2023,Positive Regulation Of Reactive Oxygen Species Metabolic Process (GO:2000379),8/48,0.0014983610891064,0.013195490405591,0,0,4.142110990206747,26.937735753048965,PDGFRB;CDKN1A;ITGAM;TGFB1;ITGB2;PDGFB;AGT;RNF41,stress response
GO_Biological_Process_2023,Apoptotic Cell Clearance (GO:0043277),6/28,0.0015284945770597,0.0133588882101109,0,0,5.641397690257625,36.57584376551216,FCN1;FCN2;LRP1;TYRO3;TREM2;ITGAV,
GO_Biological_Process_2023,Negative Regulation Of Signaling (GO:0023057),6/28,0.0015284945770597,0.0133588882101109,0,0,5.641397690257625,36.57584376551216,BRAP;PTPN1;MPIG6B;IGFBP3;OSM;LDLR,
GO_Biological_Process_2023,Regulation Of Platelet Activation (GO:0010543),6/28,0.0015284945770597,0.0133588882101109,0,0,5.641397690257625,36.57584376551216,LYN;SELP;PDGFB;PLA2G4A;GP1BA;GP5,
GO_Biological_Process_2023,Regulation Of Hydrolase Activity (GO:0051336),10/71,0.0015448918430649,0.0134681880827396,0,0,3.398823676636216,21.999910569456198,SCARB2;ATP5IF1;VAV3;EPHA4;NTRK2;PLXNB3;EPHA1;PRKG1;PLXNA4;SERPINA5,
GO_Biological_Process_2023,Positive Regulation Of Macromolecule Biosynthetic Process (GO:0010557),14/122,0.0015628786126352,0.013590761000831,0,0,2.6926899517260963,17.39807803958294,PDGFRB;NPM1;CCL21;EGF;HGF;CIRBP;PDGFB;AKT2;KDR;CD28;CCL2;CCL19;FGFR4;TMEM106A,
GO_Biological_Process_2023,Regulation Of Protein Metabolic Process (GO:0051246),12/96,0.0015890180221425,0.0137672896507372,0,0,2.9647150663544104,19.106518487795768,EDN1;ACE;TGFB1;TCOF1;PLAUR;APOE;LILRB2;CHMP6;LDLR;CNDP1;AGT;EIF4G1,
GO_Biological_Process_2023,Positive Regulation Of Cell Differentiation (GO:0045597),25/283,0.0015911343138673,0.0137672896507372,0,0,2.021240481960845,13.023475194033026,ACVRL1;YAP1;NID1;ATRAID;FRZB;MDK;KDR;NRCAM;CCN2;CD34;IL6R;TGFB1;HGF;IGFBP3;RARRES2;ZBTB16;PLA2G2A;IL18;AGT;COL1A1;BMP4;CEACAM1;VWC2;ADAM8;IL6ST,
GO_Biological_Process_2023,Positive Regulation Of Cysteine-Type Endopeptidase Activity Involved In Apoptotic Process (GO:0043280),13/109,0.0015967333609232,0.0137812821998889,0,0,2.811599653537564,18.106126476598934,CRADD;DIABLO;PDCD6;F2R;HIP1R;HTRA2;FASLG;CASP8;TNFSF10;CNTN1;LGALS9;CTSD;MAP3K5,
GO_Biological_Process_2023,Regulation Of Extrinsic Apoptotic Signaling Pathway (GO:2001236),9/60,0.0016740369201232,0.0143481680295856,0,0,3.656670511341792,23.37532932909373,BMP4;SRC;TNFSF12;TNFSF10;ITGAV;TRAF2;STX4;FADD;AGT,
GO_Biological_Process_2023,Negative Regulation Of Complement Activation (GO:0045916),4/12,0.001683142507949,0.0143481680295856,0,0,10.327735644637054,65.96420486493442,CR2;CR1;C4BPB;CD46,immune
GO_Biological_Process_2023,Positive Regulation Of Cellular Extravasation (GO:0002693),4/12,0.001683142507949,0.0143481680295856,0,0,10.327735644637054,65.96420486493442,MDK;THY1;ICAM1;XG,
GO_Biological_Process_2023,Positive Regulation Of Myeloid Leukocyte Mediated Immunity (GO:0002888),4/12,0.001683142507949,0.0143481680295856,0,0,10.327735644637054,65.96420486493442,MAVS;ITGAM;ITGB2;STX4,immune
GO_Biological_Process_2023,Semaphorin-Plexin Signaling Pathway Involved In Neuron Projection Guidance (GO:1902285),4/12,0.001683142507949,0.0143481680295856,0,0,10.327735644637054,65.96420486493442,NELL2;PLXNB3;SEMA3F;PLXNA4,
GO_Biological_Process_2023,N-acetylneuraminate Catabolic Process (GO:0019262),3/6,0.0017864323917746,0.0147210535903143,0,0,20.638528138528137,130.59100347297155,NAGK;GNPDA2;NPL,
GO_Biological_Process_2023,TRAIL-activated Apoptotic Signaling Pathway (GO:0036462),3/6,0.0017864323917746,0.0147210535903143,0,0,20.638528138528137,130.59100347297155,TNFRSF10B;TNFRSF10A;FADD,
GO_Biological_Process_2023,Adult Feeding Behavior (GO:0008343),3/6,0.0017864323917746,0.0147210535903143,0,0,20.638528138528137,130.59100347297155,LEP;NPY;GHRL,
GO_Biological_Process_2023,"Negative Regulation Of CD4-positive, Alpha-Beta T Cell Proliferation (GO:2000562)",3/6,0.0017864323917746,0.0147210535903143,0,0,20.638528138528137,130.59100347297155,XCL1;LGALS9;VSIR,immune
GO_Biological_Process_2023,Negative Regulation Of Dendritic Cell Apoptotic Process (GO:2000669),3/6,0.0017864323917746,0.0147210535903143,0,0,20.638528138528137,130.59100347297155,CXCL12;CCL21;CCL19,
GO_Biological_Process_2023,Negative Regulation Of Plasminogen Activation (GO:0010757),3/6,0.0017864323917746,0.0147210535903143,0,0,20.638528138528137,130.59100347297155,SERPINE2;PLAU;PLAT,
GO_Biological_Process_2023,Positive Regulation Of Activation Of Janus Kinase Activity (GO:0010536),3/6,0.0017864323917746,0.0147210535903143,0,0,20.638528138528137,130.59100347297155,GH1;CCL5;IL6R,
GO_Biological_Process_2023,Positive Regulation Of Aspartic-Type Endopeptidase Activity Involved In Amyloid Precursor Protein Catabolic Process (GO:1902961),3/6,0.0017864323917746,0.0147210535903143,0,0,20.638528138528137,130.59100347297155,EFNA1;LYN;EPHA4,
GO_Biological_Process_2023,Positive Regulation Of Multicellular Organism Growth (GO:0040018),3/6,0.0017864323917746,0.0147210535903143,0,0,20.638528138528137,130.59100347297155,GHR;GHRL;PPIB,
GO_Biological_Process_2023,Proteoglycan Catabolic Process (GO:0030167),3/6,0.0017864323917746,0.0147210535903143,0,0,20.638528138528137,130.59100347297155,GLB1;IDUA;HPSE,
GO_Biological_Process_2023,Regulation Of T-helper 1 Cell Differentiation (GO:0045625),3/6,0.0017864323917746,0.0147210535903143,0,0,20.638528138528137,130.59100347297155,MYDGF;CD80;CCL19,
GO_Biological_Process_2023,Regulation Of Antigen Receptor-Mediated Signaling Pathway (GO:0050854),3/6,0.0017864323917746,0.0147210535903143,0,0,20.638528138528137,130.59100347297155,LYN;PTPRC;CD300A,
GO_Biological_Process_2023,Regulation Of Vascular Associated Smooth Muscle Cell Differentiation (GO:1905063),3/6,0.0017864323917746,0.0147210535903143,0,0,20.638528138528137,130.59100347297155,KIT;PDGFB;NFATC1,vascular
GO_Biological_Process_2023,Vascular Wound Healing (GO:0061042),3/6,0.0017864323917746,0.0147210535903143,0,0,20.638528138528137,130.59100347297155,KDR;CD34;VEGFA,vascular
GO_Biological_Process_2023,T Cell Mediated Immunity (GO:0002456),5/20,0.0018324151593427,0.0149223267446712,0,0,6.890093998553868,43.42220210496415,CR2;CR1;CD8A;CRTAM;CD46,immune
GO_Biological_Process_2023,Microglial Cell Activation (GO:0001774),5/20,0.0018324151593427,0.0149223267446712,0,0,6.890093998553868,43.42220210496415,C1QA;ITGAM;ITGB2;TREM2;CLU,
GO_Biological_Process_2023,Positive Regulation Of Protein Processing (GO:0010954),5/20,0.0018324151593427,0.0149223267446712,0,0,6.890093998553868,43.42220210496415,ANXA2;MYH9;ENO1;MELTF;KLKB1,
GO_Biological_Process_2023,Regulation Of Macrophage Chemotaxis (GO:0010758),5/20,0.0018324151593427,0.0149223267446712,0,0,6.890093998553868,43.42220210496415,MDK;RARRES2;CCL5;CXCL17;SLAMF8,
GO_Biological_Process_2023,Sulfur Compound Catabolic Process (GO:0044273),5/20,0.0018324151593427,0.0149223267446712,0,0,6.890093998553868,43.42220210496415,IDUA;GLB1;DPEP2;DPEP1;HPSE,
GO_Biological_Process_2023,Macromolecule Catabolic Process (GO:0009057),11/85,0.0018524546237153,0.0149811547502135,0,0,3.0831612179865453,19.396918575529646,CASP7;TGFB1;CASP3;RNASET2;APEX1;SETMAR;HTRA2;TPP1;RNASE3;RNF5;LGMN,
GO_Biological_Process_2023,Maintenance Of Blood-Brain Barrier (GO:0035633),6/29,0.0018526247422974,0.0149811547502135,0,0,5.395836283812491,33.94602550439633,ITGB1;CDH5;OCLN;PECAM1;DMD;F11R,
GO_Biological_Process_2023,Positive Regulation Of B Cell Proliferation (GO:0030890),6/29,0.0018526247422974,0.0149811547502135,0,0,5.395836283812491,33.94602550439633,VAV3;CD74;CD40;PTPRC;IL7;TNFSF13B,immune
GO_Biological_Process_2023,Regulation Of Interleukin-12 Production (GO:0032655),8/50,0.0019650125247933,0.015852933212843,0,0,3.9444530804704905,24.58284397979657,CD40;CD40LG;MDK;IL16;LGALS9;CCL19;PIBF1;TLR3,immune
GO_Biological_Process_2023,Negative Regulation Of Neuron Apoptotic Process (GO:0043524),10/74,0.0021221221836298,0.017080615994286,0,0,3.238992639040349,19.93709661371649,NTRK2;MDK;BDNF;F2R;TYRO3;CCL2;APOE;IL6ST;CLU;LGMN,
GO_Biological_Process_2023,Positive Regulation Of Myeloid Leukocyte Differentiation (GO:0002763),7/40,0.0021926325809773,0.0175112470303341,0,0,4.389986824769434,26.87836321638539,CD74;CD4;CASP8;TNFSF11;HCLS1;TNFRSF11A;FADD,immune
GO_Biological_Process_2023,Regulation Of Cytokine-Mediated Signaling Pathway (GO:0001959),7/40,0.0021926325809773,0.0175112470303341,0,0,4.389986824769434,26.87836321638539,CD74;PTPN1;CASP8;PTPRC;IRAK1;IL7;PTPN6,immune
GO_Biological_Process_2023,Intrinsic Apoptotic Signaling Pathway In Response To Endoplasmic Reticulum Stress (GO:0070059),6/30,0.002226220367913,0.0175112470303341,0,0,5.170738327904452,31.58002597534059,BAG6;ERN1;ITPR1;TNFRSF10B;TRAF2;MAP3K5,stress response
GO_Biological_Process_2023,Negative Regulation Of Axon Extension (GO:0030517),6/30,0.002226220367913,0.0175112470303341,0,0,5.170738327904452,31.58002597534059,RTN4R;SEMA7A;PTPRS;SEMA4C;SEMA3F;KIAA0319,
GO_Biological_Process_2023,Negative Regulation Of Peptidyl-Tyrosine Phosphorylation (GO:0050732),6/30,0.002226220367913,0.0175112470303341,0,0,5.170738327904452,31.58002597534059,PTPRC;CD300A;PTPN6;THY1;PIBF1;LILRB4,
GO_Biological_Process_2023,"Phagocytosis, Engulfment (GO:0006911)",6/30,0.002226220367913,0.0175112470303341,0,0,5.170738327904452,31.58002597534059,MARCO;ITGAM;BIN2;ITGB2;MYH9;HAVCR1,
GO_Biological_Process_2023,Positive Regulation Of Interleukin-10 Production (GO:0032733),6/30,0.002226220367913,0.0175112470303341,0,0,5.170738327904452,31.58002597534059,CD40LG;CD28;XCL1;LGALS9;CD46;PIBF1,immune
GO_Biological_Process_2023,Positive Regulation Of Phosphate Metabolic Process (GO:0045937),6/30,0.002226220367913,0.0175112470303341,0,0,5.170738327904452,31.58002597534059,DSCAM;SRC;EGF;CCL5;PTH1R;CD244,
GO_Biological_Process_2023,Prostaglandin Metabolic Process (GO:0006693),6/30,0.002226220367913,0.0175112470303341,0,0,5.170738327904452,31.58002597534059,CD74;EDN1;PLA2G4A;PTGDS;PTGR1;CES1,
GO_Biological_Process_2023,Regulation Of Calcium-Mediated Signaling (GO:0050848),6/30,0.002226220367913,0.0175112470303341,0,0,5.170738327904452,31.58002597534059,JPT2;CCL4;ITPR1;CCL3;TREM2;CD22,
GO_Biological_Process_2023,Positive Regulation Of Protein Localization To Plasma Membrane (GO:1903078),8/51,0.0022376561978686,0.0175215567891928,0,0,3.852519168965256,23.50932905045552,ITGB1;CNST;LRP1;CNPY4;TREM2;STX4;ARF6;EPHA2,
GO_Biological_Process_2023,Regulation Of Synapse Assembly (GO:0051963),8/51,0.0022376561978686,0.0175215567891928,0,0,3.852519168965256,23.50932905045552,SLITRK1;BDNF;MYCBP2;SLITRK6;GHRL;PDLIM5;MDGA1;EIF4G1,
GO_Biological_Process_2023,Antimicrobial Humoral Response (GO:0019730),12/100,0.0022581731519833,0.0176422963408899,0,0,2.829359165424739,17.23984881204554,CXCL6;CCL13;GNLY;RARRES2;CXCL1;RNASE3;PPBP;PGLYRP1;CXCL3;GAPDH;CXCL5;WFDC2,
GO_Biological_Process_2023,Positive Regulation Of Amyloid Precursor Protein Catabolic Process (GO:1902993),5/21,0.0023142475361835,0.017999125219621,0,0,6.4591241865509765,39.19829758649149,LYN;EFNA1;EPHA4;CASP3;CLU,
GO_Biological_Process_2023,Positive Regulation Of Natural Killer Cell Mediated Cytotoxicity (GO:0045954),5/21,0.0023142475361835,0.017999125219621,0,0,6.4591241865509765,39.19829758649149,KLRK1;LAMP1;CRTAM;PVR;NECTIN2,
GO_Biological_Process_2023,Interleukin-6-Mediated Signaling Pathway (GO:0070102),4/13,0.0023425836783343,0.0180571984648448,0,0,9.17972794029132,55.59702982237193,YAP1;SRC;IL6ST;IL6R,immune
GO_Biological_Process_2023,Negative Regulation Of Neuroinflammatory Response (GO:0150079),4/13,0.0023425836783343,0.0180571984648448,0,0,9.17972794029132,55.59702982237193,PTPRC;TREM2;TNFRSF1B;LDLR,immune
GO_Biological_Process_2023,Positive Regulation Of Leukocyte Degranulation (GO:0043302),4/13,0.0023425836783343,0.0180571984648448,0,0,9.17972794029132,55.59702982237193,ITGAM;LAMP1;ITGB2;STX4,immune
GO_Biological_Process_2023,Positive Regulation Of Macrophage Chemotaxis (GO:0010759),4/13,0.0023425836783343,0.0180571984648448,0,0,9.17972794029132,55.59702982237193,MDK;RARRES2;CCL5;CXCL17,
GO_Biological_Process_2023,Response To Endoplasmic Reticulum Stress (GO:0034976),13/114,0.002395390649755,0.0184232156417829,0,0,2.6717074333253894,16.121640908292452,SEL1L;ITPR1;TNFRSF10B;TRAF2;RNF5;THBS4;ERN1;BAG6;ERP44;BCL2L11;HYOU1;P4HB;MAP3K5,stress response
GO_Biological_Process_2023,Cartilage Development (GO:0051216),8/52,0.0025391170054284,0.0194422211411238,0,0,3.764764071619349,22.498000042508536,BMP4;COL2A1;TGFB1;HYAL1;ZBTB16;OGN;CHI3L1;GHRL,
GO_Biological_Process_2023,Regulation Of Proteolysis (GO:0030162),8/52,0.0025391170054284,0.0194422211411238,0,0,3.764764071619349,22.498000042508536,BAG6;CASP8;SERPINE2;IST1;PLAUR;PLAT;FADD;FGFR4,
GO_Biological_Process_2023,Positive Regulation Of Cysteine-Type Endopeptidase Activity (GO:2001056),9/64,0.0026455485142742,0.0201868307984929,0,0,3.390017825311943,20.119338337529964,CASP8;PDCD6;F2R;TNFSF10;HTRA2;FADD;CTSD;MAP3K5;LGMN,
GO_Biological_Process_2023,Positive Regulation Of Extrinsic Apoptotic Signaling Pathway (GO:2001238),6/31,0.0026538595820035,0.0201868307984929,0,0,4.963648208469055,29.443071877593,RET;TNFSF12;TNFSF10;HTRA2;TRAF2;FADD,
GO_Biological_Process_2023,Positive Regulation Of Mononuclear Cell Migration (GO:0071677),6/31,0.0026538595820035,0.0201868307984929,0,0,4.963648208469055,29.443071877593,CXCL12;CCL5;CXCL17;LGALS9;PLA2G7;LGMN,
GO_Biological_Process_2023,Positive Regulation Of JNK Cascade (GO:0046330),10/77,0.0028614465372106,0.0216367685686727,0,0,3.0934748286918734,18.116712603346024,EDAR;CCL21;AXIN1;CD27;TRAF2;CCN2;CCL19;EDA2R;TLR3;MAP3K5,
GO_Biological_Process_2023,Blood Vessel Endothelial Cell Migration (GO:0043534),5/22,0.0028819850650558,0.0216367685686727,0,0,6.078856705371954,35.55691041268222,CDH5;KDR;MYH9;EPHB4;VEGFA,vascular
GO_Biological_Process_2023,Cellular Response To Low-Density Lipoprotein Particle Stimulus (GO:0071404),5/22,0.0028819850650558,0.0216367685686727,0,0,6.078856705371954,35.55691041268222,ITGB1;ITGB2;TREM2;LDLR;CES1,
GO_Biological_Process_2023,Dendritic Cell Differentiation (GO:0097028),5/22,0.0028819850650558,0.0216367685686727,0,0,6.078856705371954,35.55691041268222,LYN;TREM2;CCL19;LGALS9;CLU,
GO_Biological_Process_2023,Negative Regulation Of Cell Communication (GO:0010648),5/22,0.0028819850650558,0.0216367685686727,0,0,6.078856705371954,35.55691041268222,BRAP;PTPN1;MPIG6B;IGFBP3;OSM,electrolyte transport
GO_Biological_Process_2023,Regulation Of Mononuclear Cell Migration (GO:0071675),5/22,0.0028819850650558,0.0216367685686727,0,0,6.078856705371954,35.55691041268222,LYN;MDK;RARRES2;CCL5;CXCL17,
GO_Biological_Process_2023,Amino Sugar Catabolic Process (GO:0046348),3/7,0.0030186955284181,0.0222765569805012,0,0,15.478084415584416,89.81824790680466,NAGK;GNPDA2;NPL,
GO_Biological_Process_2023,Immunological Synapse Formation (GO:0001771),3/7,0.0030186955284181,0.0222765569805012,0,0,15.478084415584416,89.81824790680466,CCL21;CD6;CORO1A,
GO_Biological_Process_2023,Lymphocyte Apoptotic Process (GO:0070227),3/7,0.0030186955284181,0.0222765569805012,0,0,15.478084415584416,89.81824790680466,CASP7;FASLG;CLC,immune
GO_Biological_Process_2023,Positive Regulation Of Aspartic-Type Peptidase Activity (GO:1905247),3/7,0.0030186955284181,0.0222765569805012,0,0,15.478084415584416,89.81824790680466,EFNA1;LYN;EPHA4,
GO_Biological_Process_2023,Positive Regulation Of Cell Migration By Vascular Endothelial Growth Factor Signaling Pathway (GO:0038089),3/7,0.0030186955284181,0.0222765569805012,0,0,15.478084415584416,89.81824790680466,KDR;HSPB1;VEGFA,vascular
GO_Biological_Process_2023,Positive Regulation Of Isomerase Activity (GO:0010912),3/7,0.0030186955284181,0.0222765569805012,0,0,15.478084415584416,89.81824790680466,ITGAM;ITGB2;SETMAR,
GO_Biological_Process_2023,Regulation Of Apoptotic Cell Clearance (GO:2000425),3/7,0.0030186955284181,0.0222765569805012,0,0,15.478084415584416,89.81824790680466,C3;CCL2;CD300LF,
GO_Biological_Process_2023,Regulation Of Positive Chemotaxis (GO:0050926),3/7,0.0030186955284181,0.0222765569805012,0,0,15.478084415584416,89.81824790680466,CNTN1;KDR;VEGFA,
GO_Biological_Process_2023,Regulation Of Intracellular Signal Transduction (GO:1902531),25/297,0.0030471758393991,0.0224388842131069,0,0,1.9157794769792615,11.099145168264052,JPT2;FAM13A;HSPB1;TREM2;STK4;GRAP2;KDR;TNFSF11;ITGAV;MAP2K6;LYN;VAV3;ARHGEF10;NTRK2;TGFB1;ARHGEF12;MYO9B;VEGFA;ARHGAP45;RNF41;CEACAM1;DNMBP;REN;ARHGEF1;TEK,
GO_Biological_Process_2023,NIK/NF-kappaB Signaling (GO:0038061),6/32,0.003140221187812,0.0228822022309907,0,0,4.772488098220998,27.50605398837032,IRAK1;TNFRSF10B;CHI3L1;TNFRSF10A;TRAF2;TLR3,
GO_Biological_Process_2023,Macroautophagy (GO:0016236),12/104,0.0031413913046375,0.0228822022309907,0,0,2.7057733428367783,15.59361390508652,VAMP8;TGFB1;ATG16L1;CALCOCO2;TBC1D5;SRC;VTA1;LAMP2;VTI1A;VPS37A;CHMP6;SNAP29,
GO_Biological_Process_2023,Aminoglycan Catabolic Process (GO:0006026),4/14,0.0031602694788828,0.0228822022309907,0,0,8.261321776814734,47.56123888775231,IDUA;HYAL1;FUCA1;CTBS,
GO_Biological_Process_2023,Negative Regulation Of Smooth Muscle Cell Migration (GO:0014912),4/14,0.0031602694788828,0.0228822022309907,0,0,8.261321776814734,47.56123888775231,BMP4;LRP1;IGFBP3;PRKG1,
GO_Biological_Process_2023,Prostanoid Biosynthetic Process (GO:0046457),4/14,0.0031602694788828,0.0228822022309907,0,0,8.261321776814734,47.56123888775231,CD74;EDN1;PLA2G4A;PTGDS,
GO_Biological_Process_2023,Regulation Of Extracellular Matrix Disassembly (GO:0010715),4/14,0.0031602694788828,0.0228822022309907,0,0,8.261321776814734,47.56123888775231,TGFB1;LRP1;MELTF;FGFR4,
GO_Biological_Process_2023,Regulation Of Leukocyte Activation (GO:0002694),4/14,0.0031602694788828,0.0228822022309907,0,0,8.261321776814734,47.56123888775231,LYN;CD74;CD84;PLA2G2A,immune
GO_Biological_Process_2023,Regulation Of Mast Cell Degranulation (GO:0043304),4/14,0.0031602694788828,0.0228822022309907,0,0,8.261321776814734,47.56123888775231,LYN;CD84;CD300A;LGALS9,immune
GO_Biological_Process_2023,Positive Regulation Of Binding (GO:0051099),11/91,0.0031982893435667,0.0231091428352495,0,0,2.8510234716157203,16.37952668480627,BMP4;LRP1;EGF;PLAUR;HIP1R;TXN;APOE;STK4;MMP9;MET;SIRT2,
GO_Biological_Process_2023,Negative Regulation Of Neuron Projection Development (GO:0010977),8/54,0.0032366583021328,0.0233376549660034,0,0,3.6007001939726546,20.643584292554745,RTN4R;EFNA1;EPHA4;PTPRS;TNR;THY1;APOE;KIAA0319,
GO_Biological_Process_2023,Positive Regulation Of Cell Projection Organization (GO:0031346),13/118,0.0032479324984343,0.0233702585802107,0,0,2.569386266541628,14.72190663217576,SCARB2;LYN;RET;NTRK2;BDNF;TWF2;MDK;SLITRK1;PLXNB3;APOE;SCARF1;ARSB;PLXNA4,
GO_Biological_Process_2023,Circulatory System Development (GO:0072359),14/132,0.0032735533802989,0.0235057432556317,0,0,2.463196391111441,14.09411225350223,ACVRL1;CDKN1A;TGFB1;HEG1;PDGFB;CACYBP;PKD2;CDH5;COL3A1;CASP8;ERBB4;TEK;PDLIM5;PDLIM7,
GO_Biological_Process_2023,Positive Regulation Of Cell-Matrix Adhesion (GO:0001954),7/43,0.0033604118204371,0.0240794726926151,0,0,4.023520531400966,22.916732684228517,CCL21;KDR;THY1;TEK;EPHA1;SKAP1;VEGFA,
GO_Biological_Process_2023,Dephosphorylation (GO:0016311),15/147,0.0034556639482237,0.024710853150418,0,0,2.360072767145136,13.37628040644173,PTPN1;PTPRR;PTPRS;PPP1R12A;PTPRM;PTPRK;PTPRH;THTPA;NT5C;PPP1CC;PPP3R1;PTPRC;ALPP;ACP6;PTPN6,
GO_Biological_Process_2023,Regulation Of Protein-Containing Complex Assembly (GO:0043254),13/119,0.0034956838370823,0.024945488165241,0,0,2.5450125923785145,14.395167059321292,TGFB1;SRC;STXBP1;EIF2AK2;TRAF2;RHOC;CLU;SEPTIN8;VEGFA;SELP;CDH5;BCL2L11;APOE,
GO_Biological_Process_2023,Negative Regulation Of Cell Motility (GO:2000146),14/133,0.0035069093908929,0.0249741016499597,0,0,2.442368404097674,13.80675778938934,EPHA4;CD74;SPINT2;THY1;PTPRK;SLURP1;RNF41;ADAM15;DAG1;PLXNB3;DPEP1;EPPK1;EPHA1;ENG,
GO_Biological_Process_2023,Cellular Response To Interleukin-6 (GO:0071354),5/23,0.003543863044689,0.0250312448932017,0,0,5.740841166546156,32.39291380994829,YAP1;SELPLG;SRC;IL6ST;IL6R,immune
GO_Biological_Process_2023,Positive Regulation Of Cell-Substrate Junction Organization (GO:0150117),5/23,0.003543863044689,0.0250312448932017,0,0,5.740841166546156,32.39291380994829,KDR;THY1;TEK;VEGFA;ARF6,
GO_Biological_Process_2023,Regulation Of T Cell Migration (GO:2000404),5/23,0.003543863044689,0.0250312448932017,0,0,5.740841166546156,32.39291380994829,CXCL12;CCL21;CCL20;CCL5;TNFRSF14,immune
GO_Biological_Process_2023,Regulation Of Extracellular Matrix Organization (GO:1903053),5/23,0.003543863044689,0.0250312448932017,0,0,5.740841166546156,32.39291380994829,LRP1;TIE1;NID1;FGFR4;AGT,
GO_Biological_Process_2023,Nervous System Development (GO:0007399),33/433,0.0036638037875565,0.0257486055729229,0,0,1.7231795302013422,9.665750612805336,IGSF8;DCTN1;CAPG;CXCL1;PKD2;KLK6;FGF5;OPHN1;MDK;SLITRK1;ERBB4;SMPD1;SLITRK6;NRCAM;PCDH1;CDON;DBNL;TGFB1;MOG;DSCAM;PSPN;BDNF;ZBTB16;MAMDC2;L1CAM;MERTK;VEGFA;APEX1;TYRO3;TPP1;MELTF;MET;MDGA1,
GO_Biological_Process_2023,Epithelial Tube Morphogenesis (GO:0060562),6/33,0.0036900630927968,0.0257486055729229,0,0,4.595487996139462,25.744437174961757,ACVRL1;BMP4;PODXL;PKD2;MET;MTSS1,
GO_Biological_Process_2023,Positive Regulation Of DNA Binding (GO:0043388),6/33,0.0036900630927968,0.0257486055729229,0,0,4.595487996139462,25.744437174961757,TGFB1;EGF;PLAUR;TXN;MMP9;SIRT2,
GO_Biological_Process_2023,Positive Regulation Of T Cell Mediated Cytotoxicity (GO:0001916),6/33,0.0036900630927968,0.0257486055729229,0,0,4.595487996139462,25.744437174961757,STX7;XCL1;FADD;CD1C;PVR;NECTIN2,immune
GO_Biological_Process_2023,Positive Regulation Of Protein Dephosphorylation (GO:0035307),6/33,0.0036900630927968,0.0257486055729229,0,0,4.595487996139462,25.744437174961757,PDGFRB;CDH5;TGFB1;CD300A;SMPD1;LILRB2,
GO_Biological_Process_2023,Vasculogenesis (GO:0001570),6/33,0.0036900630927968,0.0257486055729229,0,0,4.595487996139462,25.744437174961757,PDGFRB;EGFL7;TGFB1;KDR;VEGFA;ENG,
GO_Biological_Process_2023,Regulation Of Peptidyl-Serine Phosphorylation (GO:0033135),11/93,0.0037903739646729,0.0263953406272293,0,0,2.7811934178293747,15.50596150067726,TGFB1;BDNF;AXIN1;OSM;HCLS1;DMD;TXN;STK4;DKK1;VEGFA;EIF4G1,
GO_Biological_Process_2023,Neural Crest Cell Development (GO:0014032),7/44,0.003839410140467,0.0266831295103544,0,0,3.9145710928319626,21.774553259497,SEMA7A;FAM172A;TCOF1;ERBB4;PDCD6;SEMA4C;SEMA3F,immune
GO_Biological_Process_2023,Cellular Response To Peptide (GO:1901653),8/56,0.0040744963707661,0.0282036638784431,0,0,3.4503083061298514,18.9870746593742,EPHA4;VCAM1;LRP1;SRC;TREM2;ICAM1;IGF1R;LGMN,
GO_Biological_Process_2023,Positive Regulation Of Cellular Metabolic Process (GO:0031325),8/56,0.0040744963707661,0.0282036638784431,0,0,3.4503083061298514,18.9870746593742,PDGFRB;CDKN1A;IL10RB;CCL5;PDGFB;AGT;RNF41;IFNAR1,
GO_Biological_Process_2023,Ceramide Catabolic Process (GO:0046514),4/15,0.0041529001975753,0.0282380895556154,0,0,7.509898552152073,41.18389574390647,ASAH1;ASAH2;GM2A;GLA,
GO_Biological_Process_2023,Negative Regulation Of Immune Effector Process (GO:0002698),4/15,0.0041529001975753,0.0282380895556154,0,0,7.509898552152073,41.18389574390647,CR1;CD300A;SLAMF8;HAVCR2,immune
GO_Biological_Process_2023,Negative Regulation Of Protein Processing (GO:0010955),4/15,0.0041529001975753,0.0282380895556154,0,0,7.509898552152073,41.18389574390647,SERPINE2;PLAU;CTSZ;PLAT,
GO_Biological_Process_2023,Platelet-Derived Growth Factor Receptor Signaling Pathway (GO:0048008),4/15,0.0041529001975753,0.0282380895556154,0,0,7.509898552152073,41.18389574390647,PDGFRB;PTPN1;PDGFB;PLAT,
GO_Biological_Process_2023,Positive Regulation Of Cell Activation (GO:0050867),4/15,0.0041529001975753,0.0282380895556154,0,0,7.509898552152073,41.18389574390647,SELP;PLA2G4A;GP1BA;GP5,
GO_Biological_Process_2023,Positive Regulation Of Endothelial Cell Apoptotic Process (GO:2000353),4/15,0.0041529001975753,0.0282380895556154,0,0,7.509898552152073,41.18389574390647,CD40;CD40LG;CCL2;FASLG,vascular
GO_Biological_Process_2023,Regulation Of Amyloid Fibril Formation (GO:1905906),4/15,0.0041529001975753,0.0282380895556154,0,0,7.509898552152073,41.18389574390647,USP8;TREM2;CLU;LDLR,
GO_Biological_Process_2023,Regulation Of Lipoprotein Lipase Activity (GO:0051004),4/15,0.0041529001975753,0.0282380895556154,0,0,7.509898552152073,41.18389574390647,SORT1;APOH;ANGPTL4;GPIHBP1,
GO_Biological_Process_2023,Stem Cell Development (GO:0048864),4/15,0.0041529001975753,0.0282380895556154,0,0,7.509898552152073,41.18389574390647,PTPRC;FAM172A;TCOF1;PDCD6,
GO_Biological_Process_2023,Multivesicular Body Sorting Pathway (GO:0071985),5/24,0.0043081056234773,0.0287851000787094,0,0,5.4384062107546525,29.62439631127547,SORT1;VTA1;RAB27B;MITD1;CHMP6,
GO_Biological_Process_2023,Negative Regulation Of Antigen Receptor-Mediated Signaling Pathway (GO:0050858),5/24,0.0043081056234773,0.0287851000787094,0,0,5.4384062107546525,29.62439631127547,CEACAM1;CD300A;THY1;LILRB4;CD22,
GO_Biological_Process_2023,Positive Regulation Of ERBB Signaling Pathway (GO:1901186),5/24,0.0043081056234773,0.0287851000787094,0,0,5.4384062107546525,29.62439631127547,APEX1;HIP1R;PLAUR;MMP9;AGT,
GO_Biological_Process_2023,Positive Regulation Of Natural Killer Cell Mediated Immunity (GO:0002717),5/24,0.0043081056234773,0.0287851000787094,0,0,5.4384062107546525,29.62439631127547,KLRK1;LAMP1;CRTAM;PVR;NECTIN2,
GO_Biological_Process_2023,Positive Regulation Of Vascular Endothelial Growth Factor Production (GO:0010575),5/24,0.0043081056234773,0.0287851000787094,0,0,5.4384062107546525,29.62439631127547,C3;TGFB1;CXCL17;HPSE;IL6ST,vascular
GO_Biological_Process_2023,Regulation Of Viral Life Cycle (GO:1903900),5/24,0.0043081056234773,0.0287851000787094,0,0,5.4384062107546525,29.62439631127547,LAMP3;TYRO3;TRIM25;TRIM58;NECTIN2,
GO_Biological_Process_2023,Cellular Response To Vascular Endothelial Growth Factor Stimulus (GO:0035924),6/34,0.0043082004740743,0.0287851000787094,0,0,4.431130758492322,24.137410492852773,ERN1;FLT1;KDR;HSPB1;VEGFC;VEGFA,vascular
GO_Biological_Process_2023,Positive Regulation Of Neuron Death (GO:1901216),6/34,0.0043082004740743,0.0287851000787094,0,0,4.431130758492322,24.137410492852773,C1QA;ITGAM;ITGB2;CCL3;CLU;MAP3K5,
GO_Biological_Process_2023,Regulation Of T Cell Receptor Signaling Pathway (GO:0050856),6/34,0.0043082004740743,0.0287851000787094,0,0,4.431130758492322,24.137410492852773,CEACAM1;CD300A;THY1;IKBKG;LILRB4;NECTIN2,immune
GO_Biological_Process_2023,Epidermal Growth Factor Receptor Signaling Pathway (GO:0007173),7/45,0.0043684708663056,0.0291315562009322,0,0,3.8113558352402745,20.708400679054005,PIGR;EFEMP1;TGFB1;SRC;EGF;ERBIN;HBEGF,
GO_Biological_Process_2023,Cellular Response To Organic Substance (GO:0071310),10/82,0.0045374437237306,0.0301167475908209,0,0,2.8778928874348724,15.527358770835445,GHR;EDN1;ASAH2;TGFB1;CCL5;IL18;CCL3;HCLS1;CCL2;TREM2,
GO_Biological_Process_2023,Negative Regulation Of Apoptotic Signaling Pathway (GO:2001234),10/82,0.0045374437237306,0.0301167475908209,0,0,2.8778928874348724,15.527358770835445,BMP4;ASAH2;SRC;BDNF;HGF;PLAUR;ITGAV;CLU;MMP9;FXN,
GO_Biological_Process_2023,Cellular Response To Oxygen-Containing Compound (GO:1901701),31/406,0.0046339751221358,0.0301167475908209,0,0,1.7251130952380953,9.27134469443847,RET;CD274;CXCL6;SHMT1;CD80;PDGFB;TWF2;HTRA2;CXCL1;PTPRK;CXCL3;PKD2;CLU;CXCL5;PRDX5;CASP7;SMPD1;CCL2;CD14;GIT1;LYN;SYT1;PPBP;LILRB2;TNFRSF1B;MMP9;CRYGD;TNIP1;DPEP1;FOLR1;LGMN,
GO_Biological_Process_2023,CD40 Signaling Pathway (GO:0023035),3/8,0.0046641365815313,0.0301167475908209,0,0,12.38181818181818,66.46377425333668,ITGB1;CD40LG;ITGA5,
GO_Biological_Process_2023,Bone Resorption (GO:0045453),3/8,0.0046641365815313,0.0301167475908209,0,0,12.38181818181818,66.46377425333668,IL7;SRC;TPP1,
GO_Biological_Process_2023,Cellular Response To Platelet-Derived Growth Factor Stimulus (GO:0036120),3/8,0.0046641365815313,0.0301167475908209,0,0,12.38181818181818,66.46377425333668,HYAL1;MARS1;PDGFB,
GO_Biological_Process_2023,Collagen-Activated Signaling Pathway (GO:0038065),3/8,0.0046641365815313,0.0301167475908209,0,0,12.38181818181818,66.46377425333668,ITGA2;ITGA11;GP6,
GO_Biological_Process_2023,Glucosamine-Containing Compound Catabolic Process (GO:1901072),3/8,0.0046641365815313,0.0301167475908209,0,0,12.38181818181818,66.46377425333668,GNPDA2;CHI3L1;CTBS,
GO_Biological_Process_2023,Immune Response-Inhibiting Cell Surface Receptor Signaling Pathway (GO:0002767),3/8,0.0046641365815313,0.0301167475908209,0,0,12.38181818181818,66.46377425333668,LYN;LILRB2;LILRB4,immune
GO_Biological_Process_2023,Negative Regulation Of Platelet Aggregation (GO:0090331),3/8,0.0046641365815313,0.0301167475908209,0,0,12.38181818181818,66.46377425333668,CEACAM1;SERPINE2;PRKG1,
GO_Biological_Process_2023,Negative Regulation Of Smooth Muscle Cell Differentiation (GO:0051151),3/8,0.0046641365815313,0.0301167475908209,0,0,12.38181818181818,66.46377425333668,PDGFB;RBPMS2;NFATC1,
GO_Biological_Process_2023,Nucleoside Diphosphate Metabolic Process (GO:0009132),3/8,0.0046641365815313,0.0301167475908209,0,0,12.38181818181818,66.46377425333668,ENTPD2;ENTPD5;ENTPD6,
GO_Biological_Process_2023,Plasminogen Activation (GO:0031639),3/8,0.0046641365815313,0.0301167475908209,0,0,12.38181818181818,66.46377425333668,PLAU;PLAT;KLKB1,
GO_Biological_Process_2023,Positive Regulation Of Adaptive Immune Response (GO:0002821),3/8,0.0046641365815313,0.0301167475908209,0,0,12.38181818181818,66.46377425333668,FADD;IL6ST;SKAP1,immune
GO_Biological_Process_2023,Positive Regulation Of Extracellular Matrix Assembly (GO:1901203),3/8,0.0046641365815313,0.0301167475908209,0,0,12.38181818181818,66.46377425333668,PHLDB1;TGFB1;DAG1,
GO_Biological_Process_2023,Regulation Of Aspartic-Type Endopeptidase Activity Involved In Amyloid Precursor Protein Catabolic Process (GO:1902959),3/8,0.0046641365815313,0.0301167475908209,0,0,12.38181818181818,66.46377425333668,EFNA1;LYN;EPHA4,
GO_Biological_Process_2023,Regulation Of Lysosomal Protein Catabolic Process (GO:1905165),3/8,0.0046641365815313,0.0301167475908209,0,0,12.38181818181818,66.46377425333668,USP8;LRP1;LDLR,
GO_Biological_Process_2023,Cellular Response To Lipid (GO:0071396),20/228,0.0048104280956979,0.0310035226056066,0,0,1.9999363921635145,10.673598922216396,LYN;RET;CD274;CXCL6;CD80;TWF2;HTRA2;CXCL1;TREM2;PPBP;LILRB2;CXCL3;TNFRSF1B;CXCL5;CASP7;ADAM15;TNIP1;CCL2;CD14;GIT1,
GO_Biological_Process_2023,Regulation Of Actin Filament Polymerization (GO:0030833),9/70,0.0048845314627195,0.0314226085361941,0,0,3.0556091288974607,16.260979830030386,VASP;CCL24;CCL21;TWF2;HIP1R;HCLS1;ARF6;CCL26;MEGF9,
GO_Biological_Process_2023,Calcium Ion Transmembrane Import Into Cytosol (GO:0097553),10/83,0.0049502638352538,0.0316137550150373,0,0,2.838320311916464,15.066696594260998,PTPRC;CCL21;F2R;ITPR1;XCL1;GP1BA;CCL19;PKD2;CLU;GP5,
GO_Biological_Process_2023,Homotypic Cell-Cell Adhesion (GO:0034109),7/46,0.0049507816290523,0.0316137550150373,0,0,3.713433667781494,19.711685024132212,STXBP1;TYRO3;HSPB1;MYH9;GP1BA;DSC2;XG,
GO_Biological_Process_2023,Positive Regulation Of Blood Vessel Endothelial Cell Migration (GO:0043536),7/46,0.0049507816290523,0.0316137550150373,0,0,3.713433667781494,19.711685024132212,CD40;TGFB1;ANGPT1;PDGFB;KDR;HSPB1;VEGFA,vascular
GO_Biological_Process_2023,Vacuolar Transport (GO:0007034),7/46,0.0049507816290523,0.0316137550150373,0,0,3.713433667781494,19.711685024132212,LRP1;AP1G2;VPS53;VTI1A;VPS37A;ARSB;IGF2R,
GO_Biological_Process_2023,Macrophage Activation (GO:0042116),6/35,0.0049994838575286,0.0318659551213748,0,0,4.2781085027518815,22.6672182216018,C1QA;ITGAM;ITGB2;TREM2;CLU;TMEM106A,
GO_Biological_Process_2023,Positive Regulation Of Mitochondrion Organization (GO:0010822),8/58,0.0050702285050208,0.0322574648085976,0,0,3.311947769314472,17.501555421296253,BCL2L11;KDR;TNFSF10;PLAUR;HIP1R;HTRA2;TREM2;MMP9,
GO_Biological_Process_2023,Positive Regulation Of Interleukin-2 Production (GO:0032743),5/25,0.0051828687181147,0.0328533125153755,0,0,5.1662147505423,27.186670780136478,CD4;PTPRC;CD80;CD28;TRAF2,immune
GO_Biological_Process_2023,"Wound Healing, Spreading Of Cells (GO:0044319)",5/25,0.0051828687181147,0.0328533125153755,0,0,5.1662147505423,27.186670780136478,ITGB1;MMP12;CEACAM1;ITGA5;RHOC,
GO_Biological_Process_2023,Negative Regulation Of Cell Growth (GO:0030308),13/125,0.0053233009612706,0.0330989727019252,0,0,2.4079106752110038,12.607005666971236,RTN4R;ACVRL1;CDKN2D;CDKN1A;TGFB1;PTPRS;ENO1;PPP1R9B;DCBLD2;ADAM15;HYAL1;FRZB;KIAA0319,
GO_Biological_Process_2023,Lymphocyte Mediated Immunity (GO:0002449),4/16,0.0053363845038065,0.0330989727019252,0,0,6.883712531599856,36.02389201800791,CR2;CR1;CD8A;CD46,immune
GO_Biological_Process_2023,Negative Regulation Of Amyloid-Beta Formation (GO:1902430),4/16,0.0053363845038065,0.0330989727019252,0,0,6.883712531599856,36.02389201800791,NTRK2;APEX1;APOE;CLU,
GO_Biological_Process_2023,Negative Regulation Of Inflammatory Response To Antigenic Stimulus (GO:0002862),4/16,0.0053363845038065,0.0330989727019252,0,0,6.883712531599856,36.02389201800791,LYN;YES1;SRC;TREM2,immune
GO_Biological_Process_2023,Negative Regulation Of Interleukin-10 Production (GO:0032693),4/16,0.0053363845038065,0.0330989727019252,0,0,6.883712531599856,36.02389201800791,CD274;DLL1;LILRB4;VSIR,immune
GO_Biological_Process_2023,Negative Regulation Of Natural Killer Cell Mediated Cytotoxicity (GO:0045953),4/16,0.0053363845038065,0.0330989727019252,0,0,6.883712531599856,36.02389201800791,CEACAM1;TGFB1;SERPINB9;LGALS9,
GO_Biological_Process_2023,Positive Regulation Of Collagen Metabolic Process (GO:0010714),4/16,0.0053363845038065,0.0330989727019252,0,0,6.883712531599856,36.02389201800791,BMP4;TGFB1;F2R;VSIR,
GO_Biological_Process_2023,Positive Regulation Of Myeloid Leukocyte Cytokine Production Involved In Immune Response (GO:0061081),4/16,0.0053363845038065,0.0330989727019252,0,0,6.883712531599856,36.02389201800791,CD74;SEMA7A;MAVS;KIT,immune
GO_Biological_Process_2023,Regulation Of Fibrinolysis (GO:0051917),4/16,0.0053363845038065,0.0330989727019252,0,0,6.883712531599856,36.02389201800791,PLAU;PLAUR;PLAT;KLKB1,
GO_Biological_Process_2023,Regulation Of Stem Cell Proliferation (GO:0072091),4/16,0.0053363845038065,0.0330989727019252,0,0,6.883712531599856,36.02389201800791,YAP1;PTPRC;EPCAM;EIF2AK2,
GO_Biological_Process_2023,Regulation Of Transforming Growth Factor Beta Production (GO:0071634),4/16,0.0053363845038065,0.0330989727019252,0,0,6.883712531599856,36.02389201800791,XCL1;ITGAV;LGALS9;CD46,
GO_Biological_Process_2023,Reverse Cholesterol Transport (GO:0043691),4/16,0.0053363845038065,0.0330989727019252,0,0,6.883712531599856,36.02389201800791,APOM;APOE;CLU;CES1,
GO_Biological_Process_2023,Negative Regulation Of Wnt Signaling Pathway (GO:0030178),14/140,0.0055474708820643,0.0343466846562157,0,0,2.305829378118535,11.9774304479912,IGFBP1;CCL14;DRAXIN;GPI;LRP1;IGFBP4;AXIN1;STK4;DKK1;DKK4;MDK;FRZB;APOE;IGFBP6,
GO_Biological_Process_2023,Negative Regulation Of Macromolecule Biosynthetic Process (GO:0010558),11/98,0.0056577388472205,0.0348424095199828,0,0,2.620664558550419,13.561234036195088,EPHA4;CDKN1A;EDN1;RIDA;TGFB1;NHLRC3;SHMT1;EIF2AK2;GZMB;GAPDH;GIGYF2,
GO_Biological_Process_2023,Positive Regulation Of Cold-Induced Thermogenesis (GO:0120162),11/98,0.0056577388472205,0.0348424095199828,0,0,2.620664558550419,13.561234036195088,ACHE;IL4R;FABP4;FABP5;LEP;IL18;OXT;GHRL;IGF1R;DECR1;VEGFA,heat adaptation
GO_Biological_Process_2023,Positive Regulation Of Protein-Containing Complex Assembly (GO:0031334),11/98,0.0056577388472205,0.0348424095199828,0,0,2.620664558550419,13.561234036195088,CDH5;MAVS;BCL2L11;TGFB1;SRC;CAPG;RHOC;CLU;SKAP1;EIF4G1;VEGFA,
GO_Biological_Process_2023,Regulation Of T Cell Mediated Cytotoxicity (GO:0001914),6/36,0.0057687772955143,0.0353375897695136,0,0,4.135287730727471,21.318628691542116,CEACAM1;PTPRC;STX7;XCL1;FADD;CD1C,immune
GO_Biological_Process_2023,Regulation Of Peptidyl-Threonine Phosphorylation (GO:0010799),6/36,0.0057687772955143,0.0353375897695136,0,0,4.135287730727471,21.318628691542116,TGFB1;EGF;AXIN1;CHI3L1;SIRT2;EIF4G1,
GO_Biological_Process_2023,Substrate Adhesion-Dependent Cell Spreading (GO:0034446),6/36,0.0057687772955143,0.0353375897695136,0,0,4.135287730727471,21.318628691542116,EFNA1;TYRO3;ITGAV;ITGB7;TEK;EPHA1,immune
GO_Biological_Process_2023,Defense Response To Gram-positive Bacterium (GO:0050830),10/85,0.0058639104874971,0.0358568802071159,0,0,2.76234096692112,14.195500563997346,FCN2;RNASE10;RARRES2;PLA2G2A;STAB2;IL18;TNFRSF14;RNASE3;PGLYRP1;RNASE1,
GO_Biological_Process_2023,Acute Inflammatory Response (GO:0002526),5/26,0.0061761861551268,0.037567276419849,0,0,4.919946286540647,25.028034035792555,IL22;ITIH4;CD6;CNTN1;IL6R,immune
GO_Biological_Process_2023,Organelle Membrane Fusion (GO:0090174),5/26,0.0061761861551268,0.037567276419849,0,0,4.919946286540647,25.028034035792555,VAMP8;STX8;STX7;IRAG2;STX4,
GO_Biological_Process_2023,Regulation Of Vascular Endothelial Growth Factor Production (GO:0010574),5/26,0.0061761861551268,0.037567276419849,0,0,4.919946286540647,25.028034035792555,C3;TGFB1;CXCL17;HPSE;IL6ST,vascular
GO_Biological_Process_2023,Regulation Of DNA Binding (GO:0051101),7/48,0.0062880638106594,0.0381806821906884,0,0,3.531919406150583,17.903659993633237,TGFB1;EGF;GZMA;PLAUR;TXN;MMP9;SIRT2,
GO_Biological_Process_2023,Cellular Response To Reactive Oxygen Species (GO:0034614),9/73,0.0064498196179128,0.0390942656700463,0,0,2.911917892156863,14.686849342656858,CRYGD;EDN1;PRDX5;PTPRK;PKD2;CLU;MMP9;FXN;MAP3K5,stress response
GO_Biological_Process_2023,Negative Regulation Of Canonical Wnt Signaling Pathway (GO:0090090),12/114,0.0066029751496642,0.0393683594494955,0,0,2.43921568627451,12.245435841917676,IGFBP1;DKK4;CCL14;DRAXIN;IGFBP4;MDK;FRZB;AXIN1;APOE;IGFBP6;STK4;DKK1,
GO_Biological_Process_2023,Negative Regulation Of Smooth Muscle Cell Proliferation (GO:0048662),6/37,0.0066209367867706,0.0393683594494955,0,0,4.001681202059473,20.078509104161054,BMP4;CDKN1A;IGFBP3;OGN;APOE;PRKG1,
GO_Biological_Process_2023,Positive Regulation Of Immune Effector Process (GO:0002699),6/37,0.0066209367867706,0.0393683594494955,0,0,4.001681202059473,20.078509104161054,FCN1;FCN2;PTPRC;LGALS9;CFP;CD46,immune
GO_Biological_Process_2023,Regulation Of Vascular Associated Smooth Muscle Cell Proliferation (GO:1904705),6/37,0.0066209367867706,0.0393683594494955,0,0,4.001681202059473,20.078509104161054,BMP4;ERN1;CDKN1A;PDGFB;MMP9;PRKG1,vascular
GO_Biological_Process_2023,T Cell Migration (GO:0072678),4/17,0.006725706145397,0.0393683594494955,0,0,6.353862821901825,31.78086769392708,CCL3;CXCL16;XG;CCL26,immune
GO_Biological_Process_2023,Growth Hormone Receptor Signaling Pathway (GO:0060396),4/17,0.006725706145397,0.0393683594494955,0,0,6.353862821901825,31.78086769392708,LYN;GHR;PTPN1;GH1,
GO_Biological_Process_2023,Megakaryocyte Differentiation (GO:0030219),4/17,0.006725706145397,0.0393683594494955,0,0,6.353862821901825,31.78086769392708,MPIG6B;KIT;GP1BA;GP5,
GO_Biological_Process_2023,Positive Regulation Of Amyloid-Beta Formation (GO:1902004),4/17,0.006725706145397,0.0393683594494955,0,0,6.353862821901825,31.78086769392708,EFNA1;EPHA4;CASP3;CLU,
GO_Biological_Process_2023,Positive Regulation Of Glial Cell Differentiation (GO:0045687),4/17,0.006725706145397,0.0393683594494955,0,0,6.353862821901825,31.78086769392708,TGFB1;SERPINE2;MDK;TNFRSF1B,
GO_Biological_Process_2023,Positive Regulation Of Leukocyte Proliferation (GO:0070665),4/17,0.006725706145397,0.0393683594494955,0,0,6.353862821901825,31.78086769392708,LYN;IL5RA;CSF2RB;CSF2RA,immune
GO_Biological_Process_2023,Prostaglandin Biosynthetic Process (GO:0001516),4/17,0.006725706145397,0.0393683594494955,0,0,6.353862821901825,31.78086769392708,CD74;EDN1;PLA2G4A;PTGDS,
GO_Biological_Process_2023,Regulation Of Inflammatory Response To Antigenic Stimulus (GO:0002861),4/17,0.006725706145397,0.0393683594494955,0,0,6.353862821901825,31.78086769392708,LYN;YES1;SRC;TREM2,immune
GO_Biological_Process_2023,Regulation Of Leukocyte Chemotaxis (GO:0002688),4/17,0.006725706145397,0.0393683594494955,0,0,6.353862821901825,31.78086769392708,LYN;MDK;XCL1;IL6R,immune
GO_Biological_Process_2023,Biomineral Tissue Development (GO:0031214),3/9,0.0067566615177695,0.0393683594494955,0,0,10.317640692640692,51.55958613754133,COL1A1;MEPE;FAM20A,
GO_Biological_Process_2023,Negative Regulation Of Toll-Like Receptor 4 Signaling Pathway (GO:0034144),3/9,0.0067566615177695,0.0393683594494955,0,0,10.317640692640692,51.55958613754133,LYN;BPIFB1;TREM2,
GO_Biological_Process_2023,Neuron Remodeling (GO:0016322),3/9,0.0067566615177695,0.0393683594494955,0,0,10.317640692640692,51.55958613754133,C3;C1QA;SCARF1,
GO_Biological_Process_2023,Positive Regulation Of Vasculogenesis (GO:2001214),3/9,0.0067566615177695,0.0393683594494955,0,0,10.317640692640692,51.55958613754133,CEACAM1;KDR;CD34,
GO_Biological_Process_2023,"Regulation Of CD4-positive, Alpha-Beta T Cell Proliferation (GO:2000561)",3/9,0.0067566615177695,0.0393683594494955,0,0,10.317640692640692,51.55958613754133,XCL1;LGALS9;VSIR,immune
GO_Biological_Process_2023,Regulation Of Cell-Cell Adhesion Mediated By Integrin (GO:0033632),3/9,0.0067566615177695,0.0393683594494955,0,0,10.317640692640692,51.55958613754133,PODXL;CCL5;SKAP1,
GO_Biological_Process_2023,Regulation Of Leukocyte Mediated Cytotoxicity (GO:0001910),3/9,0.0067566615177695,0.0393683594494955,0,0,10.317640692640692,51.55958613754133,NCR1;LEP;ICAM1,immune
GO_Biological_Process_2023,Regulation Of Receptor Binding (GO:1900120),3/9,0.0067566615177695,0.0393683594494955,0,0,10.317640692640692,51.55958613754133,BDNF;MMP9;PTPRF,
GO_Biological_Process_2023,Response To Platelet-Derived Growth Factor (GO:0036119),3/9,0.0067566615177695,0.0393683594494955,0,0,10.317640692640692,51.55958613754133,HYAL1;MARS1;PDGFB,
GO_Biological_Process_2023,"Wound Healing, Spreading Of Epidermal Cells (GO:0035313)",3/9,0.0067566615177695,0.0393683594494955,0,0,10.317640692640692,51.55958613754133,ITGB1;MMP12;ITGA5,
GO_Biological_Process_2023,Erythrocyte Differentiation (GO:0030218),7/49,0.0070495400940775,0.0409370105127556,0,0,3.447644927536232,17.082366605810705,ATP5IF1;LYN;MPIG6B;CASP3;KIT;HCLS1;VEGFA,
GO_Biological_Process_2023,Negative Regulation Of Tumor Necrosis Factor Superfamily Cytokine Production (GO:1903556),7/49,0.0070495400940775,0.0409370105127556,0,0,3.447644927536232,17.082366605810705,CD274;GHRL;PTPN6;LGALS9;LILRB4;VSIR;HAVCR2,immune
GO_Biological_Process_2023,Glycerophospholipid Catabolic Process (GO:0046475),5/27,0.0072959193175928,0.0420852945969816,0,0,4.696065864720962,23.10671072123581,PLA2G15;PNLIPRP2;ENPP2;PLA2G4A;PLA2G7,
GO_Biological_Process_2023,Positive Regulation Of Immune System Process (GO:0002684),5/27,0.0072959193175928,0.0420852945969816,0,0,4.696065864720962,23.10671072123581,LGALS9;LILRB2;CFP;ZP3;VEGFA,immune
GO_Biological_Process_2023,Positive Regulation Of Response To Wounding (GO:1903036),5/27,0.0072959193175928,0.0420852945969816,0,0,4.696065864720962,23.10671072123581,ITGB1;OCLN;MDK;SCARF1;HBEGF,
GO_Biological_Process_2023,Regulation Of Immunoglobulin Production (GO:0002637),5/27,0.0072959193175928,0.0420852945969816,0,0,4.696065864720962,23.10671072123581,GPI;CR1;PTPRC;MZB1;STX4,
GO_Biological_Process_2023,Transmembrane Receptor Protein Serine/Threonine Kinase Signaling Pathway (GO:0007178),13/130,0.0073708599766628,0.0424468325777539,0,0,2.304400680768296,11.315116369643787,ACVRL1;ITGB1;GPI;TGFB1;ITGB5;SRC;GDF15;PTPRK;SMAD5;BMP4;CDH5;COL3A1;ENG,
GO_Biological_Process_2023,Negative Regulation Of Protein Kinase Activity (GO:0006469),10/88,0.0074747311349247,0.0429734957773664,0,0,2.655677655677656,13.002800983406784,PTPN1;CDKN1A;PTPRR;CEACAM1;NPM1;PTPRC;HSPB1;THY1;EPHA1;LILRB4,
GO_Biological_Process_2023,Negative Regulation Of Epithelial Cell Apoptotic Process (GO:1904036),6/38,0.0075607890967094,0.0432527125020025,0,0,3.876425081433225,18.935482609797678,YAP1;CDH5;MDK;KDR;TEK;ICAM1,
GO_Biological_Process_2023,Positive Regulation Of Cation Channel Activity (GO:2001259),6/38,0.0075607890967094,0.0432527125020025,0,0,3.876425081433225,18.935482609797678,PPP3R1;EDN1;GAL;APEX1;PKD2;CTSS,electrolyte transport
GO_Biological_Process_2023,Positive Regulation Of Production Of Molecular Mediator Of Immune Response (GO:0002702),6/38,0.0075607890967094,0.0432527125020025,0,0,3.876425081433225,18.935482609797678,GPI;PTPRC;MZB1;XCL1;STX4;TNFRSF14,immune
GO_Biological_Process_2023,Positive Regulation Of Cell Death (GO:0010942),7/50,0.0078772556887955,0.0449887490741277,0,0,3.367290192113246,16.31039840273651,BMP4;C1QA;ITGAM;ITGB2;CLU;MAP3K5;EIF4G1,
GO_Biological_Process_2023,Dendritic Cell Migration (GO:0036336),4/18,0.0083348180628765,0.0466776785042324,0,0,5.899705927874942,28.24374237204916,CCL21;CCL5;CCL19;CLU,
GO_Biological_Process_2023,Endothelial Cell Proliferation (GO:0001935),4/18,0.0083348180628765,0.0466776785042324,0,0,5.899705927874942,28.24374237204916,BMP4;ERN1;TEK;CD34,vascular
GO_Biological_Process_2023,Maintenance Of Gastrointestinal Epithelium (GO:0030277),4/18,0.0083348180628765,0.0466776785042324,0,0,5.899705927874942,28.24374237204916,TFF3;MUC13;TFF2;TFF1,
GO_Biological_Process_2023,Negative Regulation Of Amyloid Precursor Protein Catabolic Process (GO:1902992),4/18,0.0083348180628765,0.0466776785042324,0,0,5.899705927874942,28.24374237204916,NTRK2;APEX1;APOE;CLU,
GO_Biological_Process_2023,Positive Regulation Of Focal Adhesion Assembly (GO:0051894),4/18,0.0083348180628765,0.0466776785042324,0,0,5.899705927874942,28.24374237204916,KDR;THY1;TEK;VEGFA,
GO_Biological_Process_2023,Positive Regulation Of Interleukin-4 Production (GO:0032753),4/18,0.0083348180628765,0.0466776785042324,0,0,5.899705927874942,28.24374237204916,CD40LG;LGALS9;ZP3;HAVCR2,immune
GO_Biological_Process_2023,Positive Regulation Of Phosphoprotein Phosphatase Activity (GO:0032516),4/18,0.0083348180628765,0.0466776785042324,0,0,5.899705927874942,28.24374237204916,PDGFRB;PPP1R12A;PTPRC;CD300A,
GO_Biological_Process_2023,Positive Regulation Of Stress-Activated Protein Kinase Signaling Cascade (GO:0070304),4/18,0.0083348180628765,0.0466776785042324,0,0,5.899705927874942,28.24374237204916,LYN;SEMA4C;EIF2AK2;IGFBP6,stress response
GO_Biological_Process_2023,Protein Autoprocessing (GO:0016540),4/18,0.0083348180628765,0.0466776785042324,0,0,5.899705927874942,28.24374237204916,HTRA2;FXN;ASRGL1;KLK6,
GO_Biological_Process_2023,Regulation Of Lymphocyte Activation (GO:0051249),4/18,0.0083348180628765,0.0466776785042324,0,0,5.899705927874942,28.24374237204916,CD4;LEP;CRTAM;PAG1,immune
GO_Biological_Process_2023,Regulation Of Oxidative Stress-Induced Intrinsic Apoptotic Signaling Pathway (GO:1902175),4/18,0.0083348180628765,0.0466776785042324,0,0,5.899705927874942,28.24374237204916,HSPB1;HTRA2;TREM2;P4HB,stress response
GO_Biological_Process_2023,Response To Cholesterol (GO:0070723),4/18,0.0083348180628765,0.0466776785042324,0,0,5.899705927874942,28.24374237204916,TGFB1;PMVK;CCL3;CES1,
GO_Biological_Process_2023,RNA Phosphodiester Bond Hydrolysis (GO:0090501),5/28,0.0085497104866379,0.0475732282865821,0,0,4.491653305668208,21.38861458819351,ERN1;LACTB2;ELAC1;NUDT16;RNASE1,
GO_Biological_Process_2023,Hematopoietic Progenitor Cell Differentiation (GO:0002244),5/28,0.0085497104866379,0.0475732282865821,0,0,4.491653305668208,21.38861458819351,LYN;BMP4;TGFB1;PTPRC;KIT,
GO_Biological_Process_2023,Positive Regulation Of Nitric Oxide Metabolic Process (GO:1904407),5/28,0.0085497104866379,0.0475732282865821,0,0,4.491653305668208,21.38861458819351,EDN1;DDAH1;PKD2;CLU;TMEM106A,
GO_Biological_Process_2023,Pyroptosis (GO:0070269),5/28,0.0085497104866379,0.0475732282865821,0,0,4.491653305668208,21.38861458819351,CASP8;CASP3;GZMA;GZMB;TREM2,
GO_Biological_Process_2023,Negative Regulation Of MAP Kinase Activity (GO:0043407),7/51,0.008774466576505,0.0485894861140542,0,0,3.290587944664032,15.58392605118245,LYN;BMP4;PTPN1;CD300A;SMPD1;APOE;AGT,
GO_Biological_Process_2023,Positive Regulation Of Protein Localization To Cell Periphery (GO:1904377),7/51,0.008774466576505,0.0485894861140542,0,0,3.290587944664032,15.58392605118245,ITGB1;LRP1;CNPY4;TREM2;STX4;ARF6;EPHA2,
GO_Biological_Process_2023,Receptor Internalization (GO:0031623),7/51,0.008774466576505,0.0485894861140542,0,0,3.290587944664032,15.58392605118245,ITGB1;CCL14;CEACAM1;LRP1;ITGB2;LILRB4;DNM1,
KEGG_2021_Human,Cytokine-cytokine receptor interaction,74/295,5.968959141957089e-34,1.6772775188899423e-31,0,0,7.400274782110517,566.1307936171212,ACVRL1;IL22;CXCL6;IL1RN;CD40;TNFRSF6B;CSF3R;CXCL17;IL5RA;CXCL1;FASLG;PRL;CXCL3;EDA2R;CXCL5;CXCL16;TNFSF13B;GHR;IL18RAP;TNFSF10;TNFSF11;TNFRSF8;IL6R;IL13RA1;IL4R;IL18;IL19;IL16;LIFR;OSMR;TNFRSF1B;IL17RB;IL17RA;EDAR;XCL1;IL6ST;IFNAR1;CCL14;CCL13;CSF2RB;TNFRSF11A;CSF2RA;CCL5;CCL4;CCL3;CCL2;TNFRSF14;CCL19;CCL18;CCL17;CCL24;CCL23;CCL22;TGFB1;CCL21;CCL20;GDF15;IL10RB;TNFSF12;OSM;TNFRSF10B;TNFRSF10A;PPBP;BMP4;GH1;CD4;CD40LG;CXCL12;IL7;LEP;CD27;IL17C;CCL27;CCL26,immune
KEGG_2021_Human,Cell adhesion molecules,44/148,7.011631036389283e-24,9.851341606126944e-22,0,0,9.088727241048872,484.5606929639334,ITGB1;CD274;CD40;ITGAM;SELPLG;CD80;ITGB2;ICAM2;ICAM3;PTPRM;CD99L2;F11R;PVR;PTPRF;VSIR;ICAM1;CDH5;CDH3;NRCAM;ITGAV;ITGB7;NCAM1;CD58;CD34;ICOSLG;VCAM1;L1CAM;SELE;SELP;OCLN;CD4;PTPRC;CD40LG;CD6;CD8A;CD28;CNTN1;PECAM1;SDC1;CDH15;PDCD1;SIGLEC1;CD22;NECTIN2,
KEGG_2021_Human,Viral protein interaction with cytokine and cytokine receptor,34/100,7.61568737621801e-21,7.133360509057536e-19,0,0,10.964708676914723,507.93000579210377,CCL14;CXCL6;CCL13;CXCL1;CXCL3;CXCL5;IL18RAP;CCL5;CCL4;TNFSF10;CCL3;CCL2;TNFRSF14;CCL19;CCL18;IL6R;CCL17;CCL24;CCL23;CCL22;CCL21;CCL20;IL10RB;IL18;TNFRSF10B;IL19;TNFRSF10A;PPBP;TNFRSF1B;CXCL12;XCL1;IL6ST;CCL27;CCL26,immune
KEGG_2021_Human,PI3K-Akt signaling pathway,52/354,1.4574953223916828e-13,1.0238904639801572e-11,0,0,3.6938202459791865,109.17782679246596,ITGB1;CDKN1A;CSF3R;FLT1;ITGB5;TNC;FASLG;PRL;IGF1R;FGF5;GHR;GYS1;AKT2;KDR;TNR;ITGAV;ITGB7;IKBKG;IL6R;PDGFRB;IL4R;HGF;ITGA2;F2R;OSMR;COL2A1;KIT;COL6A3;ITGA5;MET;EPHA2;IFNAR1;PDGFB;EFNA4;THBS4;BCL2L11;ERBB4;NTRK2;ANGPT1;BDNF;EGF;OSM;VEGFC;VEGFA;COL1A1;EFNA1;GH1;IL7;ITGA11;COL9A1;TEK;FGFR4,
KEGG_2021_Human,Lysosome,29/128,7.790505380094272e-13,4.3782640236129816e-11,0,0,6.189354570200895,172.5635409093714,SCARB2;CD63;ASAH1;IDUA;CTSZ;NAGPA;CTSS;LAMP1;AP1G2;GM2A;HYAL1;LAMP3;SMPD1;LAMP2;ACP5;CTSD;ARSB;CTSC;CD164;SORT1;FUCA1;AP3B1;IGF2R;PLA2G15;NPC2;GLB1;TPP1;GLA;LGMN,
KEGG_2021_Human,Lipid and atherosclerosis,38/215,9.551788784192409e-13,4.473421080596777e-11,0,0,4.563293995030282,126.29773010495438,CD40;NCF2;SRC;ITPR1;CXCL1;FASLG;CXCL3;ICAM1;PPP3R1;CASP7;CASP8;IRAK1;AKT2;CASP3;CCL5;TNFSF10;CCL3;CCL2;CD14;IKBKG;LDLR;MAP3K5;MAP2K6;LYN;VAV3;VCAM1;IL18;TNFRSF10B;NFATC1;TNFRSF10A;TRAF2;IRAK4;SELE;MMP9;ERN1;SELP;CD40LG;ARHGEF1,vascular
KEGG_2021_Human,Malaria,18/50,3.673536705580503e-12,1.4746625918116018e-10,0,0,11.782797029702971,310.2394697005089,CD40;CR1;TGFB1;VCAM1;LRP1;HGF;ITGB2;IL18;SELE;THBS4;ICAM1;SELP;KLRK1;CD40LG;PECAM1;CCL2;SDC1;MET,
KEGG_2021_Human,NF-kappa B signaling pathway,25/104,7.325976701165903e-12,2.5732493162845226e-10,0,0,6.6638131858879,170.8574687886827,CCL13;CD40;CXCL1;TNFRSF11A;CXCL3;EDA2R;ICAM1;TNFSF13B;IRAK1;PLAU;CCL4;TNFSF11;TRIM25;CD14;IKBKG;CCL19;LYN;VCAM1;CCL21;TRAF2;IRAK4;EDAR;CXCL12;CD40LG;LAT,
KEGG_2021_Human,Rheumatoid arthritis,23/93,2.6998959084609817e-11,8.429675003083732e-10,0,0,6.906905815423515,168.081091898284,CXCL6;FLT1;TGFB1;ANGPT1;CCL20;CD80;ITGB2;IL18;CXCL1;TNFRSF11A;CXCL3;CXCL5;ICAM1;TNFSF13B;VEGFA;CXCL12;CCL5;CCL3;CD28;ACP5;TNFSF11;CCL2;TEK,
KEGG_2021_Human,Proteoglycans in cancer,34/205,9.156759504401012e-11,2.573049420736684e-09,0,0,4.208614107122977,97.27766941231194,ITGB1;CD63;CDKN1A;ITGB5;SRC;ITPR1;FASLG;IGF1R;PPP1CC;PLAU;ERBB4;AKT2;CASP3;KDR;TIMP3;ITGAV;VAV3;TGFB1;ARHGEF12;PPP1R12A;HGF;ITGA2;PLAUR;MMP9;VEGFA;COL1A1;SDC1;HCLS1;ARHGEF1;PTPN6;HPSE;ITGA5;MET;HBEGF,
KEGG_2021_Human,ECM-receptor interaction,21/88,4.028559833281253e-10,1.029113921047302e-08,0,0,6.575170505090441,142.23699445550096,ITGB1;ITGB5;ITGA2;TNC;DMP1;GP1BA;GP6;GP5;THBS4;COL1A1;COL2A1;ITGA11;DAG1;COL9A1;TNR;COL6A3;SDC1;ITGAV;ITGB7;ITGA5;AGRN,
KEGG_2021_Human,Hematopoietic cell lineage,22/99,6.723963566855572e-10,1.57452813523868e-08,0,0,5.99715864246251,126.66102883357058,CR2;CSF3R;IL4R;ITGAM;CR1;ITGA2;IL5RA;GP1BA;CD1C;CSF2RA;GP5;CD4;CD8A;IL7;CD5;KIT;CD7;CD14;ITGA5;IL6R;CD34;CD22,
KEGG_2021_Human,Complement and coagulation cascades,20/85,1.373223952830666e-09,2.8995629967655896e-08,0,0,6.448308031549487,131.58484825847202,C1QA;CR2;ITGAM;CR1;SERPIND1;PROS1;ITGB2;F2R;PLAUR;PLAT;C4BPB;CLU;SERPINA5;C3;F9;PROC;CFHR2;PLAU;CD46;KLKB1,immune
KEGG_2021_Human,TNF signaling pathway,23/112,1.4446221336198663e-09,2.8995629967655896e-08,0,0,5.426966292134831,110.46816761317174,CXCL6;EDN1;VCAM1;CCL20;VEGFC;CXCL1;TRAF2;CXCL3;TNFRSF1B;SELE;MMP9;CXCL5;ICAM1;CASP7;CASP8;AKT2;CASP3;CCL5;CCL2;FADD;IKBKG;MAP3K5;MAP2K6,
KEGG_2021_Human,MAPK signaling pathway,39/294,3.3924786187169836e-09,6.35524327906315e-08,0,0,3.241043985161632,63.2058837773595,PTPRR;FLT1;PDGFB;HSPB1;FASLG;STK4;EFNA4;CRKL;IGF1R;FGF5;PPP3R1;IRAK1;ERBB4;AKT2;CASP3;KDR;CD14;IKBKG;MAP3K5;MAP2K6;PDGFRB;NTRK2;TGFB1;ANGPT1;BDNF;EGF;HGF;VEGFC;PLA2G4A;NFATC1;TRAF2;IRAK4;VEGFA;EFNA1;KIT;TEK;FGFR4;MET;EPHA2,
KEGG_2021_Human,Focal adhesion,31/201,3.816836912771476e-09,6.703319828054907e-08,0,0,3.8471179096638655,74.57193260510849,ITGB1;FLT1;ITGB5;SRC;PDGFB;TNC;THBS4;CRKL;IGF1R;PPP1CC;AKT2;KDR;TNR;ITGAV;ITGB7;VASP;VAV3;PDGFRB;PPP1R12A;EGF;HGF;ITGA2;VEGFC;VEGFA;COL1A1;COL2A1;ITGA11;COL9A1;COL6A3;ITGA5;MET,
KEGG_2021_Human,Chemokine signaling pathway,30/192,4.975546641989868e-09,8.224285919995018e-08,0,0,3.904166150542962,74.64270082872915,CCL14;CXCL6;CCL13;SRC;CXCL1;CXCL3;CXCL5;CRKL;CXCL16;AKT2;CCL5;CCL4;CCL3;CCL2;IKBKG;CCL19;CCL18;CCL17;LYN;VAV3;CCL24;CCL23;CCL22;CCL21;CCL20;PPBP;CXCL12;XCL1;CCL27;CCL26,immune
KEGG_2021_Human,Rap1 signaling pathway,31/210,1.1114413492847194e-08,1.735083439716701e-07,0,0,3.6519478252194735,66.88550862586452,ITGB1;FLT1;ITGAM;SRC;ITGB2;PDGFB;EFNA4;CRKL;IGF1R;FGF5;AKT2;KDR;MAP2K6;VASP;VAV3;PDGFRB;FYB1;ANGPT1;EGF;HGF;F2R;VEGFC;VEGFA;EFNA1;KIT;TEK;FGFR4;MET;SKAP1;LAT;EPHA2,
KEGG_2021_Human,JAK-STAT signaling pathway,26/162,2.9708209984795704e-08,4.393687897751364e-07,0,0,4.018100803029314,69.64108986088958,IL22;CDKN1A;CSF3R;PDGFB;IL5RA;CSF2RB;PRL;CSF2RA;GHR;AKT2;IL6R;IL13RA1;PDGFRB;IL4R;EGF;IL10RB;OSM;IL19;LIFR;OSMR;GH1;IL7;LEP;PTPN6;IL6ST;IFNAR1,
KEGG_2021_Human,Apoptosis,24/142,3.624274884193271e-08,5.092106212291545e-07,0,0,4.269384537417648,73.1474784507204,DIABLO;CTSZ;ITPR1;HTRA2;TNFRSF10B;GZMB;CSF2RB;TNFRSF10A;FASLG;TRAF2;CTSS;LMNB1;ERN1;CASP7;BCL2L11;CASP8;AKT2;CASP3;TNFSF10;FADD;IKBKG;CTSD;CTSC;MAP3K5,
KEGG_2021_Human,Platelet activation,22/124,5.4442305164873593e-08,7.284898929204514e-07,0,0,4.5213086339508175,75.62397028626351,LYN;VASP;ITGB1;ARHGEF12;PPP1R12A;SRC;ITGA2;F2R;SNAP23;ITPR1;PLA2G4A;GP1BA;GP6;GP5;COL1A1;VAMP8;PPP1CC;COL3A1;FCGR2A;AKT2;ARHGEF1;PRKG1,
KEGG_2021_Human,Yersinia infection,23/137,7.90077805501155e-08,1.0091448333901115e-06,0,0,4.231262614500854,69.19688193410794,ITGB1;VAV3;FYB1;ARHGEF12;SRC;IL18;NFATC1;TRAF2;IRAK4;CRKL;CD4;FCGR2A;IRAK1;CD8A;AKT2;CCL2;ARHGEF1;IKBKG;ITGA5;LAT;SKAP2;MAP2K6;ARF6,
KEGG_2021_Human,Tuberculosis,26/180,2.594190893444309e-07,3.169424526338481e-06,0,0,3.545079781483777,53.76050023677432,ITGAM;CLEC4M;SRC;ITGB2;CORO1A;CTSS;C3;PPP3R1;CASP8;FCGR3B;LAMP1;IRAK1;AKT2;CASP3;LAMP2;CD14;FADD;CTSD;CD74;TGFB1;ARHGEF12;CR1;IL10RB;IL18;IRAK4;FCGR2A,
KEGG_2021_Human,Ras signaling pathway,30/232,3.801861833269443e-07,4.45134656311964e-06,0,0,3.124441206662472,46.18737941674218,FLT1;PDGFB;FASLG;STK4;EFNA4;IGF1R;FGF5;AKT2;KDR;ABL1;IKBKG;BRAP;PDGFRB;NTRK2;ANGPT1;BDNF;EGF;HGF;PLA2G2A;VEGFC;PLA2G4A;VEGFA;EFNA1;KIT;TEK;FGFR4;MET;LAT;EPHA2;ARF6,
KEGG_2021_Human,Fluid shear stress and atherosclerosis,22/139,4.350319014343599e-07,4.889758572122205e-06,0,0,3.938537092128252,57.691086649441175,EDN1;VCAM1;NCF2;SRC;PDGFB;PLAT;TXN;SELE;MMP9;ICAM1;VEGFA;BMP4;CDH5;AKT2;KDR;PECAM1;SDC1;CCL2;ITGAV;IKBKG;MAP3K5;MAP2K6,stress response;vascular
KEGG_2021_Human,Pathways in cancer,51/531,7.313495828870905e-07,7.904201261202786e-06,0,0,2.2551441210045664,31.861520165201004,RET;ITGB1;CDKN1A;CSF3R;IL5RA;FASLG;CRKL;IGF1R;FGF5;CASP7;CASP8;AKT2;CASP3;ITGAV;IKBKG;IL6R;IL13RA1;PDGFRB;EDN1;IL4R;ARHGEF12;ITGA2;HGF;F2R;AXIN1;TRAF2;MMP9;KIT;ARHGEF1;IL6ST;MET;IFNAR1;PDGFB;CSF2RB;STK4;CSF2RA;DLL1;BCL2L11;ABL1;FADD;ZBTB17;TGFB1;EGF;ZBTB16;VEGFC;AGT;VEGFA;BMP4;CXCL12;IL7;FGFR4,
KEGG_2021_Human,IL-17 signaling pathway,17/94,1.3219079520904145e-06,1.3757634612496534e-05,0,0,4.608705580134152,62.38544096975145,CXCL6;USP25;CCL20;CXCL1;TRAF2;CXCL3;MMP9;CXCL5;IL17RB;IL17RA;CASP8;CASP3;CCL2;IKBKG;FADD;CCL17;IL17C,
KEGG_2021_Human,Pathogenic Escherichia coli infection,26/197,1.519019321615018e-06,1.5138319281396152e-05,0,0,3.1897761421682214,42.73485238704644,ITGB1;SRC;FASLG;CASP7;CASP8;IRAK1;CASP3;TNFSF10;ABL1;FADD;IKBKG;ARHGEF12;F2R;IL18;TNFRSF10B;TNFRSF10A;TRAF2;IRAK4;OCLN;FCGR2A;HCLS1;MYH9;ARHGEF1;PTPN6;GAPDH;ARF6,
KEGG_2021_Human,Osteoclast differentiation,20/127,1.5623176482579657e-06,1.5138319281396152e-05,0,0,3.9085410462755927,52.254614805361896,TGFB1;NCF2;NFATC1;TREM2;TRAF2;TNFRSF11A;LILRB2;LILRA3;LILRB4;SIRPB1;OSCAR;PPP3R1;FCGR3B;FCGR2A;AKT2;TNFSF11;ACP5;IKBKG;IFNAR1;MAP2K6,
KEGG_2021_Human,Phagosome,21/152,7.36278540002865e-06,6.896475658026836e-05,0,0,3.351549466659926,39.612205281582106,ITGB1;ITGAM;CLEC4M;ITGB5;NCF2;ITGA2;STX7;ITGB2;SFTPD;CORO1A;CTSS;THBS4;C3;MARCO;FCGR3B;FCGR2A;LAMP1;LAMP2;ITGAV;CD14;ITGA5,
KEGG_2021_Human,Pertussis,14/76,8.996307661633613e-06,8.154717590061437e-05,0,0,4.70186905981698,54.62958876416885,ITGB1;CXCL6;C1QA;ITGAM;ITGB2;C4BPB;IRAK4;CXCL5;C3;CASP7;IRAK1;CASP3;ITGA5;CD14,
KEGG_2021_Human,Natural killer cell mediated cytotoxicity,19/131,9.75540231150404e-06,8.484813275407532e-05,0,0,3.54250904657017,40.87236887469869,VAV3;ITGB2;ICAM2;TNFRSF10B;GZMB;NFATC1;TNFRSF10A;FASLG;ICAM1;NCR1;PPP3R1;KLRK1;FCGR3B;CASP3;TNFSF10;PTPN6;LAT;CD244;IFNAR1,
KEGG_2021_Human,Regulation of actin cytoskeleton,26/218,9.964371462222367e-06,8.484813275407532e-05,0,0,2.8377381613022568,32.6807964402185,ITGB1;ITGAM;ITGB5;SRC;ITGB2;PDGFB;IQGAP2;CRKL;FGF5;PPP1CC;ITGAV;ITGB7;GIT1;VAV3;PDGFRB;ARHGEF12;PPP1R12A;EGF;ITGA2;F2R;CXCL12;ITGA11;MYH9;ARHGEF1;ITGA5;FGFR4,
KEGG_2021_Human,Viral myocarditis,12/60,1.6370319494776265e-05,0.00013529587582447445,0,0,5.198087431693989,57.28313479786312,CD40;CASP8;CD40LG;CD80;CASP3;ITGB2;DAG1;ABL1;CD28;DMD;ICAM1;EIF4G1,
KEGG_2021_Human,Kaposi sarcoma-associated herpesvirus infection,23/193,3.225720848285582e-05,0.00025897930239092816,0,0,2.829053878188444,29.25742175576724,LYN;CDKN1A;SRC;PDGFB;ITPR1;EIF2AK2;NFATC1;CXCL1;TRAF2;CXCL3;ICAM1;VEGFA;C3;PPP3R1;CASP8;AKT2;CASP3;FADD;IKBKG;IL6ST;TLR3;IFNAR1;MAP2K6,
KEGG_2021_Human,Human cytomegalovirus infection,25/225,4.872615118725183e-05,0.0003725637711577051,0,0,2.6154379157427936,25.969453800011944,CDKN1A;SRC;ITPR1;FASLG;CRKL;PPP3R1;CASP8;AKT2;CASP3;CCL5;CCL4;CCL3;CCL2;ITGAV;FADD;IKBKG;IL6R;MAP2K6;ARHGEF12;IL10RB;NFATC1;TRAF2;VEGFA;CXCL12;ARHGEF1,
KEGG_2021_Human,Influenza A,21/172,4.905643961863021e-05,0.0003725637711577051,0,0,2.9045655892285427,28.820665609475512,CALCOCO2;IL18;EIF2AK2;TNFRSF10B;TNFRSF10A;FASLG;IRAK4;ICAM1;MAVS;CASP8;AKT2;CASP3;CCL5;TNFSF10;TRIM25;CCL2;FADD;IKBKG;TPSAB1;TLR3;IFNAR1,
KEGG_2021_Human,Legionellosis,11/57,5.203006757970738e-05,0.0003847486576288888,0,0,4.967177710271502,48.99469506795875,C3;CASP7;ITGAM;CASP8;CR1;CASP3;ITGB2;IL18;CXCL1;CD14;CXCL3,
KEGG_2021_Human,Intestinal immune network for IgA production,10/48,5.721762383364869e-05,0.000412260315314238,0,0,5.4626068989267065,53.36228722492307,PIGR;CD40;TGFB1;CD40LG;CXCL12;CD80;CD28;ITGB7;ICOSLG;TNFSF13B,immune
KEGG_2021_Human,Leukocyte transendothelial migration,16/114,7.23488917415997e-05,0.000508250964484738,0,0,3.4006138130334462,32.42148753812432,VASP;ITGB1;VAV3;VCAM1;ITGAM;NCF2;ITGB2;CD99L2;THY1;F11R;MMP9;ICAM1;CDH5;OCLN;CXCL12;PECAM1,immune;vascular
KEGG_2021_Human,B cell receptor signaling pathway,13/81,8.431433772359092e-05,0.0005778616804958304,0,0,3.9751737675376497,37.29094065103196,VAV3;LYN;CR2;INPPL1;NFATC1;LILRB2;LILRA3;LILRB4;PPP3R1;AKT2;PTPN6;IKBKG;CD22,immune
KEGG_2021_Human,Toll-like receptor signaling pathway,15/104,8.790941325868011e-05,0.0005881558363259313,0,0,3.508279124778238,32.76453327212631,CD40;CD80;IRAK4;CASP8;IRAK1;AKT2;CCL5;CCL4;CCL3;CD14;FADD;IKBKG;TLR3;IFNAR1;MAP2K6,
KEGG_2021_Human,AGE-RAGE signaling pathway in diabetic complications,14/100,0.00020642895171433525,0.0013325235698709,0,0,3.385440281209404,28.727337214613964,EDN1;TGFB1;VCAM1;VEGFC;NFATC1;SELE;AGT;ICAM1;VEGFA;COL1A1;COL3A1;AKT2;CASP3;CCL2,electrolyte transport
KEGG_2021_Human,Leishmaniasis,12/77,0.0002086513774886892,0.0013325235698709,0,0,3.83515762925599,32.502369331189634,ITGB1;C3;ITGAM;FCGR3B;CR1;TGFB1;FCGR2A;IRAK1;NCF2;ITGB2;PTPN6;IRAK4,
KEGG_2021_Human,Hypertrophic cardiomyopathy,13/90,0.00025145492961245285,0.0015576761945529,0,0,3.5088806161016226,29.082468505691143,ITGB1;EDN1;ACE;TGFB1;ITGB5;ITGA2;AGT;ITGA11;DAG1;ITGAV;ITGB7;DMD;ITGA5,
KEGG_2021_Human,Chagas disease,14/102,0.00025499325604781334,0.0015576761945529,0,0,3.3081499551926714,27.372537376039872,C1QA;ACE;TGFB1;FASLG;IRAK4;C3;CASP8;IRAK1;AKT2;CCL5;CCL3;CCL2;FADD;IKBKG,
KEGG_2021_Human,Axon guidance,20/182,0.0003103626502479431,0.0018326989524393,0,0,2.574080879850817,20.79283100426988,EPHB6;ITGB1;EPHA4;SEMA7A;ARHGEF12;SRC;SEMA4C;SEMA3F;L1CAM;EFNA4;EFNA1;PPP3R1;CXCL12;ABL1;PLXNB3;EPHA1;MET;EPHB4;PLXNA4;EPHA2,
KEGG_2021_Human,T cell receptor signaling pathway,14/104,0.000313058895790346,0.0018326989524393,0,0,3.2342947547766823,26.09790996781617,VAV3;NFATC1;PPP3R1;CD4;PTPRC;CD40LG;CD8A;AKT2;GRAP2;CD28;PTPN6;IKBKG;PDCD1;LAT,immune
KEGG_2021_Human,Epithelial cell signaling in Helicobacter pylori infection,11/70,0.0003525443526614895,0.002021733940773,0,0,3.870068832802901,30.768340290015345,LYN;SRC;CASP3;CCL5;CXCL1;IKBKG;CXCL3;F11R;MET;GIT1;HBEGF,
KEGG_2021_Human,Renin-angiotensin system,6/23,0.0004992326048009574,0.0028056872389813,0,0,7.302548380915884,55.51717444024986,ACE;KLK1;PRCP;REN;THOP1;AGT,
KEGG_2021_Human,HIF-1 signaling pathway,14/109,0.0005098388110242739,0.0028091118803494,0,0,3.063261659076497,23.22386076750385,CDKN1A;EDN1;FLT1;ANGPT1;EGF;ENO1;ENO2;IGF1R;VEGFA;TF;AKT2;TEK;IL6R;GAPDH,stress response
KEGG_2021_Human,SNARE interactions in vesicular transport,7/33,0.0006659402318841664,0.0035986385607586,0,0,5.573954849498328,40.76963722559093,VAMP8;STX8;SNAP23;STX7;VTI1A;STX4;SNAP29,
KEGG_2021_Human,PD-L1 expression and PD-1 checkpoint pathway in cancer,12/89,0.0008111423132054873,0.0043005847171838,0,0,3.235426868213753,23.026749925933437,CD274;PPP3R1;CD4;EGF;AKT2;CD28;NFATC1;PTPN6;IKBKG;PDCD1;LAT;MAP2K6,
KEGG_2021_Human,Amoebiasis,13/102,0.0008592719366188604,0.0044713965590722,0,0,3.0338553831780297,21.417274880001752,TGFB1;ITGAM;ITGB2;HSPB1;CXCL1;SERPINB9;CD1C;CXCL3;SERPINB6;COL1A1;COL3A1;CASP3;CD14,
KEGG_2021_Human,Pyrimidine metabolism,9/56,0.0010117201669833,0.0051689703076784,0,0,3.9687108886107634,27.36864010167985,DCTD;NT5C3A;NT5C;DUT;CANT1;ENTPD5;ENTPD6;DCTPP1;TYMP,
KEGG_2021_Human,C-type lectin receptor signaling pathway,13/104,0.0010324747591913,0.0051808108452281,0,0,2.9668646452016256,20.39955807669057,ARHGEF12;CCL22;CLEC4M;SRC;ITPR1;NFATC1;PPP3R1;CLEC4D;CASP8;AKT2;IKBKG;CLEC1B;CCL17,
KEGG_2021_Human,Salmonella infection,23/249,0.0013432520962989,0.0066219971764912,0,0,2.121745046597228,14.030382138349545,ANXA2;AHNAK;DCTN1;IL18;TNFRSF10B;TNFRSF10A;TRAF2;TXN;IRAK4;CASP7;PTPRC;CASP8;IRAK1;PODXL;AKT2;CASP3;TNFSF10;CD14;FADD;IKBKG;GAPDH;ARF6;MAP2K6,
KEGG_2021_Human,Hepatitis B,17/162,0.0014211457894918,0.0068025881370857,0,0,2.4386206896551723,15.98830892533114,CDKN1A;TGFB1;SRC;NFATC1;FASLG;IRAK4;MMP9;MAVS;CASP8;IRAK1;AKT2;CASP3;FADD;IKBKG;TLR3;IFNAR1;MAP2K6,
KEGG_2021_Human,Glycosaminoglycan degradation,5/19,0.0014283014238009,0.0068025881370857,0,0,7.382630926557174,48.36560375762903,IDUA;GLB1;HYAL1;HPSE;ARSB,
KEGG_2021_Human,Endocytosis,23/252,0.0015727871382121,0.0073658864306267,0,0,2.0936159523901536,13.51409414397509,USP8;IST1;SRC;VTA1;VPS37A;IGF2R;DNM1;IGF1R;RNF41;SPART;EHD3;RABEP1;DNAJC6;STAMBP;FGFR4;CHMP6;FOLR2;RAB11FIP3;LDLR;FOLR1;GIT1;ARF6;WASHC3,
KEGG_2021_Human,Primary immunodeficiency,7/38,0.0016084031748698,0.0074092015104661,0,0,4.673702664796634,30.063655061042088,CD40;CD4;CD40LG;PTPRC;CD8A;IKBKG;ADA,
KEGG_2021_Human,Human papillomavirus infection,28/331,0.0016559592825138,0.0075052348126836,0,0,1.9293898244106944,12.35460620256941,ITGB1;CDKN1A;ITGB5;TNC;FASLG;THBS4;CASP8;AKT2;CASP3;TNR;ITGAV;ITGB7;FADD;IKBKG;PDGFRB;EGF;ITGA2;AXIN1;EIF2AK2;VEGFA;COL1A1;COL2A1;ITGA11;COL9A1;COL6A3;ITGA5;TLR3;IFNAR1,
KEGG_2021_Human,Fc gamma R-mediated phagocytosis,12/97,0.0017385983550946,0.0077547005997079,0,0,2.929681774349084,18.61717855702953,LYN;VASP;VAV3;PTPRC;FCGR3B;FCGR2A;AKT2;INPPL1;PLA2G4A;LAT;CRKL;ARF6,
KEGG_2021_Human,Cholesterol metabolism,8/50,0.0019650125247933,0.0086276331166706,0,0,3.9444530804704905,24.58284397979657,LRPAP1;LRP1;NPC2;SORT1;APOH;ANGPTL4;APOE;LDLR,
KEGG_2021_Human,Toxoplasmosis,13/112,0.0020437221080456,0.0088351678824742,0,0,2.7259686581349603,16.88187638851666,ITGB1;CD40;TGFB1;IL10RB;IRAK4;CASP8;CD40LG;IRAK1;AKT2;CASP3;IKBKG;LDLR;MAP2K6,
KEGG_2021_Human,Bladder cancer,7/41,0.0025400814422844,0.0108145891709383,0,0,4.260645780051151,25.459740810169706,CDKN1A;SRC;EGF;MMP9;TYMP;VEGFA;HBEGF,
KEGG_2021_Human,Epstein-Barr virus infection,19/202,0.0027620832253069,0.0115842594971828,0,0,2.1599744830408514,12.726073059067724,LYN;CD40;CDKN1A;CR2;EIF2AK2;TRAF2;IRAK4;ICAM1;MAVS;BCL2L11;CASP8;IRAK1;AKT2;CASP3;FADD;IKBKG;CD58;IFNAR1;MAP2K6,
KEGG_2021_Human,Arrhythmogenic right ventricular cardiomyopathy,10/77,0.0028614465372106,0.0118245070140614,0,0,3.0934748286918734,18.116712603346024,ITGB1;ITGB5;ITGA2;ITGA11;DAG1;ITGAV;ITGB7;DMD;ITGA5;DSC2,
KEGG_2021_Human,Dilated cardiomyopathy,11/96,0.0048392990909699,0.0197078702110515,0,0,2.6826098124839457,14.300953703085964,ITGB1;TGFB1;ITGB5;ITGA2;ITGA11;DAG1;ITGAV;ITGB7;DMD;ITGA5;AGT,
KEGG_2021_Human,Measles,14/139,0.0052082460237958,0.0207223693117625,0,0,2.3243986856516976,12.220554297785286,CLEC4M;EIF2AK2;FASLG;IRAK4;MAVS;CASP8;IRAK1;AKT2;CASP3;CD28;FADD;IKBKG;CD46;IFNAR1,
KEGG_2021_Human,Prostate cancer,11/97,0.0052359011428296,0.0207223693117625,0,0,2.6512770386919877,13.925080508651314,PDGFRB;CDKN1A;SPINT1;PLAU;EGF;AKT2;PDGFB;PLAT;IKBKG;MMP9;IGF1R,
KEGG_2021_Human,Adherens junction,9/71,0.0053693189239922,0.0209552585783585,0,0,3.0061669829222013,15.713397778940662,PTPN1;YES1;SRC;PTPRM;PTPN6;MET;PTPRF;NECTIN2;IGF1R,
KEGG_2021_Human,Melanoma,9/72,0.0058905002009108,0.0226743911843281,0,0,2.958294428882664,15.1891094002258,FGF5;PDGFRB;CDKN1A;EGF;AKT2;HGF;PDGFB;MET;IGF1R,
KEGG_2021_Human,Hepatitis C,15/157,0.0063673830490659,0.0241788464430748,0,0,2.1927121942179397,11.087595503724508,CDKN1A;EGF;EIF2AK2;FASLG;TRAF2;MAVS;OCLN;CASP8;AKT2;CASP3;FADD;IKBKG;LDLR;TLR3;IFNAR1,
KEGG_2021_Human,African trypanosomiasis,6/37,0.0066209367867706,0.0248064431611008,0,0,4.001681202059473,20.078509104161054,VCAM1;IL18;FASLG;SELE;THOP1;ICAM1,
KEGG_2021_Human,Allograft rejection,6/38,0.0075607890967094,0.0279550228444126,0,0,3.876425081433225,18.935482609797678,CD40;CD40LG;CD80;CD28;GZMB;FASLG,
KEGG_2021_Human,Transcriptional misregulation in cancer,17/192,0.0081300807293198,0.0296695153888167,0,0,2.0173689167974884,9.707951282235712,ZBTB17;CD40;CDKN1A;FLT1;ITGAM;IGFBP3;ZBTB16;GZMB;PLAT;MMP9;IGF1R;HHEX;SPINT1;PLAU;ITGB7;CD14;MET,
KEGG_2021_Human,Vascular smooth muscle contraction,13/133,0.0088703731981816,0.0319560880601159,0,0,2.2464350838803795,10.614492055429617,CALCA;EDN1;CALCB;ARHGEF12;PPP1R12A;PLA2G2A;ITPR1;PLA2G4A;AGT;PPP1CC;MYH9;ARHGEF1;PRKG1,vascular
KEGG_2021_Human,NOD-like receptor signaling pathway,16/181,0.0101924672678826,0.0362542190161395,0,0,2.0126268170175963,9.230120594848003,ITPR1;IL18;ERBIN;CXCL1;TRAF2;TXN;IRAK4;CXCL3;MAVS;CASP8;ATG16L1;CCL5;CCL2;FADD;IKBKG;IFNAR1,
KEGG_2021_Human,Staphylococcus aureus infection,10/95,0.0125510733066135,0.0440856449894799,0,0,2.4360767207646417,10.665019874100942,C3;SELP;C1QA;ITGAM;FCGR3B;SELPLG;FCGR2A;KRT18;ITGB2;ICAM1,
KEGG_2021_Human,Renal cell carcinoma,8/69,0.0141964254914249,0.0492493279393876,0,0,2.7131415116216844,11.543779739093344,CDKN1A;TGFB1;AKT2;HGF;PDGFB;MET;CRKL;VEGFA,
