Protein,log2FC,t_p,w_p,n_pairs,t_fdr,w_fdr,changed,strict,direction
FEN1,0.35068750000000004,1.1287932574571894e-05,0.0078125,8,0.02155009571636085,0.869140625,True,False,up
KLK14,0.49160999999999994,1.4674903450024414e-05,0.001953125,10,0.02155009571636085,0.869140625,True,False,up
CA6,0.48972999999999994,6.297020279636687e-05,0.001953125,10,0.06164782853764317,0.869140625,False,False,up
DNER,0.51463,0.00010363668748690868,0.001953125,10,0.06496895840543908,0.869140625,False,False,up
MMP7,0.5106333333333333,0.00011060428737732223,0.00390625,9,0.06496895840543908,0.869140625,False,False,up
MAPRE3,0.4994777777777778,0.00022911722152206638,0.0078125,9,0.09904439445554399,0.869140625,False,False,up
NCR3LG1,0.3186,0.0002360608652328253,0.001953125,10,0.09904439445554399,0.869140625,False,False,up
MIA,0.3031888888888889,0.0003892124923334022,0.0078125,9,0.14288963624790027,0.869140625,False,False,up
CEACAM5,0.82865,0.00044774075585151947,0.0078125,8,0.14611273332621252,0.869140625,False,False,up
RNF149,0.20752222222222222,0.0006493838895223616,0.00390625,9,0.1907240483527176,0.869140625,False,False,up
CADPS,0.5664,0.0008940460678747191,0.015625,7,0.22743810115495358,0.8757752862595419,False,False,up
C1QTNF1,-0.17278999999999997,0.0009292670118690648,0.001953125,10,0.22743810115495358,0.869140625,False,False,down
PALM2,0.41337999999999997,0.0019867662091710404,0.00390625,10,0.44885633510271894,0.869140625,False,False,up
LYPD3,0.35372222222222227,0.0025572086421170206,0.0078125,9,0.5364658415641207,0.869140625,False,False,up
TADA3,0.36146999999999996,0.003074661996376866,0.009765625,10,0.569697860471988,0.869140625,False,False,up
PSAPL1,0.43136,0.0031035634210254707,0.009765625,10,0.569697860471988,0.869140625,False,False,up
EDEM2,0.7041,0.0033159248959315963,0.01953125,9,0.572874789373594,0.8757752862595419,False,False,up
SH3BP1,0.30040999999999995,0.0037221566451219176,0.009765625,10,0.5734642133942393,0.869140625,False,False,up
CRISP2,0.30444,0.0037274981678383687,0.009765625,10,0.5734642133942393,0.869140625,False,False,up
PSCA,0.35363999999999995,0.003905101895772824,0.00390625,10,0.5734642133942393,0.869140625,False,False,up
CCL22,-0.16221999999999998,0.004714396620761588,0.013671875,10,0.6049587071491824,0.8757752862595419,False,False,down
RABEPK,0.42510000000000003,0.004949344591546919,0.015625,8,0.6049587071491824,0.8757752862595419,False,False,up
TNN,0.22996999999999995,0.004978350322088357,0.00390625,10,0.6049587071491824,0.869140625,False,False,up
SCGB2A2,0.8819444444444444,0.0049925931948073266,0.01171875,9,0.6049587071491824,0.8757752862595419,False,False,up
EPN1,0.44005,0.005261648653300492,0.0234375,8,0.6049587071491824,0.8757752862595419,False,False,up
CEACAM6,0.43743,0.005355439695566477,0.009765625,10,0.6049587071491824,0.869140625,False,False,up
PALM,0.27266,0.0063460019171606786,0.013671875,10,0.6390364395010061,0.8757752862595419,False,False,up
CD99L2,-0.12645,0.006836663617443678,0.005859375,10,0.6390364395010061,0.869140625,False,False,down
FCRL5,-0.26605,0.00688430796848913,0.009765625,10,0.6390364395010061,0.869140625,False,False,down
S100A3,0.29428,0.006964153912822961,0.009765625,10,0.6390364395010061,0.869140625,False,False,up
DUOX2,0.33383333333333337,0.0071137150734308565,0.0078125,9,0.6390364395010061,0.869140625,False,False,up
IL33,-1.0184777777777778,0.007522649765223392,0.01953125,9,0.6390364395010061,0.8757752862595419,False,False,down
C1QA,-0.11752000000000003,0.007578171453698996,0.013671875,10,0.6390364395010061,0.8757752862595419,False,False,down
HDAC9,0.6049875,0.007746793905455911,0.0078125,8,0.6390364395010061,0.869140625,False,False,up
LY6D,0.25558000000000003,0.007907663892117016,0.009765625,10,0.6390364395010061,0.869140625,False,False,up
ESR1,0.4417,0.00795797365658518,0.01171875,9,0.6390364395010061,0.8757752862595419,False,False,up
GNGT1,0.647042857142857,0.008234426791340827,0.03125,7,0.6390364395010061,0.8757752862595419,False,False,up
FCER2,-0.23665000000000003,0.008443176358063676,0.009765625,10,0.6390364395010061,0.869140625,False,False,down
SPINT3,0.3367100000000002,0.008485672843220715,0.013671875,10,0.6390364395010061,0.8757752862595419,False,False,up
FOXO3,-0.7732249999999999,0.009000557883207706,0.015625,8,0.6608659625745258,0.8757752862595419,False,False,down
XRCC4,0.31185,0.009230521260683517,0.0078125,8,0.6612205107957924,0.869140625,False,False,up
VSIG10L,0.9121777777777778,0.00971859957768648,0.02734375,9,0.6681004020698004,0.8757752862595419,False,False,up
IL36A,0.547611111111111,0.010456988741439356,0.01953125,9,0.6681004020698004,0.8757752862595419,False,False,up
PRKAG3,0.3912571428571428,0.01052385125989132,0.015625,7,0.6681004020698004,0.8757752862595419,False,False,up
CLMP,0.07892000000000002,0.010662592459025382,0.013671875,10,0.6681004020698004,0.8757752862595419,False,False,up
CREBZF,0.6104666666666667,0.010666759721820107,0.00390625,9,0.6681004020698004,0.869140625,False,False,up
MUCL3,-0.23278888888888882,0.010691426250350909,0.01953125,9,0.6681004020698004,0.8757752862595419,False,False,down
IL17D,-0.2291333333333333,0.011504021751030387,0.01953125,9,0.7039023308911717,0.8757752862595419,False,False,down
ATP6AP2,0.40133749999999996,0.012571495905467281,0.015625,8,0.7339170370315741,0.8757752862595419,False,False,up
ATP1B2,0.3898444444444445,0.012892701532260256,0.01953125,9,0.7339170370315741,0.8757752862595419,False,False,up
PAMR1,-0.17916000000000004,0.012893352469212204,0.013671875,10,0.7339170370315741,0.8757752862595419,False,False,down
NOMO1,-0.14951,0.012994104843596137,0.01953125,10,0.7339170370315741,0.8757752862595419,False,False,down
ADIPOQ,0.27075,0.013777052404486994,0.013671875,10,0.7634566587165716,0.8757752862595419,False,False,up
MORF4L2,-0.30966666666666665,0.014920317631044613,0.02734375,9,0.8114994978218154,0.8757752862595419,False,False,down
AFAP1,-0.5690555555555555,0.016154234108832887,0.01171875,9,0.8304848634077426,0.8757752862595419,False,False,down
WFDC12,0.37022000000000005,0.016311447219863235,0.01953125,10,0.8304848634077426,0.8757752862595419,False,False,up
TNFSF9,0.4678111111111111,0.01640496132292068,0.01953125,9,0.8304848634077426,0.8757752862595419,False,False,up
NECTIN4,0.12595555555555557,0.01654634277021649,0.0390625,9,0.8304848634077426,0.8757752862595419,False,False,up
OBP2B,0.20196666666666666,0.016792742650418087,0.01953125,9,0.8304848634077426,0.8757752862595419,False,False,up
TSPAN7,0.328075,0.016965982909249083,0.015625,8,0.8304848634077426,0.8757752862595419,False,False,up
CLNS1A,0.38778571428571423,0.017588355327320695,0.03125,7,0.8468360589564079,0.8757752862595419,False,False,up
CPM,-0.15023999999999998,0.01826756561497709,0.01953125,10,0.863369911993111,0.8757752862595419,False,False,down
UHRF2,0.44416666666666665,0.0193120834248672,0.02734375,9,0.863369911993111,0.8757752862595419,False,False,up
FASLG,-0.14225,0.019435740991016755,0.02734375,10,0.863369911993111,0.8757752862595419,False,False,down
VPS28,0.3347625,0.019485925585570288,0.0390625,8,0.863369911993111,0.8757752862595419,False,False,up
LTBR,0.12918000000000002,0.019678152995043174,0.037109375,10,0.863369911993111,0.8757752862595419,False,False,up
PLA2G7,-0.12376000000000001,0.019822895870415774,0.01953125,10,0.863369911993111,0.8757752862595419,False,False,down
RABGAP1L,-0.438,0.019989497451662085,0.0390625,9,0.863369911993111,0.8757752862595419,False,False,down
ABRAXAS2,0.4372333333333333,0.02059329682890626,0.00390625,9,0.8673512061406121,0.869140625,False,False,up
CLEC14A,-0.13754000000000005,0.02067231339116202,0.048828125,10,0.8673512061406121,0.887387776243094,False,False,down
SLC44A4,0.3141999999999999,0.021352546994470218,0.03125,7,0.8832736693346342,0.8757752862595419,False,False,up
NDUFA5,-0.3619777777777778,0.022539090789340663,0.02734375,9,0.9008158879586453,0.8757752862595419,False,False,down
RNF43,0.306975,0.022866914851273963,0.0234375,8,0.9008158879586453,0.8757752862595419,False,False,up
SART1,0.3295222222222222,0.02289018975558136,0.0390625,9,0.9008158879586453,0.8757752862595419,False,False,up
LRRC37A2,0.30394,0.023003470070445488,0.02734375,10,0.9008158879586453,0.8757752862595419,False,False,up
RASGRF1,0.9415888888888888,0.024200615398806843,0.0078125,9,0.9182646501585668,0.869140625,False,False,up
TYRP1,0.4269333333333334,0.02481964865273151,0.01953125,9,0.9182646501585668,0.8757752862595419,False,False,up
ENTPD2,0.349425,0.02494831516409165,0.0390625,8,0.9182646501585668,0.8757752862595419,False,False,up
IL1RAP,-0.10683000000000002,0.025663410879927,0.037109375,10,0.9182646501585668,0.8757752862595419,False,False,down
SNX18,0.20303,0.025719720018249428,0.037109375,10,0.9182646501585668,0.8757752862595419,False,False,up
CD109,-0.08560999999999999,0.025860321221623475,0.037109375,10,0.9182646501585668,0.8757752862595419,False,False,down
CSH1,-0.6148666666666667,0.02616149339760222,0.0390625,9,0.9182646501585668,0.8757752862595419,False,False,down
CD302,0.18973999999999996,0.02623998579408949,0.02734375,10,0.9182646501585668,0.8757752862595419,False,False,up
IGFBP6,0.08998999999999999,0.026262931771644404,0.037109375,10,0.9182646501585668,0.8757752862595419,False,False,up
GPR37,0.49744444444444436,0.026806714794763768,0.0546875,9,0.9211202262188021,0.887387776243094,False,False,up
MMP15,0.26583000000000007,0.026971855449375887,0.01953125,10,0.9211202262188021,0.8757752862595419,False,False,up
IL7R,-0.20217999999999997,0.027300092569929765,0.037109375,10,0.9216134698607323,0.8757752862595419,False,False,down
RBM17,0.3392333333333333,0.028090841803369314,0.0390625,9,0.9252026617566517,0.8757752862595419,False,False,up
BPIFA2,-0.41754444444444444,0.028216095241616206,0.0546875,9,0.9252026617566517,0.887387776243094,False,False,down
LECT2,0.2167099999999999,0.028371274772277452,0.037109375,10,0.9252026617566517,0.8757752862595419,False,False,up
DUSP13,0.22832000000000002,0.02980943660910968,0.064453125,10,0.9252026617566517,0.97517578125,False,False,up
CPLX2,0.4930555555555556,0.02993979333839603,0.0390625,9,0.9252026617566517,0.8757752862595419,False,False,up
RICTOR,0.5240777777777779,0.03061405645606323,0.0390625,9,0.9252026617566517,0.8757752862595419,False,False,up
FSTL3,0.16787999999999997,0.03165151669393906,0.048828125,10,0.9252026617566517,0.887387776243094,False,False,up
PRDX3,-0.7231777777777777,0.031664345958663145,0.0546875,9,0.9252026617566517,0.887387776243094,False,False,down
COL4A1,0.2135,0.03203280873754764,0.02734375,9,0.9252026617566517,0.8757752862595419,False,False,up
CD160,-0.10690999999999998,0.03246501828298662,0.037109375,10,0.9252026617566517,0.8757752862595419,False,False,down
AFM,0.16415000000000002,0.03249570454379165,0.009765625,10,0.9252026617566517,0.869140625,False,False,up
GSTA3,-0.49841250000000004,0.03288823982513483,0.0234375,8,0.9252026617566517,0.8757752862595419,False,False,down
EDA2R,0.13631,0.03292961814912094,0.037109375,10,0.9252026617566517,0.8757752862595419,False,False,up
NCAN,-0.13968999999999995,0.03296480393127935,0.048828125,10,0.9252026617566517,0.887387776243094,False,False,down
LTO1,-0.38926666666666665,0.03345902647209022,0.0390625,9,0.9252026617566517,0.8757752862595419,False,False,down
LCP1,0.39153000000000004,0.03358331579243964,0.02734375,10,0.9252026617566517,0.8757752862595419,False,False,up
PTPN9,-0.2503666666666666,0.033650662290005316,0.0546875,9,0.9252026617566517,0.887387776243094,False,False,down
CPE,-0.2834,0.03365720207739119,0.02734375,10,0.9252026617566517,0.8757752862595419,False,False,down
WARS,-0.18631000000000003,0.0336915665864966,0.048828125,10,0.9252026617566517,0.887387776243094,False,False,down
FCN2,-0.13046000000000002,0.03370673640039555,0.037109375,10,0.9252026617566517,0.8757752862595419,False,False,down
DCTN6,-0.5928125000000001,0.03444115212770031,0.0546875,8,0.9365448306558963,0.887387776243094,False,False,down
TNFRSF11B,-0.10712999999999999,0.035096679954796824,0.037109375,10,0.9365448306558963,0.8757752862595419,False,False,down
KLK8,0.1653333333333333,0.035691943750505065,0.0546875,9,0.9365448306558963,0.887387776243094,False,False,up
MAPK13,0.6191222222222222,0.036229251359988106,0.00390625,9,0.9365448306558963,0.869140625,False,False,up
B3GAT3,-0.3257111111111111,0.03629587306781659,0.07421875,9,0.9365448306558963,0.97517578125,False,False,down
DEFB103A_DEFB103B,-0.4992888888888889,0.03636789350710518,0.0546875,9,0.9365448306558963,0.887387776243094,False,False,down
TNC,-0.13822,0.03779849579242234,0.037109375,10,0.9365448306558963,0.8757752862595419,False,False,down
FOSB,-0.3151375,0.03813373423700712,0.0390625,8,0.9365448306558963,0.8757752862595419,False,False,down
TSC1,0.21084444444444445,0.038696603832611955,0.01953125,9,0.9365448306558963,0.8757752862595419,False,False,up
NPTX1,-0.06629999999999998,0.03886500820931928,0.048828125,10,0.9365448306558963,0.887387776243094,False,False,down
ATP1B4,0.5529333333333333,0.039126329958590216,0.0390625,9,0.9365448306558963,0.8757752862595419,False,False,up
GLIPR1,0.3754799999999999,0.03921204027294075,0.037109375,10,0.9365448306558963,0.8757752862595419,False,False,up
GALNT7,-0.15636999999999998,0.039479873288906016,0.048828125,10,0.9365448306558963,0.887387776243094,False,False,down
KLK15,0.3522,0.03981371208978542,0.048828125,10,0.9365448306558963,0.887387776243094,False,False,up
CCL28,0.2553125,0.040194190142651735,0.0546875,8,0.9365448306558963,0.887387776243094,False,False,up
PON2,0.23860000000000003,0.0402800148345457,0.0390625,9,0.9365448306558963,0.8757752862595419,False,False,up
NCAM1,-0.12057,0.04096527931427749,0.037109375,10,0.9365448306558963,0.8757752862595419,False,False,down
SPINT1,0.09771,0.04106189790841191,0.048828125,10,0.9365448306558963,0.887387776243094,False,False,up
GPR15L,0.63009,0.04137728372401107,0.048828125,10,0.9365448306558963,0.887387776243094,False,False,up
BOLA1,0.735375,0.04149254413794138,0.0546875,8,0.9365448306558963,0.887387776243094,False,False,up
AHNAK,0.15823333333333334,0.04188300044984894,0.0390625,9,0.9365448306558963,0.8757752862595419,False,False,up
CCL19,-0.20416999999999996,0.042310238684514195,0.037109375,10,0.9365448306558963,0.8757752862595419,False,False,down
LY96,-0.16295555555555558,0.0423611257218015,0.07421875,9,0.9365448306558963,0.97517578125,False,False,down
BCL2L15,0.5383888888888888,0.04246414665059392,0.02734375,9,0.9365448306558963,0.8757752862595419,False,False,up
ABHD14B,-0.536511111111111,0.042683200084372167,0.0546875,9,0.9365448306558963,0.887387776243094,False,False,down
EPHB4,0.1028,0.043158723459312105,0.048828125,10,0.9365448306558963,0.887387776243094,False,False,up
ITGAV,-0.10515,0.043185413361581076,0.048828125,10,0.9365448306558963,0.887387776243094,False,False,down
ECHS1,-0.5114777777777778,0.04333384302331558,0.0546875,9,0.9365448306558963,0.887387776243094,False,False,down
CD28,0.296375,0.04342262406777618,0.0390625,8,0.9365448306558963,0.8757752862595419,False,False,up
RELB,0.31618888888888885,0.043686292747653316,0.07421875,9,0.9365448306558963,0.97517578125,False,False,up
REN,0.23145555555555555,0.04411476649992378,0.0390625,9,0.9368954348437456,0.8757752862595419,False,False,up
SLURP1,0.3226899999999999,0.044843562679933634,0.10546875,10,0.9368954348437456,0.97517578125,False,False,up
SIGLEC7,-0.12135555555555556,0.045658637474824355,0.0546875,9,0.9368954348437456,0.887387776243094,False,False,down
IFNL1,0.5428624999999999,0.04586291829794247,0.0234375,8,0.9368954348437456,0.8757752862595419,False,False,up
NRP1,-0.12663,0.04621379741947953,0.083984375,10,0.9368954348437456,0.97517578125,False,False,down
CD99,-0.0758,0.04636422938284736,0.048828125,10,0.9368954348437456,0.887387776243094,False,False,down
DENND2B,0.3033777777777778,0.04639962667520936,0.0546875,9,0.9368954348437456,0.887387776243094,False,False,up
PCDH9,0.28276,0.046578092911454975,0.037109375,10,0.9368954348437456,0.8757752862595419,False,False,up
HPGDS,-0.25665,0.04660042094850462,0.0546875,8,0.9368954348437456,0.887387776243094,False,False,down
CD74,-0.1878,0.04715759298251102,0.048828125,10,0.9368954348437456,0.887387776243094,False,False,down
TPSG1,0.5581555555555555,0.04731537869947319,0.02734375,9,0.9368954348437456,0.8757752862595419,False,False,up
HK2,-0.5134,0.04753061620419411,0.0390625,9,0.9368954348437456,0.8757752862595419,False,False,down
NTF3,-0.24114999999999998,0.04900203296219824,0.0546875,8,0.9594598053998415,0.887387776243094,False,False,down
ITGA5,-0.20585,0.049351735435361616,0.064453125,10,0.9599075958520337,0.97517578125,False,False,down
PPM1B,0.3987888888888889,0.04988937525822726,0.0546875,9,0.9639808890356149,0.887387776243094,False,False,up
NIT1,-0.670911111111111,0.05053160917617781,0.07421875,9,0.9676892162601298,0.97517578125,False,False,down
SEPTIN7,0.40446249999999995,0.050740258530493694,0.0546875,8,0.9676892162601298,0.887387776243094,False,False,up
CDON,-0.15427000000000002,0.05155096866823206,0.130859375,10,0.9768077095393392,0.97517578125,False,False,down
ITGA6,0.3453125,0.05252432886851641,0.0546875,8,0.9811799056624656,0.887387776243094,False,False,up
CCL20,-0.31402,0.05266405142892714,0.048828125,10,0.9811799056624656,0.887387776243094,False,False,down
NLGN2,0.5224249999999999,0.05294051623955583,0.0546875,8,0.9811799056624656,0.887387776243094,False,False,up
SNU13,0.31758888888888887,0.05345273224647113,0.0546875,9,0.9811799056624656,0.887387776243094,False,False,up
ENTR1,-0.2856777777777778,0.05502568427558077,0.0546875,9,0.9811799056624656,0.887387776243094,False,False,down
EPPK1,-0.2660111111111111,0.05557301176362249,0.12890625,9,0.9811799056624656,0.97517578125,False,False,down
BPIFB1,-0.14878999999999998,0.055829208285873684,0.048828125,10,0.9811799056624656,0.887387776243094,False,False,down
CD200,-0.1625875,0.05593895152096027,0.0390625,8,0.9811799056624656,0.8757752862595419,False,False,down
NFKB2,0.3898625,0.05606645991668793,0.109375,8,0.9811799056624656,0.97517578125,False,False,up
THPO,-0.24225555555555556,0.05607297382141696,0.12890625,9,0.9811799056624656,0.97517578125,False,False,down
IL17RA,-0.145,0.05642199585657073,0.10546875,10,0.9811799056624656,0.97517578125,False,False,down
IL1B,-1.0636666666666668,0.056475821768423175,0.01171875,9,0.9811799056624656,0.8757752862595419,False,False,down
LRP2BP,0.6264428571428571,0.0565339954927945,0.078125,7,0.9811799056624656,0.97517578125,False,False,up
CD276,0.13966000000000003,0.056629716322365395,0.064453125,10,0.9811799056624656,0.97517578125,False,False,up
GADD45GIP1,-0.2725444444444444,0.05717672293845657,0.0546875,9,0.9811799056624656,0.887387776243094,False,False,down
LRRN1,-0.19617777777777778,0.05735371385922653,0.0390625,9,0.9811799056624656,0.8757752862595419,False,False,down
FGFBP1,0.09161111111111113,0.05761749313304235,0.0390625,9,0.9811799056624656,0.8757752862595419,False,False,up
PLAT,-0.3812,0.05835564639296767,0.064453125,10,0.9811799056624656,0.97517578125,False,False,down
CLPS,-0.24488,0.05843504346355211,0.10546875,10,0.9811799056624656,0.97517578125,False,False,down
TFPI,-0.12018,0.058835236060893914,0.064453125,10,0.9811799056624656,0.97517578125,False,False,down
CEACAM20,0.4466,0.05928209659095104,0.078125,8,0.9811799056624656,0.97517578125,False,False,up
FURIN,-0.23826666666666663,0.05947219715236912,0.07421875,9,0.9811799056624656,0.97517578125,False,False,down
SBSN,0.23184,0.05953030885330454,0.037109375,10,0.9811799056624656,0.8757752862595419,False,False,up
COL6A3,0.10529999999999999,0.059799524383241855,0.064453125,10,0.9811799056624656,0.97517578125,False,False,up
LEG1,0.3400444444444444,0.06029125369627262,0.07421875,9,0.9823386743320884,0.97517578125,False,False,up
TGFBI,-0.09259000000000002,0.060539087522678926,0.064453125,10,0.9823386743320884,0.97517578125,False,False,down
ENAH,-0.5255555555555556,0.06125642720578597,0.0546875,9,0.9825086015298264,0.887387776243094,False,False,down
GATD3,-0.44238888888888883,0.061301804849320726,0.07421875,9,0.9825086015298264,0.97517578125,False,False,down
SFTPD,-0.24589999999999998,0.06155314357558327,0.0390625,9,0.9825086015298264,0.8757752862595419,False,False,down
CEP290,0.20913750000000003,0.06279692582895437,0.0390625,8,0.9898389461302447,0.8757752862595419,False,False,up
CFC1,-0.2858875,0.0633085494495373,0.0546875,8,0.9898389461302447,0.887387776243094,False,False,down
DCUN1D1,0.484275,0.0636244172906502,0.109375,8,0.9898389461302447,0.97517578125,False,False,up
PSIP1,0.27192500000000003,0.0636249650048479,0.078125,8,0.9898389461302447,0.97517578125,False,False,up
NAGA,0.4741444444444444,0.06513794945799449,0.0546875,9,0.9898389461302447,0.887387776243094,False,False,up
WNT9A,0.22293333333333334,0.06513832941400002,0.07421875,9,0.9898389461302447,0.97517578125,False,False,up
SLC4A1,-0.4922700000000001,0.06543811760560649,0.064453125,10,0.9898389461302447,0.97517578125,False,False,down
SNED1,0.28203333333333336,0.06549272959264436,0.12890625,9,0.9898389461302447,0.97517578125,False,False,up
TBR1,-0.4243571428571428,0.06550240991009713,0.078125,7,0.9898389461302447,0.97517578125,False,False,down
PDCD5,-0.58012,0.06553528672173728,0.037109375,10,0.9898389461302447,0.8757752862595419,False,False,down
CEACAM18,0.34972499999999995,0.06651544762426764,0.078125,8,0.9898389461302447,0.97517578125,False,False,up
LIF,-0.5108625,0.06714718828411932,0.109375,8,0.9898389461302447,0.97517578125,False,False,down
NFE2,-0.6734111111111112,0.06787116126569852,0.09765625,9,0.9898389461302447,0.97517578125,False,False,down
KLB,-0.4564625000000001,0.06825019671191315,0.078125,8,0.9898389461302447,0.97517578125,False,False,down
ACADM,0.4776375,0.0684984733470017,0.078125,8,0.9898389461302447,0.97517578125,False,False,up
TNF__Oncology,-0.19597499999999998,0.06858302905634055,0.0390625,8,0.9898389461302447,0.8757752862595419,False,False,down
CASC3,-0.3503857142857143,0.06985044913892537,0.078125,7,0.9898389461302447,0.97517578125,False,False,down
DPT,-0.06654,0.06998377027974063,0.064453125,10,0.9898389461302447,0.97517578125,False,False,down
TMPRSS11B,0.33393750000000005,0.07134866905371615,0.0390625,8,0.9898389461302447,0.8757752862595419,False,False,up
CELA2A,0.1896,0.07150903579800598,0.037109375,10,0.9898389461302447,0.8757752862595419,False,False,up
CRELD1,0.34485555555555547,0.0716498174904565,0.0546875,9,0.9898389461302447,0.887387776243094,False,False,up
AMBN,-0.19006666666666666,0.0727183154260994,0.12890625,9,0.9898389461302447,0.97517578125,False,False,down
RBPMS2,-0.6883777777777779,0.07276325152718004,0.07421875,9,0.9898389461302447,0.97517578125,False,False,down
CXCL13,0.33607,0.07305956860461123,0.048828125,10,0.9898389461302447,0.887387776243094,False,False,up
GABARAPL1,0.297925,0.07311550221227062,0.109375,8,0.9898389461302447,0.97517578125,False,False,up
CEP170,-0.5768222222222223,0.07352795946897413,0.12890625,9,0.9898389461302447,0.97517578125,False,False,down
TMED4,0.6108777777777777,0.07410695264858412,0.0546875,9,0.9898389461302447,0.887387776243094,False,False,up
AKT1S1,-0.5324125,0.07494008561235112,0.109375,8,0.9898389461302447,0.97517578125,False,False,down
ATP1B3,0.3781999999999999,0.07514821015722506,0.12890625,9,0.9898389461302447,0.97517578125,False,False,up
DNAJA1,0.5734,0.07525254345416311,0.0546875,9,0.9898389461302447,0.887387776243094,False,False,up
SPARCL1,-0.12557000000000001,0.07534752069105166,0.064453125,10,0.9898389461302447,0.97517578125,False,False,down
KRT6C,0.6165666666666666,0.07541314467116106,0.09765625,9,0.9898389461302447,0.97517578125,False,False,up
AOC1,0.24009999999999998,0.07546517198343303,0.07421875,9,0.9898389461302447,0.97517578125,False,False,up
CALY,0.46492222222222224,0.07606934702025671,0.0546875,9,0.9898389461302447,0.887387776243094,False,False,up
CNP,-0.6488,0.07612283850643965,0.07421875,9,0.9898389461302447,0.97517578125,False,False,down
HEPACAM2,0.21303999999999998,0.07656741771508084,0.083984375,10,0.9898389461302447,0.97517578125,False,False,up
ARNT,0.18127777777777776,0.07807245592620221,0.09765625,9,0.9898389461302447,0.97517578125,False,False,up
CPA4,0.28575555555555554,0.0786738688845635,0.0546875,9,0.9898389461302447,0.887387776243094,False,False,up
KLK7,0.30973333333333325,0.07898253288702797,0.09765625,9,0.9898389461302447,0.97517578125,False,False,up
NEFL,0.9626625,0.07951188887373288,0.078125,8,0.9898389461302447,0.97517578125,False,False,up
PON3,-0.09304999999999998,0.07965428636231396,0.10546875,10,0.9898389461302447,0.97517578125,False,False,down
HS1BP3,-0.2955,0.07966495617563284,0.07421875,9,0.9898389461302447,0.97517578125,False,False,down
GLI2,0.2655,0.0797166772484376,0.07421875,9,0.9898389461302447,0.97517578125,False,False,up
GHRL,-0.2839222222222222,0.07988423595001665,0.09765625,9,0.9898389461302447,0.97517578125,False,False,down
IFNGR2,-0.0869222222222222,0.08063421274541896,0.12890625,9,0.9898389461302447,0.97517578125,False,False,down
CCDC80,0.10463333333333331,0.08079043822480629,0.09765625,9,0.9898389461302447,0.97517578125,False,False,up
PCDH7,0.18619000000000002,0.08098527237669909,0.10546875,10,0.9898389461302447,0.97517578125,False,False,up
TGFBR1,0.3342777777777778,0.08102800919138964,0.12890625,9,0.9898389461302447,0.97517578125,False,False,up
APOA2,-0.6356222222222223,0.0818889888937782,0.12890625,9,0.9898389461302447,0.97517578125,False,False,down
CXCL10,-0.24856000000000006,0.08196515803241554,0.037109375,10,0.9898389461302447,0.8757752862595419,False,False,down
CD248,0.2656,0.08331560520203386,0.10546875,10,0.9898389461302447,0.97517578125,False,False,up
IFNG,-0.6461111111111113,0.08376839245082841,0.07421875,9,0.9898389461302447,0.97517578125,False,False,down
CD33,-0.19432222222222226,0.08437429258085725,0.07421875,9,0.9898389461302447,0.97517578125,False,False,down
IL2RG,0.31531000000000003,0.08457283751595886,0.130859375,10,0.9898389461302447,0.97517578125,False,False,up
TSPAN15,0.3237888888888889,0.08600880479819463,0.1640625,9,0.9898389461302447,0.97517578125,False,False,up
GRSF1,-0.49445555555555554,0.08618518654130615,0.203125,9,0.9898389461302447,0.97517578125,False,False,down
TRAF3IP2,0.24898888888888887,0.08645798800922942,0.12890625,9,0.9898389461302447,0.97517578125,False,False,up
TLR2,0.375025,0.08695118071356678,0.0390625,8,0.9898389461302447,0.8757752862595419,False,False,up
MAGED1,-0.251025,0.0872960213882154,0.109375,8,0.9898389461302447,0.97517578125,False,False,down
VPS37A,-0.7327700000000001,0.08828341779668841,0.130859375,10,0.9898389461302447,0.97517578125,False,False,down
GCG,0.8568625,0.08835254131702791,0.078125,8,0.9898389461302447,0.97517578125,False,False,up
PRKD2,0.35015555555555555,0.08837183537684498,0.07421875,9,0.9898389461302447,0.97517578125,False,False,up
BOLA2_BOLA2B,-0.6785777777777777,0.08882139648071745,0.07421875,9,0.9898389461302447,0.97517578125,False,False,down
IL15,-0.196575,0.08902978116357652,0.109375,8,0.9898389461302447,0.97517578125,False,False,down
BRD1,0.4139625,0.0893498293797125,0.109375,8,0.9898389461302447,0.97517578125,False,False,up
RAB37,-0.3829666666666667,0.09027358361960368,0.07421875,9,0.9898389461302447,0.97517578125,False,False,down
CXCL9,-0.19256,0.09076869325198843,0.232421875,10,0.9898389461302447,0.97517578125,False,False,down
LAMP1,0.19308,0.09116937949829165,0.083984375,10,0.9898389461302447,0.97517578125,False,False,up
CTSL,0.13987777777777777,0.09119574463944906,0.09765625,9,0.9898389461302447,0.97517578125,False,False,up
TIMP4,0.14486,0.09124408388464668,0.083984375,10,0.9898389461302447,0.97517578125,False,False,up
KIAA0319,0.19762,0.09183148780223575,0.130859375,10,0.9898389461302447,0.97517578125,False,False,up
RANBP1,-0.5641444444444446,0.09325591105511978,0.09765625,9,0.9898389461302447,0.97517578125,False,False,down
TIE1,-0.29581,0.09334089789117585,0.10546875,10,0.9898389461302447,0.97517578125,False,False,down
KLK11,0.1476888888888889,0.0938096160386032,0.1640625,9,0.9898389461302447,0.97517578125,False,False,up
CD6,-0.14777,0.0947339378688353,0.130859375,10,0.9898389461302447,0.97517578125,False,False,down
IGLC2,0.05161,0.09479817182173829,0.130859375,10,0.9898389461302447,0.97517578125,False,False,up
TPT1,-0.23475555555555555,0.09512029588270068,0.12890625,9,0.9898389461302447,0.97517578125,False,False,down
OSBPL2,0.24444,0.09550467488764865,0.10546875,10,0.9898389461302447,0.97517578125,False,False,up
HS6ST2,0.2881666666666666,0.09615401350312688,0.359375,9,0.9898389461302447,0.97517578125,False,False,up
ID4,0.353925,0.0965698010786642,0.1953125,8,0.9898389461302447,0.97517578125,False,False,up
ITPR1,0.2526,0.0966900199089813,0.1640625,9,0.9898389461302447,0.97517578125,False,False,up
FGF12,0.22010000000000002,0.09731882267087305,0.07421875,9,0.9898389461302447,0.97517578125,False,False,up
CEND1,0.396725,0.09743029347313185,0.1484375,8,0.9898389461302447,0.97517578125,False,False,up
PECR,0.18963333333333335,0.0977201111561278,0.09765625,9,0.9898389461302447,0.97517578125,False,False,up
IL1R1,-0.10265000000000002,0.09850081574654665,0.130859375,10,0.9898389461302447,0.97517578125,False,False,down
PTPRC,0.23169,0.0988045047529292,0.193359375,10,0.9898389461302447,0.97517578125,False,False,up
FAM3D,0.18100999999999998,0.09894935638234051,0.130859375,10,0.9898389461302447,0.97517578125,False,False,up
IL6__Cardiometabolic,-0.6902111111111111,0.09969048905514191,0.09765625,9,0.9898389461302447,0.97517578125,False,False,down
ENPP7,-0.19827999999999996,0.09970221095945644,0.10546875,10,0.9898389461302447,0.97517578125,False,False,down
COL18A1,-0.08371,0.09970285640865613,0.10546875,10,0.9898389461302447,0.97517578125,False,False,down
DDC,-0.1642888888888889,0.09988580997376938,0.12890625,9,0.9898389461302447,0.97517578125,False,False,down
COL9A2,0.3447,0.10029340840658832,0.109375,8,0.9898389461302447,0.97517578125,False,False,up
SCP2,0.29512499999999997,0.10062278685830059,0.1484375,8,0.9898389461302447,0.97517578125,False,False,up
CXCL12,-0.38166666666666665,0.10103237062889607,0.09765625,9,0.9898389461302447,0.97517578125,False,False,down
ARHGAP25,-0.40255,0.10136854469862495,0.1953125,8,0.9898389461302447,0.97517578125,False,False,down
GAD1,0.2872444444444444,0.10174352498057437,0.1640625,9,0.9898389461302447,0.97517578125,False,False,up
CELSR2,0.3600777777777779,0.10363479446324711,0.0390625,9,0.9898389461302447,0.8757752862595419,False,False,up
CRYZL1,-0.7320333333333333,0.10394633273029917,0.07421875,9,0.9898389461302447,0.97517578125,False,False,down
CASP1,-0.6045875,0.10429222658565232,0.1484375,8,0.9898389461302447,0.97517578125,False,False,down
HIP1R,0.27564,0.10429468926108477,0.130859375,10,0.9898389461302447,0.97517578125,False,False,up
ZP4,0.256,0.10441911949003577,0.1640625,9,0.9898389461302447,0.97517578125,False,False,up
ANK2,0.2944444444444444,0.10473594840144025,0.12890625,9,0.9898389461302447,0.97517578125,False,False,up
PIGR,-0.12327999999999997,0.10488005212159791,0.10546875,10,0.9898389461302447,0.97517578125,False,False,down
TIMM8A,-0.38685,0.10635684610505822,0.064453125,10,0.9898389461302447,0.97517578125,False,False,down
ELOA,0.27611,0.10684837471927909,0.16015625,10,0.9898389461302447,0.97517578125,False,False,up
ACSL1,0.2619,0.10715908477965959,0.1640625,9,0.9898389461302447,0.97517578125,False,False,up
SCRG1,0.22063000000000002,0.10720454316913659,0.193359375,10,0.9898389461302447,0.97517578125,False,False,up
LILRA2,-0.11787999999999998,0.10746841743241296,0.10546875,10,0.9898389461302447,0.97517578125,False,False,down
SERPINI2,0.15348,0.10773102582614306,0.16015625,10,0.9898389461302447,0.97517578125,False,False,up
MARCO,-0.08943333333333332,0.1086958658304797,0.09765625,9,0.9898389461302447,0.97517578125,False,False,down
EFCAB14,0.20099000000000006,0.1093765051180164,0.064453125,10,0.9898389461302447,0.97517578125,False,False,up
IL31,0.35242222222222214,0.10949573599021438,0.12890625,9,0.9898389461302447,0.97517578125,False,False,up
YAP1,0.16576999999999997,0.10958344028305743,0.10546875,10,0.9898389461302447,0.97517578125,False,False,up
CCL24,-0.10733999999999999,0.10974081298438079,0.16015625,10,0.9898389461302447,0.97517578125,False,False,down
DNAJC6,-0.5991777777777778,0.10996382014510254,0.1640625,9,0.9898389461302447,0.97517578125,False,False,down
UBE2B,-0.29041999999999996,0.11046092793835192,0.130859375,10,0.9898389461302447,0.97517578125,False,False,down
PPY,0.3100333333333333,0.11154724813717579,0.12890625,9,0.9898389461302447,0.97517578125,False,False,up
TOP1,0.22834,0.11157870111804194,0.10546875,10,0.9898389461302447,0.97517578125,False,False,up
MCFD2,0.23547777777777779,0.11337430916652899,0.09765625,9,0.9898389461302447,0.97517578125,False,False,up
STC2,-0.08134000000000001,0.11392133661083831,0.16015625,10,0.9898389461302447,0.97517578125,False,False,down
EFCAB2,0.234475,0.11438653401545204,0.109375,8,0.9898389461302447,0.97517578125,False,False,up
VCAM1,-0.09557000000000002,0.1151755204881563,0.130859375,10,0.9898389461302447,0.97517578125,False,False,down
FCRL2,-0.10419,0.11547491724371241,0.10546875,10,0.9898389461302447,0.97517578125,False,False,down
FGF6,0.29435555555555554,0.11562784435281961,0.25,9,0.9898389461302447,0.97517578125,False,False,up
SUMF2,0.21269000000000005,0.1169919176955404,0.193359375,10,0.9898389461302447,0.97517578125,False,False,up
MECR,-0.5016666666666667,0.11720127082820794,0.203125,9,0.9898389461302447,0.97517578125,False,False,down
PINLYP,0.2692666666666667,0.11729669019779561,0.1640625,9,0.9898389461302447,0.97517578125,False,False,up
LPL,-0.2864,0.11750628182209982,0.12890625,9,0.9898389461302447,0.97517578125,False,False,down
FHIP2A,0.23204444444444444,0.1176559543632894,0.1640625,9,0.9898389461302447,0.97517578125,False,False,up
VSIG2,0.19084,0.11826303599035377,0.16015625,10,0.9898389461302447,0.97517578125,False,False,up
ADAM23,-0.07183999999999999,0.11879359992824715,0.130859375,10,0.9898389461302447,0.97517578125,False,False,down
ACOX1,-0.3188666666666667,0.11911615341388508,0.25,9,0.9898389461302447,0.97517578125,False,False,down
LUZP2,0.17836000000000002,0.11923162977166217,0.10546875,10,0.9898389461302447,0.97517578125,False,False,up
CD86,0.12124000000000001,0.11949015514680629,0.193359375,10,0.9898389461302447,0.97517578125,False,False,up
SLC34A3,0.33372222222222214,0.11955126614392561,0.1640625,9,0.9898389461302447,0.97517578125,False,False,up
CEACAM8,-0.17622222222222225,0.12057421553598043,0.1640625,9,0.9898389461302447,0.97517578125,False,False,down
LILRB5,-0.08240000000000003,0.12081193043762689,0.16015625,10,0.9898389461302447,0.97517578125,False,False,down
CNPY2,0.1837888888888889,0.12170726334605517,0.203125,9,0.9898389461302447,0.97517578125,False,False,up
MZB1,-0.10023000000000001,0.12225334207515673,0.130859375,10,0.9898389461302447,0.97517578125,False,False,down
TNFRSF17,0.3012666666666666,0.12236653487943439,0.1640625,9,0.9898389461302447,0.97517578125,False,False,up
DMD,-0.5539555555555554,0.1223903955351169,0.1640625,9,0.9898389461302447,0.97517578125,False,False,down
HCG22,0.28094444444444444,0.12243200812411205,0.203125,9,0.9898389461302447,0.97517578125,False,False,up
CDC25A,-0.4147666666666667,0.12243310959309753,0.12890625,9,0.9898389461302447,0.97517578125,False,False,down
FUCA1,-0.13964,0.12252317613107404,0.232421875,10,0.9898389461302447,0.97517578125,False,False,down
HTR1A,0.2164625,0.12300475657755378,0.078125,8,0.9898389461302447,0.97517578125,False,False,up
IGF2BP3,0.30308888888888885,0.12302850354583672,0.12890625,9,0.9898389461302447,0.97517578125,False,False,up
GH2,-0.40622500000000017,0.12344282988247224,0.1484375,8,0.9898389461302447,0.97517578125,False,False,down
F7,-0.11291000000000002,0.12350820632479184,0.16015625,10,0.9898389461302447,0.97517578125,False,False,down
BMPER,0.19647777777777778,0.12379276540308595,0.09765625,9,0.9898389461302447,0.97517578125,False,False,up
SPON1,-0.09449999999999999,0.12381413429475956,0.10546875,10,0.9898389461302447,0.97517578125,False,False,down
PARP1,-0.19647499999999996,0.12419399540450068,0.109375,8,0.9898389461302447,0.97517578125,False,False,down
RFC4,0.13523000000000002,0.12463952899227114,0.130859375,10,0.9898389461302447,0.97517578125,False,False,up
ACP5,-0.10340999999999997,0.12478682694915633,0.193359375,10,0.9898389461302447,0.97517578125,False,False,down
IDS,-0.06877,0.12506902008508775,0.16015625,10,0.9898389461302447,0.97517578125,False,False,down
GH1,-1.7586888888888887,0.12547733666217686,0.1640625,9,0.9898389461302447,0.97517578125,False,False,down
YJU2,0.39749000000000007,0.1254808906883433,0.10546875,10,0.9898389461302447,0.97517578125,False,False,up
SERPINB9,-0.2990888888888889,0.12561676960069648,0.12890625,9,0.9898389461302447,0.97517578125,False,False,down
EGFR,-0.06851,0.12619287464411694,0.193359375,10,0.9898389461302447,0.97517578125,False,False,down
SERPINA3,0.07138,0.12622850754569884,0.16015625,10,0.9898389461302447,0.97517578125,False,False,up
KLRC1,0.2895625,0.12679225787732523,0.1484375,8,0.9898389461302447,0.97517578125,False,False,up
IL18,-0.14637000000000006,0.1275834948470619,0.16015625,10,0.9898389461302447,0.97517578125,False,False,down
CCL21,-0.12064,0.12863890728527796,0.193359375,10,0.9898389461302447,0.97517578125,False,False,down
PIK3AP1,-0.6866999999999999,0.1289676967362754,0.1484375,8,0.9898389461302447,0.97517578125,False,False,down
VMO1,0.48563999999999996,0.1291328235455795,0.10546875,10,0.9898389461302447,0.97517578125,False,False,up
VSNL1,0.17804000000000003,0.1296562045744696,0.193359375,10,0.9898389461302447,0.97517578125,False,False,up
PLAU,-0.12026,0.12995886422372094,0.16015625,10,0.9898389461302447,0.97517578125,False,False,down
RGMA,-0.09018000000000001,0.1301292118852463,0.16015625,10,0.9898389461302447,0.97517578125,False,False,down
BATF,0.10537142857142857,0.13020666925389165,0.21875,7,0.9898389461302447,0.97517578125,False,False,up
CINP,0.6064499999999999,0.13026614234182196,0.1484375,8,0.9898389461302447,0.97517578125,False,False,up
FBLN2,0.24617999999999993,0.13026677756069396,0.16015625,10,0.9898389461302447,0.97517578125,False,False,up
GFRA3,0.10497777777777778,0.13041679294677963,0.0546875,9,0.9898389461302447,0.887387776243094,False,False,up
PCDH17,0.15651111111111113,0.13044839330037594,0.203125,9,0.9898389461302447,0.97517578125,False,False,up
RNASEH2A,0.2366222222222222,0.13090267261100924,0.09765625,9,0.9898389461302447,0.97517578125,False,False,up
PXDNL,0.24779,0.1309617523999476,0.193359375,10,0.9898389461302447,0.97517578125,False,False,up
ADGRD1,0.19218888888888888,0.13096744444192582,0.12890625,9,0.9898389461302447,0.97517578125,False,False,up
CA12,0.10935000000000002,0.13149137855667048,0.10546875,10,0.9898389461302447,0.97517578125,False,False,up
CEACAM1,0.08523333333333334,0.1318271283216836,0.1640625,9,0.9898389461302447,0.97517578125,False,False,up
ALDH1A1,-0.40795999999999993,0.13194760488319582,0.130859375,10,0.9898389461302447,0.97517578125,False,False,down
RGS10,0.32299999999999995,0.13253856423242852,0.12890625,9,0.9898389461302447,0.97517578125,False,False,up
PCDHB15,0.29555,0.13329150037865817,0.10546875,10,0.9898389461302447,0.97517578125,False,False,up
CALCB,0.51743,0.13330520142404514,0.048828125,10,0.9898389461302447,0.887387776243094,False,False,up
DLGAP5,0.18024444444444446,0.1335045189286128,0.30078125,9,0.9898389461302447,0.97517578125,False,False,up
GIMAP8,0.2532888888888889,0.1337814031948787,0.1640625,9,0.9898389461302447,0.97517578125,False,False,up
SNX2,0.20911,0.13387785659196155,0.10546875,10,0.9898389461302447,0.97517578125,False,False,up
NPHS1,0.18845555555555554,0.1340226317215332,0.09765625,9,0.9898389461302447,0.97517578125,False,False,up
ZNF830,0.16885,0.13470549045741126,0.193359375,10,0.9898389461302447,0.97517578125,False,False,up
EBAG9,-0.5880666666666667,0.1353814945301831,0.09765625,9,0.9898389461302447,0.97517578125,False,False,down
CTRB1,-0.12078999999999998,0.13565341986200607,0.16015625,10,0.9898389461302447,0.97517578125,False,False,down
CRNN,-0.17703,0.1362210407426463,0.232421875,10,0.9898389461302447,0.97517578125,False,False,down
NOTCH3,-0.09228,0.13633027662753286,0.130859375,10,0.9898389461302447,0.97517578125,False,False,down
SAT2,0.26480000000000004,0.13636487041153647,0.109375,8,0.9898389461302447,0.97517578125,False,False,up
THBS2,0.08162000000000001,0.13657764808559836,0.193359375,10,0.9898389461302447,0.97517578125,False,False,up
ARNTL,0.20034444444444444,0.13688919058050458,0.07421875,9,0.9898389461302447,0.97517578125,False,False,up
GPKOW,-0.2602625,0.13694888706944722,0.1953125,8,0.9898389461302447,0.97517578125,False,False,down
TGFBR3,-0.09812000000000001,0.13724389097934384,0.10546875,10,0.9898389461302447,0.97517578125,False,False,down
OGN,-0.10180000000000003,0.1374914618437122,0.16015625,10,0.9898389461302447,0.97517578125,False,False,down
HLA-E,-0.266475,0.13904414566882847,0.078125,8,0.9898389461302447,0.97517578125,False,False,down
TF,0.18552,0.13952724537377517,0.16015625,10,0.9898389461302447,0.97517578125,False,False,up
CALCOCO2,-0.33018888888888887,0.13960743231568204,0.12890625,9,0.9898389461302447,0.97517578125,False,False,down
BST1,-0.09687,0.13980623958784894,0.232421875,10,0.9898389461302447,0.97517578125,False,False,down
AMIGO1,-0.3593285714285715,0.14032402308243871,0.15625,7,0.9898389461302447,0.97517578125,False,False,down
SMNDC1,0.39581999999999995,0.1411691377001608,0.275390625,10,0.9898389461302447,0.97517578125,False,False,up
EIF2S2,-0.4929444444444443,0.14164180352368982,0.203125,9,0.9898389461302447,0.97517578125,False,False,down
CLEC11A,-0.18751,0.14213128674866674,0.083984375,10,0.9898389461302447,0.97517578125,False,False,down
TPBGL,-0.3295571428571428,0.14222811254710868,0.15625,7,0.9898389461302447,0.97517578125,False,False,down
CCL23,0.13911,0.14230050178740394,0.193359375,10,0.9898389461302447,0.97517578125,False,False,up
AMDHD2,-0.11887,0.1426814808246289,0.130859375,10,0.9898389461302447,0.97517578125,False,False,down
SPRING1,0.27784444444444445,0.1428370838082978,0.09765625,9,0.9898389461302447,0.97517578125,False,False,up
ZBP1,0.15256666666666666,0.14294989399356486,0.1640625,9,0.9898389461302447,0.97517578125,False,False,up
IL2,-0.40603333333333336,0.1430043255431677,0.1640625,9,0.9898389461302447,0.97517578125,False,False,down
DTX3,-0.11597000000000002,0.14389019366420294,0.193359375,10,0.9898389461302447,0.97517578125,False,False,down
PEPD,0.3396111111111111,0.14396763004887106,0.12890625,9,0.9898389461302447,0.97517578125,False,False,up
ALDH5A1,-0.29410000000000003,0.14406823290170792,0.359375,9,0.9898389461302447,0.97517578125,False,False,down
SNX9,-0.4317555555555555,0.14413964420747497,0.12890625,9,0.9898389461302447,0.97517578125,False,False,down
NEB,-0.4769444444444444,0.14469841820341667,0.359375,9,0.9898389461302447,0.97517578125,False,False,down
CCER2,0.11508888888888892,0.14477957997054744,0.1640625,9,0.9898389461302447,0.97517578125,False,False,up
CRTAC1,-0.08553999999999999,0.14493069516463572,0.083984375,10,0.9898389461302447,0.97517578125,False,False,down
TPPP2,0.3372625,0.1451622129649114,0.25,8,0.9898389461302447,0.97517578125,False,False,up
CASQ2,0.2682888888888889,0.1453058821680551,0.1640625,9,0.9898389461302447,0.97517578125,False,False,up
NCLN,-0.24928888888888887,0.14596002743928105,0.203125,9,0.9898389461302447,0.97517578125,False,False,down
TCTN3,0.19275,0.14670504800762235,0.232421875,10,0.9898389461302447,0.97517578125,False,False,up
ANGPTL2,-0.17121999999999998,0.147157165355574,0.10546875,10,0.9898389461302447,0.97517578125,False,False,down
FRZB,-0.2724,0.14750953517395118,0.07421875,9,0.9898389461302447,0.97517578125,False,False,down
PRDX1,-0.28844444444444445,0.14754245271126737,0.203125,9,0.9898389461302447,0.97517578125,False,False,down
IFNAR1,0.12837000000000004,0.14755479957458162,0.322265625,10,0.9898389461302447,0.97517578125,False,False,up
MMP12,-0.10741,0.14788700871284968,0.16015625,10,0.9898389461302447,0.97517578125,False,False,down
RBM19,0.5282333333333332,0.14794008273628015,0.203125,9,0.9898389461302447,0.97517578125,False,False,up
DMP1,0.18631111111111115,0.14794397340824317,0.1640625,9,0.9898389461302447,0.97517578125,False,False,up
PSMD1,-0.8107666666666665,0.14796135307380565,0.1640625,9,0.9898389461302447,0.97517578125,False,False,down
INPP1,-0.2716,0.14852910515314713,0.083984375,10,0.9898389461302447,0.97517578125,False,False,down
CFD,0.12189999999999998,0.14862564080911903,0.130859375,10,0.9898389461302447,0.97517578125,False,False,up
S100A4,-0.4734111111111111,0.14868981383784363,0.1640625,9,0.9898389461302447,0.97517578125,False,False,down
TLR4,0.3665555555555555,0.1487711965417224,0.07421875,9,0.9898389461302447,0.97517578125,False,False,up
APRT,-0.7419111111111111,0.14894406439400057,0.12890625,9,0.9898389461302447,0.97517578125,False,False,down
IL6__Neurology,-0.4619555555555556,0.149098604992983,0.1640625,9,0.9898389461302447,0.97517578125,False,False,down
NECAP2,-0.2075777777777778,0.1491039916356083,0.25,9,0.9898389461302447,0.97517578125,False,False,down
TMED1,0.5205625,0.1491907727849967,0.1953125,8,0.9898389461302447,0.97517578125,False,False,up
JAM2,0.09598999999999999,0.1492148994578316,0.130859375,10,0.9898389461302447,0.97517578125,False,False,up
PKD1,0.14927,0.15020615680013388,0.193359375,10,0.9898389461302447,0.97517578125,False,False,up
NPTX2,0.15454000000000004,0.1502786840145688,0.16015625,10,0.9898389461302447,0.97517578125,False,False,up
GABARAP,0.7302,0.15052505257643412,0.048828125,10,0.9898389461302447,0.887387776243094,False,False,up
PNPT1,-0.16265555555555555,0.15053300664013006,0.25,9,0.9898389461302447,0.97517578125,False,False,down
ABCA2,-0.17445555555555556,0.15062690441081775,0.1640625,9,0.9898389461302447,0.97517578125,False,False,down
COCH,0.30355000000000004,0.15124054683740465,0.232421875,10,0.9898389461302447,0.97517578125,False,False,up
PLA2G10,-0.2537333333333333,0.15128356629239423,0.1640625,9,0.9898389461302447,0.97517578125,False,False,down
FAM172A,-0.21942222222222227,0.1517481414641824,0.12890625,9,0.9898389461302447,0.97517578125,False,False,down
PSAP,0.27325,0.15214808285474385,0.232421875,10,0.9898389461302447,0.97517578125,False,False,up
RLN2,1.4975888888888889,0.1526415633481565,0.1640625,9,0.9898389461302447,0.97517578125,False,False,up
CD244,-0.1123,0.15401949122718817,0.16015625,10,0.9898389461302447,0.97517578125,False,False,down
CDC26,-0.26985000000000003,0.15402742403222844,0.16015625,10,0.9898389461302447,0.97517578125,False,False,down
GALNT5,-0.14696999999999996,0.1542013331145395,0.16015625,10,0.9898389461302447,0.97517578125,False,False,down
SCRIB__Cardiometabolic_II,-0.3242,0.1547290225010787,0.1640625,9,0.9898389461302447,0.97517578125,False,False,down
STOML2,0.4324444444444444,0.15477102936612183,0.0546875,9,0.9898389461302447,0.887387776243094,False,False,up
BNIP2,-0.18561999999999998,0.155060786281825,0.083984375,10,0.9898389461302447,0.97517578125,False,False,down
LILRA3,0.19381999999999996,0.15629279845877408,0.083984375,10,0.9898389461302447,0.97517578125,False,False,up
PALLD,-0.13288888888888886,0.15648318724609145,0.1640625,9,0.9898389461302447,0.97517578125,False,False,down
EPHA4,0.3191111111111111,0.15697136902590916,0.12890625,9,0.9898389461302447,0.97517578125,False,False,up
PTGDS,-0.09237,0.15708288488510533,0.16015625,10,0.9898389461302447,0.97517578125,False,False,down
B4GAT1,-0.08438999999999999,0.15713505541803896,0.275390625,10,0.9898389461302447,0.97517578125,False,False,down
TNF__Inflammation,-0.2899777777777777,0.15824818741352176,0.12890625,9,0.9898389461302447,0.97517578125,False,False,down
JUN,-0.3899,0.15881884357598827,0.25,9,0.9898389461302447,0.97517578125,False,False,down
MSLN,0.13586,0.15911908711628708,0.193359375,10,0.9898389461302447,0.97517578125,False,False,up
ACAN,0.12447777777777778,0.15937878032458236,0.203125,9,0.9898389461302447,0.97517578125,False,False,up
SUSD5,0.2929555555555556,0.1603580165237729,0.1640625,9,0.9898389461302447,0.97517578125,False,False,up
FUT1,-0.4559125,0.16075556259246998,0.1953125,8,0.9898389461302447,0.97517578125,False,False,down
PPME1,-0.7003300000000001,0.16082903566718781,0.083984375,10,0.9898389461302447,0.97517578125,False,False,down
XPNPEP2,-0.060766666666666636,0.16114477122408402,0.203125,9,0.9898389461302447,0.97517578125,False,False,down
IL18RAP,-0.16187777777777784,0.16144802427279578,0.1640625,9,0.9898389461302447,0.97517578125,False,False,down
C5,0.11198,0.16338999540677887,0.130859375,10,0.9898389461302447,0.97517578125,False,False,up
JPT2,-0.35479,0.16573220350290097,0.083984375,10,0.9898389461302447,0.97517578125,False,False,down
LTB,-0.19476999999999997,0.16578463150243802,0.275390625,10,0.9898389461302447,0.97517578125,False,False,down
ADAM9,0.29847,0.1658489759034646,0.232421875,10,0.9898389461302447,0.97517578125,False,False,up
DSC2,-0.07402,0.165999422790491,0.130859375,10,0.9898389461302447,0.97517578125,False,False,down
KLK4,-0.09498999999999998,0.16609860476136742,0.232421875,10,0.9898389461302447,0.97517578125,False,False,down
MPI,-0.28662,0.16679338335432833,0.193359375,10,0.9898389461302447,0.97517578125,False,False,down
PRR4,0.3930333333333334,0.16726274787725212,0.203125,9,0.9898389461302447,0.97517578125,False,False,up
RPE,0.2044375,0.16924557893806333,0.1953125,8,0.9898389461302447,0.97517578125,False,False,up
POSTN,0.13255,0.16952474887894378,0.275390625,10,0.9898389461302447,0.97517578125,False,False,up
RNF168,0.4485666666666666,0.16982741090932094,0.25,9,0.9898389461302447,0.97517578125,False,False,up
FGF3,-0.2385444444444444,0.17299622771057532,0.1640625,9,0.9898389461302447,0.97517578125,False,False,down
DKKL1,0.12078,0.17323758424532745,0.193359375,10,0.9898389461302447,0.97517578125,False,False,up
TBCB,-0.7830888888888891,0.17330657313207035,0.1640625,9,0.9898389461302447,0.97517578125,False,False,down
GDF15,0.08049,0.17353163539918448,0.232421875,10,0.9898389461302447,0.97517578125,False,False,up
BCL7B,0.48301000000000005,0.1735997579343228,0.232421875,10,0.9898389461302447,0.97517578125,False,False,up
PSMC3,-0.2210333333333333,0.1742589157876538,0.203125,9,0.9898389461302447,0.97517578125,False,False,down
CKB,0.32848,0.17431432458998086,0.16015625,10,0.9898389461302447,0.97517578125,False,False,up
HNF1A,0.33314285714285713,0.17490114347838767,0.21875,7,0.9898389461302447,0.97517578125,False,False,up
COLEC12,0.05339000000000001,0.17520395706479142,0.16015625,10,0.9898389461302447,0.97517578125,False,False,up
AHSP,-0.6863,0.17524673714769654,0.10546875,10,0.9898389461302447,0.97517578125,False,False,down
CCS,-0.46044444444444443,0.17529580491870025,0.203125,9,0.9898389461302447,0.97517578125,False,False,down
SWAP70,0.28667,0.17590736008606667,0.193359375,10,0.9898389461302447,0.97517578125,False,False,up
CANT1,0.15468888888888888,0.17608204609961575,0.25,9,0.9898389461302447,0.97517578125,False,False,up
GIMAP7,0.18220000000000003,0.17613649338298293,0.30078125,9,0.9898389461302447,0.97517578125,False,False,up
NOTCH2,0.2278,0.17675416175589398,0.193359375,10,0.9898389461302447,0.97517578125,False,False,up
WFDC1,0.17487999999999998,0.1769966784397278,0.193359375,10,0.9898389461302447,0.97517578125,False,False,up
CR2,-0.09018,0.17791911056004,0.232421875,10,0.9898389461302447,0.97517578125,False,False,down
PLA2G15,-0.09881111111111111,0.1784410279590306,0.1640625,9,0.9898389461302447,0.97517578125,False,False,down
NMT1,-0.2989333333333334,0.17859982168204075,0.25,9,0.9898389461302447,0.97517578125,False,False,down
SMC3,-0.4419444444444445,0.17908933983423492,0.25,9,0.9898389461302447,0.97517578125,False,False,down
VIM,-1.067611111111111,0.17961017790688044,0.203125,9,0.9898389461302447,0.97517578125,False,False,down
SEPTIN9,-0.12536,0.17971279733827428,0.275390625,10,0.9898389461302447,0.97517578125,False,False,down
F9,-0.37302,0.18016345251011168,0.037109375,10,0.9898389461302447,0.8757752862595419,False,False,down
CRHR1,-0.2849555555555556,0.18098657423348308,0.09765625,9,0.9898389461302447,0.97517578125,False,False,down
SIGLEC5,-0.18704999999999997,0.18123264366138866,0.232421875,10,0.9898389461302447,0.97517578125,False,False,down
MAP1LC3A,0.335825,0.18123288126841466,0.25,8,0.9898389461302447,0.97517578125,False,False,up
CKMT1A_CKMT1B,-0.19098,0.18157347065058016,0.232421875,10,0.9898389461302447,0.97517578125,False,False,down
IL18BP,-0.07937000000000001,0.18182472533588415,0.16015625,10,0.9898389461302447,0.97517578125,False,False,down
GNPDA1,-0.1764777777777778,0.1819947077275867,0.25,9,0.9898389461302447,0.97517578125,False,False,down
STAMBP,-0.5074111111111111,0.18200553632696306,0.1640625,9,0.9898389461302447,0.97517578125,False,False,down
PRRT3,0.10597777777777773,0.1821298293046702,0.203125,9,0.9898389461302447,0.97517578125,False,False,up
TGFBR2,0.0751888888888889,0.18244601571455996,0.1640625,9,0.9898389461302447,0.97517578125,False,False,up
LONP1,-0.4264777777777778,0.18246478473031189,0.25,9,0.9898389461302447,0.97517578125,False,False,down
IL6R,-0.08995,0.18287662004169467,0.16015625,10,0.9898389461302447,0.97517578125,False,False,down
TXNRD1,-0.25396,0.18332758108717073,0.193359375,10,0.9898389461302447,0.97517578125,False,False,down
SNAP29,-0.5113444444444445,0.18387725765670224,0.1640625,9,0.9898389461302447,0.97517578125,False,False,down
SMOC1,-0.15104,0.1840769729139843,0.193359375,10,0.9898389461302447,0.97517578125,False,False,down
CDH23,0.10075,0.18432868204231054,0.193359375,10,0.9898389461302447,0.97517578125,False,False,up
PDCD1LG2,-0.11567000000000002,0.18530356878321336,0.322265625,10,0.9898389461302447,0.97517578125,False,False,down
SNRPB2,0.28076,0.18630159007541952,0.16015625,10,0.9898389461302447,0.97517578125,False,False,up
TBCC,-0.44661111111111107,0.18633736139942542,0.1640625,9,0.9898389461302447,0.97517578125,False,False,down
EIF1AX,0.20078999999999994,0.18683548868436944,0.232421875,10,0.9898389461302447,0.97517578125,False,False,up
BCAT2,0.47277500000000006,0.18726740394462163,0.25,8,0.9898389461302447,0.97517578125,False,False,up
CD70,-0.16828749999999998,0.18758966946367775,0.1484375,8,0.9898389461302447,0.97517578125,False,False,down
IL20RB,0.24998888888888893,0.18794449438931804,0.203125,9,0.9898389461302447,0.97517578125,False,False,up
CHRM1,-0.5721142857142858,0.18797225832103037,0.296875,7,0.9898389461302447,0.97517578125,False,False,down
ATP5IF1,-0.6818799999999998,0.18802652071941545,0.193359375,10,0.9898389461302447,0.97517578125,False,False,down
ADA,-0.11460999999999999,0.18810348060130314,0.193359375,10,0.9898389461302447,0.97517578125,False,False,down
MITD1,-0.5742555555555556,0.18855647805929618,0.203125,9,0.9898389461302447,0.97517578125,False,False,down
ZHX2,0.12509,0.188711885807789,0.232421875,10,0.9898389461302447,0.97517578125,False,False,up
BAG3,-0.13448888888888888,0.18908015626778912,0.203125,9,0.9898389461302447,0.97517578125,False,False,down
BRME1,0.21284999999999998,0.1893102728881043,0.1953125,8,0.9898389461302447,0.97517578125,False,False,up
SCT,0.2871857142857142,0.18941102361439238,0.21875,7,0.9898389461302447,0.97517578125,False,False,up
IFIT3,0.1732375,0.18953419377681002,0.25,8,0.9898389461302447,0.97517578125,False,False,up
KLRD1,-0.10712999999999999,0.1899708671268217,0.16015625,10,0.9898389461302447,0.97517578125,False,False,down
SOD1,-0.35808999999999996,0.19026068116780084,0.193359375,10,0.9898389461302447,0.97517578125,False,False,down
VAT1,0.06257,0.19034643450832475,0.193359375,10,0.9898389461302447,0.97517578125,False,False,up
SELENOP,-0.2017,0.19037013248903384,0.193359375,10,0.9898389461302447,0.97517578125,False,False,down
CGA,-0.22649,0.19057153946008207,0.193359375,10,0.9898389461302447,0.97517578125,False,False,down
GRIK2,0.32230000000000003,0.19092901502146276,0.09765625,9,0.9898389461302447,0.97517578125,False,False,up
DDX25,0.21121428571428572,0.19102909907377988,0.15625,7,0.9898389461302447,0.97517578125,False,False,up
CHGB,-0.18087999999999993,0.19211759687966873,0.275390625,10,0.9898389461302447,0.97517578125,False,False,down
TYRO3,-0.07456666666666668,0.1926809439416283,0.30078125,9,0.9898389461302447,0.97517578125,False,False,down
GZMH,0.1959444444444445,0.19277226619680884,0.25,9,0.9898389461302447,0.97517578125,False,False,up
S100A12,0.68773,0.1927939220277986,0.76953125,10,0.9898389461302447,1.0,False,False,up
BLVRB,-0.34,0.1929296277203602,0.431640625,10,0.9898389461302447,0.97517578125,False,False,down
SSC5D,-0.12134,0.19305615558606204,0.130859375,10,0.9898389461302447,0.97517578125,False,False,down
SIRT5,0.366225,0.19324729540142035,0.3125,8,0.9898389461302447,0.97517578125,False,False,up
BAG4,0.26735555555555557,0.1937370355395645,0.203125,9,0.9898389461302447,0.97517578125,False,False,up
SDC1,0.16414444444444443,0.19390988095875591,0.42578125,9,0.9898389461302447,0.97517578125,False,False,up
MAD1L1,-0.23797777777777776,0.19404711201478572,0.359375,9,0.9898389461302447,0.97517578125,False,False,down
NINJ1,0.16018750000000004,0.1943456069480207,0.1953125,8,0.9898389461302447,0.97517578125,False,False,up
TGM2,-0.5315222222222222,0.19460002691908324,0.1640625,9,0.9898389461302447,0.97517578125,False,False,down
CDH5,-0.08427,0.1947258000789135,0.16015625,10,0.9898389461302447,0.97517578125,False,False,down
TJAP1,-0.5486444444444446,0.1954158393063113,0.12890625,9,0.9898389461302447,0.97517578125,False,False,down
CTNNA1,0.10957499999999998,0.19580016281334525,0.1953125,8,0.9898389461302447,0.97517578125,False,False,up
CHM,-0.32785714285714285,0.19591452547177504,0.21875,7,0.9898389461302447,0.97517578125,False,False,down
TLR3,-0.09822000000000002,0.19764791277142316,0.064453125,10,0.9898389461302447,0.97517578125,False,False,down
ADAM12,0.23578888888888885,0.1981536850949405,0.09765625,9,0.9898389461302447,0.97517578125,False,False,up
OPTC,-0.22388,0.198442390853484,0.232421875,10,0.9898389461302447,0.97517578125,False,False,down
WFDC2,-0.14483333333333334,0.19850805087848106,0.359375,9,0.9898389461302447,0.97517578125,False,False,down
ITGA2,0.15936666666666666,0.19877846412061026,0.25,9,0.9898389461302447,0.97517578125,False,False,up
PSPN,-0.1352375,0.19885773361486245,0.25,8,0.9898389461302447,0.97517578125,False,False,down
SLAMF7,0.305625,0.19889360600245337,0.1953125,8,0.9898389461302447,0.97517578125,False,False,up
MRI1,-0.5241428571428572,0.19945902158363596,0.296875,7,0.9898389461302447,0.97517578125,False,False,down
ZCCHC8,0.4699666666666666,0.1996563293648641,0.203125,9,0.9898389461302447,0.97517578125,False,False,up
HEPH,0.23072000000000004,0.20000824018144173,0.083984375,10,0.9898389461302447,0.97517578125,False,False,up
RUVBL1,0.18775000000000003,0.20004397367124008,0.3125,8,0.9898389461302447,0.97517578125,False,False,up
MSRA,-0.3326888888888889,0.20004857894036684,0.1640625,9,0.9898389461302447,0.97517578125,False,False,down
IDO1__Oncology_II,0.17421,0.20027825687402737,0.232421875,10,0.9898389461302447,0.97517578125,False,False,up
ODAM,-0.2448,0.2004606603230215,0.1953125,8,0.9898389461302447,0.97517578125,False,False,down
HMOX2,-0.2485375,0.20069633573483872,0.3125,8,0.9898389461302447,0.97517578125,False,False,down
LYN,-0.31901,0.20122894510813097,0.232421875,10,0.9898389461302447,0.97517578125,False,False,down
IFNLR1,-0.1297625,0.20167924656108824,0.3125,8,0.9898389461302447,0.97517578125,False,False,down
CLSTN3,0.18567999999999998,0.20180956238213982,0.232421875,10,0.9898389461302447,0.97517578125,False,False,up
FLRT2,-0.1724,0.20184988404309281,0.12890625,9,0.9898389461302447,0.97517578125,False,False,down
PTPRH,0.21478000000000003,0.20202919161889768,0.232421875,10,0.9898389461302447,0.97517578125,False,False,up
EIF5A,-0.2669222222222223,0.20213395592959496,0.25,9,0.9898389461302447,0.97517578125,False,False,down
AGBL2,1.8240500000000002,0.20241679527801704,0.3828125,8,0.9898389461302447,0.97517578125,False,False,up
SPINK6,0.33676,0.20264776141461627,0.275390625,10,0.9898389461302447,0.97517578125,False,False,up
TEX101,0.32732857142857136,0.20359039444228072,0.21875,7,0.9898389461302447,0.97517578125,False,False,up
REST,0.2662333333333333,0.20366297359734636,0.203125,9,0.9898389461302447,0.97517578125,False,False,up
DDI2,-0.5798444444444445,0.2038468203034437,0.30078125,9,0.9898389461302447,0.97517578125,False,False,down
NOS3,0.21202500000000002,0.20385470217507143,0.1953125,8,0.9898389461302447,0.97517578125,False,False,up
GOLGA3,-0.28492222222222213,0.2041825808374032,0.42578125,9,0.9898389461302447,0.97517578125,False,False,down
SIRT2,-0.5229,0.2047868726238805,0.193359375,10,0.9898389461302447,0.97517578125,False,False,down
CA2,-0.6797700000000001,0.20492393827821248,0.10546875,10,0.9898389461302447,0.97517578125,False,False,down
TNNI3,1.452788888888889,0.20492907264431595,0.09765625,9,0.9898389461302447,0.97517578125,False,False,up
GOLM2,0.09358999999999999,0.20538334497022273,0.375,10,0.9898389461302447,0.97517578125,False,False,up
KIT,0.07497999999999999,0.2055641794629694,0.232421875,10,0.9898389461302447,0.97517578125,False,False,up
EREG,0.46294444444444444,0.20582032253983404,0.203125,9,0.9898389461302447,0.97517578125,False,False,up
SIGLEC1,-0.13833999999999996,0.20680444665543019,0.322265625,10,0.9898389461302447,0.97517578125,False,False,down
SIGLEC8,0.11994444444444444,0.2069418919173132,0.25,9,0.9898389461302447,0.97517578125,False,False,up
SLC9A3R2,-0.30189000000000005,0.20763950175749607,0.232421875,10,0.9898389461302447,0.97517578125,False,False,down
AGR3,-0.332325,0.20783527916803068,0.25,8,0.9898389461302447,0.97517578125,False,False,down
PCSK7,-0.22549000000000005,0.20813210611123975,0.16015625,10,0.9898389461302447,0.97517578125,False,False,down
MEGF11,0.19711111111111113,0.20815366293258447,0.25,9,0.9898389461302447,0.97517578125,False,False,up
IGSF3,0.07877,0.20819210685860642,0.275390625,10,0.9898389461302447,0.97517578125,False,False,up
SPINK8,0.3887555555555556,0.20838690364462795,0.25,9,0.9898389461302447,0.97517578125,False,False,up
IGFBP3,-0.09215,0.2089254185925298,0.16015625,10,0.9898389461302447,0.97517578125,False,False,down
REPS1,0.19765555555555553,0.20939086504314267,0.30078125,9,0.9898389461302447,0.97517578125,False,False,up
SERPINA7,0.20788,0.20971083032738397,0.16015625,10,0.9898389461302447,0.97517578125,False,False,up
CD55,0.06573999999999999,0.20972587205479756,0.232421875,10,0.9898389461302447,0.97517578125,False,False,up
ADA2,-0.133,0.21061324747501056,0.193359375,10,0.9898389461302447,0.97517578125,False,False,down
FAM171A2,-0.14665555555555565,0.2108284016809369,0.25,9,0.9898389461302447,0.97517578125,False,False,down
TSHB,-0.2256777777777778,0.2109388409593482,0.203125,9,0.9898389461302447,0.97517578125,False,False,down
CRH,-0.512675,0.2109449275006487,0.1953125,8,0.9898389461302447,0.97517578125,False,False,down
HLA-A,0.14843333333333333,0.21142293728783,0.203125,9,0.9898389461302447,0.97517578125,False,False,up
MXRA8,0.15910000000000002,0.21248802546941437,0.30078125,9,0.9898389461302447,0.97517578125,False,False,up
TP53,0.59625,0.2125905233559264,0.1953125,8,0.9898389461302447,0.97517578125,False,False,up
CTRC,-0.18058000000000002,0.21263801500734342,0.232421875,10,0.9898389461302447,0.97517578125,False,False,down
NDST1,0.17389000000000004,0.21267266195201287,0.193359375,10,0.9898389461302447,0.97517578125,False,False,up
CNTN3,-0.07922,0.21272929877608907,0.375,10,0.9898389461302447,0.97517578125,False,False,down
CYB5A,0.2727333333333333,0.21343078928179918,0.30078125,9,0.9898389461302447,0.97517578125,False,False,up
GPR158,0.2138888888888889,0.21361398213640004,0.30078125,9,0.9898389461302447,0.97517578125,False,False,up
ALPP,-0.17474,0.2140515966915437,0.275390625,10,0.9898389461302447,0.97517578125,False,False,down
CEACAM16,0.21756000000000003,0.21409669758730324,0.275390625,10,0.9898389461302447,0.97517578125,False,False,up
CCDC134,0.4190499999999999,0.2140997354066372,0.375,10,0.9898389461302447,0.97517578125,False,False,up
PGLYRP2,0.15087,0.2141603457852818,0.232421875,10,0.9898389461302447,0.97517578125,False,False,up
SDK2,0.20841111111111107,0.21438418526175548,0.203125,9,0.9898389461302447,0.97517578125,False,False,up
NSFL1C,-0.49487,0.2151489260804439,0.130859375,10,0.9898389461302447,0.97517578125,False,False,down
DYNLT1,0.21501428571428574,0.21593463571537538,0.15625,7,0.9898389461302447,0.97517578125,False,False,up
SERPINA9,-0.14038,0.21638956258227782,0.193359375,10,0.9898389461302447,0.97517578125,False,False,down
KRT17,0.3479666666666666,0.216391081785892,0.30078125,9,0.9898389461302447,0.97517578125,False,False,up
C2CD2L,0.49341250000000003,0.2167294875582244,0.3125,8,0.9898389461302447,0.97517578125,False,False,up
SOWAHA,0.22484285714285715,0.2168821346164774,0.21875,7,0.9898389461302447,0.97517578125,False,False,up
ASAH1,0.39542,0.21707591798708528,0.431640625,10,0.9898389461302447,0.97517578125,False,False,up
ITIH3,-0.08256,0.21713075201422652,0.232421875,10,0.9898389461302447,0.97517578125,False,False,down
IL4R,-0.08898750000000002,0.21719958936180359,0.3828125,8,0.9898389461302447,0.97517578125,False,False,down
COL3A1,0.20894,0.21731205006429394,0.375,10,0.9898389461302447,0.97517578125,False,False,up
IFNW1,0.18318888888888887,0.21756627354321728,0.25,9,0.9898389461302447,0.97517578125,False,False,up
STAM,-0.22855999999999996,0.21766014776826273,0.193359375,10,0.9898389461302447,0.97517578125,False,False,down
PDXDC1,0.2696333333333334,0.21770416496484757,0.203125,9,0.9898389461302447,0.97517578125,False,False,up
CD300LG,-0.09965000000000002,0.21855403059514578,0.375,10,0.9898389461302447,0.97517578125,False,False,down
FAP,-0.0669,0.21889195258956623,0.232421875,10,0.9898389461302447,0.97517578125,False,False,down
CA1,-0.63965,0.21910683185842814,0.193359375,10,0.9898389461302447,0.97517578125,False,False,down
BIN2,-0.5580200000000001,0.21960509802244627,0.322265625,10,0.9898389461302447,0.97517578125,False,False,down
NEK7,0.14425,0.2200281403648872,0.3828125,8,0.9898389461302447,0.97517578125,False,False,up
WWP2,-0.29813333333333336,0.22022606608451956,0.203125,9,0.9898389461302447,0.97517578125,False,False,down
BSND,0.2541111111111111,0.22089796934723677,0.5703125,9,0.9898389461302447,0.986577545700309,False,False,up
PILRA,-0.07805,0.2212650104723722,0.232421875,10,0.9898389461302447,0.97517578125,False,False,down
TIMP2,0.15763,0.22127544395357715,0.10546875,10,0.9898389461302447,0.97517578125,False,False,up
PRSS53,0.08288999999999999,0.2217897211319712,0.322265625,10,0.9898389461302447,0.97517578125,False,False,up
AARSD1,-0.47325999999999996,0.2218815819684624,0.193359375,10,0.9898389461302447,0.97517578125,False,False,down
TIGIT,0.220075,0.22208575082917012,0.25,8,0.9898389461302447,0.97517578125,False,False,up
RWDD1,-0.39504,0.22228569285430821,0.232421875,10,0.9898389461302447,0.97517578125,False,False,down
FGF9,0.7697333333333332,0.22233420245778593,0.25,9,0.9898389461302447,0.97517578125,False,False,up
TNFRSF1B,-0.10231000000000001,0.22267576407616077,0.275390625,10,0.9898389461302447,0.97517578125,False,False,down
CIAPIN1,-0.4288888888888889,0.22287117836095907,0.12890625,9,0.9898389461302447,0.97517578125,False,False,down
ADGRV1,0.32363749999999997,0.223200798895412,0.25,8,0.9898389461302447,0.97517578125,False,False,up
ASS1,0.39948888888888884,0.22335805201855877,0.359375,9,0.9898389461302447,0.97517578125,False,False,up
IL34,-0.207125,0.22358776400987918,0.4609375,8,0.9898389461302447,0.986577545700309,False,False,down
C4BPB,0.1130111111111111,0.223948616965203,0.25,9,0.9898389461302447,0.97517578125,False,False,up
CEACAM19,0.3541099999999999,0.22476920977281326,0.232421875,10,0.9898389461302447,0.97517578125,False,False,up
VSTM2B,0.21903750000000002,0.22501122193579545,0.3828125,8,0.9898389461302447,0.97517578125,False,False,up
IFNL2,0.2548625,0.2255092629340217,0.3828125,8,0.9898389461302447,0.97517578125,False,False,up
CTSO,-0.10935999999999997,0.22584730277582174,0.16015625,10,0.9898389461302447,0.97517578125,False,False,down
GNLY,-0.1051,0.22652675503236464,0.275390625,10,0.9898389461302447,0.97517578125,False,False,down
BSG,-0.03571999999999999,0.226928088652593,0.232421875,10,0.9898389461302447,0.97517578125,False,False,down
CBLIF,0.11518888888888885,0.2269597246606525,0.203125,9,0.9898389461302447,0.97517578125,False,False,up
EIF4G1,-0.7474900000000001,0.22718459736761748,0.322265625,10,0.9898389461302447,0.97517578125,False,False,down
FCRLB,-0.156275,0.22741886634631295,0.3125,8,0.9898389461302447,0.97517578125,False,False,down
DSG2,0.07788000000000005,0.2277702167840261,0.322265625,10,0.9898389461302447,0.97517578125,False,False,up
RALY,0.30538999999999994,0.22808250626303578,0.275390625,10,0.9898389461302447,0.97517578125,False,False,up
CHMP1A,-0.5045111111111111,0.22826233070796437,0.25,9,0.9898389461302447,0.97517578125,False,False,down
OXCT1,-0.2576444444444444,0.22843047634012914,0.25,9,0.9898389461302447,0.97517578125,False,False,down
CRADD,-0.5786222222222224,0.22886574081611433,0.1640625,9,0.9898389461302447,0.97517578125,False,False,down
CDAN1,0.13527999999999998,0.22921106357847568,0.275390625,10,0.9898389461302447,0.97517578125,False,False,up
GMPR,-0.46833,0.2292509269948046,0.130859375,10,0.9898389461302447,0.97517578125,False,False,down
TEF,0.27863333333333334,0.22925932231128823,0.25,9,0.9898389461302447,0.97517578125,False,False,up
MAN1A2,0.1259888888888889,0.22948000434269172,0.25,9,0.9898389461302447,0.97517578125,False,False,up
SLITRK1,0.21663333333333334,0.22975880158769893,0.1640625,9,0.9898389461302447,0.97517578125,False,False,up
INHBB,0.22978888888888888,0.23066541173104313,0.359375,9,0.9898389461302447,0.97517578125,False,False,up
C7,0.14845000000000003,0.23082375363256147,0.4921875,10,0.9898389461302447,0.986577545700309,False,False,up
EXOSC10,0.19424444444444447,0.23086763533498486,0.30078125,9,0.9898389461302447,0.97517578125,False,False,up
COL4A4,1.3479875,0.23112350580000598,0.1953125,8,0.9898389461302447,0.97517578125,False,False,up
PPT1,0.49262857142857147,0.23205175049543708,0.296875,7,0.9898389461302447,0.97517578125,False,False,up
PRL,-0.25644,0.2321894723105437,0.10546875,10,0.9898389461302447,0.97517578125,False,False,down
KIRREL2,0.23177499999999998,0.23289930437228334,0.25,8,0.9898389461302447,0.97517578125,False,False,up
PRDX5,-0.39042000000000004,0.23292500921082968,0.193359375,10,0.9898389461302447,0.97517578125,False,False,down
AOC3,-0.07758000000000001,0.232938658062904,0.130859375,10,0.9898389461302447,0.97517578125,False,False,down
HDAC8,0.28836666666666666,0.23422145047207918,0.30078125,9,0.9898389461302447,0.97517578125,False,False,up
VSTM1,0.18993749999999998,0.23426576990428852,0.3125,8,0.9898389461302447,0.97517578125,False,False,up
PPIE,0.2693375,0.2342694880670547,0.25,8,0.9898389461302447,0.97517578125,False,False,up
GDF2,-0.08625555555555559,0.23439935868310943,0.203125,9,0.9898389461302447,0.97517578125,False,False,down
RYR1,-0.3270777777777778,0.2344282005800748,0.359375,9,0.9898389461302447,0.97517578125,False,False,down
GAL,0.07218999999999998,0.2352850057051085,0.232421875,10,0.9898389461302447,0.97517578125,False,False,up
SMAD5,0.09112,0.2353427963278307,0.232421875,10,0.9898389461302447,0.97517578125,False,False,up
L3HYPDH,-0.33942,0.23538062066561075,0.193359375,10,0.9898389461302447,0.97517578125,False,False,down
KCNH2,0.27027142857142844,0.23562545219068132,0.296875,7,0.9898389461302447,0.97517578125,False,False,up
OGT,0.30723749999999994,0.23669904721431773,0.1484375,8,0.9898389461302447,0.97517578125,False,False,up
SMAD3,0.32337,0.23764235005456738,0.375,10,0.9898389461302447,0.97517578125,False,False,up
FLT1,-0.10566,0.23772720852713267,0.193359375,10,0.9898389461302447,0.97517578125,False,False,down
PECAM1,-0.15676999999999996,0.23815618387229778,0.375,10,0.9898389461302447,0.97517578125,False,False,down
DENR,-0.3963777777777777,0.23832346228259862,0.203125,9,0.9898389461302447,0.97517578125,False,False,down
RAB6B,-0.34041250000000006,0.2389091938997041,0.25,8,0.9898389461302447,0.97517578125,False,False,down
NFASC,-0.11301999999999998,0.23918261652881234,0.275390625,10,0.9898389461302447,0.97517578125,False,False,down
CWC15,0.16122,0.2394482991261563,0.232421875,10,0.9898389461302447,0.97517578125,False,False,up
F10,0.12754444444444443,0.23958016732220655,0.359375,9,0.9898389461302447,0.97517578125,False,False,up
CD36,0.34084444444444445,0.23966123511221588,0.359375,9,0.9898389461302447,0.97517578125,False,False,up
SPESP1,0.09187000000000001,0.23978308883916327,0.193359375,10,0.9898389461302447,0.97517578125,False,False,up
CEP350,-0.4917777777777778,0.23993021571203743,0.203125,9,0.9898389461302447,0.97517578125,False,False,down
CST1,0.3507333333333333,0.24009240505583018,0.30078125,9,0.9898389461302447,0.97517578125,False,False,up
RARRES1,0.16876250000000004,0.24016924004463489,0.7421875,8,0.9898389461302447,1.0,False,False,up
PDP1,0.1741125,0.241069091633723,0.3125,8,0.9898389461302447,0.97517578125,False,False,up
CD3D,0.2312,0.24109581630883706,0.1953125,8,0.9898389461302447,0.97517578125,False,False,up
APOB,0.1211111111111111,0.24113822438940324,0.09765625,9,0.9898389461302447,0.97517578125,False,False,up
LMOD1__Inflammation_II,0.3157888888888889,0.2411427702160471,0.359375,9,0.9898389461302447,0.97517578125,False,False,up
TNFRSF8,-0.047390000000000015,0.2412366353646846,0.16015625,10,0.9898389461302447,0.97517578125,False,False,down
KEL,-0.18022499999999997,0.24187712362980232,0.3828125,8,0.9898389461302447,0.97517578125,False,False,down
DEFA1_DEFA1B,-0.21631999999999998,0.24255266016443514,0.232421875,10,0.9898389461302447,0.97517578125,False,False,down
LAIR1,-0.06657000000000002,0.24286923333224963,0.193359375,10,0.9898389461302447,0.97517578125,False,False,down
CD163,-0.08868000000000001,0.24364670863686777,0.16015625,10,0.9898389461302447,0.97517578125,False,False,down
CBLN1,0.26843749999999994,0.2438914107701937,0.25,8,0.9898389461302447,0.97517578125,False,False,up
CD38,-0.08159999999999999,0.24463177100042485,0.232421875,10,0.9898389461302447,0.97517578125,False,False,down
CYTL1,0.11473000000000003,0.24506013880190144,0.375,10,0.9898389461302447,0.97517578125,False,False,up
RILP,-0.53001,0.24579230465509203,0.275390625,10,0.9898389461302447,0.97517578125,False,False,down
MRC1,0.17055555555555552,0.24670663046424154,0.359375,9,0.9898389461302447,0.97517578125,False,False,up
PARK7,-0.45162,0.24756991438918574,0.232421875,10,0.9898389461302447,0.97517578125,False,False,down
TREM2,-0.06232000000000003,0.24764644012061784,0.322265625,10,0.9898389461302447,0.97517578125,False,False,down
ITPRIP,0.212125,0.24818573952394457,0.25,8,0.9898389461302447,0.97517578125,False,False,up
RHOC,-0.7220555555555555,0.24822469894497096,0.1640625,9,0.9898389461302447,0.97517578125,False,False,down
ADGRF5,0.21915000000000004,0.24837316718983257,0.431640625,10,0.9898389461302447,0.97517578125,False,False,up
CD209,-0.07324,0.24889038757694631,0.16015625,10,0.9898389461302447,0.97517578125,False,False,down
GADD45B,0.1573,0.24924103530124048,0.3125,8,0.9898389461302447,0.97517578125,False,False,up
STAU1,0.3528888888888889,0.25017900972286006,0.30078125,9,0.9898389461302447,0.97517578125,False,False,up
ATRN,0.06640000000000001,0.2506809744841451,0.322265625,10,0.9898389461302447,0.97517578125,False,False,up
GPR101,0.21508750000000001,0.2507518960371132,0.3828125,8,0.9898389461302447,0.97517578125,False,False,up
HIF1A,-0.25303333333333333,0.25089452704557386,0.359375,9,0.9898389461302447,0.97517578125,False,False,down
MAP4K5,-0.4761333333333334,0.2513860554439256,0.25,9,0.9898389461302447,0.97517578125,False,False,down
GC,0.10671,0.2514607727017031,0.431640625,10,0.9898389461302447,0.97517578125,False,False,up
ADGRE5,-0.07579,0.251871382902232,0.322265625,10,0.9898389461302447,0.97517578125,False,False,down
ANKRD54,-0.43266249999999995,0.2520277437765541,0.3828125,8,0.9898389461302447,0.97517578125,False,False,down
TRIM26,0.3378,0.252895045619408,0.12890625,9,0.9898389461302447,0.97517578125,False,False,up
F12,0.14539999999999997,0.2529995105269274,0.322265625,10,0.9898389461302447,0.97517578125,False,False,up
CHAD,0.23132222222222223,0.25335849504031716,0.30078125,9,0.9898389461302447,0.97517578125,False,False,up
GZMB,-0.14925,0.2535988519662695,0.1953125,8,0.9898389461302447,0.97517578125,False,False,down
LHPP,-0.34697000000000006,0.25490493839304657,0.375,10,0.9898389461302447,0.97517578125,False,False,down
CREB3,0.3086888888888889,0.25503142966448916,0.203125,9,0.9898389461302447,0.97517578125,False,False,up
CD34,-0.10708999999999999,0.25567368679811614,0.556640625,10,0.9898389461302447,0.986577545700309,False,False,down
ZNF174,0.4147222222222222,0.25590439215848193,0.42578125,9,0.9898389461302447,0.97517578125,False,False,up
ATP6V1D,-0.12772999999999998,0.25613970497981997,0.431640625,10,0.9898389461302447,0.97517578125,False,False,down
SHISA5,0.1313,0.25657247563410307,0.375,10,0.9898389461302447,0.97517578125,False,False,up
MAMDC2,0.17457999999999999,0.2569550115804777,0.232421875,10,0.9898389461302447,0.97517578125,False,False,up
YTHDF3,0.5240777777777779,0.2573654282436017,0.359375,9,0.9898389461302447,0.97517578125,False,False,up
EGLN1,0.291525,0.25745380807577734,0.3125,8,0.9898389461302447,0.97517578125,False,False,up
GTPBP2,-0.4096285714285714,0.2580238336199456,0.296875,7,0.9898389461302447,0.97517578125,False,False,down
MAGEA3,-0.6714500000000001,0.25824461953538175,0.4609375,8,0.9898389461302447,0.986577545700309,False,False,down
LRPAP1,-0.07679000000000001,0.2584412834796138,0.322265625,10,0.9898389461302447,0.97517578125,False,False,down
CEP43,-0.2458111111111111,0.26052411632138167,0.203125,9,0.9898389461302447,0.97517578125,False,False,down
BGLAP,0.14449,0.2606866446887922,0.275390625,10,0.9898389461302447,0.97517578125,False,False,up
GCNT1,-0.17215999999999998,0.26077868150120276,0.322265625,10,0.9898389461302447,0.97517578125,False,False,down
KRT19,0.2615625,0.26111489772091984,0.3125,8,0.9898389461302447,0.97517578125,False,False,up
EPGN,0.12771999999999997,0.26137201757674344,0.375,10,0.9898389461302447,0.97517578125,False,False,up
SYT1,0.17214000000000004,0.26152176543410977,0.275390625,10,0.9898389461302447,0.97517578125,False,False,up
ESPL1,0.28090000000000004,0.26288642237026805,0.30078125,9,0.9898389461302447,0.97517578125,False,False,up
NME1,0.12734444444444443,0.2628980212304609,0.42578125,9,0.9898389461302447,0.97517578125,False,False,up
DCTPP1,-0.2010111111111111,0.2635518134454903,0.203125,9,0.9898389461302447,0.97517578125,False,False,down
SCGN,-0.12042222222222218,0.2636545517751105,0.30078125,9,0.9898389461302447,0.97517578125,False,False,down
ZNRD2,-0.23273000000000002,0.26388981690399543,0.275390625,10,0.9898389461302447,0.97517578125,False,False,down
KDR,0.06075555555555555,0.26403895213598244,0.359375,9,0.9898389461302447,0.97517578125,False,False,up
MEP1B,0.0771111111111111,0.26467234097048914,0.25,9,0.9898389461302447,0.97517578125,False,False,up
PFDN4,-0.25085555555555555,0.2648997549925035,0.359375,9,0.9898389461302447,0.97517578125,False,False,down
IL12RB2,-0.34954444444444444,0.26501747981030965,0.30078125,9,0.9898389461302447,0.97517578125,False,False,down
ATXN10,0.26951250000000004,0.26516494763702175,0.3828125,8,0.9898389461302447,0.97517578125,False,False,up
CEP112,0.19036666666666668,0.2652804013254862,0.359375,9,0.9898389461302447,0.97517578125,False,False,up
SORCS2,0.157125,0.2657983095091529,0.3828125,8,0.9898389461302447,0.97517578125,False,False,up
METAP2,-0.3841,0.26597851974694847,0.232421875,10,0.9898389461302447,0.97517578125,False,False,down
ARHGEF5,-0.4865124999999999,0.2663872204189092,0.3828125,8,0.9898389461302447,0.97517578125,False,False,down
PPL,0.11402222222222219,0.2666057461743635,0.30078125,9,0.9898389461302447,0.97517578125,False,False,up
OFD1,-0.1593,0.2671543188048215,0.3828125,8,0.9898389461302447,0.97517578125,False,False,down
NUDC,-0.37804000000000004,0.26765360631783264,0.232421875,10,0.9898389461302447,0.97517578125,False,False,down
ATF4,0.17805555555555555,0.26852027572131393,0.25,9,0.9898389461302447,0.97517578125,False,False,up
TXLNA,-0.32361111111111107,0.2707842711166915,0.25,9,0.9898389461302447,0.97517578125,False,False,down
DCDC2C,0.8137666666666666,0.27098267798668757,0.49609375,9,0.9898389461302447,0.986577545700309,False,False,up
HTRA2,-0.23277777777777775,0.2712578109759627,0.25,9,0.9898389461302447,0.97517578125,False,False,down
STXBP3,-0.11247499999999999,0.27218685548145166,0.3828125,8,0.9898389461302447,0.97517578125,False,False,down
TAP1,0.15838749999999996,0.2722348084720833,0.1953125,8,0.9898389461302447,0.97517578125,False,False,up
CCL11,-0.14686000000000002,0.27262150025882725,0.16015625,10,0.9898389461302447,0.97517578125,False,False,down
PDCD1,-0.08809,0.2734351804246095,0.193359375,10,0.9898389461302447,0.97517578125,False,False,down
RAD23B,0.09960000000000001,0.2735153412680975,0.3828125,8,0.9898389461302447,0.97517578125,False,False,up
AKR1B10,-0.24312857142857142,0.274267758329703,0.375,7,0.9898389461302447,0.97517578125,False,False,down
AMIGO2,0.09880000000000003,0.27429388304816466,0.322265625,10,0.9898389461302447,0.97517578125,False,False,up
PDIA3,0.15304444444444443,0.2745281565649635,0.42578125,9,0.9898389461302447,0.97517578125,False,False,up
KLRF1,0.08902222222222221,0.2747815634661507,0.49609375,9,0.9898389461302447,0.986577545700309,False,False,up
CDHR5,0.12761111111111115,0.27495080423130863,0.30078125,9,0.9898389461302447,0.97517578125,False,False,up
RALB,-0.3415333333333333,0.27530711729098994,0.30078125,9,0.9898389461302447,0.97517578125,False,False,down
RAD51,0.217725,0.2755612385885688,0.25,8,0.9898389461302447,0.97517578125,False,False,up
DFFA,-0.24646999999999997,0.275961069756791,0.275390625,10,0.9898389461302447,0.97517578125,False,False,down
AGT,0.0861888888888889,0.2764172431868911,0.203125,9,0.9898389461302447,0.97517578125,False,False,up
TEX33,0.22310000000000002,0.2767370403537306,0.3828125,8,0.9898389461302447,0.97517578125,False,False,up
IL13RA1,-0.057422222222222215,0.27693541287704493,0.30078125,9,0.9898389461302447,0.97517578125,False,False,down
PRAME,0.3482666666666667,0.27708156108758675,0.359375,9,0.9898389461302447,0.97517578125,False,False,up
IKZF2,-0.1347,0.2773237828883476,0.25,8,0.9898389461302447,0.97517578125,False,False,down
MAPK9,-0.341325,0.27750859554361684,0.3828125,8,0.9898389461302447,0.97517578125,False,False,down
HSD17B3,0.31821111111111106,0.2775729270861526,0.359375,9,0.9898389461302447,0.97517578125,False,False,up
CC2D1A,-0.4974666666666667,0.27771549501425236,0.203125,9,0.9898389461302447,0.97517578125,False,False,down
SCARA5,-0.10504000000000002,0.27782348428643655,0.275390625,10,0.9898389461302447,0.97517578125,False,False,down
TRIM58,-0.4420299999999999,0.27826861745817494,0.275390625,10,0.9898389461302447,0.97517578125,False,False,down
CCN1,-0.11341999999999999,0.2782936152137559,0.375,10,0.9898389461302447,0.97517578125,False,False,down
LAMB1,0.10565555555555556,0.27848322065767417,0.359375,9,0.9898389461302447,0.97517578125,False,False,up
TXNL1,0.3216,0.27878164605824807,0.3125,8,0.9898389461302447,0.97517578125,False,False,up
PLA2G4A,-0.30713,0.27892775923232077,0.232421875,10,0.9898389461302447,0.97517578125,False,False,down
EBI3_IL27,-0.07483999999999999,0.27981675730436634,0.275390625,10,0.9898389461302447,0.97517578125,False,False,down
HARS1,-0.41593,0.28028806604228423,0.322265625,10,0.9898389461302447,0.97517578125,False,False,down
EGFLAM,0.08054999999999998,0.28048999497933486,0.375,10,0.9898389461302447,0.97517578125,False,False,up
PLB1,0.13727999999999996,0.2813202455922886,0.431640625,10,0.9898389461302447,0.97517578125,False,False,up
TFPI2,-0.10479999999999999,0.2816231928132519,0.30078125,9,0.9898389461302447,0.97517578125,False,False,down
CNTN4,-0.08051,0.28177229118738434,0.322265625,10,0.9898389461302447,0.97517578125,False,False,down
CBLN4,-0.09491000000000001,0.2820537579492713,0.193359375,10,0.9898389461302447,0.97517578125,False,False,down
C8B,0.15292,0.2825269295577944,0.375,10,0.9898389461302447,0.97517578125,False,False,up
MYOM3,0.3754666666666666,0.2826437138371168,0.203125,9,0.9898389461302447,0.97517578125,False,False,up
CHRDL1,-0.08666,0.2828066521574947,0.275390625,10,0.9898389461302447,0.97517578125,False,False,down
IL17A,-0.1947,0.2829320834349136,0.49609375,9,0.9898389461302447,0.986577545700309,False,False,down
PDE4D,0.17054444444444447,0.2832546717987218,0.42578125,9,0.9898389461302447,0.97517578125,False,False,up
SV2A,-0.3182285714285714,0.28379058587267253,0.578125,7,0.9898389461302447,0.986577545700309,False,False,down
GPA33,-0.19346000000000002,0.2838912165674012,0.275390625,10,0.9898389461302447,0.97517578125,False,False,down
SRC,-0.5912333333333333,0.28457755067182505,0.1640625,9,0.9898389461302447,0.97517578125,False,False,down
NT5C1A,0.21009000000000003,0.2851585558413,0.275390625,10,0.9898389461302447,0.97517578125,False,False,up
CRX,-0.22990000000000002,0.2852110923718395,0.30078125,9,0.9898389461302447,0.97517578125,False,False,down
SH3BGRL2,-0.2833125,0.285268858123758,0.1484375,8,0.9898389461302447,0.97517578125,False,False,down
DNPH1,-0.38867,0.2856067495824114,0.275390625,10,0.9898389461302447,0.97517578125,False,False,down
APOC1,0.20295999999999997,0.28586585550529736,0.556640625,10,0.9898389461302447,0.986577545700309,False,False,up
ANXA11,-0.336075,0.28630133591961987,0.3828125,8,0.9898389461302447,0.97517578125,False,False,down
BMP10,0.13873333333333332,0.2864187654716554,0.49609375,9,0.9898389461302447,0.986577545700309,False,False,up
SIL1,0.10611111111111111,0.2865218817852427,0.42578125,9,0.9898389461302447,0.97517578125,False,False,up
SLC39A14,0.24031249999999996,0.2869447505306887,0.25,8,0.9898389461302447,0.97517578125,False,False,up
SRPK2,-0.1767,0.28754021298624116,0.3125,8,0.9898389461302447,0.97517578125,False,False,down
EPHA2,0.10655,0.28776592064130063,0.275390625,10,0.9898389461302447,0.97517578125,False,False,up
SERPINC1,0.09361,0.2881957787497429,0.625,10,0.9898389461302447,0.986577545700309,False,False,up
KIAA1549L,0.3395125,0.2883049448709711,0.3828125,8,0.9898389461302447,0.97517578125,False,False,up
CAPS,0.1815,0.28841675162015573,0.431640625,10,0.9898389461302447,0.97517578125,False,False,up
RLN1,0.6785555555555555,0.28856963236047767,0.42578125,9,0.9898389461302447,0.97517578125,False,False,up
HMBS,-0.48419,0.2909392655071462,0.275390625,10,0.9898389461302447,0.97517578125,False,False,down
FCGR2A,-0.050640000000000004,0.2920436983667952,0.375,10,0.9898389461302447,0.97517578125,False,False,down
IL22RA1,-0.1397888888888889,0.2927199263368979,0.42578125,9,0.9898389461302447,0.97517578125,False,False,down
PALM3,0.30775555555555556,0.2929817752666493,0.42578125,9,0.9898389461302447,0.97517578125,False,False,up
PRDX2,-0.2984111111111111,0.2930469795591298,0.734375,9,0.9898389461302447,1.0,False,False,down
TIMM10,0.11779999999999999,0.29326678628081115,0.275390625,10,0.9898389461302447,0.97517578125,False,False,up
PKLR,-0.44865000000000005,0.2932694986486928,0.4921875,10,0.9898389461302447,0.986577545700309,False,False,down
EIF4EBP1,-0.49842222222222227,0.2934131961562084,0.25,9,0.9898389461302447,0.97517578125,False,False,down
SEPTIN8,0.1535,0.2935940674113586,0.193359375,10,0.9898389461302447,0.97517578125,False,False,up
STK24,-0.36180000000000007,0.29443550589497425,0.3125,8,0.9898389461302447,0.97517578125,False,False,down
HAGH,-0.22967999999999994,0.29474042845572723,0.322265625,10,0.9898389461302447,0.97517578125,False,False,down
ARHGAP30,-0.1113125,0.29531038859363884,0.3125,8,0.9898389461302447,0.97517578125,False,False,down
NPTN,0.313275,0.29537788839057316,0.3828125,8,0.9898389461302447,0.97517578125,False,False,up
SOD2,-0.10481000000000003,0.2956845230280577,0.375,10,0.9898389461302447,0.97517578125,False,False,down
TNF__Neurology,-0.1482,0.29617074059406656,0.3828125,8,0.9898389461302447,0.97517578125,False,False,down
CA8,0.15112222222222224,0.29623553994173457,0.359375,9,0.9898389461302447,0.97517578125,False,False,up
NRN1,-0.11186666666666666,0.296301020563614,0.30078125,9,0.9898389461302447,0.97517578125,False,False,down
FCAMR,0.14290999999999995,0.2965070918377185,0.375,10,0.9898389461302447,0.97517578125,False,False,up
CACNA1C,0.21134999999999998,0.29781328914064303,0.3125,8,0.9898389461302447,0.97517578125,False,False,up
TBC1D17,-0.19516250000000002,0.2985771507804961,0.3125,8,0.9898389461302447,0.97517578125,False,False,down
HEG1,0.16426666666666667,0.29866633965182227,0.30078125,9,0.9898389461302447,0.97517578125,False,False,up
LBP,-0.14415,0.2996275466154968,0.275390625,10,0.9898389461302447,0.97517578125,False,False,down
COL9A1,0.11604999999999999,0.2998349394287367,0.3125,8,0.9898389461302447,0.97517578125,False,False,up
S100A13,0.12068888888888885,0.3003640349403271,0.359375,9,0.9898389461302447,0.97517578125,False,False,up
DPP10,-0.1966625,0.3004464853943481,0.3125,8,0.9898389461302447,0.97517578125,False,False,down
MINK1,-0.76199,0.30080005688572736,0.322265625,10,0.9898389461302447,0.97517578125,False,False,down
C1GALT1C1,0.24452222222222225,0.30125650282141775,0.30078125,9,0.9898389461302447,0.97517578125,False,False,up
BCL2,0.24296000000000006,0.3014270726150206,0.322265625,10,0.9898389461302447,0.97517578125,False,False,up
DDX58,-0.2468125,0.3016701671348832,0.3125,8,0.9898389461302447,0.97517578125,False,False,down
MAEA,-0.1776375,0.30177686204591975,0.3125,8,0.9898389461302447,0.97517578125,False,False,down
SERPINA4,0.15144,0.3019886500980652,0.4921875,10,0.9898389461302447,0.986577545700309,False,False,up
MGLL,-0.41742,0.302053635766916,0.322265625,10,0.9898389461302447,0.97517578125,False,False,down
USP47,0.2563222222222222,0.302285420812427,0.49609375,9,0.9898389461302447,0.986577545700309,False,False,up
DPP4,-0.06708,0.3030854024559065,0.375,10,0.9898389461302447,0.97517578125,False,False,down
RBP7,0.3181999999999999,0.3031363719587752,0.4921875,10,0.9898389461302447,0.986577545700309,False,False,up
ATRAID,0.14299999999999996,0.3032922690394318,0.322265625,10,0.9898389461302447,0.97517578125,False,False,up
TIMP1,0.1296,0.3036486864274967,0.375,10,0.9898389461302447,0.97517578125,False,False,up
DNAJB1,-0.47492999999999996,0.3040359155023125,0.375,10,0.9898389461302447,0.97517578125,False,False,down
LRRC38,-0.4211999999999999,0.30444743186885687,0.375,7,0.9898389461302447,0.97517578125,False,False,down
PMVK,-0.60945,0.30475144963370476,0.25,8,0.9898389461302447,0.97517578125,False,False,down
STAT5B,-0.45369000000000004,0.305064865250529,0.4921875,10,0.9898389461302447,0.986577545700309,False,False,down
VTA1,-0.36611000000000005,0.3051765144146634,0.322265625,10,0.9898389461302447,0.97517578125,False,False,down
FXN,-0.39522999999999997,0.30579985293775364,0.232421875,10,0.9898389461302447,0.97517578125,False,False,down
GBP2,-0.5784444444444445,0.30597288890063384,0.42578125,9,0.9898389461302447,0.97517578125,False,False,down
OPLAH,-0.17971111111111115,0.3060629489055029,0.30078125,9,0.9898389461302447,0.97517578125,False,False,down
EIF4B,-0.4463777777777778,0.30619620681958304,0.203125,9,0.9898389461302447,0.97517578125,False,False,down
SORD,-0.22021999999999994,0.3062479346121152,0.375,10,0.9898389461302447,0.97517578125,False,False,down
KRT8,-0.38917499999999994,0.306299273775232,0.3125,8,0.9898389461302447,0.97517578125,False,False,down
PLCB1,0.13131111111111107,0.30648353335372525,0.1640625,9,0.9898389461302447,0.97517578125,False,False,up
GHR,0.10468888888888889,0.3069780680448058,0.30078125,9,0.9898389461302447,0.97517578125,False,False,up
HRG,0.19366,0.3070684048067116,0.431640625,10,0.9898389461302447,0.97517578125,False,False,up
FRMD4B,-0.6194111111111112,0.30719170297356874,0.203125,9,0.9898389461302447,0.97517578125,False,False,down
TDO2,-0.22944285714285714,0.3073626599916638,0.578125,7,0.9898389461302447,0.986577545700309,False,False,down
SH3GL3,0.56365,0.30743079319691485,0.25,8,0.9898389461302447,0.97517578125,False,False,up
TSC22D1,-0.1809777777777778,0.30772690304112427,0.49609375,9,0.9898389461302447,0.986577545700309,False,False,down
SELPLG,-0.0719375,0.3079319832834219,0.4609375,8,0.9898389461302447,0.986577545700309,False,False,down
EFEMP1,-0.06498999999999999,0.3082445008830604,0.431640625,10,0.9898389461302447,0.97517578125,False,False,down
S100P,0.20574444444444445,0.30949901594574636,0.65234375,9,0.9898389461302447,0.986577545700309,False,False,up
FAM13A,-0.39805999999999997,0.3096006652037635,0.232421875,10,0.9898389461302447,0.97517578125,False,False,down
PCDH12,-0.1397888888888889,0.3097252250457504,0.30078125,9,0.9898389461302447,0.97517578125,False,False,down
ECSCR,0.22958749999999994,0.30996261678346476,0.546875,8,0.9898389461302447,0.986577545700309,False,False,up
SPON2,0.09731111111111111,0.3106151739507736,0.25,9,0.9898389461302447,0.97517578125,False,False,up
REG1A,-0.07726999999999999,0.31070505072421706,0.375,10,0.9898389461302447,0.97517578125,False,False,down
BAP18,0.27868,0.31091179504108296,0.556640625,10,0.9898389461302447,0.986577545700309,False,False,up
TNFRSF14,0.11732000000000001,0.31117777559592313,0.625,10,0.9898389461302447,0.986577545700309,False,False,up
ACRV1,0.22391111111111112,0.3115792995430406,0.30078125,9,0.9898389461302447,0.97517578125,False,False,up
COMMD1,-0.14122222222222222,0.3117739593107431,0.1640625,9,0.9898389461302447,0.97517578125,False,False,down
AIDA,-0.3179571428571428,0.31204040470624994,0.21875,7,0.9898389461302447,0.97517578125,False,False,down
STAT2,0.15711111111111112,0.3128981192001983,0.359375,9,0.9898389461302447,0.97517578125,False,False,up
MORN4,0.22504444444444444,0.313057805836191,0.5703125,9,0.9898389461302447,0.986577545700309,False,False,up
SERPINA12,0.2594888888888887,0.3133027856656947,0.30078125,9,0.9898389461302447,0.97517578125,False,False,up
DRAXIN,-0.11384444444444444,0.31359911898639004,0.30078125,9,0.9898389461302447,0.97517578125,False,False,down
PEBP1,-0.33648,0.3136123319570975,0.275390625,10,0.9898389461302447,0.97517578125,False,False,down
MRPL28,0.2590222222222222,0.3142259663352155,0.30078125,9,0.9898389461302447,0.97517578125,False,False,up
THY1,0.06315,0.31452980116243445,0.232421875,10,0.9898389461302447,0.97517578125,False,False,up
PPP1R9B,-0.40790999999999994,0.31459843806341553,0.232421875,10,0.9898389461302447,0.97517578125,False,False,down
RRAS,-0.4477857142857143,0.31496011984100963,0.375,7,0.9898389461302447,0.97517578125,False,False,down
MAX,-0.41277500000000006,0.31513073070630293,0.640625,8,0.9898389461302447,0.986577545700309,False,False,down
NMI,-0.35099,0.3155198304102651,0.375,10,0.9898389461302447,0.97517578125,False,False,down
CDC123,0.3190222222222222,0.3157440466929591,0.359375,9,0.9898389461302447,0.97517578125,False,False,up
POLR2A,0.2968555555555556,0.3158409898780479,0.49609375,9,0.9898389461302447,0.986577545700309,False,False,up
NPC2,0.18232000000000004,0.3163819443013438,0.556640625,10,0.9898389461302447,0.986577545700309,False,False,up
OGFR,-0.13135999999999998,0.31661128316655185,0.322265625,10,0.9898389461302447,0.97517578125,False,False,down
FRMD7,-0.3667285714285714,0.317055513607378,0.375,7,0.9898389461302447,0.97517578125,False,False,down
ATXN2,0.30031250000000004,0.3173313270705988,0.3125,8,0.9898389461302447,0.97517578125,False,False,up
IL17F,-0.19046666666666667,0.31744350146451644,0.12890625,9,0.9898389461302447,0.97517578125,False,False,down
ERBIN,-0.45416999999999996,0.31754715426274743,0.275390625,10,0.9898389461302447,0.97517578125,False,False,down
DCTN1,-0.3550199999999999,0.3177332557732985,0.375,10,0.9898389461302447,0.97517578125,False,False,down
MIF,-0.49711,0.3180908667422714,0.322265625,10,0.9898389461302447,0.97517578125,False,False,down
KDM3A,-0.20784444444444444,0.3182143470993016,0.30078125,9,0.9898389461302447,0.97517578125,False,False,down
ITGB7,-0.07796999999999996,0.319139856495003,0.16015625,10,0.9898389461302447,0.97517578125,False,False,down
MASP1,-0.08968888888888894,0.3196000097770333,0.359375,9,0.9898389461302447,0.97517578125,False,False,down
NDRG1,0.17753750000000001,0.32029966750478506,0.4609375,8,0.9898389461302447,0.986577545700309,False,False,up
CLASP1,0.5384444444444445,0.3203586576127015,0.5703125,9,0.9898389461302447,0.986577545700309,False,False,up
PTPRN2,-0.09898888888888886,0.32099226901093475,0.1640625,9,0.9898389461302447,0.97517578125,False,False,down
VWF,-0.12095000000000003,0.3217079323753104,0.130859375,10,0.9898389461302447,0.97517578125,False,False,down
C1RL,0.09276999999999999,0.3232877772650646,0.431640625,10,0.9898389461302447,0.97517578125,False,False,up
HIP1,0.11123333333333332,0.3233274908723582,0.42578125,9,0.9898389461302447,0.97517578125,False,False,up
IL13,-0.1780666666666667,0.32464776848420984,0.30078125,9,0.9898389461302447,0.97517578125,False,False,down
ENO1,-0.34516,0.32486918900420225,0.275390625,10,0.9898389461302447,0.97517578125,False,False,down
NBL1,0.07327777777777778,0.3250830976938732,0.25,9,0.9898389461302447,0.97517578125,False,False,up
PACS2,-0.4414555555555556,0.3252888571236168,0.359375,9,0.9898389461302447,0.97517578125,False,False,down
IMPG1,0.223425,0.32573136548483533,0.25,8,0.9898389461302447,0.97517578125,False,False,up
LILRA6,0.13482,0.32613409439313157,0.431640625,10,0.9898389461302447,0.97517578125,False,False,up
FCER1A,0.18902222222222223,0.32624048738696343,0.25,9,0.9898389461302447,0.97517578125,False,False,up
PPCDC,-0.23118000000000002,0.3268210388741999,0.431640625,10,0.9898389461302447,0.97517578125,False,False,down
EPHX2,0.20698888888888892,0.3269517042556005,0.203125,9,0.9898389461302447,0.97517578125,False,False,up
IMPA1,-0.2632444444444444,0.32704552209469234,0.1640625,9,0.9898389461302447,0.97517578125,False,False,down
TNFRSF19,0.05902,0.32706479185991305,0.193359375,10,0.9898389461302447,0.97517578125,False,False,up
AMFR,0.21159999999999995,0.3271319262283463,0.4609375,8,0.9898389461302447,0.986577545700309,False,False,up
DTX2,0.3152714285714286,0.32754763256188424,0.375,7,0.9898389461302447,0.97517578125,False,False,up
CRKL,-0.5287300000000001,0.3276760332897597,0.322265625,10,0.9898389461302447,0.97517578125,False,False,down
ADAMTS1,0.3563555555555555,0.3277544654743447,0.359375,9,0.9898389461302447,0.97517578125,False,False,up
ENTPD6,0.07017777777777777,0.32811749399957224,0.42578125,9,0.9898389461302447,0.97517578125,False,False,up
DCUN1D2,0.26084444444444443,0.32826351501564566,0.49609375,9,0.9898389461302447,0.986577545700309,False,False,up
MOG,-0.08009,0.32906559699631777,0.322265625,10,0.9898389461302447,0.97517578125,False,False,down
SFRP4,0.12702222222222223,0.32928767306785184,0.42578125,9,0.9898389461302447,0.97517578125,False,False,up
PILRB,0.06570000000000001,0.32942554603119456,0.25,9,0.9898389461302447,0.97517578125,False,False,up
SHBG,0.13718888888888886,0.3296253190688093,0.42578125,9,0.9898389461302447,0.97517578125,False,False,up
ANPEP,-0.08584000000000001,0.32968916731224135,0.431640625,10,0.9898389461302447,0.97517578125,False,False,down
SEC31A,-0.24071111111111115,0.33000246237666175,0.49609375,9,0.9898389461302447,0.986577545700309,False,False,down
NGF,0.07277777777777777,0.33035924323573074,0.42578125,9,0.9898389461302447,0.97517578125,False,False,up
WDR46,0.12044999999999999,0.33115147775331016,0.16015625,10,0.9898389461302447,0.97517578125,False,False,up
SULT1A1,-0.5860299999999999,0.3312288276004683,0.322265625,10,0.9898389461302447,0.97517578125,False,False,down
ITGB1,-0.055559999999999984,0.331240537747269,0.431640625,10,0.9898389461302447,0.97517578125,False,False,down
PGM2,0.33941428571428567,0.3315252259891791,0.296875,7,0.9898389461302447,0.97517578125,False,False,up
COL15A1,0.11730000000000004,0.33154415462145637,0.4921875,10,0.9898389461302447,0.986577545700309,False,False,up
GFAP,-0.3114875000000001,0.33168820167988344,0.3828125,8,0.9898389461302447,0.97517578125,False,False,down
ECI2,0.24434444444444445,0.33193719647887115,0.5703125,9,0.9898389461302447,0.986577545700309,False,False,up
MTSS1,-0.43073999999999996,0.3320532913580915,0.322265625,10,0.9898389461302447,0.97517578125,False,False,down
LAG3,0.10772999999999999,0.3324372220026519,0.431640625,10,0.9898389461302447,0.97517578125,False,False,up
KYNU,-0.12065999999999999,0.33280730404274694,0.375,10,0.9898389461302447,0.97517578125,False,False,down
F2R,-0.33565999999999996,0.3328172464792395,0.232421875,10,0.9898389461302447,0.97517578125,False,False,down
SEMA7A,-0.06906999999999999,0.3330398751960656,0.431640625,10,0.9898389461302447,0.97517578125,False,False,down
IVD,0.3031125,0.3331055550852403,0.3828125,8,0.9898389461302447,0.97517578125,False,False,up
ERN1,-0.10794,0.3332404692831916,0.625,10,0.9898389461302447,0.986577545700309,False,False,down
PREB,-0.19344444444444442,0.3334321239306841,0.25,9,0.9898389461302447,0.97517578125,False,False,down
AGXT,0.1565111111111111,0.333454404901808,0.359375,9,0.9898389461302447,0.97517578125,False,False,up
CYB5R2,0.15626,0.33346016797823536,0.625,10,0.9898389461302447,0.986577545700309,False,False,up
PTPN1,-0.3710555555555556,0.3335387048700837,0.1640625,9,0.9898389461302447,0.97517578125,False,False,down
EPHA10,0.2572875,0.3335524993328056,0.640625,8,0.9898389461302447,0.986577545700309,False,False,up
SHMT1,-0.29849,0.3338912735504371,0.232421875,10,0.9898389461302447,0.97517578125,False,False,down
FZD10,0.17122857142857145,0.3348244690869001,0.296875,7,0.9898389461302447,0.97517578125,False,False,up
FKBP5,-0.3862333333333333,0.33498031272269063,0.1640625,9,0.9898389461302447,0.97517578125,False,False,down
RPA2,0.2755,0.33564085106753205,0.49609375,9,0.9898389461302447,0.986577545700309,False,False,up
FYB1,-0.35984999999999995,0.33572862790491076,0.322265625,10,0.9898389461302447,0.97517578125,False,False,down
IL11,-0.13456666666666664,0.33623799197420895,0.49609375,9,0.9898389461302447,0.986577545700309,False,False,down
EPHB6,0.08951111111111111,0.33632038241878115,1.0,9,0.9898389461302447,1.0,False,False,up
DCLRE1C,0.14740000000000003,0.33648640161460225,0.359375,9,0.9898389461302447,0.97517578125,False,False,up
PTPRZ1,0.18203,0.33649567386195084,0.556640625,10,0.9898389461302447,0.986577545700309,False,False,up
PLAUR,0.15206,0.3373104504141907,0.275390625,10,0.9898389461302447,0.97517578125,False,False,up
CASP8,-0.24397000000000002,0.3373519984049679,0.275390625,10,0.9898389461302447,0.97517578125,False,False,down
RAB44,0.2736,0.3375870818818127,0.845703125,10,0.9898389461302447,1.0,False,False,up
NEDD4L,-0.20265555555555556,0.3376061591484748,0.42578125,9,0.9898389461302447,0.97517578125,False,False,down
GABRA4,-0.222125,0.33843622220941255,0.640625,8,0.9898389461302447,0.986577545700309,False,False,down
SSC4D,-0.14161111111111108,0.33886785178679446,0.5703125,9,0.9898389461302447,0.986577545700309,False,False,down
CLGN,0.3456,0.33909171001343313,0.8125,7,0.9898389461302447,1.0,False,False,up
CDH6,0.11186666666666671,0.3392093543499226,0.42578125,9,0.9898389461302447,0.97517578125,False,False,up
PROS1,0.11447999999999998,0.33949943510997777,0.6953125,10,0.9898389461302447,1.0,False,False,up
PTX3,-0.18648750000000003,0.34027146726960866,0.546875,8,0.9898389461302447,0.986577545700309,False,False,down
APOH,-0.08063000000000002,0.3404199929517616,0.275390625,10,0.9898389461302447,0.97517578125,False,False,down
GRK5,-0.19752222222222227,0.3407151518097123,0.49609375,9,0.9898389461302447,0.986577545700309,False,False,down
PRSS27,0.09098888888888888,0.3411836908563717,0.30078125,9,0.9898389461302447,0.97517578125,False,False,up
ADAMTS8,-0.09812222222222224,0.3412651956970286,0.359375,9,0.9898389461302447,0.97517578125,False,False,down
CDKN1A,-0.37451,0.341279742594606,0.375,10,0.9898389461302447,0.97517578125,False,False,down
CTRL,0.18901000000000007,0.34153267412785476,0.375,10,0.9898389461302447,0.97517578125,False,False,up
FDX1,-0.2252333333333333,0.34175919237246094,0.49609375,9,0.9898389461302447,0.986577545700309,False,False,down
PTPRK,0.08363000000000001,0.34215057026106277,0.431640625,10,0.9898389461302447,0.97517578125,False,False,up
NELL2,-0.08073,0.342196699911075,0.431640625,10,0.9898389461302447,0.97517578125,False,False,down
CD200R1,-0.05558750000000001,0.3425412299143345,0.3125,8,0.9898389461302447,0.97517578125,False,False,down
CEP152,0.2696333333333334,0.3425430814354287,0.42578125,9,0.9898389461302447,0.97517578125,False,False,up
PFDN6,-0.27240000000000003,0.34255839801056426,0.46875,7,0.9898389461302447,0.986577545700309,False,False,down
ADGRE2,-0.10117999999999996,0.3426922798606933,0.556640625,10,0.9898389461302447,0.986577545700309,False,False,down
REG3G,0.14068,0.34300061796502607,0.4921875,10,0.9898389461302447,0.986577545700309,False,False,up
PPIF,-0.1246,0.3430258589600779,0.431640625,10,0.9898389461302447,0.97517578125,False,False,down
NTRK3,-0.050440000000000006,0.3436905852383778,0.322265625,10,0.9898389461302447,0.97517578125,False,False,down
SOD3,0.14884444444444445,0.3436941612262799,0.5703125,9,0.9898389461302447,0.986577545700309,False,False,up
DBNL,-0.46216999999999997,0.3445534108082873,0.431640625,10,0.9898389461302447,0.97517578125,False,False,down
LGALS7_LGALS7B,-0.15848,0.3448021485815158,0.625,10,0.9898389461302447,0.986577545700309,False,False,down
TACC3,-0.4397800000000001,0.3448566532373303,0.431640625,10,0.9898389461302447,0.97517578125,False,False,down
ANKRA2,-1.0913555555555556,0.34531882169385975,0.65234375,9,0.9898389461302447,0.986577545700309,False,False,down
CASP3,-0.4099400000000001,0.3455235381592796,0.322265625,10,0.9898389461302447,0.97517578125,False,False,down
KIR3DL2,-0.16978888888888888,0.34580551325952436,0.30078125,9,0.9898389461302447,0.97517578125,False,False,down
TANK,0.3617666666666666,0.34581873955672887,0.42578125,9,0.9898389461302447,0.97517578125,False,False,up
REG3A,-0.051680000000000025,0.3461390044633774,0.375,10,0.9898389461302447,0.97517578125,False,False,down
INSR,0.11144444444444446,0.34633576254791476,0.42578125,9,0.9898389461302447,0.97517578125,False,False,up
HLA-DRA,0.14208749999999998,0.34650072791736497,0.3125,8,0.9898389461302447,0.97517578125,False,False,up
TNFRSF13C,0.13203333333333334,0.3465356386388259,0.30078125,9,0.9898389461302447,0.97517578125,False,False,up
TRIAP1,-0.27496,0.3471372865507464,0.375,10,0.9898389461302447,0.97517578125,False,False,down
FABP9,-0.10687499999999998,0.3480427540486684,0.3828125,8,0.9898389461302447,0.97517578125,False,False,down
F11,0.11337,0.3484887195055617,0.76953125,10,0.9898389461302447,1.0,False,False,up
CXCL16,-0.03784,0.3488153982530614,0.275390625,10,0.9898389461302447,0.97517578125,False,False,down
LILRB4,-0.16516666666666666,0.34892948156000225,0.42578125,9,0.9898389461302447,0.97517578125,False,False,down
GAMT,0.19246666666666667,0.3491938959795707,0.42578125,9,0.9898389461302447,0.97517578125,False,False,up
PRCP,-0.06173000000000002,0.3491944008132182,0.375,10,0.9898389461302447,0.97517578125,False,False,down
MMP13,-0.2478125,0.34961614092440324,0.3828125,8,0.9898389461302447,0.97517578125,False,False,down
NAGPA,0.1536777777777778,0.34961932137445534,0.5703125,9,0.9898389461302447,0.986577545700309,False,False,up
FABP6,0.17973333333333336,0.3497381594665796,0.359375,9,0.9898389461302447,0.97517578125,False,False,up
NHLRC3,0.14500000000000007,0.3503310463952341,0.65234375,9,0.9898389461302447,0.986577545700309,False,False,up
PPP1R12A,-0.34544444444444444,0.3509674234137546,0.1640625,9,0.9898389461302447,0.97517578125,False,False,down
CCL27,0.5347666666666666,0.3516961213512249,0.49609375,9,0.9898389461302447,0.986577545700309,False,False,up
GM2A,0.1573,0.35174256015016614,0.4921875,10,0.9898389461302447,0.986577545700309,False,False,up
HRAS,0.16201250000000003,0.3521450592148718,0.3125,8,0.9898389461302447,0.97517578125,False,False,up
CLSPN,-0.07971249999999999,0.3527570928917036,0.3828125,8,0.9898389461302447,0.97517578125,False,False,down
RRM2,-0.11289999999999999,0.352800478396201,0.3125,8,0.9898389461302447,0.97517578125,False,False,down
SELE,-0.05606,0.35297254883847107,0.322265625,10,0.9898389461302447,0.97517578125,False,False,down
CASP4,0.28598750000000006,0.35398608506891244,0.640625,8,0.9898389461302447,0.986577545700309,False,False,up
PROCR,0.20782222222222224,0.35400580442139745,0.42578125,9,0.9898389461302447,0.97517578125,False,False,up
CTSH,0.31880000000000003,0.35482951014477293,0.42578125,9,0.9898389461302447,0.97517578125,False,False,up
STX5,0.10193333333333332,0.3549783979271391,0.734375,9,0.9898389461302447,1.0,False,False,up
GGT1,-0.08476,0.35519788092135385,0.4921875,10,0.9898389461302447,0.986577545700309,False,False,down
C2,-0.05515,0.35597800383620537,0.322265625,10,0.9898389461302447,0.97517578125,False,False,down
TNFRSF13B,-0.058190000000000006,0.3564994979454247,0.322265625,10,0.9898389461302447,0.97517578125,False,False,down
EHD3,-0.3581777777777778,0.3565036344583684,0.30078125,9,0.9898389461302447,0.97517578125,False,False,down
PSMG3,-0.37339999999999995,0.3567451330618494,0.546875,8,0.9898389461302447,0.986577545700309,False,False,down
MYL4,-0.1716222222222222,0.357504218733802,0.42578125,9,0.9898389461302447,0.97517578125,False,False,down
SH3GLB2,-0.37363999999999997,0.3581348853766285,0.4921875,10,0.9898389461302447,0.986577545700309,False,False,down
NAP1L4,-0.38786999999999994,0.35835654170620657,0.375,10,0.9898389461302447,0.97517578125,False,False,down
FAM3C,-0.13112222222222222,0.35904687480436953,0.359375,9,0.9898389461302447,0.97517578125,False,False,down
TPK1,0.16001000000000004,0.3596661568607882,0.4921875,10,0.9898389461302447,0.986577545700309,False,False,up
IFI30,0.17912999999999996,0.36017538966329055,0.625,10,0.9898389461302447,0.986577545700309,False,False,up
KIAA2013,-0.10851,0.3609980763367844,0.4921875,10,0.9898389461302447,0.986577545700309,False,False,down
COPB2,0.5184,0.36099917615936317,0.8203125,9,0.9898389461302447,1.0,False,False,up
IL18R1,-0.07708999999999999,0.3624309535412762,0.625,10,0.9898389461302447,0.986577545700309,False,False,down
PTPN6,-0.38036000000000003,0.3633290068107692,0.431640625,10,0.9898389461302447,0.97517578125,False,False,down
CSF3,-0.2090777777777778,0.36335668334397575,0.30078125,9,0.9898389461302447,0.97517578125,False,False,down
TARS1,-0.21650999999999998,0.3636898265543935,0.375,10,0.9898389461302447,0.97517578125,False,False,down
TNFRSF10B,0.07136666666666668,0.364158098127351,0.359375,9,0.9898389461302447,0.97517578125,False,False,up
ADAM22,0.09640000000000001,0.36419484425900883,0.65234375,9,0.9898389461302447,0.986577545700309,False,False,up
NECTIN2,0.08874444444444445,0.36527706077145417,0.49609375,9,0.9898389461302447,0.986577545700309,False,False,up
STX1B,0.27199999999999996,0.36586086622007963,0.578125,7,0.9898389461302447,0.986577545700309,False,False,up
UXS1,0.138875,0.3666907620258534,0.640625,8,0.9898389461302447,0.986577545700309,False,False,up
FABP2,-0.09846666666666665,0.36683180449911856,0.30078125,9,0.9898389461302447,0.97517578125,False,False,down
TAFA5,0.14608000000000004,0.3670373984526032,0.375,10,0.9898389461302447,0.97517578125,False,False,up
GDNF,0.18172499999999997,0.3672539842100934,0.3828125,8,0.9898389461302447,0.97517578125,False,False,up
STK4,-0.3436333333333333,0.3688888637901324,0.359375,9,0.9898389461302447,0.97517578125,False,False,down
FCAR,-0.09443750000000001,0.36894988675816504,0.3828125,8,0.9898389461302447,0.97517578125,False,False,down
ITM2A,-0.13861249999999986,0.3695857700762838,0.3125,8,0.9898389461302447,0.97517578125,False,False,down
AMBP,0.042370000000000005,0.3703165979688253,0.625,10,0.9898389461302447,0.986577545700309,False,False,up
VGF,0.14326666666666665,0.3704413920237116,0.49609375,9,0.9898389461302447,0.986577545700309,False,False,up
SPRY2,-0.2083666666666667,0.3713090276017913,0.25,9,0.9898389461302447,0.97517578125,False,False,down
CD82,-0.28575,0.37141962278231255,0.4609375,8,0.9898389461302447,0.986577545700309,False,False,down
DBI,-0.25914,0.3719051516370182,0.322265625,10,0.9898389461302447,0.97517578125,False,False,down
MELTF,0.1552,0.3723499674480909,0.76953125,10,0.9898389461302447,1.0,False,False,up
PI3,0.13646999999999995,0.372808591786412,0.76953125,10,0.9898389461302447,1.0,False,False,up
SLAMF1,-0.7147111111111112,0.37406231790390676,0.30078125,9,0.9898389461302447,0.97517578125,False,False,down
RPGR,-0.2169,0.3750498024900284,0.375,7,0.9898389461302447,0.97517578125,False,False,down
CRYBB2,0.06782,0.3752877900797017,0.375,10,0.9898389461302447,0.97517578125,False,False,up
CDH2,-0.054144444444444426,0.3753430000512774,0.65234375,9,0.9898389461302447,0.986577545700309,False,False,down
ADAMTS15,-0.14105000000000004,0.37558433764573484,0.431640625,10,0.9898389461302447,0.97517578125,False,False,down
PZP,-0.048819999999999995,0.3759518191113699,0.556640625,10,0.9898389461302447,0.986577545700309,False,False,down
PAEP,0.4325555555555556,0.3763546781384405,1.0,9,0.9898389461302447,1.0,False,False,up
DGKZ,-0.2103777777777778,0.37642679934581214,0.5703125,9,0.9898389461302447,0.986577545700309,False,False,down
IGDCC3,0.2075625,0.3769177036362887,0.3828125,8,0.9898389461302447,0.97517578125,False,False,up
ANKMY2,-0.3753444444444445,0.3769385185362065,0.25,9,0.9898389461302447,0.97517578125,False,False,down
PSME2,-0.2773333333333333,0.3771197637248015,0.42578125,9,0.9898389461302447,0.97517578125,False,False,down
SEMA3G,0.12177777777777773,0.3772369248634633,0.49609375,9,0.9898389461302447,0.986577545700309,False,False,up
CD207,0.11271999999999997,0.3778873042407196,0.431640625,10,0.9898389461302447,0.97517578125,False,False,up
EPS8L2,-0.07814000000000002,0.37924787328585075,0.556640625,10,0.9898389461302447,0.986577545700309,False,False,down
C9orf40,-0.50921,0.3793200949245794,0.625,10,0.9898389461302447,0.986577545700309,False,False,down
SELL,0.07603,0.379496482887552,1.0,10,0.9898389461302447,1.0,False,False,up
UBQLN3,0.13741111111111112,0.3796890645424156,0.65234375,9,0.9898389461302447,0.986577545700309,False,False,up
GLOD4,-0.23218000000000005,0.3810672679821304,0.375,10,0.9898389461302447,0.97517578125,False,False,down
B2M,0.12974000000000002,0.38119562511918925,0.4921875,10,0.9898389461302447,0.986577545700309,False,False,up
PRKRA,-0.30162500000000003,0.3812890790168597,0.4609375,8,0.9898389461302447,0.986577545700309,False,False,down
LYPD1,-0.15885,0.38175676967917793,0.3828125,8,0.9898389461302447,0.97517578125,False,False,down
SERPINA5,0.13330999999999998,0.3824122786190284,0.845703125,10,0.9898389461302447,1.0,False,False,up
ACOT13,-0.39207000000000003,0.3824461530067774,0.322265625,10,0.9898389461302447,0.97517578125,False,False,down
FOLR1,0.04904444444444443,0.3827535027874438,0.49609375,9,0.9898389461302447,0.986577545700309,False,False,up
CORO6,-0.5417624999999999,0.38344171809786903,0.7421875,8,0.9898389461302447,1.0,False,False,down
TTR,0.11499999999999999,0.3845371086281222,1.0,10,0.9898389461302447,1.0,False,False,up
CLEC7A,-0.04322999999999999,0.3846750120895531,0.322265625,10,0.9898389461302447,0.97517578125,False,False,down
COL2A1,0.37467777777777767,0.38485213790981887,1.0,9,0.9898389461302447,1.0,False,False,up
IMPACT,-0.30474999999999997,0.38497019464117654,0.375,10,0.9898389461302447,0.97517578125,False,False,down
CYP24A1,-0.18467777777777777,0.3856700117480101,0.42578125,9,0.9898389461302447,0.97517578125,False,False,down
SERPINA11,0.06354000000000001,0.38581090938877216,0.431640625,10,0.9898389461302447,0.97517578125,False,False,up
TK1,0.13274999999999998,0.3858155643605835,0.3828125,8,0.9898389461302447,0.97517578125,False,False,up
FABP5,-0.25397,0.38605256105419283,0.322265625,10,0.9898389461302447,0.97517578125,False,False,down
HSPB1,-0.490511111111111,0.3861929997176191,0.42578125,9,0.9898389461302447,0.97517578125,False,False,down
TGFB1,0.17132999999999998,0.38697282729614146,0.845703125,10,0.9898389461302447,1.0,False,False,up
PRELP,-0.0485,0.38700040054819196,0.76953125,10,0.9898389461302447,1.0,False,False,down
TRIM5,-0.2608,0.38706839809717536,0.3828125,8,0.9898389461302447,0.97517578125,False,False,down
SETMAR,-0.11712222222222222,0.3871200326369325,0.65234375,9,0.9898389461302447,0.986577545700309,False,False,down
S100A11,0.19312222222222217,0.3874690953378159,0.65234375,9,0.9898389461302447,0.986577545700309,False,False,up
PRTFDC1,-0.454575,0.38795451021285565,0.3125,8,0.9898389461302447,0.97517578125,False,False,down
DCC,-0.19727142857142857,0.38807657811111335,0.375,7,0.9898389461302447,0.97517578125,False,False,down
GBP4,0.2142125,0.3885198595581657,0.3125,8,0.9898389461302447,0.97517578125,False,False,up
REG1B,-0.11393000000000002,0.38912316210007936,0.625,10,0.9898389461302447,0.986577545700309,False,False,down
TFRC,-0.08311999999999999,0.389171650657804,0.375,10,0.9898389461302447,0.97517578125,False,False,down
COL1A1,0.06419000000000001,0.38932912806867215,0.375,10,0.9898389461302447,0.97517578125,False,False,up
EFNA4,0.07895555555555556,0.3900042351330303,0.49609375,9,0.9898389461302447,0.986577545700309,False,False,up
SERPINE2,0.43227000000000004,0.39060093985929956,1.0,10,0.9898389461302447,1.0,False,False,up
ECE1,-0.19980000000000003,0.39073474757313686,0.3828125,8,0.9898389461302447,0.97517578125,False,False,down
BOC,-0.09963333333333334,0.39132794310827856,0.5703125,9,0.9898389461302447,0.986577545700309,False,False,down
SAP18,0.14531249999999996,0.39159155939278156,0.4609375,8,0.9898389461302447,0.986577545700309,False,False,up
CBS,0.28412222222222216,0.3917946746172075,0.5703125,9,0.9898389461302447,0.986577545700309,False,False,up
CA5A,-0.23903333333333332,0.39187130419793936,0.359375,9,0.9898389461302447,0.97517578125,False,False,down
SERPINF1,0.029709999999999997,0.3924798568460319,0.322265625,10,0.9898389461302447,0.97517578125,False,False,up
DAB2,-0.35301,0.39275373080088305,0.322265625,10,0.9898389461302447,0.97517578125,False,False,down
ENO2,-0.23845000000000005,0.3931507589993133,0.375,10,0.9898389461302447,0.97517578125,False,False,down
LMNB2,0.10017000000000001,0.3933612484205409,0.556640625,10,0.9898389461302447,0.986577545700309,False,False,up
DDX39A,-0.11131111111111111,0.39341100309188703,0.30078125,9,0.9898389461302447,0.97517578125,False,False,down
AKAP12,0.07529999999999998,0.3939656331658997,0.5703125,9,0.9898389461302447,0.986577545700309,False,False,up
TET2,-0.14806249999999999,0.3942818773584663,0.3828125,8,0.9898389461302447,0.97517578125,False,False,down
SMPD3,0.12994444444444445,0.3944135321794373,0.42578125,9,0.9898389461302447,0.97517578125,False,False,up
FGA,-0.35584,0.3944392384221783,0.16015625,10,0.9898389461302447,0.97517578125,False,False,down
TXNDC5,-0.18595999999999996,0.39444186102198275,0.375,10,0.9898389461302447,0.97517578125,False,False,down
DGKA,-0.231288888888889,0.3952185495521111,0.49609375,9,0.9898389461302447,0.986577545700309,False,False,down
MFAP3,-0.3371888888888888,0.39524990823006056,0.65234375,9,0.9898389461302447,0.986577545700309,False,False,down
CALCOCO1,-0.43376000000000003,0.39571715874160573,0.322265625,10,0.9898389461302447,0.97517578125,False,False,down
LELP1,0.249225,0.3958637100508264,0.3125,8,0.9898389461302447,0.97517578125,False,False,up
BECN1,-0.20657777777777775,0.3958804763335433,0.12890625,9,0.9898389461302447,0.97517578125,False,False,down
PAIP2B,-0.22801111111111105,0.39595236585042315,0.49609375,9,0.9898389461302447,0.986577545700309,False,False,down
CSF1,-0.06664999999999999,0.3960260955733499,0.322265625,10,0.9898389461302447,0.97517578125,False,False,down
IL12A_IL12B,-0.13828,0.3961165091677008,0.556640625,10,0.9898389461302447,0.986577545700309,False,False,down
KYAT1,-0.3093888888888889,0.39614945966906434,0.49609375,9,0.9898389461302447,0.986577545700309,False,False,down
ENDOU,0.08323000000000003,0.39621582124058685,0.431640625,10,0.9898389461302447,0.97517578125,False,False,up
SORT1,0.16984444444444446,0.3969640124924344,0.91015625,9,0.9898389461302447,1.0,False,False,up
TNFSF13,0.07203,0.3971132824193806,0.375,10,0.9898389461302447,0.97517578125,False,False,up
YY1,0.16210000000000002,0.3974473910598073,0.49609375,9,0.9898389461302447,0.986577545700309,False,False,up
PRG2,0.11107999999999998,0.3976844835156357,0.431640625,10,0.9898389461302447,0.97517578125,False,False,up
CLEC3B,0.12048999999999996,0.39769895958648205,0.921875,10,0.9898389461302447,1.0,False,False,up
TMPRSS5,0.05592222222222224,0.3984186538419664,0.65234375,9,0.9898389461302447,0.986577545700309,False,False,up
PDGFC,0.14185000000000003,0.3984365704424756,0.4609375,8,0.9898389461302447,0.986577545700309,False,False,up
ACTN4,0.11845555555555554,0.3985921196312471,0.49609375,9,0.9898389461302447,0.986577545700309,False,False,up
NUMB,-0.23954444444444445,0.3990123360136526,0.49609375,9,0.9898389461302447,0.986577545700309,False,False,down
SCN3B,0.1751875,0.4000676557479658,0.7421875,8,0.9898389461302447,1.0,False,False,up
CD7,0.14475555555555555,0.40009133764877813,0.359375,9,0.9898389461302447,0.97517578125,False,False,up
SNAPIN,-0.2193333333333333,0.40041228512167437,0.42578125,9,0.9898389461302447,0.97517578125,False,False,down
SNX15,-0.19019999999999998,0.4014382528364009,0.1640625,9,0.9898389461302447,0.97517578125,False,False,down
DYNLT3,0.17735999999999996,0.4016889024266388,0.556640625,10,0.9898389461302447,0.986577545700309,False,False,up
SCGB1A1,0.05103,0.4019719057815563,0.232421875,10,0.9898389461302447,0.97517578125,False,False,up
CLEC12A,0.11573333333333334,0.4019936778116714,0.42578125,9,0.9898389461302447,0.97517578125,False,False,up
KCNC4,0.16589999999999994,0.4022439827328805,0.546875,8,0.9898389461302447,0.986577545700309,False,False,up
CD93,-0.057929999999999995,0.40224999278102935,0.375,10,0.9898389461302447,0.97517578125,False,False,down
PAK4,-0.0531125,0.4027302203816363,0.7421875,8,0.9898389461302447,1.0,False,False,down
CILP,-0.17534,0.4032835665377733,0.275390625,10,0.9898389461302447,0.97517578125,False,False,down
ART3,0.05452999999999999,0.403519635767312,0.232421875,10,0.9898389461302447,0.97517578125,False,False,up
FXYD5,0.1511888888888889,0.40364614499857987,0.65234375,9,0.9898389461302447,0.986577545700309,False,False,up
TCL1B,-0.20881111111111114,0.4036946903194135,0.1640625,9,0.9898389461302447,0.97517578125,False,False,down
GGH,-0.07946,0.404002610543706,0.375,10,0.9898389461302447,0.97517578125,False,False,down
CHRDL2,0.0706888888888889,0.4042698531576462,0.42578125,9,0.9898389461302447,0.97517578125,False,False,up
UPK3BL1,0.1856875,0.4044926491775426,0.3828125,8,0.9898389461302447,0.97517578125,False,False,up
PSMA1,-0.11915000000000003,0.40545503120663745,0.4609375,8,0.9898389461302447,0.986577545700309,False,False,down
SPINK2,0.12066666666666667,0.40587810376381517,0.8203125,9,0.9898389461302447,1.0,False,False,up
EPO,0.22968750000000004,0.40621930637287784,0.7421875,8,0.9898389461302447,1.0,False,False,up
PDLIM7,-0.44954,0.40635069487603126,0.375,10,0.9898389461302447,0.97517578125,False,False,down
EGFL7,-0.1602625,0.4064924127082929,0.546875,8,0.9898389461302447,0.986577545700309,False,False,down
BRK1,0.213375,0.40706085495292693,0.546875,8,0.9898389461302447,0.986577545700309,False,False,up
FSTL1,0.07548888888888888,0.40813336488192553,0.91015625,9,0.9898389461302447,1.0,False,False,up
CA11,0.11377499999999999,0.4081395237408646,0.3125,8,0.9898389461302447,0.97517578125,False,False,up
CCL15,-0.07453999999999998,0.4083113186258426,0.556640625,10,0.9898389461302447,0.986577545700309,False,False,down
REXO2,0.07596666666666668,0.40836111483598525,0.91015625,9,0.9898389461302447,1.0,False,False,up
CFP,0.08551,0.40850572129893326,0.76953125,10,0.9898389461302447,1.0,False,False,up
PLIN3,-0.14640000000000006,0.4090372621113538,0.42578125,9,0.9898389461302447,0.97517578125,False,False,down
CFI,0.05638999999999998,0.4094763782152987,0.625,10,0.9898389461302447,0.986577545700309,False,False,up
CFH,0.12786000000000003,0.4095336438397308,0.845703125,10,0.9898389461302447,1.0,False,False,up
SLC27A4,0.17741249999999995,0.4095765654393805,0.4609375,8,0.9898389461302447,0.986577545700309,False,False,up
VSIG4,0.06947,0.410711421113621,0.6953125,10,0.9898389461302447,1.0,False,False,up
PSME1,-0.19036666666666666,0.41103751745564787,0.8203125,9,0.9898389461302447,1.0,False,False,down
VWC2,0.09464444444444443,0.41105669529831923,0.65234375,9,0.9898389461302447,0.986577545700309,False,False,up
GBP6,0.19353333333333328,0.4110577115803621,0.42578125,9,0.9898389461302447,0.97517578125,False,False,up
MFGE8,0.07402000000000002,0.41118314416262713,0.431640625,10,0.9898389461302447,0.97517578125,False,False,up
CTSD,-0.04083999999999999,0.4113692953530562,0.431640625,10,0.9898389461302447,0.97517578125,False,False,down
DAPP1,-0.17722500000000002,0.411370479440917,0.546875,8,0.9898389461302447,0.986577545700309,False,False,down
PLXDC2,-0.12296999999999998,0.4122371938989523,0.76953125,10,0.9898389461302447,1.0,False,False,down
ATG16L1,-0.30188999999999994,0.4122696660095887,0.431640625,10,0.9898389461302447,0.97517578125,False,False,down
CDSN,0.05356999999999999,0.4123022521942329,0.375,10,0.9898389461302447,0.97517578125,False,False,up
HS6ST1,-0.08697000000000002,0.4124573725267,0.556640625,10,0.9898389461302447,0.986577545700309,False,False,down
APOM,-0.06451,0.41322818448429466,0.431640625,10,0.9898389461302447,0.97517578125,False,False,down
FNTA,0.08939,0.4134960385909163,0.322265625,10,0.9898389461302447,0.97517578125,False,False,up
XG,0.05282,0.4136896685940423,0.625,10,0.9898389461302447,0.986577545700309,False,False,up
DRG2,-0.15705999999999995,0.4137238658687621,0.625,10,0.9898389461302447,0.986577545700309,False,False,down
TTF2,0.4263428571428571,0.41384761960321026,0.375,7,0.9898389461302447,0.97517578125,False,False,up
ATP5PO,-0.18981249999999994,0.41430948712136884,0.4609375,8,0.9898389461302447,0.986577545700309,False,False,down
HSPG2,-0.03355999999999999,0.4143293858415601,0.375,10,0.9898389461302447,0.97517578125,False,False,down
BST2,-0.051390000000000005,0.4143914329421702,0.431640625,10,0.9898389461302447,0.97517578125,False,False,down
IL7,0.31192499999999995,0.4144229319210383,0.7421875,8,0.9898389461302447,1.0,False,False,up
P4HB,-0.07366666666666667,0.4146642292938283,0.203125,9,0.9898389461302447,0.97517578125,False,False,down
THRAP3,0.11062222222222222,0.41477678181210464,0.5703125,9,0.9898389461302447,0.986577545700309,False,False,up
SCARB2,0.0683888888888889,0.4148023344346795,0.8203125,9,0.9898389461302447,1.0,False,False,up
FMR1,0.115425,0.41486510160185597,0.546875,8,0.9898389461302447,0.986577545700309,False,False,up
MYO9B,-0.35122222222222227,0.41553841962157634,0.359375,9,0.9898389461302447,0.97517578125,False,False,down
CLEC6A,-0.15502500000000002,0.41599573243779786,0.4609375,8,0.9898389461302447,0.986577545700309,False,False,down
CLEC5A,0.10695555555555555,0.4160169669018695,0.42578125,9,0.9898389461302447,0.97517578125,False,False,up
DARS1,-0.3613333333333333,0.4166085170718794,0.25,9,0.9898389461302447,0.97517578125,False,False,down
SH2B3,-0.274175,0.41670403386038357,0.4609375,8,0.9898389461302447,0.986577545700309,False,False,down
RAB10,-0.17678,0.41711024680900866,0.375,10,0.9898389461302447,0.97517578125,False,False,down
LRTM1,0.30679999999999996,0.4173706342004725,0.46875,7,0.9898389461302447,0.986577545700309,False,False,up
UROS,-0.2908285714285714,0.41815707834584576,0.578125,7,0.9898389461302447,0.986577545700309,False,False,down
CPPED1,-0.20137000000000005,0.4182447495021213,0.431640625,10,0.9898389461302447,0.97517578125,False,False,down
CSNK2A1,-0.18869999999999998,0.4182823644073598,0.49609375,9,0.9898389461302447,0.986577545700309,False,False,down
IFNGR1,-0.03636,0.41830146504289456,0.431640625,10,0.9898389461302447,0.97517578125,False,False,down
BTD,0.07642999999999998,0.4185196591505095,0.6953125,10,0.9898389461302447,1.0,False,False,up
KLF4,0.22802499999999998,0.41873833093137247,0.1953125,8,0.9898389461302447,0.97517578125,False,False,up
SAG,-0.6525125000000002,0.418846417880253,0.546875,8,0.9898389461302447,0.986577545700309,False,False,down
CKAP4,0.04592,0.41913728929950145,0.6953125,10,0.9898389461302447,1.0,False,False,up
MEGF9,-0.05200000000000001,0.41957670738902353,0.322265625,10,0.9898389461302447,0.97517578125,False,False,down
DKK3,0.05893999999999999,0.4197405563133739,0.4921875,10,0.9898389461302447,0.986577545700309,False,False,up
ESAM,0.09373999999999999,0.42087105782895706,0.625,10,0.9898389461302447,0.986577545700309,False,False,up
AMN,-0.20312222222222223,0.4209253245144192,0.30078125,9,0.9898389461302447,0.97517578125,False,False,down
PODXL2,-0.0563111111111111,0.42126602315468753,0.49609375,9,0.9898389461302447,0.986577545700309,False,False,down
PCARE,-0.11781250000000001,0.42153679912874786,0.3828125,8,0.9898389461302447,0.97517578125,False,False,down
DDX4,0.22106666666666663,0.4215444867017497,0.42578125,9,0.9898389461302447,0.97517578125,False,False,up
MAG,0.16894285714285712,0.42165679519918353,0.578125,7,0.9898389461302447,0.986577545700309,False,False,up
BCL2L1,-0.28163,0.42295538655897635,0.431640625,10,0.9898389461302447,0.97517578125,False,False,down
ADAMTS13,-0.05538000000000006,0.4233251638416994,0.431640625,10,0.9898389461302447,0.97517578125,False,False,down
DSG4,0.07518999999999999,0.42346018506367444,0.375,10,0.9898389461302447,0.97517578125,False,False,up
CARHSP1,-0.4324374999999999,0.4247406438470488,0.7421875,8,0.9898389461302447,1.0,False,False,down
SULT2A1,-0.14322500000000002,0.42480208061276925,0.640625,8,0.9898389461302447,0.986577545700309,False,False,down
DNMBP,-0.2425666666666667,0.42486958125841623,0.203125,9,0.9898389461302447,0.97517578125,False,False,down
LGMN,-0.07505999999999999,0.42533140560494453,0.375,10,0.9898389461302447,0.97517578125,False,False,down
HMOX1,0.05861111111111109,0.4254161355457998,0.42578125,9,0.9898389461302447,0.97517578125,False,False,up
SEL1L,0.25445555555555555,0.425447229446585,0.65234375,9,0.9898389461302447,0.986577545700309,False,False,up
MAPT,-0.25078749999999994,0.4261303342699767,0.84375,8,0.9898389461302447,1.0,False,False,down
SAA4,0.04144,0.42630368502419846,0.625,10,0.9898389461302447,0.986577545700309,False,False,up
TGFA,0.3209125,0.42729845774239406,0.1953125,8,0.9898389461302447,0.97517578125,False,False,up
CD2AP,-0.2801666666666667,0.42739353409083936,0.65234375,9,0.9898389461302447,0.986577545700309,False,False,down
ASPN,-0.07831,0.42763423614765583,0.16015625,10,0.9898389461302447,0.97517578125,False,False,down
OLR1,0.454311111111111,0.4277712856683167,0.8203125,9,0.9898389461302447,1.0,False,False,up
INPPL1,-0.22525,0.42782507796935243,0.275390625,10,0.9898389461302447,0.97517578125,False,False,down
EDF1,0.16474444444444447,0.4281368650793951,0.42578125,9,0.9898389461302447,0.97517578125,False,False,up
COMMD9,0.12606,0.4285205943426337,0.431640625,10,0.9898389461302447,0.97517578125,False,False,up
PLPBP,-0.2953333333333334,0.4285870361894416,0.359375,9,0.9898389461302447,0.97517578125,False,False,down
RCOR1,0.11112222222222225,0.4290319793869287,0.42578125,9,0.9898389461302447,0.97517578125,False,False,up
TRIM25,-0.42361999999999983,0.4296766933465235,0.375,10,0.9898389461302447,0.97517578125,False,False,down
PPBP,0.47034000000000004,0.4300053988363727,0.921875,10,0.9898389461302447,1.0,False,False,up
SMPD1,-0.07644999999999999,0.4302498156487228,0.431640625,10,0.9898389461302447,0.97517578125,False,False,down
NUDT5,-0.1815,0.43064957964027917,0.375,10,0.9898389461302447,0.97517578125,False,False,down
CCN5,-0.08863,0.43121168194982473,0.4921875,10,0.9898389461302447,0.986577545700309,False,False,down
BAX,-0.27768750000000003,0.4312898751261999,0.4609375,8,0.9898389461302447,0.986577545700309,False,False,down
CPQ,0.10897000000000001,0.43170016329977556,0.845703125,10,0.9898389461302447,1.0,False,False,up
ULBP2,0.07046666666666665,0.43170215423699043,0.42578125,9,0.9898389461302447,0.97517578125,False,False,up
CDH22,0.1643125,0.4319687771281331,0.7421875,8,0.9898389461302447,1.0,False,False,up
CD300A,0.14196666666666663,0.43208218521622677,0.65234375,9,0.9898389461302447,0.986577545700309,False,False,up
PNLIPRP1,0.13194,0.4322478321862615,0.4921875,10,0.9898389461302447,0.986577545700309,False,False,up
CEBPA,0.15343333333333334,0.43231126282547927,0.42578125,9,0.9898389461302447,0.97517578125,False,False,up
FOS,-0.13204444444444446,0.43268133585434054,0.49609375,9,0.9898389461302447,0.986577545700309,False,False,down
IL10RB,0.03154,0.4333779788225529,0.556640625,10,0.9898389461302447,0.986577545700309,False,False,up
MESD,-0.27729,0.4336254227972588,0.431640625,10,0.9898389461302447,0.97517578125,False,False,down
KIR2DS4,-0.09093000000000001,0.4336720685007991,0.6953125,10,0.9898389461302447,1.0,False,False,down
WASF3,-0.17002499999999998,0.43369436335985323,0.546875,8,0.9898389461302447,0.986577545700309,False,False,down
CTHRC1,0.09739,0.43375867791263445,0.625,10,0.9898389461302447,0.986577545700309,False,False,up
SKAP1,-0.11163333333333332,0.4337647890123135,0.359375,9,0.9898389461302447,0.97517578125,False,False,down
LGALS3BP,0.07831,0.43440915432147365,0.431640625,10,0.9898389461302447,0.97517578125,False,False,up
NFU1,-0.40185000000000015,0.43466032327985893,0.375,10,0.9898389461302447,0.97517578125,False,False,down
PFDN2,0.5010000000000001,0.43490463134835733,0.9453125,8,0.9898389461302447,1.0,False,False,up
DCBLD2,0.1026777777777778,0.43514451077707716,0.42578125,9,0.9898389461302447,0.97517578125,False,False,up
A1BG,0.060719999999999996,0.4352968649974327,0.625,10,0.9898389461302447,0.986577545700309,False,False,up
GFRAL,0.10307,0.4353943568114861,0.845703125,10,0.9898389461302447,1.0,False,False,up
GALNT2,0.053570000000000007,0.43606903495703886,0.76953125,10,0.9898389461302447,1.0,False,False,up
TPRKB,0.20702222222222225,0.43674185778757024,0.5703125,9,0.9898389461302447,0.986577545700309,False,False,up
FGF16,-0.2031777777777778,0.43692647734441825,0.5703125,9,0.9898389461302447,0.986577545700309,False,False,down
PBXIP1,-0.06803,0.43694078356528554,0.4921875,10,0.9898389461302447,0.986577545700309,False,False,down
ILKAP,0.27291249999999995,0.4371111696268899,0.1953125,8,0.9898389461302447,0.97517578125,False,False,up
ORM1,0.03650000000000001,0.4372860143149342,0.4921875,10,0.9898389461302447,0.986577545700309,False,False,up
CPVL,-0.11288999999999998,0.43733551162292994,0.556640625,10,0.9898389461302447,0.986577545700309,False,False,down
ACP1,-0.16832222222222223,0.4374898561613505,0.49609375,9,0.9898389461302447,0.986577545700309,False,False,down
MAP1LC3B2,0.2812555555555555,0.4376868549189519,0.5703125,9,0.9898389461302447,0.986577545700309,False,False,up
SYAP1,-0.07212222222222224,0.4389730965605013,0.5703125,9,0.9898389461302447,0.986577545700309,False,False,down
BCAN,-0.08449999999999999,0.43941499928793404,0.25,9,0.9898389461302447,0.97517578125,False,False,down
SIGLEC10,-0.0550125,0.43942027370848924,0.4609375,8,0.9898389461302447,0.986577545700309,False,False,down
LAT2,-0.33489,0.43991782586468786,0.322265625,10,0.9898389461302447,0.97517578125,False,False,down
ITGB2,-0.038270000000000026,0.43999423879378796,0.431640625,10,0.9898389461302447,0.97517578125,False,False,down
TAGLN3,-0.2521111111111111,0.44010388671940703,0.65234375,9,0.9898389461302447,0.986577545700309,False,False,down
MICB_MICA,0.09855000000000003,0.4401235459036915,0.3828125,8,0.9898389461302447,0.97517578125,False,False,up
BCAM,-0.049289999999999994,0.44020165194878014,0.625,10,0.9898389461302447,0.986577545700309,False,False,down
NACC1,-0.17496000000000003,0.44025051178504526,0.6953125,10,0.9898389461302447,1.0,False,False,down
FGFR2,0.05096666666666667,0.44043889411354054,0.49609375,9,0.9898389461302447,0.986577545700309,False,False,up
CCN4,0.10381,0.44047473695617767,0.76953125,10,0.9898389461302447,1.0,False,False,up
GNPDA2,0.12737777777777776,0.440555994594234,1.0,9,0.9898389461302447,1.0,False,False,up
TNXB,-0.045799999999999993,0.4408933975314212,0.375,10,0.9898389461302447,0.97517578125,False,False,down
ADM,0.049540000000000015,0.4409007542634992,0.556640625,10,0.9898389461302447,0.986577545700309,False,False,up
CDHR1,0.131775,0.44112865905998844,0.4609375,8,0.9898389461302447,0.986577545700309,False,False,up
FGFBP2,0.10993,0.4413083217730718,0.845703125,10,0.9898389461302447,1.0,False,False,up
CDH3,0.036090000000000025,0.44132395784998735,0.625,10,0.9898389461302447,0.986577545700309,False,False,up
CSF3R,-0.11007777777777777,0.4415044625357615,0.42578125,9,0.9898389461302447,0.97517578125,False,False,down
CTSZ,-0.06845000000000002,0.44181036334102897,0.4921875,10,0.9898389461302447,0.986577545700309,False,False,down
NPPC,0.0944,0.4418523632514505,0.7421875,8,0.9898389461302447,1.0,False,False,up
NFIC,0.1240111111111111,0.442070332975662,0.49609375,9,0.9898389461302447,0.986577545700309,False,False,up
ANGPT2,-0.05766,0.4427161481416664,0.431640625,10,0.9898389461302447,0.97517578125,False,False,down
VIPR1,-0.13958888888888887,0.4430085212333683,0.8203125,9,0.9898389461302447,1.0,False,False,down
PPP1R14A,-0.20004444444444439,0.443150264443513,0.25,9,0.9898389461302447,0.97517578125,False,False,down
NCK2,-0.16429,0.44341603435545507,0.556640625,10,0.9898389461302447,0.986577545700309,False,False,down
SCARF2,0.029590000000000005,0.4434777861531548,0.556640625,10,0.9898389461302447,0.986577545700309,False,False,up
INPP5J,-0.1987111111111111,0.44374620510041396,0.42578125,9,0.9898389461302447,0.97517578125,False,False,down
IL2RA,-0.023769999999999996,0.4443224810691452,0.4921875,10,0.9898389461302447,0.986577545700309,False,False,down
TPR,0.09733333333333334,0.44483111107496154,0.49609375,9,0.9898389461302447,0.986577545700309,False,False,up
PTH1R,-0.0526375,0.445019722895889,0.546875,8,0.9898389461302447,0.986577545700309,False,False,down
IGSF9,-0.08440999999999999,0.44515128303845664,0.431640625,10,0.9898389461302447,0.97517578125,False,False,down
TPM3,0.3117888888888889,0.44531376603393713,0.359375,9,0.9898389461302447,0.97517578125,False,False,up
LSM1,-0.2491125,0.44542644203787374,0.4609375,8,0.9898389461302447,0.986577545700309,False,False,down
SEMA6C,0.14350000000000002,0.4457419152557136,0.49609375,9,0.9898389461302447,0.986577545700309,False,False,up
AGRN,0.05961999999999999,0.4458237210308188,0.6953125,10,0.9898389461302447,1.0,False,False,up
GRPEL1,-0.14856,0.4469079760076672,0.4921875,10,0.9898389461302447,0.986577545700309,False,False,down
SPOCK1,-0.0639111111111111,0.44717814440603565,0.25,9,0.9898389461302447,0.97517578125,False,False,down
CD8A,-0.05454999999999999,0.44741162973435533,0.431640625,10,0.9898389461302447,0.97517578125,False,False,down
TPMT,-0.21979999999999994,0.4480535713614042,0.640625,8,0.9898389461302447,0.986577545700309,False,False,down
PDGFRA,-0.08178888888888887,0.44813566528146676,0.42578125,9,0.9898389461302447,0.97517578125,False,False,down
SNAP25,-0.1670375,0.4481957579204279,1.0,8,0.9898389461302447,1.0,False,False,down
FBN2,0.1910714285714286,0.4482041618896935,0.578125,7,0.9898389461302447,0.986577545700309,False,False,up
FGF23,-0.14132,0.4483598493756419,0.625,10,0.9898389461302447,0.986577545700309,False,False,down
MTR,0.27726666666666666,0.449059661988254,0.5703125,9,0.9898389461302447,0.986577545700309,False,False,up
DLK1,-0.042300000000000004,0.4496828220528907,0.431640625,10,0.9898389461302447,0.97517578125,False,False,down
CABP2,0.43431428571428576,0.45092477229826944,0.8125,7,0.9898389461302447,1.0,False,False,up
LAMTOR5,0.12571000000000002,0.45202934102971337,0.6953125,10,0.9898389461302447,1.0,False,False,up
METAP1D,-0.35191249999999996,0.45227247441476637,0.4609375,8,0.9898389461302447,0.986577545700309,False,False,down
MUC16,1.06816,0.4531097420105705,0.556640625,10,0.9898389461302447,0.986577545700309,False,False,up
NGFR,0.17302,0.453721513441132,0.375,10,0.9898389461302447,0.97517578125,False,False,up
SPINK1,-0.06425,0.4538511366951793,0.431640625,10,0.9898389461302447,0.97517578125,False,False,down
IL2RB,-0.1918111111111111,0.4539084260084578,0.359375,9,0.9898389461302447,0.97517578125,False,False,down
NT5C3A,-0.4441749999999998,0.4539173956231001,0.4609375,8,0.9898389461302447,0.986577545700309,False,False,down
CEACAM3,-0.16726249999999995,0.4557254879460899,0.640625,8,0.9898389461302447,0.986577545700309,False,False,down
GRN,-0.04419999999999998,0.4557397820473875,0.375,10,0.9898389461302447,0.97517578125,False,False,down
FGF5,-0.10893333333333333,0.4560145979904421,0.65234375,9,0.9898389461302447,0.986577545700309,False,False,down
YARS1,-0.57655,0.4567776218175127,0.375,10,0.9898389461302447,0.97517578125,False,False,down
GNE,-0.3152875,0.4568553808850474,0.546875,8,0.9898389461302447,0.986577545700309,False,False,down
RAPGEF2,0.315025,0.4569314436470361,0.546875,8,0.9898389461302447,0.986577545700309,False,False,up
SLIT2,-0.19368750000000004,0.45731708018034645,0.4609375,8,0.9898389461302447,0.986577545700309,False,False,down
CRHBP,0.0509,0.45731833571482805,0.625,10,0.9898389461302447,0.986577545700309,False,False,up
RBKS,-0.26597777777777776,0.4576626642872117,0.8203125,9,0.9898389461302447,1.0,False,False,down
NRP2,-0.0664,0.4578726495808315,0.375,10,0.9898389461302447,0.97517578125,False,False,down
LY9,-0.03074,0.4580450531382707,0.431640625,10,0.9898389461302447,0.97517578125,False,False,down
FLI1,0.1844625,0.4582807241330644,0.3125,8,0.9898389461302447,0.97517578125,False,False,up
MVK,-0.17036666666666667,0.4593890311345915,0.65234375,9,0.9898389461302447,0.986577545700309,False,False,down
GUCA2A,-0.05056000000000003,0.45985569781142743,0.921875,10,0.9898389461302447,1.0,False,False,down
CD300LF,-0.04529000000000001,0.46021282857839496,0.375,10,0.9898389461302447,0.97517578125,False,False,down
BRD2,0.16973749999999996,0.4608690408754478,0.4609375,8,0.9898389461302447,0.986577545700309,False,False,up
KLK6,0.06355555555555553,0.46145843829459077,0.42578125,9,0.9898389461302447,0.97517578125,False,False,up
SERPING1,0.08114999999999999,0.461691507545123,1.0,10,0.9898389461302447,1.0,False,False,up
ROBO2,-0.029890000000000007,0.46245194666540934,0.4921875,10,0.9898389461302447,0.986577545700309,False,False,down
KLK12,-0.15839999999999996,0.46254851895992954,0.3828125,8,0.9898389461302447,0.97517578125,False,False,down
DUT,-0.22212000000000004,0.46295398563376877,0.375,10,0.9898389461302447,0.97517578125,False,False,down
PRTG,-0.04323999999999998,0.4630254702700657,0.556640625,10,0.9898389461302447,0.986577545700309,False,False,down
TERF1,0.14046666666666668,0.4630908730967378,0.49609375,9,0.9898389461302447,0.986577545700309,False,False,up
C1QTNF5,0.09357777777777779,0.4633332720037703,0.8203125,9,0.9898389461302447,1.0,False,False,up
CLEC4G,-0.09353749999999997,0.4637919777531424,0.3125,8,0.9898389461302447,0.97517578125,False,False,down
NFATC3,-0.20370000000000002,0.46398406049015906,0.42578125,9,0.9898389461302447,0.97517578125,False,False,down
PGA4,0.11037777777777776,0.4644512410976064,0.91015625,9,0.9898389461302447,1.0,False,False,up
APOD,0.10368000000000002,0.4651247126871316,0.845703125,10,0.9898389461302447,1.0,False,False,up
TCOF1,0.10323000000000002,0.4655831923989111,0.76953125,10,0.9898389461302447,1.0,False,False,up
NFKB1,0.2535333333333334,0.4656850366183969,0.5703125,9,0.9898389461302447,0.986577545700309,False,False,up
RAB3GAP1,-0.1475375,0.4659702730629197,0.7421875,8,0.9898389461302447,1.0,False,False,down
PI16,0.04845555555555556,0.4659981961310433,0.49609375,9,0.9898389461302447,0.986577545700309,False,False,up
MUC2,-0.055890000000000016,0.46620130449432073,0.431640625,10,0.9898389461302447,0.97517578125,False,False,down
CRYM,0.1707125,0.46630428610076746,0.546875,8,0.9898389461302447,0.986577545700309,False,False,up
IL32,-0.0904875,0.46713872335727014,0.546875,8,0.9898389461302447,0.986577545700309,False,False,down
FSHB,0.06316666666666665,0.46729332261166967,0.42578125,9,0.9898389461302447,0.97517578125,False,False,up
DKK1,0.24356999999999998,0.4677252509409313,0.921875,10,0.9898389461302447,1.0,False,False,up
MN1,0.3065714285714285,0.4677322798344262,0.578125,7,0.9898389461302447,0.986577545700309,False,False,up
NUBP1,-0.23803000000000002,0.46780784559531874,0.6953125,10,0.9898389461302447,1.0,False,False,down
PTPRR,0.07763000000000002,0.46789133923996207,0.556640625,10,0.9898389461302447,0.986577545700309,False,False,up
ATXN3,-0.28692,0.46856372216084874,0.375,10,0.9898389461302447,0.97517578125,False,False,down
CDK5RAP3,-0.12415555555555552,0.4698923103386594,0.203125,9,0.9898389461302447,0.97517578125,False,False,down
ACADSB,0.16693000000000002,0.470182021655579,0.76953125,10,0.9898389461302447,1.0,False,False,up
TNFRSF12A,-0.17831111111111111,0.470347935249378,0.359375,9,0.9898389461302447,0.97517578125,False,False,down
DNAJB14,0.15914,0.4709094661951956,0.76953125,10,0.9898389461302447,1.0,False,False,up
SLMAP,-0.41740000000000005,0.47134303746233064,0.4921875,10,0.9898389461302447,0.986577545700309,False,False,down
CRTAM,0.04944444444444445,0.47149254235872484,0.49609375,9,0.9898389461302447,0.986577545700309,False,False,up
SCN3A,0.22121428571428567,0.47152272460085165,0.46875,7,0.9898389461302447,0.986577545700309,False,False,up
ITIH4,0.10044,0.4717256606956546,0.76953125,10,0.9898389461302447,1.0,False,False,up
AMY2B,-0.07249000000000003,0.4717499846918429,0.375,10,0.9898389461302447,0.97517578125,False,False,down
ACE2,0.08104444444444445,0.4720076667417419,0.42578125,9,0.9898389461302447,0.97517578125,False,False,up
CTAG1A_CTAG1B,0.20294999999999996,0.472599239244597,0.546875,8,0.9898389461302447,0.986577545700309,False,False,up
CASP9,0.09818888888888887,0.47307517134357113,0.734375,9,0.9898389461302447,1.0,False,False,up
ARG2,0.14158,0.47332621979273315,0.375,10,0.9898389461302447,0.97517578125,False,False,up
TPPP3,0.140675,0.4735092419108414,0.640625,8,0.9898389461302447,0.986577545700309,False,False,up
B3GNT7,-0.0718111111111111,0.47358445540243144,0.5703125,9,0.9898389461302447,0.986577545700309,False,False,down
IFIT1,0.1262875,0.4740630497681778,0.546875,8,0.9898389461302447,0.986577545700309,False,False,up
GTF2IRD1,-0.24562500000000004,0.47457664139917255,0.9453125,8,0.9898389461302447,1.0,False,False,down
CENPF,-0.23833750000000004,0.4747511228708876,0.7421875,8,0.9898389461302447,1.0,False,False,down
DOK1,-0.45258000000000004,0.47492134469865765,0.4921875,10,0.9898389461302447,0.986577545700309,False,False,down
ANXA2,-0.0813111111111111,0.47499156864843617,0.30078125,9,0.9898389461302447,0.97517578125,False,False,down
MTDH,-0.3239888888888889,0.4750593708105527,0.5703125,9,0.9898389461302447,0.986577545700309,False,False,down
VAV3,-0.48621250000000005,0.47510522780716646,0.25,8,0.9898389461302447,0.97517578125,False,False,down
MTIF3,-0.27988999999999997,0.47533911727338374,0.431640625,10,0.9898389461302447,0.97517578125,False,False,down
HSD17B14,-0.08582000000000001,0.4754266280995457,0.375,10,0.9898389461302447,0.97517578125,False,False,down
AGER,0.037309999999999996,0.4758754029807081,0.556640625,10,0.9898389461302447,0.986577545700309,False,False,up
C1QTNF9,0.11886666666666673,0.47644133337138417,0.65234375,9,0.9898389461302447,0.986577545700309,False,False,up
NCR1,-0.05386250000000001,0.47686472512970635,0.3828125,8,0.9898389461302447,0.97517578125,False,False,down
FST,0.07748999999999999,0.4769624110127363,0.322265625,10,0.9898389461302447,0.97517578125,False,False,up
TSNAX,0.2408222222222223,0.4771264423978333,0.8203125,9,0.9898389461302447,1.0,False,False,up
TFF1,-0.052140000000000034,0.4776162735667898,0.625,10,0.9898389461302447,0.986577545700309,False,False,down
MED21,-0.19096666666666662,0.4777765413062267,0.42578125,9,0.9898389461302447,0.97517578125,False,False,down
STIP1,-0.21427000000000004,0.47800135877538874,0.431640625,10,0.9898389461302447,0.97517578125,False,False,down
CDH4,0.17128749999999998,0.47801989999676653,0.7421875,8,0.9898389461302447,1.0,False,False,up
NCAM2,-0.02959999999999998,0.4785008838691184,0.625,10,0.9898389461302447,0.986577545700309,False,False,down
TRIM24,-0.16102499999999995,0.47911942750623915,0.3828125,8,0.9898389461302447,0.97517578125,False,False,down
TMPRSS11D,0.050839999999999996,0.4791217189001845,0.625,10,0.9898389461302447,0.986577545700309,False,False,up
MSR1,-0.07096000000000001,0.4791377555478099,0.322265625,10,0.9898389461302447,0.97517578125,False,False,down
HBQ1,-0.18631999999999999,0.4793629568694846,0.4921875,10,0.9898389461302447,0.986577545700309,False,False,down
CTSE,-0.13852222222222224,0.4794577438455041,0.5703125,9,0.9898389461302447,0.986577545700309,False,False,down
MANSC4,-0.13122222222222224,0.4794703796040696,0.49609375,9,0.9898389461302447,0.986577545700309,False,False,down
MORF4L1,0.17978750000000002,0.4795429528790791,0.3828125,8,0.9898389461302447,0.97517578125,False,False,up
DGCR6,0.16627500000000003,0.479597059443976,0.25,8,0.9898389461302447,0.97517578125,False,False,up
MDK,-0.07039999999999999,0.4802686212160481,0.42578125,9,0.9898389461302447,0.97517578125,False,False,down
TOMM20,-0.20810999999999996,0.48057917303249964,0.431640625,10,0.9898389461302447,0.97517578125,False,False,down
ITGB5,-0.1125444444444444,0.4805861665486427,0.12890625,9,0.9898389461302447,0.97517578125,False,False,down
TCN1,0.08052222222222222,0.48061412078004284,0.8203125,9,0.9898389461302447,1.0,False,False,up
IRAK4,-0.3345,0.4807617416855553,0.4609375,8,0.9898389461302447,0.986577545700309,False,False,down
UBXN1,-0.27740000000000004,0.48126735843049806,0.42578125,9,0.9898389461302447,0.97517578125,False,False,down
GP2,0.12612222222222227,0.48169674522885275,0.42578125,9,0.9898389461302447,0.97517578125,False,False,up
UGDH,0.12608888888888892,0.4819407398914515,0.734375,9,0.9898389461302447,1.0,False,False,up
THOP1,-0.0725888888888889,0.48203067405699906,0.5703125,9,0.9898389461302447,0.986577545700309,False,False,down
KLRB1,-0.047880000000000006,0.48259013990967947,0.275390625,10,0.9898389461302447,0.97517578125,False,False,down
NPM1,-0.14014444444444443,0.48345145582660287,0.65234375,9,0.9898389461302447,0.986577545700309,False,False,down
GCC1,-0.35957000000000006,0.4834843969279332,0.375,10,0.9898389461302447,0.97517578125,False,False,down
TG,0.16700000000000004,0.4838246331925511,0.375,10,0.9898389461302447,0.97517578125,False,False,up
DNAJA2,-0.2859900000000001,0.4840823063224282,0.431640625,10,0.9898389461302447,0.97517578125,False,False,down
AHCY,0.14132222222222224,0.4848712490684992,0.49609375,9,0.9898389461302447,0.986577545700309,False,False,up
EDDM3B,0.11118999999999997,0.48512585449502144,0.556640625,10,0.9898389461302447,0.986577545700309,False,False,up
CXCL11,-0.12301000000000002,0.48541087869777844,0.4921875,10,0.9898389461302447,0.986577545700309,False,False,down
CD83,-0.09743750000000001,0.4854712442575012,0.4609375,8,0.9898389461302447,0.986577545700309,False,False,down
HBEGF,0.22632999999999998,0.48613730863413884,0.921875,10,0.9898389461302447,1.0,False,False,up
AP2B1,-0.2054857142857143,0.4864333543992504,0.9375,7,0.9898389461302447,1.0,False,False,down
AZU1,0.43237999999999993,0.48811909629984607,1.0,10,0.9898389461302447,1.0,False,False,up
PCSK9,-0.08666000000000004,0.48839620293271147,0.625,10,0.9898389461302447,0.986577545700309,False,False,down
FOXO1,-0.11521250000000001,0.4887670749671733,0.640625,8,0.9898389461302447,0.986577545700309,False,False,down
TFF3,-0.15223000000000003,0.48994856055437475,0.322265625,10,0.9898389461302447,0.97517578125,False,False,down
GFRA1,0.04769000000000001,0.49042392125349943,0.625,10,0.9898389461302447,0.986577545700309,False,False,up
DKK4,-0.07704444444444444,0.4913761781541287,0.1640625,9,0.9898389461302447,0.97517578125,False,False,down
INSL4,-0.10037,0.4915093081927182,0.4921875,10,0.9898389461302447,0.986577545700309,False,False,down
OTOA,0.12537499999999996,0.4915847524462663,0.4609375,8,0.9898389461302447,0.986577545700309,False,False,up
RILPL2,-0.36333000000000004,0.4921886903097694,0.322265625,10,0.9898389461302447,0.97517578125,False,False,down
APOA1,0.08538000000000001,0.49234259463655405,0.845703125,10,0.9898389461302447,1.0,False,False,up
IDO1__Cardiometabolic_II,0.06637777777777773,0.49306829982376565,0.5703125,9,0.9898389461302447,0.986577545700309,False,False,up
NRCAM,0.0832777777777778,0.49342612722891643,0.5703125,9,0.9898389461302447,0.986577545700309,False,False,up
ENPP6,-0.10101111111111111,0.49367821180410865,0.49609375,9,0.9898389461302447,0.986577545700309,False,False,down
KCNIP4,0.18268750000000003,0.49471128838347167,0.4609375,8,0.9898389461302447,0.986577545700309,False,False,up
APOF,0.12488888888888888,0.4947635848845022,1.0,9,0.9898389461302447,1.0,False,False,up
LILRB1,-0.033800000000000004,0.49506359706444547,0.4921875,10,0.9898389461302447,0.986577545700309,False,False,down
SYNGAP1,0.13126249999999998,0.49548827473200363,0.640625,8,0.9898389461302447,0.986577545700309,False,False,up
PON1,0.10012222222222222,0.49605287701695744,0.91015625,9,0.9898389461302447,1.0,False,False,up
MYL6B,0.3552285714285715,0.4969216130074653,0.21875,7,0.9898389461302447,0.97517578125,False,False,up
SLC9A3R1,0.24448888888888887,0.49695836192814347,0.5703125,9,0.9898389461302447,0.986577545700309,False,False,up
SOX2,0.11625555555555556,0.49731811054771635,0.49609375,9,0.9898389461302447,0.986577545700309,False,False,up
PCDH1,-0.036120000000000006,0.4976514727856304,0.556640625,10,0.9898389461302447,0.986577545700309,False,False,down
IL1A,-0.6728,0.4979314479526912,0.65234375,9,0.9898389461302447,0.986577545700309,False,False,down
KAZN,-0.27183,0.4982556085446169,0.4921875,10,0.9898389461302447,0.986577545700309,False,False,down
DNAJC9,-0.25185,0.49879831364052796,0.76953125,10,0.9898389461302447,1.0,False,False,down
HADH,-0.1502,0.4988164069181962,0.734375,9,0.9898389461302447,1.0,False,False,down
TST,-0.24372500000000002,0.49895635488872914,0.3828125,8,0.9898389461302447,0.97517578125,False,False,down
GID8,0.12368888888888889,0.49918461617107923,0.734375,9,0.9898389461302447,1.0,False,False,up
PPP3R1,-0.15339999999999998,0.4995226698663472,0.42578125,9,0.9898389461302447,0.97517578125,False,False,down
LHB,-0.158775,0.4997418281122801,0.4609375,8,0.9898389461302447,0.986577545700309,False,False,down
PNMA2,0.11823749999999998,0.5006453858851397,0.4609375,8,0.9898389461302447,0.986577545700309,False,False,up
LAMP3,-0.05417000000000001,0.5009313913556027,0.625,10,0.9898389461302447,0.986577545700309,False,False,down
BCR,-0.1283875,0.5010847229266002,0.640625,8,0.9898389461302447,0.986577545700309,False,False,down
SDHB,-0.08417,0.5013059244276712,0.4921875,10,0.9898389461302447,0.986577545700309,False,False,down
SCLY,-0.10724,0.5017677296546079,0.6953125,10,0.9898389461302447,1.0,False,False,down
NARS1,-0.1083666666666667,0.5029351690032544,0.734375,9,0.9898389461302447,1.0,False,False,down
MFAP5,0.04695999999999999,0.5029388453835778,0.556640625,10,0.9898389461302447,0.986577545700309,False,False,up
QDPR,-0.20767777777777774,0.5036933200245881,0.734375,9,0.9898389461302447,1.0,False,False,down
TP73,0.16854285714285713,0.5039105490277686,0.578125,7,0.9898389461302447,0.986577545700309,False,False,up
PAPPA,-0.21928888888888887,0.5039792651056791,0.42578125,9,0.9898389461302447,0.97517578125,False,False,down
JCHAIN,-0.2771111111111112,0.5042231119363667,0.49609375,9,0.9898389461302447,0.986577545700309,False,False,down
TRIM40,0.19422857142857147,0.5043657339868108,0.6875,7,0.9898389461302447,1.0,False,False,up
NUDT15,0.25295555555555554,0.5044423684740584,0.65234375,9,0.9898389461302447,0.986577545700309,False,False,up
SERPINI1,0.11342222222222222,0.5044955382876922,0.359375,9,0.9898389461302447,0.97517578125,False,False,up
BMP6,0.06740000000000002,0.5045290204285634,0.49609375,9,0.9898389461302447,0.986577545700309,False,False,up
TRPV3,0.3548777777777778,0.5049012741565337,0.91015625,9,0.9898389461302447,1.0,False,False,up
TNFSF11,-0.12476249999999994,0.5052750836297852,0.546875,8,0.9898389461302447,0.986577545700309,False,False,down
CBX2,0.13726666666666665,0.5053099065772635,0.359375,9,0.9898389461302447,0.97517578125,False,False,up
MOCS2,0.20126666666666676,0.5060694317409544,0.8203125,9,0.9898389461302447,1.0,False,False,up
RANBP2,0.1276125,0.506327809093766,0.84375,8,0.9898389461302447,1.0,False,False,up
CPOX,-0.08674444444444444,0.5063280649058011,0.5703125,9,0.9898389461302447,0.986577545700309,False,False,down
CCL14,0.10211999999999999,0.5068027345794643,0.76953125,10,0.9898389461302447,1.0,False,False,up
PSMD9,-0.24480999999999997,0.5071850320134266,1.0,10,0.9898389461302447,1.0,False,False,down
MYO6,0.13767777777777782,0.5072490625323101,0.91015625,9,0.9898389461302447,1.0,False,False,up
NRGN,-0.1528555555555556,0.5072614440411116,0.12890625,9,0.9898389461302447,0.97517578125,False,False,down
HPCAL1,-0.21521000000000007,0.5076187456492232,0.431640625,10,0.9898389461302447,0.97517578125,False,False,down
FIS1,-0.22715000000000005,0.5109329487504118,0.556640625,10,0.9898389461302447,0.986577545700309,False,False,down
UNG,0.18164999999999998,0.5114303112254264,0.431640625,10,0.9898389461302447,0.97517578125,False,False,up
APP,0.24312,0.5117215142561732,1.0,10,0.9898389461302447,1.0,False,False,up
GALNT10,0.07340000000000002,0.5117815225653397,0.431640625,10,0.9898389461302447,0.97517578125,False,False,up
ATP5F1D,-0.1732555555555555,0.512770524850533,0.49609375,9,0.9898389461302447,0.986577545700309,False,False,down
ACY3,-0.07236666666666666,0.5134324618744116,0.8203125,9,0.9898389461302447,1.0,False,False,down
CD80,-0.15238000000000002,0.5141677472130106,0.625,10,0.9898389461302447,0.986577545700309,False,False,down
F13B,0.09132,0.5141994179918739,0.625,10,0.9898389461302447,0.986577545700309,False,False,up
ARTN,-0.2066888888888889,0.5142238580773822,0.42578125,9,0.9898389461302447,0.97517578125,False,False,down
ITGA11,0.05986250000000001,0.5147681937478927,0.7421875,8,0.9898389461302447,1.0,False,False,up
CSPG4,0.07397999999999999,0.514873931221286,0.4921875,10,0.9898389461302447,0.986577545700309,False,False,up
PPP2R5A,-0.28480999999999995,0.5160661777410771,0.625,10,0.9898389461302447,0.986577545700309,False,False,down
TNFSF10,-0.07965,0.5170689470269605,0.375,10,0.9898389461302447,0.97517578125,False,False,down
STAB2,0.09827000000000001,0.5173695993314039,0.845703125,10,0.9898389461302447,1.0,False,False,up
IGF2R,-0.04793,0.5175512670287576,0.232421875,10,0.9898389461302447,0.97517578125,False,False,down
FNDC1,0.07712000000000001,0.5177271596187665,0.625,10,0.9898389461302447,0.986577545700309,False,False,up
ITGAL,0.8252555555555559,0.5179981708295227,0.49609375,9,0.9898389461302447,0.986577545700309,False,False,up
CD48,0.03149000000000002,0.5187441105282673,0.4921875,10,0.9898389461302447,0.986577545700309,False,False,up
RAB39B,0.12014444444444446,0.5195613782747223,0.5703125,9,0.9898389461302447,0.986577545700309,False,False,up
ASAH2,-0.10063333333333335,0.5197084565871581,0.1640625,9,0.9898389461302447,0.97517578125,False,False,down
CPA2,0.11374999999999998,0.5199164095882214,0.322265625,10,0.9898389461302447,0.97517578125,False,False,up
PLIN1,0.08349999999999998,0.5200368010774834,0.546875,8,0.9898389461302447,0.986577545700309,False,False,up
BABAM1,0.0848111111111111,0.5201352921865181,0.734375,9,0.9898389461302447,1.0,False,False,up
DOK2,-0.31653333333333333,0.5217138322133408,0.5703125,9,0.9898389461302447,0.986577545700309,False,False,down
SPACA5_SPACA5B,-0.12343333333333334,0.5220438305821432,0.65234375,9,0.9898389461302447,0.986577545700309,False,False,down
EDN1,0.03941111111111111,0.5222972119407197,0.5703125,9,0.9898389461302447,0.986577545700309,False,False,up
CNGB3,-0.140475,0.5226839050146928,0.4609375,8,0.9898389461302447,0.986577545700309,False,False,down
MMP8,0.36438999999999994,0.5227287074382732,0.921875,10,0.9898389461302447,1.0,False,False,up
ANXA10,-0.14177499999999998,0.523529258302202,0.4609375,8,0.9898389461302447,0.986577545700309,False,False,down
COMP,-0.04333,0.5239921477903866,0.556640625,10,0.9898389461302447,0.986577545700309,False,False,down
SRP14,0.14811999999999997,0.5242197680653448,0.625,10,0.9898389461302447,0.986577545700309,False,False,up
CD300C,-0.04372,0.5249157329492524,0.556640625,10,0.9898389461302447,0.986577545700309,False,False,down
SNAP23,-0.3237333333333334,0.525207091763518,0.5703125,9,0.9898389461302447,0.986577545700309,False,False,down
PRG3,0.08199000000000002,0.5258365319964278,0.6953125,10,0.9898389461302447,1.0,False,False,up
DDR1,-0.03957999999999999,0.5259145466263853,0.625,10,0.9898389461302447,0.986577545700309,False,False,down
MMUT,-0.17105555555555554,0.5266147693304557,0.734375,9,0.9898389461302447,1.0,False,False,down
DPEP1,-0.06466666666666668,0.5273008727759025,0.42578125,9,0.9898389461302447,0.97517578125,False,False,down
CCL25,-0.09382000000000003,0.5294293492254436,0.845703125,10,0.9898389461302447,1.0,False,False,down
DNAJA4,-0.26585,0.5294690806736886,0.921875,10,0.9898389461302447,1.0,False,False,down
CIT,-0.12211428571428569,0.5296850879473435,0.6875,7,0.9898389461302447,1.0,False,False,down
SCAMP3,-0.24146000000000006,0.5308127826320899,0.431640625,10,0.9898389461302447,0.97517578125,False,False,down
LAMA4,-0.04198000000000001,0.53116770452936,0.6953125,10,0.9898389461302447,1.0,False,False,down
IL6__Inflammation,-0.48421249999999993,0.5314445195083772,0.84375,8,0.9898389461302447,1.0,False,False,down
CTSS,-0.030269999999999984,0.5320978661443305,0.556640625,10,0.9898389461302447,0.986577545700309,False,False,down
NTRK2,0.06462222222222222,0.5323261582064464,0.5703125,9,0.9898389461302447,0.986577545700309,False,False,up
GLO1,-0.24538888888888893,0.5328107189398139,0.5703125,9,0.9898389461302447,0.986577545700309,False,False,down
HGFAC,0.0920111111111111,0.532879932255781,1.0,9,0.9898389461302447,1.0,False,False,up
LRP1,-0.026480000000000004,0.5332566183938702,0.556640625,10,0.9898389461302447,0.986577545700309,False,False,down
ASRGL1,-0.24186666666666667,0.5333116734042085,0.8203125,9,0.9898389461302447,1.0,False,False,down
MDH1,-0.17135555555555557,0.5333707668656591,0.65234375,9,0.9898389461302447,0.986577545700309,False,False,down
AIFM1,-0.23862,0.5338348600047254,0.322265625,10,0.9898389461302447,0.97517578125,False,False,down
FUOM,0.11327777777777776,0.5342673798394153,0.734375,9,0.9898389461302447,1.0,False,False,up
SMTN,-0.3006200000000001,0.5343310406441414,0.431640625,10,0.9898389461302447,0.97517578125,False,False,down
KRT14,-0.08166250000000003,0.5345458903926064,0.84375,8,0.9898389461302447,1.0,False,False,down
BID,0.34092500000000003,0.534598820327935,0.640625,8,0.9898389461302447,0.986577545700309,False,False,up
PKN3,-0.27183750000000007,0.5348034757680915,0.84375,8,0.9898389461302447,1.0,False,False,down
ENPP2,-0.04536,0.5351245939515588,0.431640625,10,0.9898389461302447,0.97517578125,False,False,down
ATG4A,-0.29031250000000003,0.5356413065754975,0.84375,8,0.9898389461302447,1.0,False,False,down
LACRT,0.10250999999999996,0.5359811108612855,0.625,10,0.9898389461302447,0.986577545700309,False,False,up
IL4,0.49128888888888894,0.5365831854261209,0.49609375,9,0.9898389461302447,0.986577545700309,False,False,up
MAN2B2,0.0799,0.537247783905481,1.0,10,0.9898389461302447,1.0,False,False,up
AMY2A,-0.07103,0.5383774864570678,0.625,10,0.9898389461302447,0.986577545700309,False,False,down
PYDC1,0.05020000000000001,0.5384624666217628,0.734375,9,0.9898389461302447,1.0,False,False,up
CDKN2D,-0.2675300000000001,0.5385378898557452,0.375,10,0.9898389461302447,0.97517578125,False,False,down
EVI5,-0.2652777777777777,0.5385698442795248,0.49609375,9,0.9898389461302447,0.986577545700309,False,False,down
GIPR,0.12453333333333336,0.539046607465065,0.8203125,9,0.9898389461302447,1.0,False,False,up
PSMG4,-0.2038888888888889,0.5390803754690094,0.734375,9,0.9898389461302447,1.0,False,False,down
MUC13,0.182125,0.5393913136843698,0.3125,8,0.9898389461302447,0.97517578125,False,False,up
DHRS4L2,-0.0748,0.5408349440812404,0.76953125,10,0.9898389461302447,1.0,False,False,down
SEMA4D,0.09915000000000002,0.5409649280482758,1.0,10,0.9898389461302447,1.0,False,False,up
CA4,-0.03845999999999999,0.5409853050824203,0.625,10,0.9898389461302447,0.986577545700309,False,False,down
MEP1A,0.04602000000000005,0.5413609698730809,0.193359375,10,0.9898389461302447,0.97517578125,False,False,up
VAMP5,-0.12552222222222226,0.5413871763152567,0.359375,9,0.9898389461302447,0.97517578125,False,False,down
MORC3,0.07130999999999998,0.5414569336805877,0.16015625,10,0.9898389461302447,0.97517578125,False,False,up
DNAJC21,0.07139999999999999,0.5415978678120015,0.6953125,10,0.9898389461302447,1.0,False,False,up
CAMSAP1,-0.28845555555555563,0.5424554745782277,0.5703125,9,0.9898389461302447,0.986577545700309,False,False,down
ERP44,0.06504999999999998,0.5426078200338009,0.556640625,10,0.9898389461302447,0.986577545700309,False,False,up
OSCAR,-0.040089999999999994,0.5435050324371685,0.4921875,10,0.9898389461302447,0.986577545700309,False,False,down
SRPX,0.08504999999999999,0.543709202649612,1.0,10,0.9898389461302447,1.0,False,False,up
MTHFD2,0.07635,0.543906068607731,0.556640625,10,0.9898389461302447,0.986577545700309,False,False,up
TGFB2,0.14496,0.5441838302385522,0.4921875,10,0.9898389461302447,0.986577545700309,False,False,up
NDUFB7,-0.13084999999999997,0.5442472597052985,0.6953125,10,0.9898389461302447,1.0,False,False,down
ACRBP,0.10280999999999998,0.5444248090964181,0.556640625,10,0.9898389461302447,0.986577545700309,False,False,up
SLIRP,0.1304888888888889,0.5445072353317053,0.5703125,9,0.9898389461302447,0.986577545700309,False,False,up
YES1,-0.27007,0.5447037848112612,0.431640625,10,0.9898389461302447,0.97517578125,False,False,down
IL1R2,-0.03247,0.5458657978618076,0.431640625,10,0.9898389461302447,0.97517578125,False,False,down
DEFB104A_DEFB104B,-0.08825,0.5459884889758411,0.4609375,8,0.9898389461302447,0.986577545700309,False,False,down
CDK1,0.18486666666666668,0.5460156935744611,0.5703125,9,0.9898389461302447,0.986577545700309,False,False,up
FGR,0.1263125,0.5464581558312642,0.7421875,8,0.9898389461302447,1.0,False,False,up
TNFSF14,0.27765555555555554,0.5470484095840236,0.734375,9,0.9898389461302447,1.0,False,False,up
CTSF,-0.09826666666666667,0.5475651607432341,0.65234375,9,0.9898389461302447,0.986577545700309,False,False,down
BNIP3L,0.13069999999999993,0.5476258059271115,0.49609375,9,0.9898389461302447,0.986577545700309,False,False,up
OSM,0.43888749999999993,0.5478103851742093,0.9453125,8,0.9898389461302447,1.0,False,False,up
ATOX1,-0.19837777777777774,0.549792792418058,0.49609375,9,0.9898389461302447,0.986577545700309,False,False,down
GATA3,0.1693111111111111,0.5499358312155178,0.65234375,9,0.9898389461302447,0.986577545700309,False,False,up
RNASE4,0.09640000000000001,0.5502724871744167,1.0,9,0.9898389461302447,1.0,False,False,up
WIF1,0.05095000000000001,0.5503586881725371,0.4921875,10,0.9898389461302447,0.986577545700309,False,False,up
POF1B,-0.14066666666666666,0.5504728945261231,0.5703125,9,0.9898389461302447,0.986577545700309,False,False,down
IPCEF1,-0.21425555555555548,0.5508477491294828,0.203125,9,0.9898389461302447,0.97517578125,False,False,down
RBP1,-0.08885714285714287,0.5517081542810776,0.46875,7,0.9898389461302447,0.986577545700309,False,False,down
PEAR1,-0.0359,0.5521920913576248,0.6953125,10,0.9898389461302447,1.0,False,False,down
SNCA,-0.5551666666666666,0.5522895503824543,0.49609375,9,0.9898389461302447,0.986577545700309,False,False,down
RRM2B,-0.06091250000000001,0.5526929126291722,0.4609375,8,0.9898389461302447,0.986577545700309,False,False,down
S100A14,0.12041111111111115,0.5528178449326295,0.5703125,9,0.9898389461302447,0.986577545700309,False,False,up
ACVRL1,0.05604444444444444,0.5535419455682544,1.0,9,0.9898389461302447,1.0,False,False,up
TNFRSF10A,0.045822222222222216,0.5541583207513874,0.65234375,9,0.9898389461302447,0.986577545700309,False,False,up
CHL1,-0.038650000000000004,0.5557170721617486,0.6953125,10,0.9898389461302447,1.0,False,False,down
SIRPB1,0.04624999999999999,0.5557239576630446,1.0,10,0.9898389461302447,1.0,False,False,up
SLA2,-0.2335444444444445,0.5560005984560867,0.359375,9,0.9898389461302447,0.97517578125,False,False,down
CLIC5,0.14481428571428578,0.5568630602889534,0.375,7,0.9898389461302447,0.97517578125,False,False,up
MLN,0.13957499999999995,0.5578235255413588,0.640625,8,0.9898389461302447,0.986577545700309,False,False,up
LRRC25,0.06297,0.5579926828306168,0.556640625,10,0.9898389461302447,0.986577545700309,False,False,up
VEGFA,0.12631000000000003,0.5585241131661596,0.76953125,10,0.9898389461302447,1.0,False,False,up
PODXL,-0.02739999999999999,0.5585745711452055,0.625,10,0.9898389461302447,0.986577545700309,False,False,down
ITGBL1,0.11254,0.5586058150182991,0.76953125,10,0.9898389461302447,1.0,False,False,up
ARMCX2,0.22221249999999998,0.5590855309296481,0.84375,8,0.9898389461302447,1.0,False,False,up
HCLS1,-0.18237000000000006,0.5591642242943446,0.625,10,0.9898389461302447,0.986577545700309,False,False,down
SHD,0.0872111111111111,0.559430317400458,0.5703125,9,0.9898389461302447,0.986577545700309,False,False,up
PLG,0.09127,0.5596527742233439,0.4921875,10,0.9898389461302447,0.986577545700309,False,False,up
CDA,0.10167999999999999,0.5599491375086469,1.0,10,0.9898389461302447,1.0,False,False,up
CLEC4M,0.06700000000000002,0.5602159935258706,0.6953125,10,0.9898389461302447,1.0,False,False,up
CEP164,0.10003333333333335,0.5603360110321425,0.5703125,9,0.9898389461302447,0.986577545700309,False,False,up
EPB41L5,-0.28034285714285717,0.5603485534199228,0.8125,7,0.9898389461302447,1.0,False,False,down
CASP7,-0.17204999999999995,0.5605523415313528,0.4921875,10,0.9898389461302447,0.986577545700309,False,False,down
TCL1A,-0.09963333333333331,0.5606243297006175,0.734375,9,0.9898389461302447,1.0,False,False,down
SKAP2,-0.25257999999999997,0.5608179706664385,0.431640625,10,0.9898389461302447,0.97517578125,False,False,down
ICOSLG,0.05384,0.5609175449236532,0.76953125,10,0.9898389461302447,1.0,False,False,up
VCAN,-0.043050000000000005,0.5610377217332987,0.625,10,0.9898389461302447,0.986577545700309,False,False,down
ARHGEF10,-0.23595555555555553,0.5610612171609278,0.42578125,9,0.9898389461302447,0.97517578125,False,False,down
SSBP1,0.1077333333333333,0.561262569566584,0.359375,9,0.9898389461302447,0.97517578125,False,False,up
CDC42BPB,-0.27075000000000005,0.5613414563311154,0.431640625,10,0.9898389461302447,0.97517578125,False,False,down
GPD1,-0.1635199999999999,0.5621521748876576,0.6953125,10,0.9898389461302447,1.0,False,False,down
CCDC28A,0.2550571428571429,0.5622477314128047,0.6875,7,0.9898389461302447,1.0,False,False,up
DDX1,0.18095999999999995,0.5623908884627544,0.4921875,10,0.9898389461302447,0.986577545700309,False,False,up
LTA,0.0660875,0.5625716586986144,0.84375,8,0.9898389461302447,1.0,False,False,up
TIA1,-0.12068888888888887,0.5630285145978482,0.49609375,9,0.9898389461302447,0.986577545700309,False,False,down
LTA4H,-0.12664000000000017,0.5638320409124986,0.625,10,0.9898389461302447,0.986577545700309,False,False,down
DLL4,0.1788666666666667,0.563955909659096,0.5703125,9,0.9898389461302447,0.986577545700309,False,False,up
ACP6,-0.05652,0.5642582450784408,0.431640625,10,0.9898389461302447,0.97517578125,False,False,down
BPIFB2,0.08307000000000006,0.5643081811588344,0.431640625,10,0.9898389461302447,0.97517578125,False,False,up
PLXDC1,-0.08179999999999998,0.5644042401022462,0.3828125,8,0.9898389461302447,0.97517578125,False,False,down
APEX1,0.26347000000000004,0.5646181097862424,0.625,10,0.9898389461302447,0.986577545700309,False,False,up
PTPRM,-0.08013749999999999,0.5652325550230148,0.546875,8,0.9898389461302447,0.986577545700309,False,False,down
RAB11FIP3,-0.3253799999999999,0.5652875096240845,0.4921875,10,0.9898389461302447,0.986577545700309,False,False,down
CMC1,-0.16982000000000003,0.565456680168085,0.375,10,0.9898389461302447,0.97517578125,False,False,down
PAG1,-0.15923333333333337,0.5660000394802418,0.65234375,9,0.9898389461302447,0.986577545700309,False,False,down
IDI2,0.23845000000000002,0.5663693644303045,0.640625,8,0.9898389461302447,0.986577545700309,False,False,up
ACE,0.07514444444444443,0.566402034811172,0.8203125,9,0.9898389461302447,1.0,False,False,up
ECHDC3,-0.10472000000000001,0.5664403137321503,0.625,10,0.9898389461302447,0.986577545700309,False,False,down
AKR1C4,-0.15054444444444448,0.5666326299075792,0.65234375,9,0.9898389461302447,0.986577545700309,False,False,down
DOC2B,0.10969999999999998,0.5688648390631038,0.578125,7,0.9898389461302447,0.986577545700309,False,False,up
FOLR2,-0.045529999999999994,0.5689268209371852,0.375,10,0.9898389461302447,0.97517578125,False,False,down
COX6B1,-0.15630000000000002,0.5692221663136074,0.921875,10,0.9898389461302447,1.0,False,False,down
ERCC1,0.18651111111111116,0.5696290982634235,0.734375,9,0.9898389461302447,1.0,False,False,up
MRPL46,-0.11657500000000001,0.5696899854093207,0.640625,8,0.9898389461302447,0.986577545700309,False,False,down
MCAM,0.02978000000000001,0.5698597754279804,0.6953125,10,0.9898389461302447,1.0,False,False,up
ROBO1,-0.027159999999999997,0.5704865672905172,0.431640625,10,0.9898389461302447,0.97517578125,False,False,down
HPSE,0.31528999999999996,0.5705857851033466,1.0,10,0.9898389461302447,1.0,False,False,up
NELL1,0.052822222222222215,0.5706234372362506,0.5703125,9,0.9898389461302447,0.986577545700309,False,False,up
TBC1D5,-0.2562125,0.5714385052782702,0.546875,8,0.9898389461302447,0.986577545700309,False,False,down
DAND5,-0.7745222222222221,0.5714729261373794,0.8203125,9,0.9898389461302447,1.0,False,False,down
CAT,-0.20402222222222222,0.5715029069949225,1.0,9,0.9898389461302447,1.0,False,False,down
ST13,-0.28353333333333325,0.5715986244984245,0.42578125,9,0.9898389461302447,0.97517578125,False,False,down
SHH,0.14758888888888885,0.5716163423621872,0.734375,9,0.9898389461302447,1.0,False,False,up
PIBF1,-0.16991111111111112,0.5719243559041973,0.42578125,9,0.9898389461302447,0.97517578125,False,False,down
STK11,-0.15674444444444444,0.5719965797340786,0.359375,9,0.9898389461302447,0.97517578125,False,False,down
POMC,-0.14195555555555553,0.5723487328020558,0.359375,9,0.9898389461302447,0.97517578125,False,False,down
BHLHE40,0.204475,0.5727010739253496,0.3828125,8,0.9898389461302447,0.97517578125,False,False,up
CDC37,-0.23395555555555544,0.5735589678459945,0.42578125,9,0.9898389461302447,0.97517578125,False,False,down
ENG,-0.02637000000000001,0.5737390809151277,0.375,10,0.9898389461302447,0.97517578125,False,False,down
GOPC,-0.16599999999999993,0.5740773337856093,0.7421875,8,0.9898389461302447,1.0,False,False,down
GIP,-0.09068888888888887,0.5743002970283759,0.65234375,9,0.9898389461302447,0.986577545700309,False,False,down
NFX1,-0.3196333333333334,0.5743741840285994,0.91015625,9,0.9898389461302447,1.0,False,False,down
LPCAT2,0.10807000000000003,0.5744437474509161,0.845703125,10,0.9898389461302447,1.0,False,False,up
PAGR1,-0.10972222222222223,0.5756096698974704,0.8203125,9,0.9898389461302447,1.0,False,False,down
SOX9,0.2727428571428572,0.5760362399545814,0.296875,7,0.9898389461302447,0.97517578125,False,False,up
BTN2A1,0.024600000000000007,0.576454210406213,0.625,10,0.9898389461302447,0.986577545700309,False,False,up
ANG,-0.046529999999999995,0.5773036576595292,0.625,10,0.9898389461302447,0.986577545700309,False,False,down
S100A16,0.09824999999999999,0.5774883294999336,0.84375,8,0.9898389461302447,1.0,False,False,up
FGFR4,0.1121888888888889,0.5775466867511804,0.8203125,9,0.9898389461302447,1.0,False,False,up
CORO1A,-0.22281999999999993,0.5775610511877642,0.322265625,10,0.9898389461302447,0.97517578125,False,False,down
APOE,0.06183000000000001,0.5776290164065097,0.556640625,10,0.9898389461302447,0.986577545700309,False,False,up
ICAM5,0.047555555555555525,0.577761787203763,0.42578125,9,0.9898389461302447,0.97517578125,False,False,up
FCRL6,-0.061649999999999955,0.5780076288973977,0.640625,8,0.9898389461302447,0.986577545700309,False,False,down
PTPRB,0.05887000000000002,0.5782758454252441,1.0,10,0.9898389461302447,1.0,False,False,up
ADGRB3,0.043311111111111106,0.5787093797773826,0.65234375,9,0.9898389461302447,0.986577545700309,False,False,up
TIMD4,0.02616000000000001,0.578796299266008,0.6953125,10,0.9898389461302447,1.0,False,False,up
NPY,0.13297000000000003,0.5788271404773702,0.431640625,10,0.9898389461302447,0.97517578125,False,False,up
CSNK1D,0.12876666666666667,0.578890907478401,0.734375,9,0.9898389461302447,1.0,False,False,up
PRKAR1A,-0.26202222222222216,0.5791639065583954,0.5703125,9,0.9898389461302447,0.986577545700309,False,False,down
PTGES2,-0.35669999999999996,0.5795310311477506,1.0,9,0.9898389461302447,1.0,False,False,down
NEO1,0.0747111111111111,0.5803587904671355,0.734375,9,0.9898389461302447,1.0,False,False,up
GIT1,-0.20926666666666668,0.5805515812725714,0.49609375,9,0.9898389461302447,0.986577545700309,False,False,down
THBS4,-0.04683000000000002,0.5806099659466699,0.556640625,10,0.9898389461302447,0.986577545700309,False,False,down
ARID4B,0.12785000000000002,0.581064198856147,0.640625,8,0.9898389461302447,0.986577545700309,False,False,up
F11R,-0.14864,0.5812280033326225,0.556640625,10,0.9898389461302447,0.986577545700309,False,False,down
ANGPTL3,0.06026999999999999,0.5812777670543214,0.556640625,10,0.9898389461302447,0.986577545700309,False,False,up
ARG1,-0.20761000000000002,0.581346111697137,0.375,10,0.9898389461302447,0.97517578125,False,False,down
MFAP3L,0.1707714285714286,0.5816611875596869,0.8125,7,0.9898389461302447,1.0,False,False,up
NUDT10,0.061977777777777784,0.5822752668364972,0.5703125,9,0.9898389461302447,0.986577545700309,False,False,up
CD226,0.22248888888888885,0.5828761811641674,0.8203125,9,0.9898389461302447,1.0,False,False,up
METAP1,-0.09948749999999999,0.5830412962793442,0.640625,8,0.9898389461302447,0.986577545700309,False,False,down
ARL2BP,-0.08611111111111111,0.5833245064614219,0.734375,9,0.9898389461302447,1.0,False,False,down
VASP,0.1612555555555556,0.5835374275321272,0.8203125,9,0.9898389461302447,1.0,False,False,up
EVI2B,0.0712777777777778,0.5840800116267844,0.734375,9,0.9898389461302447,1.0,False,False,up
SAFB2,0.06107777777777777,0.5842962519487731,0.734375,9,0.9898389461302447,1.0,False,False,up
SYTL4,-0.15502999999999995,0.5847036202929161,0.556640625,10,0.9898389461302447,0.986577545700309,False,False,down
C3,0.17691000000000007,0.5850563719645425,1.0,10,0.9898389461302447,1.0,False,False,up
SLC1A4,-0.1034,0.5851204178919689,0.9375,7,0.9898389461302447,1.0,False,False,down
THBD,0.04669999999999999,0.5851528102078917,0.65234375,9,0.9898389461302447,0.986577545700309,False,False,up
CD164,-0.04950000000000001,0.5862344984363934,0.275390625,10,0.9898389461302447,0.97517578125,False,False,down
EZR,-0.06602000000000001,0.5869784100205098,0.845703125,10,0.9898389461302447,1.0,False,False,down
TREH,-0.08130999999999997,0.5870535634011766,0.625,10,0.9898389461302447,0.986577545700309,False,False,down
ELAC1,-0.1951444444444444,0.5875777368059407,0.5703125,9,0.9898389461302447,0.986577545700309,False,False,down
SIGLEC15,-0.09457500000000003,0.587583381100682,0.640625,8,0.9898389461302447,0.986577545700309,False,False,down
CCL7,0.13725000000000004,0.5876152845015218,0.546875,8,0.9898389461302447,0.986577545700309,False,False,up
PPP1R14D,-0.1700777777777778,0.5876856598209859,0.65234375,9,0.9898389461302447,0.986577545700309,False,False,down
YOD1,-0.3641666666666666,0.5895504922105027,1.0,9,0.9898389461302447,1.0,False,False,down
OMP,-0.1274,0.5899807311272058,0.7421875,8,0.9898389461302447,1.0,False,False,down
GLRX,-0.23781111111111114,0.5900048522415546,0.8203125,9,0.9898389461302447,1.0,False,False,down
FCRL3,-0.1589,0.5904241309240104,0.65234375,9,0.9898389461302447,0.986577545700309,False,False,down
SLITRK6,0.08554444444444445,0.5904339626961987,0.65234375,9,0.9898389461302447,0.986577545700309,False,False,up
FARSA,-0.18621428571428572,0.590602785125397,0.578125,7,0.9898389461302447,0.986577545700309,False,False,down
GGA1,0.16292500000000004,0.5906225549813253,0.640625,8,0.9898389461302447,0.986577545700309,False,False,up
CGREF1,-0.04058888888888887,0.591021619611364,0.8203125,9,0.9898389461302447,1.0,False,False,down
IGFBP4,-0.03917999999999999,0.5911206959161719,0.845703125,10,0.9898389461302447,1.0,False,False,down
FGFBP3,0.06096999999999999,0.5911974559038581,0.76953125,10,0.9898389461302447,1.0,False,False,up
NOS1,-0.3083625,0.5918356855137163,0.9453125,8,0.9898389461302447,1.0,False,False,down
CCT5,0.13238750000000002,0.5925735242354486,0.640625,8,0.9898389461302447,0.986577545700309,False,False,up
CPTP,-0.12034444444444443,0.5927773574704305,0.5703125,9,0.9898389461302447,0.986577545700309,False,False,down
SLITRK2,0.04921999999999999,0.5930870690980993,0.6953125,10,0.9898389461302447,1.0,False,False,up
VASN,-0.024499999999999994,0.5936196419586173,0.625,10,0.9898389461302447,0.986577545700309,False,False,down
MTHFSD,0.23892500000000003,0.5936873760684811,0.9453125,8,0.9898389461302447,1.0,False,False,up
IL13RA2,-0.232075,0.5936993256500379,0.546875,8,0.9898389461302447,0.986577545700309,False,False,down
TNFSF8,0.10219,0.5938283420709709,0.6953125,10,0.9898389461302447,1.0,False,False,up
PADI4,0.20871250000000002,0.5939204712130087,0.7421875,8,0.9898389461302447,1.0,False,False,up
CA13,-0.22953333333333326,0.5950351140556653,0.42578125,9,0.9898389461302447,0.97517578125,False,False,down
SGSH,-0.07954999999999998,0.5952517153019811,0.556640625,10,0.9898389461302447,0.986577545700309,False,False,down
VNN2,0.11909999999999998,0.5952840691001895,0.921875,10,0.9898389461302447,1.0,False,False,up
ACAA1,-0.1477,0.595385045951023,0.546875,8,0.9898389461302447,0.986577545700309,False,False,down
IL6__Oncology,-0.17418999999999998,0.5959290247887272,0.845703125,10,0.9898389461302447,1.0,False,False,down
ARAF,0.20897500000000002,0.5963084622821593,0.640625,8,0.9898389461302447,0.986577545700309,False,False,up
SMAD2,0.07701999999999998,0.5964597162189519,0.193359375,10,0.9898389461302447,0.97517578125,False,False,up
LEO1,-0.04385555555555555,0.5970667088882955,0.734375,9,0.9898389461302447,1.0,False,False,down
SUMF1,0.09765555555555555,0.5973284274676405,0.49609375,9,0.9898389461302447,0.986577545700309,False,False,up
FUT3_FUT5,-0.04530000000000001,0.597429499048197,0.431640625,10,0.9898389461302447,0.97517578125,False,False,down
CPXM1,0.2066222222222222,0.5980461819928791,0.25,9,0.9898389461302447,0.97517578125,False,False,up
MFAP4,0.07767777777777779,0.5985100497001488,0.49609375,9,0.9898389461302447,0.986577545700309,False,False,up
LEFTY2,0.13212,0.5988543838044942,0.76953125,10,0.9898389461302447,1.0,False,False,up
CDNF,0.05132000000000003,0.5988737371599374,0.431640625,10,0.9898389461302447,0.97517578125,False,False,up
KLK1,0.06382222222222224,0.5994729337086069,0.734375,9,0.9898389461302447,1.0,False,False,up
CD27,0.06497777777777783,0.6000771110994274,0.91015625,9,0.9898389461302447,1.0,False,False,up
IGBP1,-0.3333666666666668,0.6008605716686506,1.0,9,0.9898389461302447,1.0,False,False,down
KIR2DL3,-0.05165000000000001,0.6012278321692943,0.640625,8,0.9898389461302447,0.986577545700309,False,False,down
TNFRSF10C,0.032209999999999996,0.6014116754446579,0.845703125,10,0.9898389461302447,1.0,False,False,up
SUGP1,0.09019999999999997,0.6014498846481271,0.76953125,10,0.9898389461302447,1.0,False,False,up
TNFRSF21,-0.025349999999999994,0.6028036122242001,0.375,10,0.9898389461302447,0.97517578125,False,False,down
ARHGEF12,-0.2254750000000001,0.6030211475765095,0.546875,8,0.9898389461302447,0.986577545700309,False,False,down
VIT,0.06771000000000002,0.6035926509549194,1.0,10,0.9898389461302447,1.0,False,False,up
IGDCC4,0.06806000000000001,0.6038828157102857,0.76953125,10,0.9898389461302447,1.0,False,False,up
INSL3,0.06613000000000009,0.6041323867764665,0.76953125,10,0.9898389461302447,1.0,False,False,up
LAIR2,-0.056055555555555574,0.6047006992651501,0.8203125,9,0.9898389461302447,1.0,False,False,down
MMP9,0.25470999999999994,0.6051727565330262,0.845703125,10,0.9898389461302447,1.0,False,False,up
HGS,-0.15294999999999997,0.6064206105799141,0.546875,8,0.9898389461302447,0.986577545700309,False,False,down
FLT3LG,-0.025070000000000002,0.6066297077772773,0.556640625,10,0.9898389461302447,0.986577545700309,False,False,down
CDCP1,0.04846666666666669,0.6066691802627391,1.0,9,0.9898389461302447,1.0,False,False,up
ACY1,-0.10183333333333332,0.6067632832024329,0.5703125,9,0.9898389461302447,0.986577545700309,False,False,down
DBH,0.06847777777777776,0.6069455565582955,0.49609375,9,0.9898389461302447,0.986577545700309,False,False,up
AP3B1,-0.15853,0.60696780280158,0.431640625,10,0.9898389461302447,0.97517578125,False,False,down
CTSC,-0.08906,0.6071144762957335,0.556640625,10,0.9898389461302447,0.986577545700309,False,False,down
SSNA1,-0.10684,0.6071661094188618,0.6953125,10,0.9898389461302447,1.0,False,False,down
BACH1,-0.17229999999999998,0.6073402179049744,0.640625,8,0.9898389461302447,0.986577545700309,False,False,down
RNASE1,0.06546666666666667,0.6073804814900918,0.734375,9,0.9898389461302447,1.0,False,False,up
CXCL8__Oncology,0.13386,0.6077095153189646,1.0,10,0.9898389461302447,1.0,False,False,up
EIF2AK2,-0.23096000000000005,0.608646459322402,0.431640625,10,0.9898389461302447,0.97517578125,False,False,down
IDO1__Inflammation_II,0.08164444444444446,0.6091348970679541,0.65234375,9,0.9898389461302447,0.986577545700309,False,False,up
PNMA1,-0.12093333333333331,0.609433916610594,0.42578125,9,0.9898389461302447,0.97517578125,False,False,down
SESTD1,-0.18145,0.6094843259606919,0.546875,8,0.9898389461302447,0.986577545700309,False,False,down
MENT,0.05681111111111111,0.6098827086528199,0.65234375,9,0.9898389461302447,0.986577545700309,False,False,up
CEBPB,0.08938888888888888,0.6099614168339774,0.8203125,9,0.9898389461302447,1.0,False,False,up
ATP1B1,0.09523333333333335,0.6099705739932317,0.5703125,9,0.9898389461302447,0.986577545700309,False,False,up
MPIG6B,-0.18908,0.6102184328087855,0.4921875,10,0.9898389461302447,0.986577545700309,False,False,down
PTGR1,0.10764,0.6104504136550946,0.6953125,10,0.9898389461302447,1.0,False,False,up
IGFL4,-0.1026555555555556,0.6109578110793857,0.8203125,9,0.9898389461302447,1.0,False,False,down
STX4,-0.15464999999999998,0.6110959736220286,0.322265625,10,0.9898389461302447,0.97517578125,False,False,down
CD84,0.11543749999999997,0.6112940501320097,1.0,8,0.9898389461302447,1.0,False,False,up
DDT,0.10486000000000002,0.6114755105555755,0.556640625,10,0.9898389461302447,0.986577545700309,False,False,up
TRAF2,-0.23484999999999995,0.6115650289725907,0.640625,8,0.9898389461302447,0.986577545700309,False,False,down
NAGK,-0.0838111111111111,0.6118946998009756,0.42578125,9,0.9898389461302447,0.97517578125,False,False,down
HNRNPUL1,0.11152222222222224,0.6122661558436717,0.359375,9,0.9898389461302447,0.97517578125,False,False,up
DTYMK,-0.24539,0.6123918941747668,0.375,10,0.9898389461302447,0.97517578125,False,False,down
PRKAR2A,-0.21168999999999993,0.6124644030441104,0.4921875,10,0.9898389461302447,0.986577545700309,False,False,down
SUSD4,0.12091999999999996,0.6126203730999028,0.16015625,10,0.9898389461302447,0.97517578125,False,False,up
CEP20,0.16072499999999998,0.613007413345472,0.640625,8,0.9898389461302447,0.986577545700309,False,False,up
LMOD1__Neurology_II,0.11085555555555558,0.6133241921402197,0.42578125,9,0.9898389461302447,0.97517578125,False,False,up
BRSK2,0.15708888888888894,0.6136518852192367,0.91015625,9,0.9898389461302447,1.0,False,False,up
GGACT,-0.13919,0.6138476303661009,0.322265625,10,0.9898389461302447,0.97517578125,False,False,down
APOL1,0.12211111111111109,0.6141101375171933,0.734375,9,0.9898389461302447,1.0,False,False,up
TP53BP1,-0.10662222222222223,0.614867508381348,0.5703125,9,0.9898389461302447,0.986577545700309,False,False,down
PCNA,-0.1144555555555555,0.6149019205028268,0.5703125,9,0.9898389461302447,0.986577545700309,False,False,down
CRYGD,-0.14964999999999998,0.615002142115456,0.556640625,10,0.9898389461302447,0.986577545700309,False,False,down
OSMR,-0.021159999999999998,0.6158894237217533,0.431640625,10,0.9898389461302447,0.97517578125,False,False,down
CD22,-0.02542999999999999,0.6159142980806442,0.4921875,10,0.9898389461302447,0.986577545700309,False,False,down
ROR1,0.056877777777777805,0.6160721502568569,0.5703125,9,0.9898389461302447,0.986577545700309,False,False,up
VASH1,-0.0465875,0.6160899604571946,0.9453125,8,0.9898389461302447,1.0,False,False,down
STX3,-0.07200999999999999,0.6162974676622643,0.76953125,10,0.9898389461302447,1.0,False,False,down
CD40,-0.10605000000000002,0.6163173599439609,0.275390625,10,0.9898389461302447,0.97517578125,False,False,down
EPHA1,-0.05167999999999999,0.6171840146254006,0.625,10,0.9898389461302447,0.986577545700309,False,False,down
PLXNB2,-0.025770000000000005,0.6174313204133219,0.76953125,10,0.9898389461302447,1.0,False,False,down
SMPDL3B,-0.06771999999999997,0.6175803751373037,0.375,10,0.9898389461302447,0.97517578125,False,False,down
PNLIPRP2,-0.07157999999999987,0.6179950539384134,1.0,10,0.9898389461302447,1.0,False,False,down
IL6ST,-0.04038888888888888,0.6183221323076193,0.65234375,9,0.9898389461302447,0.986577545700309,False,False,down
RGS8,0.10715555555555555,0.618586973202637,0.30078125,9,0.9898389461302447,0.97517578125,False,False,up
PPP1R12B,0.083525,0.6189382820641112,0.3125,8,0.9898389461302447,0.97517578125,False,False,up
CSF1R,0.08185555555555558,0.6189764613910115,0.91015625,9,0.9898389461302447,1.0,False,False,up
SCRN1,-0.19702500000000006,0.6204541922233882,0.7421875,8,0.9898389461302447,1.0,False,False,down
EFHD1,0.07089999999999998,0.6204978032488137,0.5703125,9,0.9898389461302447,0.986577545700309,False,False,up
CRISP3,0.058788888888888904,0.6210137009599761,0.5703125,9,0.9898389461302447,0.986577545700309,False,False,up
GSTM4,0.1696888888888889,0.6211281996706852,0.8203125,9,0.9898389461302447,1.0,False,False,up
H2AP,-0.12898888888888896,0.6219150038564196,0.8203125,9,0.9898389461302447,1.0,False,False,down
ARHGAP1,-0.12125,0.6219460285990097,0.84375,8,0.9898389461302447,1.0,False,False,down
PRSS8,-0.03450999999999997,0.621984750946183,0.4921875,10,0.9898389461302447,0.986577545700309,False,False,down
SCGB3A2,0.059699999999999996,0.6219962510173247,0.921875,10,0.9898389461302447,1.0,False,False,up
CRIM1,0.037819999999999986,0.62202133355689,0.921875,10,0.9898389461302447,1.0,False,False,up
MKI67,0.14081111111111116,0.6220635130844062,0.8203125,9,0.9898389461302447,1.0,False,False,up
GOT1,-0.19689000000000004,0.6221764042217734,0.76953125,10,0.9898389461302447,1.0,False,False,down
RBM25,0.18118888888888893,0.6223912384005617,0.5703125,9,0.9898389461302447,0.986577545700309,False,False,up
TSPAN1,0.04376666666666667,0.6224737897417025,0.5703125,9,0.9898389461302447,0.986577545700309,False,False,up
FAM171B,0.07529999999999999,0.6225803611110114,0.625,10,0.9898389461302447,0.986577545700309,False,False,up
ABO,-0.06958888888888887,0.622646891852884,0.42578125,9,0.9898389461302447,0.97517578125,False,False,down
CLPP,-0.1997222222222222,0.623010045347612,0.5703125,9,0.9898389461302447,0.986577545700309,False,False,down
SPRR1B,0.0840375,0.6231199116688748,0.7421875,8,0.9898389461302447,1.0,False,False,up
CSDE1,-0.2397222222222222,0.6232244440492103,0.42578125,9,0.9898389461302447,0.97517578125,False,False,down
HBZ,-0.14797000000000002,0.6233580385904238,0.76953125,10,0.9898389461302447,1.0,False,False,down
MPHOSPH8,0.12922222222222218,0.6243253442162107,1.0,9,0.9898389461302447,1.0,False,False,up
NTproBNP,0.13332222222222226,0.6243681254429178,0.8203125,9,0.9898389461302447,1.0,False,False,up
RAC3,-0.10922857142857141,0.6244783897234132,0.578125,7,0.9898389461302447,0.986577545700309,False,False,down
SMARCA2,0.10946249999999985,0.6245957078285634,0.4609375,8,0.9898389461302447,0.986577545700309,False,False,up
FOLR3,0.024566666666666553,0.6255818575437089,0.65234375,9,0.9898389461302447,0.986577545700309,False,False,up
RNASE3,0.36125555555555555,0.6260370823803263,0.65234375,9,0.9898389461302447,0.986577545700309,False,False,up
AGRP,0.10722000000000005,0.6260412130001977,0.556640625,10,0.9898389461302447,0.986577545700309,False,False,up
PXN,-0.09097500000000003,0.6264287356390401,0.9453125,8,0.9898389461302447,1.0,False,False,down
VSIG10,-0.07304999999999998,0.6265437572561419,0.322265625,10,0.9898389461302447,0.97517578125,False,False,down
GFRA2,0.049219999999999986,0.6265461991904436,0.6953125,10,0.9898389461302447,1.0,False,False,up
BHMT2,0.12411111111111109,0.6266030661910391,0.5703125,9,0.9898389461302447,0.986577545700309,False,False,up
CD59,0.01917,0.6269777149154019,0.275390625,10,0.9898389461302447,0.97517578125,False,False,up
FCGR3B,-0.03634000000000002,0.6271444087614227,0.6953125,10,0.9898389461302447,1.0,False,False,down
COL24A1,-0.3925599999999999,0.6277397326647132,0.921875,10,0.9898389461302447,1.0,False,False,down
HMGCL,-0.09322222222222222,0.6282630019202331,0.5703125,9,0.9898389461302447,0.986577545700309,False,False,down
VPS53,-0.13784,0.628473877127528,0.431640625,10,0.9898389461302447,0.97517578125,False,False,down
REEP4,0.12324444444444439,0.6285637376113542,1.0,9,0.9898389461302447,1.0,False,False,up
GSN,0.07673333333333333,0.6285890518260562,0.49609375,9,0.9898389461302447,0.986577545700309,False,False,up
NXPH1,-0.24192499999999995,0.6287260513312003,0.546875,8,0.9898389461302447,0.986577545700309,False,False,down
FKBP7,-0.09507500000000002,0.6289799381218917,0.640625,8,0.9898389461302447,0.986577545700309,False,False,down
DIABLO,-0.23263333333333336,0.6291896155727006,0.42578125,9,0.9898389461302447,0.97517578125,False,False,down
ZNF75D,0.18547499999999995,0.6292721014885276,0.546875,8,0.9898389461302447,0.986577545700309,False,False,up
PDCD6,-0.02766666666666669,0.6293913046680879,0.8203125,9,0.9898389461302447,1.0,False,False,down
CLIP2,-0.27596249999999994,0.6301236591959852,0.546875,8,0.9898389461302447,0.986577545700309,False,False,down
HSBP1,-0.11575555555555554,0.6304325339389557,0.5703125,9,0.9898389461302447,0.986577545700309,False,False,down
LRCH4,0.1933222222222222,0.630749689489974,1.0,9,0.9898389461302447,1.0,False,False,up
MICALL2,-0.2346285714285714,0.6307547521718193,0.6875,7,0.9898389461302447,1.0,False,False,down
LRFN2,0.11822857142857142,0.6307549985258794,0.8125,7,0.9898389461302447,1.0,False,False,up
GSR,0.06370000000000002,0.6316791055017096,1.0,9,0.9898389461302447,1.0,False,False,up
SPP1,-0.03115,0.6319910426766046,0.625,10,0.9898389461302447,0.986577545700309,False,False,down
ADAMTSL4,-0.05018888888888889,0.6320998055430471,0.5703125,9,0.9898389461302447,0.986577545700309,False,False,down
DEFB4A_DEFB4B,0.2890100000000001,0.6325740846512846,0.556640625,10,0.9898389461302447,0.986577545700309,False,False,up
NFATC1,-0.15256250000000002,0.6333055370297627,0.546875,8,0.9898389461302447,0.986577545700309,False,False,down
OLFM4,0.10412222222222223,0.6335714096519188,0.734375,9,0.9898389461302447,1.0,False,False,up
RANGAP1,-0.060212499999999995,0.6340128820679285,0.546875,8,0.9898389461302447,0.986577545700309,False,False,down
ISM2,0.046740000000000004,0.6344720412502405,0.322265625,10,0.9898389461302447,0.97517578125,False,False,up
CTSB,-0.08561999999999999,0.6346605512870093,0.625,10,0.9898389461302447,0.986577545700309,False,False,down
STC1,-0.06607000000000002,0.6351593129014136,0.556640625,10,0.9898389461302447,0.986577545700309,False,False,down
BTNL10,0.11927777777777776,0.6351631420153059,0.65234375,9,0.9898389461302447,0.986577545700309,False,False,up
CXADR,-0.0755375,0.636207013167157,0.84375,8,0.9898389461302447,1.0,False,False,down
FGF2,-0.09977500000000002,0.6362419634949832,0.640625,8,0.9898389461302447,0.986577545700309,False,False,down
DNAJB8,0.08861111111111113,0.6374812834582421,0.5703125,9,0.9898389461302447,0.986577545700309,False,False,up
MMP3,0.051529999999999986,0.6387939786298726,0.6953125,10,0.9898389461302447,1.0,False,False,up
CCL17,0.14652000000000004,0.6389634142112234,1.0,10,0.9898389461302447,1.0,False,False,up
GBA,-0.2173714285714286,0.6393060918094039,0.8125,7,0.9898389461302447,1.0,False,False,down
MANF,-0.26065,0.6395215460634142,0.375,10,0.9898389461302447,0.97517578125,False,False,down
CDKL5,-0.08062500000000004,0.6396009954469735,0.546875,8,0.9898389461302447,0.986577545700309,False,False,down
IGSF21,-0.03924444444444442,0.6405084956855653,0.65234375,9,0.9898389461302447,0.986577545700309,False,False,down
DIPK1C,-0.14017142857142864,0.6405671193546658,0.578125,7,0.9898389461302447,0.986577545700309,False,False,down
SCPEP1,0.2104666666666667,0.641034137998821,0.91015625,9,0.9898389461302447,1.0,False,False,up
CES2,-0.08238000000000001,0.641369283009585,0.921875,10,0.9898389461302447,1.0,False,False,down
CGN,0.13542857142857145,0.6415004127551603,0.578125,7,0.9898389461302447,0.986577545700309,False,False,up
IL20,-0.1255666666666667,0.6419349668902236,0.65234375,9,0.9898389461302447,0.986577545700309,False,False,down
NRTN,-0.13872222222222216,0.6420824666782582,0.734375,9,0.9898389461302447,1.0,False,False,down
IMMT,-0.08953,0.6423943446886251,1.0,10,0.9898389461302447,1.0,False,False,down
C1QL2,-0.06908888888888891,0.6424567429066748,0.91015625,9,0.9898389461302447,1.0,False,False,down
IQGAP2,-0.17611,0.6426312715746014,0.76953125,10,0.9898389461302447,1.0,False,False,down
ENPP5,-0.030650000000000018,0.6432499676928797,0.76953125,10,0.9898389461302447,1.0,False,False,down
MST1,0.07271111111111107,0.6432605488541379,0.91015625,9,0.9898389461302447,1.0,False,False,up
PDRG1,0.07598571428571423,0.6438091905113905,0.9375,7,0.9898389461302447,1.0,False,False,up
PSRC1,-0.07296250000000003,0.644942796922767,0.7421875,8,0.9898389461302447,1.0,False,False,down
MYCBP2,-0.0942777777777778,0.6455872350870876,0.734375,9,0.9898389461302447,1.0,False,False,down
LPA,0.08968000000000005,0.6455974115679026,0.322265625,10,0.9898389461302447,0.97517578125,False,False,up
FGL1,-0.18261111111111114,0.6457943407415061,1.0,9,0.9898389461302447,1.0,False,False,down
LMOD1__Oncology_II,0.11224,0.6472453264316775,0.431640625,10,0.9898389461302447,0.97517578125,False,False,up
RIPK4,-0.09974444444444443,0.6472586969852756,0.49609375,9,0.9898389461302447,0.986577545700309,False,False,down
LGALS3,-0.02814000000000001,0.6473239127461792,0.6953125,10,0.9898389461302447,1.0,False,False,down
MZT1,0.09624999999999997,0.6479209825493653,0.7421875,8,0.9898389461302447,1.0,False,False,up
SIT1,-0.08115555555555558,0.6481733235719375,0.734375,9,0.9898389461302447,1.0,False,False,down
DOCK9,0.152025,0.6486586024460312,0.7421875,8,0.9898389461302447,1.0,False,False,up
GLYR1,0.09139000000000001,0.64919072176162,0.845703125,10,0.9898389461302447,1.0,False,False,up
ISLR2,-0.12333750000000004,0.6493383870369751,0.3828125,8,0.9898389461302447,0.97517578125,False,False,down
LRP11,0.04056666666666666,0.6493560383237249,0.8203125,9,0.9898389461302447,1.0,False,False,up
MCEMP1,-0.1524555555555556,0.6501748608952942,0.734375,9,0.9898389461302447,1.0,False,False,down
FUS,-0.05246249999999996,0.6509515358438474,1.0,8,0.9898389461302447,1.0,False,False,down
NUCB2,-0.06969999999999998,0.6512934181945272,0.625,10,0.9898389461302447,0.986577545700309,False,False,down
EVPL,0.126825,0.6519755305714968,0.3828125,8,0.9898389461302447,0.97517578125,False,False,up
GAGE2A,0.10126666666666669,0.6521947611749581,0.42578125,9,0.9898389461302447,0.97517578125,False,False,up
TDGF1,0.17099999999999996,0.6531133124647504,0.640625,8,0.9898389461302447,0.986577545700309,False,False,up
MBL2,0.071,0.6534477310405352,0.76953125,10,0.9898389461302447,1.0,False,False,up
CES3,-0.09005,0.6537755065816936,0.556640625,10,0.9898389461302447,0.986577545700309,False,False,down
CA3,-0.24789000000000003,0.6538590642803606,0.322265625,10,0.9898389461302447,0.97517578125,False,False,down
LAMA1,0.07614444444444442,0.6539173726833741,0.65234375,9,0.9898389461302447,0.986577545700309,False,False,up
KIF1C,0.09731111111111108,0.6539349524409804,0.734375,9,0.9898389461302447,1.0,False,False,up
RIDA,-0.12011111111111111,0.6544128043578105,0.5703125,9,0.9898389461302447,0.986577545700309,False,False,down
CGB3_CGB5_CGB8,0.08825555555555556,0.6544298338545763,0.65234375,9,0.9898389461302447,0.986577545700309,False,False,up
FCN1,-0.13771111111111112,0.6545539087366994,0.5703125,9,0.9898389461302447,0.986577545700309,False,False,down
TWF2,-0.16653999999999997,0.6546548177923472,0.375,10,0.9898389461302447,0.97517578125,False,False,down
TGOLN2,-0.03333333333333334,0.65496074235549,0.42578125,9,0.9898389461302447,0.97517578125,False,False,down
SLK,-0.07744999999999999,0.6557854726307351,0.640625,8,0.9898389461302447,0.986577545700309,False,False,down
BRAP,-0.17071999999999998,0.6558420729004026,0.556640625,10,0.9898389461302447,0.986577545700309,False,False,down
SMPDL3A,-0.045619999999999994,0.6558771103559666,0.6953125,10,0.9898389461302447,1.0,False,False,down
BIRC2,-0.11667500000000003,0.6560208429903923,0.3125,8,0.9898389461302447,0.97517578125,False,False,down
GCLM,0.12349999999999994,0.656275742797467,0.5703125,9,0.9898389461302447,0.986577545700309,False,False,up
ADCYAP1R1,0.05769999999999999,0.6566099055572319,0.7421875,8,0.9898389461302447,1.0,False,False,up
STXBP1,-0.1203888888888889,0.6567953843090424,0.359375,9,0.9898389461302447,0.97517578125,False,False,down
KLK10,0.028255555555555558,0.6568392794206583,0.8203125,9,0.9898389461302447,1.0,False,False,up
KIF22,-0.17149999999999996,0.6570648464482318,0.65234375,9,0.9898389461302447,0.986577545700309,False,False,down
MATN2,-0.02529,0.6584963957491665,0.625,10,0.9898389461302447,0.986577545700309,False,False,down
BMP4,-0.05305555555555556,0.6588629204384868,0.5703125,9,0.9898389461302447,0.986577545700309,False,False,down
TRAF3,-0.08967777777777777,0.6589378762052032,0.42578125,9,0.9898389461302447,0.97517578125,False,False,down
MYOM1,-0.12039999999999998,0.659543770106799,0.640625,8,0.9898389461302447,0.986577545700309,False,False,down
MED18,0.1552625,0.6606791608792052,0.640625,8,0.9898389461302447,0.986577545700309,False,False,up
TNFRSF9,-0.03334444444444446,0.6614899868663764,0.42578125,9,0.9898389461302447,0.97517578125,False,False,down
IDUA,0.04564999999999999,0.6616707799911523,1.0,10,0.9898389461302447,1.0,False,False,up
PRDX6,-0.14836000000000005,0.6618354651474463,0.921875,10,0.9898389461302447,1.0,False,False,down
SCG3,-0.0273,0.6620272104070397,0.76953125,10,0.9898389461302447,1.0,False,False,down
TNFAIP2,0.09121000000000001,0.6620731635353474,0.921875,10,0.9898389461302447,1.0,False,False,up
AHSA1,-0.13319999999999999,0.6621993637858858,0.76953125,10,0.9898389461302447,1.0,False,False,down
IL36G,0.0839111111111111,0.6623060664320837,0.25,9,0.9898389461302447,0.97517578125,False,False,up
ANGPT1,0.20134,0.6623603266325637,0.845703125,10,0.9898389461302447,1.0,False,False,up
NUDT2,0.07703999999999997,0.6624232363331628,0.6953125,10,0.9898389461302447,1.0,False,False,up
GLA,0.08195555555555553,0.6630263813425169,0.8203125,9,0.9898389461302447,1.0,False,False,up
CD46,0.02352,0.6632188734494583,0.76953125,10,0.9898389461302447,1.0,False,False,up
SFTPA1,0.07926249999999999,0.66335556917544,0.7421875,8,0.9898389461302447,1.0,False,False,up
NUDT16,0.13685999999999995,0.6635187827325529,1.0,10,0.9898389461302447,1.0,False,False,up
CYTH3,-0.13802222222222227,0.6643967553654828,0.65234375,9,0.9898389461302447,0.986577545700309,False,False,down
MAP2K6,-0.21628749999999997,0.6645069116983766,0.546875,8,0.9898389461302447,0.986577545700309,False,False,down
DDAH1,0.06113,0.6650419835909533,0.232421875,10,0.9898389461302447,0.97517578125,False,False,up
ITIH5,-0.13906000000000002,0.6651711776476471,0.845703125,10,0.9898389461302447,1.0,False,False,down
ICAM4,-0.04885000000000002,0.6653559738037116,0.4609375,8,0.9898389461302447,0.986577545700309,False,False,down
RCC1,0.05070000000000001,0.6656753114280076,0.845703125,10,0.9898389461302447,1.0,False,False,up
NUB1,-0.1672249999999999,0.6659033066843885,0.546875,8,0.9898389461302447,0.986577545700309,False,False,down
SCIN,0.17946250000000002,0.6662079173492519,0.84375,8,0.9898389461302447,1.0,False,False,up
CEP85,0.21652499999999994,0.6664730958868311,0.546875,8,0.9898389461302447,0.986577545700309,False,False,up
CD40LG,0.22356000000000012,0.6664733213853489,0.921875,10,0.9898389461302447,1.0,False,False,up
MYH7B,0.1386555555555555,0.6665456906062268,0.734375,9,0.9898389461302447,1.0,False,False,up
MINDY1,-0.19669000000000006,0.6665509579946112,0.431640625,10,0.9898389461302447,0.97517578125,False,False,down
ECM1,-0.07968,0.6669346867495554,0.76953125,10,0.9898389461302447,1.0,False,False,down
STEAP4,0.10103749999999999,0.667093255270426,0.7421875,8,0.9898389461302447,1.0,False,False,up
LILRA5,0.031899999999999984,0.6672016520548785,0.734375,9,0.9898389461302447,1.0,False,False,up
LRTM2,0.05008888888888889,0.6672231652138402,0.49609375,9,0.9898389461302447,0.986577545700309,False,False,up
GRAP2,-0.1575333333333333,0.6680076214354495,0.65234375,9,0.9898389461302447,0.986577545700309,False,False,down
MYH9,-0.24169000000000002,0.668612056692889,0.556640625,10,0.9898389461302447,0.986577545700309,False,False,down
TAB2,-0.16991249999999997,0.6688726425928404,0.640625,8,0.9898389461302447,0.986577545700309,False,False,down
AMPD3,-0.18,0.670047065259338,0.625,10,0.9898389461302447,0.986577545700309,False,False,down
TJP3,-0.1157625,0.6706869798319963,0.7421875,8,0.9898389461302447,1.0,False,False,down
GSTT2B,-0.08295,0.6710037009207269,0.431640625,10,0.9898389461302447,0.97517578125,False,False,down
DSCAM,-0.05257777777777778,0.6722927677590342,0.5703125,9,0.9898389461302447,0.986577545700309,False,False,down
ITPA,-0.15680000000000005,0.6727039115952473,0.65234375,9,0.9898389461302447,0.986577545700309,False,False,down
WFIKKN2,-0.021449999999999997,0.6731792710540605,0.76953125,10,0.9898389461302447,1.0,False,False,down
MYDGF,0.15204,0.6733151238508739,1.0,10,0.9898389461302447,1.0,False,False,up
FLT3,-0.05818750000000001,0.6737015023221343,0.9453125,8,0.9898389461302447,1.0,False,False,down
SPRR3,0.06960999999999999,0.673814855646836,0.6953125,10,0.9898389461302447,1.0,False,False,up
PRTN3,0.1377,0.6740358353189102,0.375,10,0.9898389461302447,0.97517578125,False,False,up
SPINT2,0.03453000000000002,0.6741293762297091,0.556640625,10,0.9898389461302447,0.986577545700309,False,False,up
ZNRF4,-0.04421999999999998,0.6745263837643638,0.4921875,10,0.9898389461302447,0.986577545700309,False,False,down
ZPR1,0.12006249999999999,0.6745635216631424,0.84375,8,0.9898389461302447,1.0,False,False,up
MPO,0.15026999999999996,0.6748033457254821,0.556640625,10,0.9898389461302447,0.986577545700309,False,False,up
PRUNE2,-0.07278749999999998,0.6748420446318695,0.9453125,8,0.9898389461302447,1.0,False,False,down
SCRIB__Inflammation_II,0.18123333333333339,0.6749379051148685,0.8203125,9,0.9898389461302447,1.0,False,False,up
DIPK2B,0.058866666666666685,0.6749756312694903,0.8203125,9,0.9898389461302447,1.0,False,False,up
WAS,-0.2127222222222222,0.6754100720225088,0.65234375,9,0.9898389461302447,0.986577545700309,False,False,down
XIAP,0.13034444444444443,0.6755441967821777,1.0,9,0.9898389461302447,1.0,False,False,up
TMSB10,-0.08758999999999999,0.6755778093676924,0.76953125,10,0.9898389461302447,1.0,False,False,down
DNM3,-0.0847888888888889,0.6756269107842707,0.65234375,9,0.9898389461302447,0.986577545700309,False,False,down
IZUMO1,-0.06734444444444446,0.6759191835845747,1.0,9,0.9898389461302447,1.0,False,False,down
DPP7,0.09966666666666664,0.6760835590135672,1.0,9,0.9898389461302447,1.0,False,False,up
CALB1,-0.06419,0.6761984080003375,0.431640625,10,0.9898389461302447,0.97517578125,False,False,down
M6PR,0.050677777777777794,0.6763978140334147,0.65234375,9,0.9898389461302447,0.986577545700309,False,False,up
CSTB,-0.05822999999999998,0.6766315048296576,0.845703125,10,0.9898389461302447,1.0,False,False,down
BAG6,0.07034444444444445,0.6771884575819916,0.91015625,9,0.9898389461302447,1.0,False,False,up
C2orf69,0.07730000000000002,0.6780033056822539,0.6875,7,0.9898389461302447,1.0,False,False,up
NENF,-0.059609999999999976,0.6783224859150874,0.625,10,0.9898389461302447,0.986577545700309,False,False,down
CUZD1,-0.0911285714285714,0.6788648689868868,0.9375,7,0.9898389461302447,1.0,False,False,down
CCN2,0.09284999999999999,0.6793045178966528,1.0,10,0.9898389461302447,1.0,False,False,up
UPB1,0.11629,0.6793936428075968,0.6953125,10,0.9898389461302447,1.0,False,False,up
OMG,0.06392999999999997,0.6800775705994649,0.625,10,0.9898389461302447,0.986577545700309,False,False,up
CA9,-0.025019999999999994,0.6804700818757874,0.625,10,0.9898389461302447,0.986577545700309,False,False,down
GYS1,-0.09801111111111115,0.6808367133624624,0.5703125,9,0.9898389461302447,0.986577545700309,False,False,down
TPSAB1,-0.016720000000000013,0.681037004791049,0.556640625,10,0.9898389461302447,0.986577545700309,False,False,down
ERBB3,-0.024200000000000017,0.6819480056989298,0.76953125,10,0.9898389461302447,1.0,False,False,down
CSF2RA,0.058044444444444426,0.6820404196027803,0.5703125,9,0.9898389461302447,0.986577545700309,False,False,up
RBFOX3,-0.09931111111111114,0.6831485196015314,0.91015625,9,0.9898389461302447,1.0,False,False,down
CXCL17,-0.02472,0.683174804629848,0.845703125,10,0.9898389461302447,1.0,False,False,down
PRND,0.04219000000000002,0.6831974868340045,0.275390625,10,0.9898389461302447,0.97517578125,False,False,up
PDLIM5,-0.23222222222222225,0.6833449499894715,0.65234375,9,0.9898389461302447,0.986577545700309,False,False,down
DHODH,0.08955555555555555,0.6838865457042529,0.8203125,9,0.9898389461302447,1.0,False,False,up
GASK1A,0.15884444444444443,0.6842580734299146,0.91015625,9,0.9898389461302447,1.0,False,False,up
PF4,0.27588000000000007,0.6854919360164625,1.0,10,0.9898389461302447,1.0,False,False,up
CDH15,-0.04274999999999999,0.6855510997353045,0.845703125,10,0.9898389461302447,1.0,False,False,down
KAZALD1,0.04167999999999998,0.6858770916867025,0.921875,10,0.9898389461302447,1.0,False,False,up
RTN4R,0.031240000000000007,0.6867450674320017,0.625,10,0.9898389461302447,0.986577545700309,False,False,up
VWC2L,-0.04235555555555556,0.6870958028712828,0.734375,9,0.9898389461302447,1.0,False,False,down
GPHA2,0.035300000000000005,0.6884326978577234,0.845703125,10,0.9898389461302447,1.0,False,False,up
SLC16A1,0.10921249999999996,0.6888017988004529,0.640625,8,0.9898389461302447,0.986577545700309,False,False,up
BLMH,-0.032519999999999986,0.6890254117055421,0.76953125,10,0.9898389461302447,1.0,False,False,down
ATF2,0.08934999999999998,0.6894904993255928,0.640625,8,0.9898389461302447,0.986577545700309,False,False,up
CLEC1A,0.044988888888888884,0.6897954387629612,0.8203125,9,0.9898389461302447,1.0,False,False,up
BANK1,-0.16978749999999992,0.6901138320915643,0.640625,8,0.9898389461302447,0.986577545700309,False,False,down
AXIN1,-0.16314999999999993,0.6910854682713362,0.7421875,8,0.9898389461302447,1.0,False,False,down
ENSA,0.09719000000000003,0.6911465605331131,0.4921875,10,0.9898389461302447,0.986577545700309,False,False,up
JAM3,-0.05654444444444446,0.6913435093626262,0.8203125,9,0.9898389461302447,1.0,False,False,down
FES,-0.06888749999999998,0.6915955273212302,0.640625,8,0.9898389461302447,0.986577545700309,False,False,down
CD3G,0.07901111111111114,0.6916354678447949,0.8203125,9,0.9898389461302447,1.0,False,False,up
CD69,-0.1576333333333334,0.6919280272057122,0.5703125,9,0.9898389461302447,0.986577545700309,False,False,down
KLK3,-0.03380000000000003,0.692157688429553,0.556640625,10,0.9898389461302447,0.986577545700309,False,False,down
SDCCAG8,-0.18166000000000004,0.6928504031009801,0.4921875,10,0.9898389461302447,0.986577545700309,False,False,down
MLLT1,-0.19251111111111108,0.6929942791349868,0.91015625,9,0.9898389461302447,1.0,False,False,down
RARRES2,-0.04899000000000002,0.6930785536623993,0.556640625,10,0.9898389461302447,0.986577545700309,False,False,down
DDA1,-0.06995555555555553,0.6930828759441214,1.0,9,0.9898389461302447,1.0,False,False,down
ADH1B,0.13303333333333336,0.6931923500426997,0.5703125,9,0.9898389461302447,0.986577545700309,False,False,up
AFP,-0.0385666666666667,0.6938578571009539,0.5703125,9,0.9898389461302447,0.986577545700309,False,False,down
CRYBB1,0.12339000000000004,0.6938877059524678,0.625,10,0.9898389461302447,0.986577545700309,False,False,up
ITGAM,-0.04556999999999999,0.6940656082653035,0.921875,10,0.9898389461302447,1.0,False,False,down
SSH3,0.04922222222222222,0.6941564335637167,1.0,9,0.9898389461302447,1.0,False,False,up
GP1BB,0.15863333333333332,0.6945338113568791,0.91015625,9,0.9898389461302447,1.0,False,False,up
SERPINA6,0.051550000000000006,0.6945698875164441,0.431640625,10,0.9898389461302447,0.97517578125,False,False,up
MRPS16,-0.05875555555555555,0.6946741691395324,0.734375,9,0.9898389461302447,1.0,False,False,down
KIFBP,-0.18253000000000008,0.6947891518480995,0.76953125,10,0.9898389461302447,1.0,False,False,down
IGFBP1,0.15065,0.6947906568284758,0.76953125,10,0.9898389461302447,1.0,False,False,up
C1QTNF6,0.06437777777777778,0.6950330720892723,0.734375,9,0.9898389461302447,1.0,False,False,up
LYAR,0.07927499999999998,0.6952789449584444,0.7421875,8,0.9898389461302447,1.0,False,False,up
CNST,-0.17433333333333337,0.6955373255297379,0.65234375,9,0.9898389461302447,0.986577545700309,False,False,down
IL1RN,0.06960999999999996,0.6963081660396795,0.625,10,0.9898389461302447,0.986577545700309,False,False,up
IL21R,0.12016666666666669,0.6964464456217027,0.65234375,9,0.9898389461302447,0.986577545700309,False,False,up
ARSB,0.15045999999999998,0.6967498457524397,0.625,10,0.9898389461302447,0.986577545700309,False,False,up
COMT,-0.1579444444444445,0.6968126662801115,0.65234375,9,0.9898389461302447,0.986577545700309,False,False,down
TIMP3,0.14287,0.6976443507383674,0.921875,10,0.9898389461302447,1.0,False,False,up
FH,0.08465,0.6976743370134171,0.640625,8,0.9898389461302447,0.986577545700309,False,False,up
ERVV-1,0.1064,0.6979524511411475,0.8203125,9,0.9898389461302447,1.0,False,False,up
CCL26,0.06954999999999995,0.698160493028816,0.7421875,8,0.9898389461302447,1.0,False,False,up
CD5L,0.05587000000000001,0.6982108510414884,0.625,10,0.9898389461302447,0.986577545700309,False,False,up
AAMDC,-0.08524444444444446,0.6994056506421401,0.8203125,9,0.9898389461302447,1.0,False,False,down
CX3CL1,0.07171111111111114,0.6996453654023362,0.8203125,9,0.9898389461302447,1.0,False,False,up
ACTA2,0.05040000000000001,0.699827803983627,0.5703125,9,0.9898389461302447,0.986577545700309,False,False,up
ERI1,0.08925000000000001,0.7003081283987088,0.7421875,8,0.9898389461302447,1.0,False,False,up
GET3,0.11747999999999999,0.7004712440903296,1.0,10,0.9898389461302447,1.0,False,False,up
LCAT,0.06985555555555559,0.700906753770334,0.734375,9,0.9898389461302447,1.0,False,False,up
PPIB,-0.15208,0.7016843324354947,0.6953125,10,0.9898389461302447,1.0,False,False,down
BLOC1S3,0.05906999999999997,0.7018391660076981,0.845703125,10,0.9898389461302447,1.0,False,False,up
LPP,-0.1263333333333333,0.7019854246896632,1.0,9,0.9898389461302447,1.0,False,False,down
ERBB4,-0.02263333333333333,0.7022682731167726,0.65234375,9,0.9898389461302447,0.986577545700309,False,False,down
ACYP1,-0.17561111111111108,0.7024231713441508,0.65234375,9,0.9898389461302447,0.986577545700309,False,False,down
CD101,0.022789999999999987,0.7026790170775554,0.6953125,10,0.9898389461302447,1.0,False,False,up
BDNF,0.23855000000000004,0.702785996396081,0.76953125,10,0.9898389461302447,1.0,False,False,up
UBAC1,-0.09387999999999999,0.7030966639830937,0.845703125,10,0.9898389461302447,1.0,False,False,down
PTEN,0.10089999999999999,0.703513035467668,0.640625,8,0.9898389461302447,0.986577545700309,False,False,up
PDIA4,-0.11654999999999996,0.703674124622794,0.375,10,0.9898389461302447,0.97517578125,False,False,down
OXT,-0.07304000000000008,0.7052498956172948,1.0,10,0.9898389461302447,1.0,False,False,down
TOP1MT,0.14988888888888893,0.7053200472657069,0.8203125,9,0.9898389461302447,1.0,False,False,up
NDUFS6,-0.23046249999999996,0.7055089919349697,0.7421875,8,0.9898389461302447,1.0,False,False,down
TP53INP1,-0.03607777777777778,0.7056569053731212,0.91015625,9,0.9898389461302447,1.0,False,False,down
IL19,-0.04584444444444444,0.7059847262758265,1.0,9,0.9898389461302447,1.0,False,False,down
TARM1,0.13584285714285715,0.706218256512301,0.8125,7,0.9898389461302447,1.0,False,False,up
QSOX1,0.03842,0.7065278129376373,1.0,10,0.9898389461302447,1.0,False,False,up
CNTNAP2,0.072525,0.706548728203396,0.9453125,8,0.9898389461302447,1.0,False,False,up
SAT1,0.10031111111111111,0.7071161507755043,1.0,9,0.9898389461302447,1.0,False,False,up
CHCHD10,-0.14555999999999997,0.7082417801200578,0.375,10,0.9898389461302447,0.97517578125,False,False,down
CDH17,-0.13171111111111103,0.7085686024040213,1.0,9,0.9898389461302447,1.0,False,False,down
CFHR4,0.02448000000000001,0.7088001337951783,0.76953125,10,0.9898389461302447,1.0,False,False,up
ELAVL4,-0.13881249999999995,0.7089490957137173,0.640625,8,0.9898389461302447,0.986577545700309,False,False,down
MRPL24,-0.06487777777777776,0.7097802859075957,0.65234375,9,0.9898389461302447,0.986577545700309,False,False,down
CFB,0.07082,0.7099461008843778,0.6953125,10,0.9898389461302447,1.0,False,False,up
SLC51B,0.05210000000000002,0.7101087810488949,0.49609375,9,0.9898389461302447,0.986577545700309,False,False,up
EHBP1,-0.15288999999999997,0.710257535961694,0.431640625,10,0.9898389461302447,0.97517578125,False,False,down
ACHE,0.07418888888888886,0.7102713877821077,0.91015625,9,0.9898389461302447,1.0,False,False,up
C1R,0.04084999999999999,0.7105033661111471,0.921875,10,0.9898389461302447,1.0,False,False,up
SERPINB1,-0.11800999999999995,0.710593447191703,0.556640625,10,0.9898389461302447,0.986577545700309,False,False,down
DYNC1H1,0.058919999999999986,0.710606991501842,0.4921875,10,0.9898389461302447,0.986577545700309,False,False,up
PCBD1,0.08468888888888888,0.7108580614862946,0.91015625,9,0.9898389461302447,1.0,False,False,up
LGALS8,-0.08097999999999997,0.7108833554819409,0.431640625,10,0.9898389461302447,0.97517578125,False,False,down
MRPL52,-0.03144444444444446,0.7116537071787743,0.734375,9,0.9898389461302447,1.0,False,False,down
NADK,-0.11769999999999999,0.7122587327758656,0.65234375,9,0.9898389461302447,0.986577545700309,False,False,down
MGMT,-0.21240000000000003,0.7123167406782089,0.546875,8,0.9898389461302447,0.986577545700309,False,False,down
MEGF10,-0.017990000000000006,0.7123740421306934,0.6953125,10,0.9898389461302447,1.0,False,False,down
FGD3,0.13852222222222227,0.712601997273631,0.734375,9,0.9898389461302447,1.0,False,False,up
LGALS1,0.06321111111111115,0.713052366879897,0.8203125,9,0.9898389461302447,1.0,False,False,up
GLRX5,-0.14693333333333344,0.7130609151163191,0.42578125,9,0.9898389461302447,0.97517578125,False,False,down
PHYKPL,-0.06494444444444442,0.7136196189468095,0.5703125,9,0.9898389461302447,0.986577545700309,False,False,down
TPSD1,0.0543,0.713666715598346,0.8203125,9,0.9898389461302447,1.0,False,False,up
NPR1,-0.06725555555555553,0.7137081977531993,0.5703125,9,0.9898389461302447,0.986577545700309,False,False,down
EDIL3,0.039277777777777786,0.713732532294632,0.65234375,9,0.9898389461302447,0.986577545700309,False,False,up
RASSF2,0.04385000000000003,0.7137594129612912,0.9453125,8,0.9898389461302447,1.0,False,False,up
CCNE1,0.060655555555555525,0.7138574363332182,0.42578125,9,0.9898389461302447,0.97517578125,False,False,up
ARL13B,0.12174444444444443,0.7139460343133484,0.91015625,9,0.9898389461302447,1.0,False,False,up
GUCY2C,-0.08348749999999998,0.7139968964959347,0.9453125,8,0.9898389461302447,1.0,False,False,down
ARFIP1,0.0784,0.7142564305663117,0.734375,9,0.9898389461302447,1.0,False,False,up
UROD,-0.19023333333333337,0.714751528730506,0.49609375,9,0.9898389461302447,0.986577545700309,False,False,down
B4GALT1,-0.017929999999999995,0.7151624322016893,0.845703125,10,0.9898389461302447,1.0,False,False,down
TMEM25,0.07436666666666664,0.715199864004718,0.734375,9,0.9898389461302447,1.0,False,False,up
F3,0.019020000000000002,0.7155911292822298,0.4921875,10,0.9898389461302447,0.986577545700309,False,False,up
AKR1B1,-0.13583750000000006,0.7157044022182546,0.7421875,8,0.9898389461302447,1.0,False,False,down
WASHC3,-0.13549000000000005,0.7160771946309287,0.431640625,10,0.9898389461302447,0.97517578125,False,False,down
ICAM3,-0.01752,0.7161695909908495,0.6953125,10,0.9898389461302447,1.0,False,False,down
CLSTN2,0.035959999999999985,0.7163779797697034,0.625,10,0.9898389461302447,0.986577545700309,False,False,up
IL24,-0.15128888888888883,0.716590773680875,0.5703125,9,0.9898389461302447,0.986577545700309,False,False,down
ESYT2,-0.14001999999999998,0.7168229781735663,0.556640625,10,0.9898389461302447,0.986577545700309,False,False,down
ST8SIA1,0.09313333333333328,0.7176011237922719,0.734375,9,0.9898389461302447,1.0,False,False,up
GKN1,-0.0391625,0.7177618679932647,0.9453125,8,0.9898389461302447,1.0,False,False,down
ADRA2A,-0.04235555555555557,0.7192484608556899,0.65234375,9,0.9898389461302447,0.986577545700309,False,False,down
KIAA1549,-0.51555,0.7193226934906385,0.7421875,8,0.9898389461302447,1.0,False,False,down
IGLON5,-0.07574444444444442,0.7201527377554228,0.91015625,9,0.9898389461302447,1.0,False,False,down
PLXNA4,0.11536250000000012,0.7204791446869874,0.84375,8,0.9898389461302447,1.0,False,False,up
PTK7,0.15258749999999996,0.7210019037150428,1.0,8,0.9898389461302447,1.0,False,False,up
ZFYVE19,-0.1235499999999999,0.7216299380569242,0.431640625,10,0.9898389461302447,0.97517578125,False,False,down
NTF4,0.03726249999999999,0.7221444134052766,0.7421875,8,0.9898389461302447,1.0,False,False,up
SCG2,0.03513,0.7226513863639716,1.0,10,0.9898389461302447,1.0,False,False,up
FKBP1B,-0.04413999999999997,0.7228188296230469,0.6953125,10,0.9898389461302447,1.0,False,False,down
CEACAM21,0.08825000000000002,0.7230232389544491,0.640625,8,0.9898389461302447,0.986577545700309,False,False,up
SIGLEC9,0.015949999999999985,0.7231624440685167,0.625,10,0.9898389461302447,0.986577545700309,False,False,up
HSDL2,0.06774444444444448,0.723503032263765,0.8203125,9,0.9898389461302447,1.0,False,False,up
GMPR2,-0.18323333333333336,0.7236327621408243,0.5703125,9,0.9898389461302447,0.986577545700309,False,False,down
CAPG,0.04758,0.7237414045826179,0.921875,10,0.9898389461302447,1.0,False,False,up
COPE,0.058462499999999994,0.7237750792591762,0.640625,8,0.9898389461302447,0.986577545700309,False,False,up
SUSD1,-0.09298888888888894,0.7238497249758951,0.5703125,9,0.9898389461302447,0.986577545700309,False,False,down
ALDH2,-0.03537,0.7241534829749112,0.845703125,10,0.9898389461302447,1.0,False,False,down
ENPEP,-0.06178888888888888,0.7242770433564303,0.65234375,9,0.9898389461302447,0.986577545700309,False,False,down
LBR,-0.10435999999999993,0.7249550822561903,0.431640625,10,0.9898389461302447,0.97517578125,False,False,down
PRR5,0.11079999999999995,0.7252382910740551,0.734375,9,0.9898389461302447,1.0,False,False,up
HAO1,0.08700000000000004,0.7254876691516454,0.6953125,10,0.9898389461302447,1.0,False,False,up
MYOC,-0.05763999999999999,0.7257399447639956,1.0,10,0.9898389461302447,1.0,False,False,down
TXN,0.09106666666666668,0.726073581034571,0.5703125,9,0.9898389461302447,0.986577545700309,False,False,up
CA14,0.028190000000000003,0.7260786128586001,0.4921875,10,0.9898389461302447,0.986577545700309,False,False,up
NECTIN1,-0.08067777777777778,0.726375950466582,0.8203125,9,0.9898389461302447,1.0,False,False,down
PIKFYVE,-0.11851111111111108,0.726653035416496,0.5703125,9,0.9898389461302447,0.986577545700309,False,False,down
ADAM8,0.028339999999999997,0.7267138770320282,0.76953125,10,0.9898389461302447,1.0,False,False,up
OTUD7B,0.07193333333333332,0.7277535727732067,0.91015625,9,0.9898389461302447,1.0,False,False,up
GP1BA,-0.03037000000000002,0.7278678100639058,0.431640625,10,0.9898389461302447,0.97517578125,False,False,down
CHAC2,-0.1234625,0.7281593020872699,0.84375,8,0.9898389461302447,1.0,False,False,down
PARD3,-0.10099999999999999,0.7284427014385095,0.9453125,8,0.9898389461302447,1.0,False,False,down
CAMLG,-0.09738571428571431,0.7289006190296397,1.0,7,0.9898389461302447,1.0,False,False,down
PAM,-0.023439999999999992,0.7289865533964179,0.4921875,10,0.9898389461302447,0.986577545700309,False,False,down
CEMIP2,-0.06978888888888886,0.7295249988630126,0.25,9,0.9898389461302447,0.97517578125,False,False,down
ANXA4,-0.0668111111111111,0.7295596729178584,0.65234375,9,0.9898389461302447,0.986577545700309,False,False,down
GHRHR,-0.059899999999999974,0.7299355134401642,1.0,8,0.9898389461302447,1.0,False,False,down
NOP56,0.08067777777777779,0.7306257584779343,0.8203125,9,0.9898389461302447,1.0,False,False,up
TREML1,0.1499666666666667,0.7310443600601124,1.0,9,0.9898389461302447,1.0,False,False,up
FN1,0.03307000000000001,0.7315292420340735,0.921875,10,0.9898389461302447,1.0,False,False,up
MMP10,-0.03935999999999999,0.731641518605177,0.921875,10,0.9898389461302447,1.0,False,False,down
SLC39A5,0.09180000000000003,0.7320008313939825,0.546875,8,0.9898389461302447,0.986577545700309,False,False,up
GAST,0.08146999999999997,0.7322079771216313,0.845703125,10,0.9898389461302447,1.0,False,False,up
MARS1,0.15149999999999986,0.7322685558204645,0.8203125,9,0.9898389461302447,1.0,False,False,up
MTUS1,-0.08460000000000001,0.7329998211378095,0.640625,8,0.9898389461302447,0.986577545700309,False,False,down
ZBTB16,0.106225,0.7332987676844809,0.7421875,8,0.9898389461302447,1.0,False,False,up
ADD1,-0.12634444444444448,0.7333280450810814,0.8203125,9,0.9898389461302447,1.0,False,False,down
VNN1,0.04037777777777782,0.7334784495955737,1.0,9,0.9898389461302447,1.0,False,False,up
PTN,-0.05341111111111114,0.7348770553935988,0.91015625,9,0.9898389461302447,1.0,False,False,down
HSPB6,0.10077,0.7350254893285835,0.845703125,10,0.9898389461302447,1.0,False,False,up
CFHR2,0.03428999999999997,0.7352255506133327,1.0,10,0.9898389461302447,1.0,False,False,up
ADGRE1,0.05793000000000004,0.73579523030278,0.625,10,0.9898389461302447,0.986577545700309,False,False,up
ABL1,-0.09827000000000005,0.7362382427824608,0.4921875,10,0.9898389461302447,0.986577545700309,False,False,down
PTPRF,-0.02361,0.7365750391499016,0.6953125,10,0.9898389461302447,1.0,False,False,down
FKBPL,-0.05880999999999999,0.73673983471572,1.0,10,0.9898389461302447,1.0,False,False,down
FADD,0.07945555555555554,0.7383098173281052,0.734375,9,0.9898389461302447,1.0,False,False,up
CERT,0.12188750000000001,0.7385052578441746,0.84375,8,0.9898389461302447,1.0,False,False,up
TLR1,-0.05403333333333335,0.7389132308727071,1.0,9,0.9898389461302447,1.0,False,False,down
NOS2,-0.08356666666666664,0.7399399782076572,0.734375,9,0.9898389461302447,1.0,False,False,down
IRAK1,-0.08327777777777788,0.739965264947394,0.734375,9,0.9898389461302447,1.0,False,False,down
TNFRSF11A,0.0507,0.7402858884536552,1.0,10,0.9898389461302447,1.0,False,False,up
HHEX,-0.12023000000000002,0.7404060932261185,0.431640625,10,0.9898389461302447,0.97517578125,False,False,down
SCGB3A1,0.03390000000000001,0.7406063635209732,0.8203125,9,0.9898389461302447,1.0,False,False,up
CCL13,-0.07835000000000002,0.7407094479635922,0.193359375,10,0.9898389461302447,0.97517578125,False,False,down
TNPO1,-0.06973750000000001,0.7408895156695114,0.9453125,8,0.9898389461302447,1.0,False,False,down
AXL,0.020369999999999982,0.7411115873933188,0.6953125,10,0.9898389461302447,1.0,False,False,up
CNTN2,-0.022500000000000003,0.7413809148809862,0.322265625,10,0.9898389461302447,0.97517578125,False,False,down
MAMDC4,-0.07209999999999998,0.7416071006230232,0.845703125,10,0.9898389461302447,1.0,False,False,down
HNMT,-0.03826666666666667,0.7420404197114161,0.8203125,9,0.9898389461302447,1.0,False,False,down
UNC79,-0.08906666666666666,0.7424713026917646,1.0,9,0.9898389461302447,1.0,False,False,down
CALB2,0.04563750000000001,0.7429564546755107,0.9453125,8,0.9898389461302447,1.0,False,False,up
CD79B,0.020960000000000003,0.7437030510972891,0.76953125,10,0.9898389461302447,1.0,False,False,up
COL5A1,0.04784444444444443,0.7437156164467296,0.65234375,9,0.9898389461302447,0.986577545700309,False,False,up
SPTBN2,-0.07341249999999999,0.7443725611241188,0.640625,8,0.9898389461302447,0.986577545700309,False,False,down
CCL8,-0.06748000000000001,0.7447985061880005,0.193359375,10,0.9898389461302447,0.97517578125,False,False,down
PRC1,-0.07860000000000003,0.744893650834225,0.845703125,10,0.9898389461302447,1.0,False,False,down
COL28A1,0.07367142857142854,0.7448946103369543,0.9375,7,0.9898389461302447,1.0,False,False,up
LRP2,0.09634285714285713,0.7461456826144761,0.8125,7,0.9898389461302447,1.0,False,False,up
GPNMB,0.03721111111111112,0.7462101421516172,0.91015625,9,0.9898389461302447,1.0,False,False,up
LRRFIP1,0.054360000000000006,0.7462447193704494,0.76953125,10,0.9898389461302447,1.0,False,False,up
CLC,-0.06707777777777776,0.7462647326163111,0.65234375,9,0.9898389461302447,0.986577545700309,False,False,down
CXCL6,-0.10112000000000002,0.746539648606222,0.431640625,10,0.9898389461302447,0.97517578125,False,False,down
ERMAP,0.06396666666666667,0.7466595035035122,0.91015625,9,0.9898389461302447,1.0,False,False,up
HAVCR2,0.010719999999999997,0.7468464882652815,0.625,10,0.9898389461302447,0.986577545700309,False,False,up
OTUD6B,-0.07974,0.747538565888413,0.76953125,10,0.9898389461302447,1.0,False,False,down
RSPO3,-0.020830000000000005,0.7476458650282625,0.76953125,10,0.9898389461302447,1.0,False,False,down
IL16,0.043,0.7479429840313725,0.845703125,10,0.9898389461302447,1.0,False,False,up
DECR1,-0.1797375000000001,0.7485500617261024,0.640625,8,0.9898389461302447,0.986577545700309,False,False,down
CLSTN1,0.11647500000000004,0.7487338912660035,1.0,8,0.9898389461302447,1.0,False,False,up
PRKCQ,-0.056011111111111136,0.7493444766824646,1.0,9,0.9898389461302447,1.0,False,False,down
MNAT1,0.06986250000000002,0.7503383906078739,0.84375,8,0.9898389461302447,1.0,False,False,up
TOR1AIP1,0.08877777777777782,0.7515945669845897,1.0,9,0.9898389461302447,1.0,False,False,up
IL17RB,-0.04748749999999999,0.7526209629936647,0.3828125,8,0.9898389461302447,0.97517578125,False,False,down
PCYT2,-0.09128000000000001,0.7526807479432306,0.625,10,0.9898389461302447,0.986577545700309,False,False,down
NME3,0.014799999999999999,0.7527925853113676,0.6953125,10,0.9898389461302447,1.0,False,False,up
USP28,-0.05702,0.7529755910203789,0.921875,10,0.9898389461302447,1.0,False,False,down
DDHD2,-0.11002222222222224,0.7531042608550551,0.8203125,9,0.9898389461302447,1.0,False,False,down
SERPINF2,0.012749999999999994,0.753129674804577,0.921875,10,0.9898389461302447,1.0,False,False,up
FUT8,0.10626666666666668,0.7533570632502573,0.734375,9,0.9898389461302447,1.0,False,False,up
VWA5A,0.054744444444444436,0.754322681636977,0.91015625,9,0.9898389461302447,1.0,False,False,up
IL17C,0.049888888888888906,0.7544211500403885,0.5703125,9,0.9898389461302447,0.986577545700309,False,False,up
CD300E,-0.02789999999999999,0.7548811960068009,0.625,10,0.9898389461302447,0.986577545700309,False,False,down
RABEP1,-0.14475555555555558,0.7551011937256589,0.49609375,9,0.9898389461302447,0.986577545700309,False,False,down
ARID3A,0.08785000000000001,0.7553779100428135,0.84375,8,0.9898389461302447,1.0,False,False,up
RGMB,-0.024399999999999998,0.7557153131634526,0.921875,10,0.9898389461302447,1.0,False,False,down
CETN2,-0.11378749999999999,0.7557612241398863,0.640625,8,0.9898389461302447,0.986577545700309,False,False,down
SERPINB6,-0.07236999999999999,0.7558444489738487,0.76953125,10,0.9898389461302447,1.0,False,False,down
DCTN2,-0.1722500000000001,0.7559037592004204,0.625,10,0.9898389461302447,0.986577545700309,False,False,down
DCXR,-0.08246666666666669,0.7565002615405486,0.91015625,9,0.9898389461302447,1.0,False,False,down
CTSV,0.03287000000000001,0.7574255056663549,0.76953125,10,0.9898389461302447,1.0,False,False,up
VEGFC,0.10085555555555557,0.75743792555226,0.8203125,9,0.9898389461302447,1.0,False,False,up
HDGFL2,-0.07634000000000003,0.7576706804376835,0.375,10,0.9898389461302447,0.97517578125,False,False,down
ENOPH1,0.03871000000000001,0.7582976278594962,0.845703125,10,0.9898389461302447,1.0,False,False,up
MPRIP,0.08318999999999996,0.7585680035986764,0.375,10,0.9898389461302447,0.97517578125,False,False,up
EFNB2,-0.12967142857142858,0.7586598410106397,0.9375,7,0.9898389461302447,1.0,False,False,down
TNIP1,-0.11938999999999995,0.7587550839964399,0.625,10,0.9898389461302447,0.986577545700309,False,False,down
RGL2,0.1985,0.758908498018143,0.9453125,8,0.9898389461302447,1.0,False,False,up
CCL2,-0.06243333333333333,0.7594040374829847,0.49609375,9,0.9898389461302447,0.986577545700309,False,False,down
NMRK2,0.05429999999999999,0.7596349151653563,0.5703125,9,0.9898389461302447,0.986577545700309,False,False,up
APOBR,-0.03525555555555556,0.7598541248309865,0.65234375,9,0.9898389461302447,0.986577545700309,False,False,down
DNLZ,-0.20510000000000012,0.7605904252317532,0.640625,8,0.9898389461302447,0.986577545700309,False,False,down
FABP1,-0.09180000000000002,0.7613266768532635,0.556640625,10,0.9898389461302447,0.986577545700309,False,False,down
DUSP3,0.06777500000000003,0.7619511341813479,0.7421875,8,0.9898389461302447,1.0,False,False,up
BTN1A1,0.05284000000000004,0.7619535219193377,0.845703125,10,0.9898389461302447,1.0,False,False,up
ADGRG1,0.0396,0.7620048898389524,0.921875,10,0.9898389461302447,1.0,False,False,up
ICA1,-0.08522222222222228,0.7620166099838199,0.8203125,9,0.9898389461302447,1.0,False,False,down
PAFAH2,-0.09076250000000001,0.7633127331746645,0.7421875,8,0.9898389461302447,1.0,False,False,down
F2,0.024040000000000006,0.7634824906128538,1.0,10,0.9898389461302447,1.0,False,False,up
GALNT3,-0.04860000000000002,0.7642428690364076,0.8203125,9,0.9898389461302447,1.0,False,False,down
TDRKH,-0.12197500000000001,0.7644171009413422,0.84375,8,0.9898389461302447,1.0,False,False,down
ATP6V1F,0.05671249999999997,0.764901098882953,1.0,8,0.9898389461302447,1.0,False,False,up
MYLPF,-0.2604571428571429,0.7649385249161166,0.9375,7,0.9898389461302447,1.0,False,False,down
NAA80,0.09152857142857145,0.764979445039003,0.8125,7,0.9898389461302447,1.0,False,False,up
CRTAP,-0.030057142857142862,0.7659383871662149,0.9375,7,0.9898389461302447,1.0,False,False,down
PTRHD1,-0.15097777777777766,0.7659784600419601,0.5703125,9,0.9898389461302447,0.986577545700309,False,False,down
AP1G2,0.06750999999999999,0.7667086627992784,0.76953125,10,0.9898389461302447,1.0,False,False,up
SCN2B,0.05400000000000005,0.7668442730234619,0.6875,7,0.9898389461302447,1.0,False,False,up
LEPR,0.038944444444444434,0.7671382072174407,0.91015625,9,0.9898389461302447,1.0,False,False,up
LMOD2,0.11508750000000004,0.7672094399609246,1.0,8,0.9898389461302447,1.0,False,False,up
DAPK2,0.0896,0.7677736811826255,0.91015625,9,0.9898389461302447,1.0,False,False,up
MERTK,-0.02838999999999998,0.7685922107136135,0.921875,10,0.9898389461302447,1.0,False,False,down
SCN4B,0.039500000000000014,0.7693185862696538,0.8203125,9,0.9898389461302447,1.0,False,False,up
CR1,0.05353333333333331,0.76943024795799,0.359375,9,0.9898389461302447,0.97517578125,False,False,up
LSP1,-0.11851249999999997,0.7694945114014473,0.640625,8,0.9898389461302447,0.986577545700309,False,False,down
DPP6,-0.04121999999999996,0.7699902046809085,0.845703125,10,0.9898389461302447,1.0,False,False,down
FETUB,-0.018240000000000017,0.7706205654120573,0.76953125,10,0.9898389461302447,1.0,False,False,down
HMMR,-0.08745555555555555,0.7710722030148327,0.734375,9,0.9898389461302447,1.0,False,False,down
NAA10,-0.11713333333333328,0.7711303035005213,1.0,9,0.9898389461302447,1.0,False,False,down
QPCT,-0.014890000000000028,0.7712378543001346,0.76953125,10,0.9898389461302447,1.0,False,False,down
CLEC4A,-0.032225000000000004,0.7712857203766208,0.84375,8,0.9898389461302447,1.0,False,False,down
GIPC3,-0.13519,0.771535245012609,0.625,10,0.9898389461302447,0.986577545700309,False,False,down
ITGB6,0.02894444444444444,0.7717655265842135,1.0,9,0.9898389461302447,1.0,False,False,up
UNC5D,-0.06504444444444446,0.7722187713854688,0.65234375,9,0.9898389461302447,0.986577545700309,False,False,down
TSPAN8,-0.03601000000000003,0.7724607712488106,0.76953125,10,0.9898389461302447,1.0,False,False,down
YWHAQ,-0.11383333333333336,0.7727608382263935,0.5703125,9,0.9898389461302447,0.986577545700309,False,False,down
CLINT1,-0.06084444444444445,0.7731221086944526,0.8203125,9,0.9898389461302447,1.0,False,False,down
CRLF1,-0.01045000000000001,0.7731822702154059,0.76953125,10,0.9898389461302447,1.0,False,False,down
TNFAIP8L2,0.07252222222222221,0.7733739895559667,0.734375,9,0.9898389461302447,1.0,False,False,up
FAM3B,0.023239999999999993,0.7734016030542403,1.0,10,0.9898389461302447,1.0,False,False,up
GBP1,0.05400999999999999,0.77356067299912,0.6953125,10,0.9898389461302447,1.0,False,False,up
GLP1R,0.11457499999999997,0.7735608090382462,0.7421875,8,0.9898389461302447,1.0,False,False,up
ATP2B4,0.06904444444444444,0.7737715497452576,0.8203125,9,0.9898389461302447,1.0,False,False,up
PGF,0.019080000000000003,0.7739992492005882,1.0,10,0.9898389461302447,1.0,False,False,up
LRIG1,-0.014899999999999988,0.7741541880784507,0.845703125,10,0.9898389461302447,1.0,False,False,down
APLP1,-0.05769999999999994,0.7742101213641777,0.734375,9,0.9898389461302447,1.0,False,False,down
PDGFB,0.14051,0.7743093751022002,0.921875,10,0.9898389461302447,1.0,False,False,up
IGSF8,0.02401111111111111,0.7745575596412061,0.65234375,9,0.9898389461302447,0.986577545700309,False,False,up
PDGFA,0.12792000000000003,0.7747816268336774,0.76953125,10,0.9898389461302447,1.0,False,False,up
EGF,0.14099000000000003,0.7749609447400159,1.0,10,0.9898389461302447,1.0,False,False,up
PDE1C,0.049155555555555584,0.7750058911354736,1.0,9,0.9898389461302447,1.0,False,False,up
NPTXR,0.03917777777777777,0.7752751602004089,1.0,9,0.9898389461302447,1.0,False,False,up
SELP,-0.047019999999999985,0.7755845619552513,0.625,10,0.9898389461302447,0.986577545700309,False,False,down
BRD3,-0.06298888888888886,0.7757818048771036,0.25,9,0.9898389461302447,0.97517578125,False,False,down
TIGAR,0.0688375,0.7771503749839577,1.0,8,0.9898389461302447,1.0,False,False,up
RAB27B,-0.14259,0.7774012750607209,0.4921875,10,0.9898389461302447,0.986577545700309,False,False,down
PRAP1,0.04686,0.7782979874521156,0.845703125,10,0.9898389461302447,1.0,False,False,up
MSMB,0.04145000000000003,0.7789540326814348,0.845703125,10,0.9898389461302447,1.0,False,False,up
HMCN2,0.04578888888888893,0.7796239397277217,0.91015625,9,0.9898389461302447,1.0,False,False,up
DTNB,0.12949,0.7797465175304545,0.4921875,10,0.9898389461302447,0.986577545700309,False,False,up
THSD1,-0.0242222222222222,0.7797509725204471,0.5703125,9,0.9898389461302447,0.986577545700309,False,False,down
AKT2,-0.1193444444444445,0.7808589470757368,0.8203125,9,0.9898389461302447,1.0,False,False,down
IGFBPL1,-0.021577777777777783,0.7809340634350764,0.734375,9,0.9898389461302447,1.0,False,False,down
PHLDB2,-0.06406666666666662,0.7809962092198889,1.0,9,0.9898389461302447,1.0,False,False,down
DCN,0.022033333333333335,0.7813546403919257,0.91015625,9,0.9898389461302447,1.0,False,False,up
GPI,-0.12241111111111112,0.7816755679682541,1.0,9,0.9898389461302447,1.0,False,False,down
CST5,0.029944444444444426,0.7818098036998831,0.8203125,9,0.9898389461302447,1.0,False,False,up
SLC12A2,0.02555555555555554,0.7823857858473814,0.65234375,9,0.9898389461302447,0.986577545700309,False,False,up
OCLN,-0.03593333333333333,0.7827281852877224,0.91015625,9,0.9898389461302447,1.0,False,False,down
PLEKHO1,-0.08051999999999998,0.7828662778606627,0.556640625,10,0.9898389461302447,0.986577545700309,False,False,down
ING1,-0.05965000000000001,0.7831393942664303,0.9453125,8,0.9898389461302447,1.0,False,False,down
PTTG1,0.072975,0.7831693176246538,0.7421875,8,0.9898389461302447,1.0,False,False,up
EEF1D,-0.14168999999999993,0.7834713295927409,0.431640625,10,0.9898389461302447,0.97517578125,False,False,down
GIGYF2,-0.12655555555555556,0.7848463335514236,0.734375,9,0.9898389461302447,1.0,False,False,down
EDNRB,0.08193333333333334,0.7857147763756227,0.8203125,9,0.9898389461302447,1.0,False,False,up
CHMP6,-0.06395999999999999,0.786261597240557,0.4921875,10,0.9898389461302447,0.986577545700309,False,False,down
ASGR1,-0.026311111111111094,0.7867004139537005,0.734375,9,0.9898389461302447,1.0,False,False,down
VTCN1,-0.06217500000000003,0.786917153758541,0.7421875,8,0.9898389461302447,1.0,False,False,down
SERPINE1,0.11376000000000004,0.7870677847311429,0.845703125,10,0.9898389461302447,1.0,False,False,up
ELN,0.05084000000000002,0.7872825503455388,0.556640625,10,0.9898389461302447,0.986577545700309,False,False,up
IL1RL1,-0.023149999999999987,0.7879272293570545,0.76953125,10,0.9898389461302447,1.0,False,False,down
SIAE,0.08954444444444445,0.7879799946929644,0.65234375,9,0.9898389461302447,0.986577545700309,False,False,up
OSTN,0.05725714285714289,0.7880348476332315,0.8125,7,0.9898389461302447,1.0,False,False,up
PDCL2,0.0481888888888889,0.7887295184933257,0.91015625,9,0.9898389461302447,1.0,False,False,up
USP8,0.12432222222222225,0.7891584086841199,0.8203125,9,0.9898389461302447,1.0,False,False,up
TNFRSF6B,0.03002222222222219,0.789374118998203,0.734375,9,0.9898389461302447,1.0,False,False,up
ESM1,-0.02713000000000001,0.7898775424919221,0.845703125,10,0.9898389461302447,1.0,False,False,down
IL10,-0.0945333333333333,0.7900944934013427,0.734375,9,0.9898389461302447,1.0,False,False,down
GFER,-0.09546249999999998,0.7900960807447274,1.0,8,0.9898389461302447,1.0,False,False,down
CCAR2,0.02553999999999999,0.7901539118475839,0.76953125,10,0.9898389461302447,1.0,False,False,up
CCN3,0.01679999999999999,0.7903161791688385,0.4921875,10,0.9898389461302447,0.986577545700309,False,False,up
VSIR,0.07018888888888891,0.7904864715700131,0.91015625,9,0.9898389461302447,1.0,False,False,up
PTP4A3,-0.0899555555555556,0.7908585332042242,0.734375,9,0.9898389461302447,1.0,False,False,down
PPP1CC,0.04300999999999998,0.7913339569545649,1.0,10,0.9898389461302447,1.0,False,False,up
BCHE,0.041311111111111104,0.7922132384747563,0.65234375,9,0.9898389461302447,0.986577545700309,False,False,up
GSTP1,-0.05553750000000002,0.7924637945205655,0.84375,8,0.9898389461302447,1.0,False,False,down
MAPKAPK2,0.100775,0.7925798967707586,0.9453125,8,0.9898389461302447,1.0,False,False,up
SMS,-0.04477500000000001,0.7930933524875097,0.7421875,8,0.9898389461302447,1.0,False,False,down
CXCL5,0.1252666666666667,0.7933512942648324,0.91015625,9,0.9898389461302447,1.0,False,False,up
RP2,-0.04848,0.7934077387100913,0.921875,10,0.9898389461302447,1.0,False,False,down
GP5,0.08866666666666666,0.7936719572596546,0.65234375,9,0.9898389461302447,0.986577545700309,False,False,up
SKIV2L,0.035899999999999994,0.7940790649877497,0.91015625,9,0.9898389461302447,1.0,False,False,up
LYVE1,0.027849999999999993,0.7945816554105287,0.921875,10,0.9898389461302447,1.0,False,False,up
NFAT5,-0.12761111111111115,0.794958943322284,0.8203125,9,0.9898389461302447,1.0,False,False,down
ITGAX,-0.17714999999999992,0.7952957066307111,0.9453125,8,0.9898389461302447,1.0,False,False,down
RAB33A,-0.0754333333333333,0.7962110388867815,0.5703125,9,0.9898389461302447,0.986577545700309,False,False,down
CPB1,-0.03369,0.7963266503980728,0.76953125,10,0.9898389461302447,1.0,False,False,down
MSTN,-0.05300000000000002,0.7968598681933593,0.91015625,9,0.9898389461302447,1.0,False,False,down
TXNDC15,0.015388888888888903,0.7973377774218714,0.5703125,9,0.9898389461302447,0.986577545700309,False,False,up
CRIP2,-0.03735555555555557,0.7974631458712067,1.0,9,0.9898389461302447,1.0,False,False,down
GCHFR,0.06480000000000001,0.7980921937289918,0.65234375,9,0.9898389461302447,0.986577545700309,False,False,up
NMNAT1,-0.10738888888888891,0.7982437894809091,0.30078125,9,0.9898389461302447,0.97517578125,False,False,down
LYZL2,0.03619999999999996,0.7983543524769486,1.0,9,0.9898389461302447,1.0,False,False,up
VEGFD,-0.02618999999999998,0.7984634603729268,0.921875,10,0.9898389461302447,1.0,False,False,down
GAS6,-0.012649999999999984,0.7988739549262829,0.845703125,10,0.9898389461302447,1.0,False,False,down
TCP11,-0.06430000000000002,0.7991803436147288,0.84375,8,0.9898389461302447,1.0,False,False,down
CHCHD6,0.03052,0.7993417144173928,0.845703125,10,0.9898389461302447,1.0,False,False,up
ATP6V1G2,-0.13874444444444453,0.8001436870674059,1.0,9,0.9898389461302447,1.0,False,False,down
TNF__Cardiometabolic,0.02686666666666665,0.8007694340480488,0.8203125,9,0.9898389461302447,1.0,False,False,up
AHNAK2,0.020800000000000003,0.8012937743964615,0.8203125,9,0.9898389461302447,1.0,False,False,up
CTBS,0.032988888888888866,0.8014185962250118,0.49609375,9,0.9898389461302447,0.986577545700309,False,False,up
EIF4E,-0.12859999999999994,0.8014277778880876,0.734375,9,0.9898389461302447,1.0,False,False,down
DPY30,0.062490000000000004,0.8015806107926694,1.0,10,0.9898389461302447,1.0,False,False,up
LTBP3,0.04223750000000001,0.8017201754463003,0.84375,8,0.9898389461302447,1.0,False,False,up
CST6,0.017650000000000044,0.8020417627585261,0.4921875,10,0.9898389461302447,0.986577545700309,False,False,up
NRXN3,0.04887142857142857,0.8023164886112513,0.8125,7,0.9898389461302447,1.0,False,False,up
HMGCS1,0.04794444444444444,0.8026009348181865,0.8203125,9,0.9898389461302447,1.0,False,False,up
PMS1,0.11265714285714282,0.8028305455006758,0.8125,7,0.9898389461302447,1.0,False,False,up
CA7,-0.08872500000000003,0.8029666836619698,1.0,8,0.9898389461302447,1.0,False,False,down
EDAR,0.08077499999999996,0.8033639136711552,0.7421875,8,0.9898389461302447,1.0,False,False,up
IL12RB1,0.08506666666666665,0.8033995297919945,0.91015625,9,0.9898389461302447,1.0,False,False,up
LEP,-0.04918888888888887,0.803696070384854,0.49609375,9,0.9898389461302447,0.986577545700309,False,False,down
HGF,0.061860000000000026,0.8039891800012055,0.625,10,0.9898389461302447,0.986577545700309,False,False,up
KRT18,0.07838999999999999,0.8044260850416343,1.0,10,0.9898389461302447,1.0,False,False,up
CMIP,-0.09355999999999998,0.8052002491229437,0.845703125,10,0.9898389461302447,1.0,False,False,down
UBE2L6,0.07534000000000005,0.8064402181997907,0.431640625,10,0.9898389461302447,0.97517578125,False,False,up
CIRBP,-0.08939000000000005,0.80714303279475,0.76953125,10,0.9898389461302447,1.0,False,False,down
HEBP1,0.05617777777777772,0.807399254345466,1.0,9,0.9898389461302447,1.0,False,False,up
SUSD2,-0.01539000000000001,0.8074170738596275,0.625,10,0.9898389461302447,0.986577545700309,False,False,down
PMM2,-0.09775555555555553,0.8074582371933585,0.49609375,9,0.9898389461302447,0.986577545700309,False,False,down
RNF41,-0.103025,0.807593192950294,0.7421875,8,0.9898389461302447,1.0,False,False,down
C1S,0.03614,0.8081211751914961,0.845703125,10,0.9898389461302447,1.0,False,False,up
SEZ6L,0.020999999999999994,0.8081975732823011,0.91015625,9,0.9898389461302447,1.0,False,False,up
PLTP,-0.013880000000000017,0.8083415636548079,0.76953125,10,0.9898389461302447,1.0,False,False,down
FMNL1,0.06859999999999998,0.8084865557935268,0.7421875,8,0.9898389461302447,1.0,False,False,up
LMOD1__Cardiometabolic_II,0.045977777777777756,0.8085559354754722,1.0,9,0.9898389461302447,1.0,False,False,up
ICAM1,-0.014660000000000001,0.8087631044667255,0.625,10,0.9898389461302447,0.986577545700309,False,False,down
LETM1,0.08204444444444443,0.8091317958692392,0.8203125,9,0.9898389461302447,1.0,False,False,up
APCS,0.033679999999999995,0.8101233432462018,0.921875,10,0.9898389461302447,1.0,False,False,up
ANGPTL4,0.027729999999999987,0.8107802900182213,0.921875,10,0.9898389461302447,1.0,False,False,up
PTPRS,-0.010250000000000006,0.8110085267815401,0.556640625,10,0.9898389461302447,0.986577545700309,False,False,down
AMOT,0.04361111111111109,0.811535513552888,1.0,9,0.9898389461302447,1.0,False,False,up
MYOM2,0.13646666666666663,0.8139920220328857,0.30078125,9,0.9898389461302447,0.97517578125,False,False,up
GP6,-0.07522999999999996,0.8140378531304906,0.6953125,10,0.9898389461302447,1.0,False,False,down
TSLP,0.06442222222222221,0.8145020419815361,0.734375,9,0.9898389461302447,1.0,False,False,up
SARG,0.09373000000000009,0.8157324565253058,0.76953125,10,0.9898389461302447,1.0,False,False,up
PVR,0.021910000000000006,0.8162038899106479,0.76953125,10,0.9898389461302447,1.0,False,False,up
DNAJB2,-0.11584444444444432,0.8164629264414858,0.65234375,9,0.9898389461302447,0.986577545700309,False,False,down
PENK,0.03437777777777779,0.8165154815515735,1.0,9,0.9898389461302447,1.0,False,False,up
SIRPA,0.010440000000000001,0.8168425428144062,0.625,10,0.9898389461302447,0.986577545700309,False,False,up
CLEC4C,0.05483749999999999,0.817057417543658,0.640625,8,0.9898389461302447,0.986577545700309,False,False,up
LY75,-0.023787500000000027,0.8176109358504151,0.7421875,8,0.9898389461302447,1.0,False,False,down
ISM1,0.026650000000000014,0.8185775852897017,0.84375,8,0.9898389461302447,1.0,False,False,up
CNTN5,-0.0115,0.818657456404532,0.845703125,10,0.9898389461302447,1.0,False,False,down
CETN3,-0.05895999999999996,0.8193034215874485,0.556640625,10,0.9898389461302447,0.986577545700309,False,False,down
L1CAM,-0.017977777777777783,0.8194454620183883,0.734375,9,0.9898389461302447,1.0,False,False,down
CD164L2,0.05580000000000004,0.819473260815617,1.0,7,0.9898389461302447,1.0,False,False,up
GJA8,-0.07526666666666665,0.8202988179657924,0.91015625,9,0.9898389461302447,1.0,False,False,down
NOTCH1,-0.013359999999999993,0.82049358103027,0.4921875,10,0.9898389461302447,0.986577545700309,False,False,down
CHGA,-0.04615999999999996,0.8207828088685127,0.76953125,10,0.9898389461302447,1.0,False,False,down
PSTPIP2,-0.10292222222222236,0.8210718142635653,0.65234375,9,0.9898389461302447,0.986577545700309,False,False,down
TBC1D23,-0.09390999999999998,0.8211059002844249,0.556640625,10,0.9898389461302447,0.986577545700309,False,False,down
EXTL1,0.036433333333333366,0.821753035295484,0.91015625,9,0.9898389461302447,1.0,False,False,up
CACNA1H,0.021255555555555545,0.8217974316102977,0.5703125,9,0.9898389461302447,0.986577545700309,False,False,up
INSL5,0.07691999999999996,0.8219386516474366,0.431640625,10,0.9898389461302447,0.97517578125,False,False,up
FCRL1,0.011188888888888894,0.8224201372236956,0.91015625,9,0.9898389461302447,1.0,False,False,up
IL5,0.231788888888889,0.8226186710267918,0.734375,9,0.9898389461302447,1.0,False,False,up
NGRN,-0.024480000000000005,0.822642399014915,1.0,10,0.9898389461302447,1.0,False,False,down
CRELD2,0.02416999999999999,0.8226531863897741,1.0,10,0.9898389461302447,1.0,False,False,up
FGF20,-0.028022222222222233,0.8226589887920344,0.91015625,9,0.9898389461302447,1.0,False,False,down
FAM20A,0.026750000000000024,0.8228586480298369,0.921875,10,0.9898389461302447,1.0,False,False,up
TP53I3,0.07135555555555555,0.8231493997794463,1.0,9,0.9898389461302447,1.0,False,False,up
HJV,0.041888888888888864,0.8233352087167165,0.42578125,9,0.9898389461302447,0.97517578125,False,False,up
MCTS1,-0.024480000000000012,0.8234131571014695,0.845703125,10,0.9898389461302447,1.0,False,False,down
SPART,0.10145555555555558,0.8235608529684558,0.5703125,9,0.9898389461302447,0.986577545700309,False,False,up
DAG1,-0.04400000000000005,0.8237924609167098,0.556640625,10,0.9898389461302447,0.986577545700309,False,False,down
PKD2,0.07725555555555558,0.8246898969806163,0.91015625,9,0.9898389461302447,1.0,False,False,up
ADH4,-0.09398888888888891,0.8251393375874883,0.65234375,9,0.9898389461302447,0.986577545700309,False,False,down
FZD8,-0.08013749999999992,0.825712108951572,0.84375,8,0.9898389461302447,1.0,False,False,down
FLT4,-0.013566666666666664,0.8257349747956749,0.5703125,9,0.9898389461302447,0.986577545700309,False,False,down
LAYN,0.02127777777777776,0.8257653258853054,0.8203125,9,0.9898389461302447,1.0,False,False,up
NAPRT,-0.025500000000000016,0.8258626431336642,0.76953125,10,0.9898389461302447,1.0,False,False,down
VCPKMT,0.027888888888888907,0.826318920861737,0.91015625,9,0.9898389461302447,1.0,False,False,up
IL25,-0.0415111111111111,0.82697383541621,0.8203125,9,0.9898389461302447,1.0,False,False,down
RRP15,0.1594874999999999,0.8272315113433055,0.84375,8,0.9898389461302447,1.0,False,False,up
ROBO4,-0.013600000000000004,0.8272501967688717,1.0,9,0.9898389461302447,1.0,False,False,down
TALDO1,0.0497,0.8293455171508057,0.845703125,10,0.9898389461302447,1.0,False,False,up
CD4,0.02357499999999998,0.829439058167794,0.9453125,8,0.9898389461302447,1.0,False,False,up
AZI2,0.08311111111111112,0.8295045368808807,1.0,9,0.9898389461302447,1.0,False,False,up
LIFR,-0.020724999999999993,0.8298536544248309,0.546875,8,0.9898389461302447,0.986577545700309,False,False,down
BTN3A2,-0.03540000000000003,0.8303165327009863,0.7421875,8,0.9898389461302447,1.0,False,False,down
TBL1X,-0.10083750000000002,0.8305089099267163,0.7421875,8,0.9898389461302447,1.0,False,False,down
PGLYRP1,0.026770000000000006,0.8306579681587641,0.375,10,0.9898389461302447,0.97517578125,False,False,up
DHPS,-0.029219999999999968,0.8308725417946287,0.556640625,10,0.9898389461302447,0.986577545700309,False,False,down
ITIH1,0.015720000000000015,0.8312467812637556,0.76953125,10,0.9898389461302447,1.0,False,False,up
KITLG,0.011911111111111119,0.8325168448954693,0.91015625,9,0.9898389461302447,1.0,False,False,up
ADAMTSL5,0.03617000000000003,0.8333226898861945,0.6953125,10,0.9898389461302447,1.0,False,False,up
IL3,0.08311111111111108,0.8339893318654993,0.8203125,9,0.9898389461302447,1.0,False,False,up
GPC5,0.03601111111111114,0.834368409689189,0.42578125,9,0.9898389461302447,0.97517578125,False,False,up
BTC,-0.05078749999999996,0.8343702477332505,0.84375,8,0.9898389461302447,1.0,False,False,down
SPINK4,-0.039099999999999996,0.8347655102111184,0.7421875,8,0.9898389461302447,1.0,False,False,down
ADAM15,0.011255555555555562,0.8347798732428203,0.734375,9,0.9898389461302447,1.0,False,False,up
FGF19,-0.031740000000000025,0.8351132695038312,1.0,10,0.9898389461302447,1.0,False,False,down
SAMD9L,0.06958750000000002,0.8361103144392519,1.0,8,0.9898389461302447,1.0,False,False,up
PDGFRB,-0.013210000000000005,0.8361435867496716,0.76953125,10,0.9898389461302447,1.0,False,False,down
MSLNL,0.056028571428571414,0.8363906108925976,1.0,7,0.9898389461302447,1.0,False,False,up
MATN3,-0.01496666666666669,0.8366065578082915,0.5703125,9,0.9898389461302447,0.986577545700309,False,False,down
AREG,0.03061999999999998,0.8369034057353881,0.6953125,10,0.9898389461302447,1.0,False,False,up
INHBC,0.01738,0.837068043059283,0.76953125,10,0.9898389461302447,1.0,False,False,up
CD2,0.05328888888888891,0.8374200920856085,0.91015625,9,0.9898389461302447,1.0,False,False,up
DEFB118,-0.06928749999999995,0.8375819015643123,0.640625,8,0.9898389461302447,0.986577545700309,False,False,down
CALCA,-0.018888888888888896,0.8376083820203427,0.5703125,9,0.9898389461302447,0.986577545700309,False,False,down
PLCB2,0.12745999999999996,0.8376664412565753,1.0,10,0.9898389461302447,1.0,False,False,up
VPS4B,0.05621,0.8377463936772376,0.921875,10,0.9898389461302447,1.0,False,False,up
CLEC2L,-0.03280000000000001,0.8378791417049076,0.6875,7,0.9898389461302447,1.0,False,False,down
KIF20B,0.13196249999999998,0.8383625406967986,0.4609375,8,0.9898389461302447,0.986577545700309,False,False,up
KRT5,-0.03903749999999995,0.8388651645326549,0.9453125,8,0.9898389461302447,1.0,False,False,down
CELA3A,-0.022849999999999995,0.8391256526333907,0.76953125,10,0.9898389461302447,1.0,False,False,down
BAMBI,0.0397875,0.8395906098499004,1.0,8,0.9898389461302447,1.0,False,False,up
LARP1,0.04805000000000002,0.8396936655531675,1.0,10,0.9898389461302447,1.0,False,False,up
DLL1,-0.014144444444444447,0.840031579311414,0.91015625,9,0.9898389461302447,1.0,False,False,down
MAP3K5,0.11901249999999994,0.8400447597642333,0.9453125,8,0.9898389461302447,1.0,False,False,up
TAX1BP1,-0.0696,0.8405857188183659,0.6953125,10,0.9898389461302447,1.0,False,False,down
KLK13,-0.014560000000000007,0.8405987600613473,0.76953125,10,0.9898389461302447,1.0,False,False,down
WFIKKN1,0.033266666666666674,0.8407419424538092,0.91015625,9,0.9898389461302447,1.0,False,False,up
SERPINB5,-0.09533333333333337,0.8408991581015217,0.65234375,9,0.9898389461302447,0.986577545700309,False,False,down
GNAS,-0.029822222222222233,0.8414604752623461,0.91015625,9,0.9898389461302447,1.0,False,False,down
BGN,0.06255,0.8416838621389096,1.0,8,0.9898389461302447,1.0,False,False,up
GFOD2,-0.038887499999999964,0.8420073016860484,0.9453125,8,0.9898389461302447,1.0,False,False,down
HNRNPK,0.052911111111111055,0.8420571177043618,0.91015625,9,0.9898389461302447,1.0,False,False,up
PRSS22,0.03097777777777777,0.8422208516084868,0.8203125,9,0.9898389461302447,1.0,False,False,up
BEX3,0.10248888888888891,0.8424209683582194,1.0,9,0.9898389461302447,1.0,False,False,up
DTD1,-0.12276666666666664,0.8425741283606188,0.5703125,9,0.9898389461302447,0.986577545700309,False,False,down
KIRREL1,-0.05566249999999995,0.8432038004142599,1.0,8,0.9898389461302447,1.0,False,False,down
CCL3,-0.04273749999999993,0.8442871566711038,0.7421875,8,0.9898389461302447,1.0,False,False,down
CD3E,0.03971250000000001,0.8445195729537966,1.0,8,0.9898389461302447,1.0,False,False,up
AHSG,0.029288888888888857,0.8445839601117294,0.734375,9,0.9898389461302447,1.0,False,False,up
GPIHBP1,0.06630000000000003,0.8449671851732969,0.845703125,10,0.9898389461302447,1.0,False,False,up
SPARC,-0.08698888888888896,0.845827188029701,0.1640625,9,0.9898389461302447,0.97517578125,False,False,down
MYBPC1,-0.14605000000000004,0.8459040633481523,0.921875,10,0.9898389461302447,1.0,False,False,down
DCTD,0.08802222222222213,0.8462867995552796,0.8203125,9,0.9898389461302447,1.0,False,False,up
PGR,-0.02503333333333335,0.8463349653092809,0.91015625,9,0.9898389461302447,1.0,False,False,down
TDP1,0.05063999999999998,0.8465640490759659,0.921875,10,0.9898389461302447,1.0,False,False,up
CACNB3,-0.09708888888888893,0.8465679716796695,1.0,9,0.9898389461302447,1.0,False,False,down
SATB1,0.02905555555555557,0.8469826376883813,0.8203125,9,0.9898389461302447,1.0,False,False,up
CD5,-0.013169999999999992,0.8475500681203737,0.845703125,10,0.9898389461302447,1.0,False,False,down
GUK1,-0.049533333333333304,0.8475638024581647,0.91015625,9,0.9898389461302447,1.0,False,False,down
LRG1,0.013879999999999993,0.8479700294778663,0.6953125,10,0.9898389461302447,1.0,False,False,up
PRSS2,0.012539999999999978,0.8480507571423611,0.921875,10,0.9898389461302447,1.0,False,False,up
RET,0.015259999999999985,0.8481308699285419,0.921875,10,0.9898389461302447,1.0,False,False,up
CLEC1B,0.07767000000000004,0.848229500175389,1.0,10,0.9898389461302447,1.0,False,False,up
CDH1,0.012450000000000004,0.8485723448828205,0.921875,10,0.9898389461302447,1.0,False,False,up
CST3,-0.01766,0.8486572680011712,0.845703125,10,0.9898389461302447,1.0,False,False,down
KHDC3L,-0.0708111111111111,0.8490032540149038,0.91015625,9,0.9898389461302447,1.0,False,False,down
CHP1,0.06341250000000004,0.8495753681912124,0.9453125,8,0.9898389461302447,1.0,False,False,up
RPS10,0.03913333333333334,0.8495766355588252,1.0,9,0.9898389461302447,1.0,False,False,up
NBN,-0.031311111111111144,0.8496163684426041,0.91015625,9,0.9898389461302447,1.0,False,False,down
ARF6,0.09057999999999997,0.849667499546131,0.431640625,10,0.9898389461302447,0.97517578125,False,False,up
NPHS2,-0.039633333333333326,0.8499558970052672,1.0,9,0.9898389461302447,1.0,False,False,down
TFF2,-0.0242,0.8505330100109165,0.845703125,10,0.9898389461302447,1.0,False,False,down
GIPC2,0.022329999999999996,0.851028353869978,0.625,10,0.9898389461302447,0.986577545700309,False,False,up
FGF21,-0.06319,0.851436796585494,0.921875,10,0.9898389461302447,1.0,False,False,down
CD63,0.05711111111111114,0.8514676801963167,0.91015625,9,0.9898389461302447,1.0,False,False,up
ART5,0.04262499999999998,0.8523268000236071,1.0,8,0.9898389461302447,1.0,False,False,up
RASA1,0.03960000000000001,0.8530487942088814,0.7421875,8,0.9898389461302447,1.0,False,False,up
TCN2,-0.012569999999999998,0.853125505667311,1.0,10,0.9898389461302447,1.0,False,False,down
TNFRSF4,-0.013059999999999978,0.8536854900544106,1.0,10,0.9898389461302447,1.0,False,False,down
CASP10,-0.10615000000000004,0.8539205839231784,0.84375,8,0.9898389461302447,1.0,False,False,down
SEZ6,0.054314285714285725,0.8540800996800197,0.9375,7,0.9898389461302447,1.0,False,False,up
LTBP2,-0.010930000000000014,0.8541551073751104,0.625,10,0.9898389461302447,0.986577545700309,False,False,down
PPM1F,0.04316999999999996,0.8543476128874408,1.0,10,0.9898389461302447,1.0,False,False,up
RTBDN,0.02799999999999997,0.8546185191047506,0.845703125,10,0.9898389461302447,1.0,False,False,up
NID2,0.05031999999999996,0.8546367066676545,0.375,10,0.9898389461302447,0.97517578125,False,False,up
NID1,0.03038000000000003,0.8546938164099256,0.6953125,10,0.9898389461302447,1.0,False,False,up
ERBB2,0.014088888888888892,0.8548130202299852,0.8203125,9,0.9898389461302447,1.0,False,False,up
IST1,-0.06467000000000005,0.8550914972620315,0.6953125,10,0.9898389461302447,1.0,False,False,down
CCL4,-0.03935,0.8551381188879734,0.431640625,10,0.9898389461302447,0.97517578125,False,False,down
CPB2,-0.025289999999999997,0.8552506130360565,0.556640625,10,0.9898389461302447,0.986577545700309,False,False,down
CD72,0.018299999999999983,0.8555310492204704,0.30078125,9,0.9898389461302447,0.97517578125,False,False,up
SERPINB8,0.026439999999999974,0.8557117763522475,1.0,10,0.9898389461302447,1.0,False,False,up
LACTB2,-0.0500222222222223,0.8560977331541403,0.91015625,9,0.9898389461302447,1.0,False,False,down
MANEAL,0.05660000000000001,0.8564810952343204,0.91015625,9,0.9898389461302447,1.0,False,False,up
IL22,0.027939999999999993,0.856542271590867,0.921875,10,0.9898389461302447,1.0,False,False,up
PPP1R2,0.06029999999999997,0.8566573741304758,0.91015625,9,0.9898389461302447,1.0,False,False,up
MAP2K1,-0.08007000000000004,0.857341807673508,0.845703125,10,0.9898389461302447,1.0,False,False,down
CCND2,0.08040000000000008,0.8573476739185302,0.84375,8,0.9898389461302447,1.0,False,False,up
RAP1A,-0.05668888888888887,0.857628608865239,0.91015625,9,0.9898389461302447,1.0,False,False,down
FCGR2B,0.09948749999999995,0.8577256509521973,0.640625,8,0.9898389461302447,0.986577545700309,False,False,up
NPDC1,-0.010999999999999998,0.8581066961105277,0.91015625,9,0.9898389461302447,1.0,False,False,down
MYL3,0.09815555555555543,0.8583652027458747,1.0,9,0.9898389461302447,1.0,False,False,up
BLOC1S2,0.07996249999999999,0.8586297990966549,0.9453125,8,0.9898389461302447,1.0,False,False,up
CES1,-0.026629999999999997,0.8588823347817222,0.6953125,10,0.9898389461302447,1.0,False,False,down
HYAL1,-0.010750000000000001,0.8589063666528617,0.845703125,10,0.9898389461302447,1.0,False,False,down
PM20D1,-0.015266666666666769,0.859156034871773,0.8203125,9,0.9898389461302447,1.0,False,False,down
IL3RA,0.08275555555555554,0.859520757063342,0.42578125,9,0.9898389461302447,0.97517578125,False,False,up
NCF2,0.11622499999999991,0.8602859078868624,0.7421875,8,0.9898389461302447,1.0,False,False,up
APPL2,-0.08381111111111111,0.860323704481465,0.5703125,9,0.9898389461302447,0.986577545700309,False,False,down
RSPO1,-0.024833333333333336,0.8604917500922887,0.91015625,9,0.9898389461302447,1.0,False,False,down
POLR2F,0.016170000000000007,0.8605183753909496,0.76953125,10,0.9898389461302447,1.0,False,False,up
TYMP,-0.0410555555555555,0.8608106003204594,0.734375,9,0.9898389461302447,1.0,False,False,down
TREML2,-0.016979999999999985,0.8614596151688514,0.4921875,10,0.9898389461302447,0.986577545700309,False,False,down
SLAMF8,-0.02738750000000001,0.8616690653189744,0.4609375,8,0.9898389461302447,0.986577545700309,False,False,down
NXPH3,-0.022022222222222235,0.8627304798903643,0.8203125,9,0.9898389461302447,1.0,False,False,down
ANGPTL7,0.020020000000000003,0.8631611806181498,0.625,10,0.9898389461302447,0.986577545700309,False,False,up
PTS,0.047750000000000015,0.8632719932296646,0.4609375,8,0.9898389461302447,0.986577545700309,False,False,up
KIR3DL1,0.04443749999999999,0.8633946187585565,0.9453125,8,0.9898389461302447,1.0,False,False,up
VWA1,-0.03148999999999999,0.8637764232379552,0.845703125,10,0.9898389461302447,1.0,False,False,down
AKR7L,-0.03846666666666668,0.8640580045225145,0.8203125,9,0.9898389461302447,1.0,False,False,down
PIK3IP1,0.008119999999999995,0.8645646632243862,1.0,10,0.9898389461302447,1.0,False,False,up
PDE5A,0.0818,0.864690362899419,0.91015625,9,0.9898389461302447,1.0,False,False,up
CTLA4,-0.054159999999999986,0.8646981249704392,0.4921875,10,0.9898389461302447,0.986577545700309,False,False,down
NLGN1,-0.0694714285714286,0.8649258426663423,1.0,7,0.9898389461302447,1.0,False,False,down
HSP90B1,0.035237500000000005,0.8651456877024433,0.84375,8,0.9898389461302447,1.0,False,False,up
LCN15,0.017177777777777768,0.8657999142199004,1.0,9,0.9898389461302447,1.0,False,False,up
ANXA5,0.022537500000000002,0.8662311771052479,0.9453125,8,0.9898389461302447,1.0,False,False,up
CXCL14,-0.03135555555555559,0.8662416599877107,0.91015625,9,0.9898389461302447,1.0,False,False,down
TARBP2,0.09228750000000001,0.8665214600533069,0.9453125,8,0.9898389461302447,1.0,False,False,up
APBB1IP,-0.03386000000000004,0.8667060631900774,1.0,10,0.9898389461302447,1.0,False,False,down
C1QBP,0.02484444444444443,0.8668586684478351,0.734375,9,0.9898389461302447,1.0,False,False,up
PITHD1,0.05373333333333336,0.866866301767237,1.0,9,0.9898389461302447,1.0,False,False,up
RNF5,0.03105555555555555,0.8674343482571798,0.91015625,9,0.9898389461302447,1.0,False,False,up
SFRP1,0.031744444444444436,0.8676997113413033,0.91015625,9,0.9898389461302447,1.0,False,False,up
STX8,0.06272499999999998,0.8683953590505055,0.9453125,8,0.9898389461302447,1.0,False,False,up
MDM1,0.03390000000000002,0.8686323351600416,0.8125,7,0.9898389461302447,1.0,False,False,up
REG4,-0.018079999999999992,0.8686490509791094,1.0,10,0.9898389461302447,1.0,False,False,down
MYL1,-0.03968888888888887,0.8689185805439068,0.5703125,9,0.9898389461302447,0.986577545700309,False,False,down
AK1,0.07914444444444439,0.8690025377114865,0.5703125,9,0.9898389461302447,0.986577545700309,False,False,up
NUP50,-0.02337777777777776,0.8698127123927586,1.0,9,0.9898389461302447,1.0,False,False,down
CD177,0.020560000000000012,0.870013427326823,0.6953125,10,0.9898389461302447,1.0,False,False,up
ASGR2,0.028377777777777773,0.8700353950512205,0.91015625,9,0.9898389461302447,1.0,False,False,up
LYPD8,0.030999999999999972,0.8700550424792044,0.640625,8,0.9898389461302447,0.986577545700309,False,False,up
TBCA,-0.10224444444444439,0.8701962976664108,0.734375,9,0.9898389461302447,1.0,False,False,down
IL5RA,-0.016324999999999992,0.8702587651917663,0.546875,8,0.9898389461302447,0.986577545700309,False,False,down
RELT,-0.016329999999999994,0.8707353022671027,0.6953125,10,0.9898389461302447,1.0,False,False,down
XCL1,0.01471,0.8710613041052515,0.4921875,10,0.9898389461302447,0.986577545700309,False,False,up
CSF2RB,0.023866666666666654,0.871133823625976,0.8203125,9,0.9898389461302447,1.0,False,False,up
PMCH,-0.02120000000000001,0.8713505042006447,1.0,9,0.9898389461302447,1.0,False,False,down
CDC27,-0.046475,0.8713553931748168,0.9453125,8,0.9898389461302447,1.0,False,False,down
DXO,-0.03543000000000003,0.8715852831376605,1.0,10,0.9898389461302447,1.0,False,False,down
SUOX,0.03979999999999998,0.87183866272844,0.8203125,9,0.9898389461302447,1.0,False,False,up
TNFSF12,-0.03017000000000002,0.8733039316509396,0.4921875,10,0.9898389461302447,0.986577545700309,False,False,down
NAAA,-0.022211111111111095,0.8734114303977747,0.91015625,9,0.9898389461302447,1.0,False,False,down
TRDMT1,-0.03896250000000001,0.8739848346622696,0.9453125,8,0.9898389461302447,1.0,False,False,down
ITGB1BP1,0.049662499999999984,0.8741196049161457,0.84375,8,0.9898389461302447,1.0,False,False,up
PBLD,-0.04296249999999996,0.8752551892652578,1.0,8,0.9898389461302447,1.0,False,False,down
FDX2,0.028888888888888915,0.87529639581023,0.734375,9,0.9898389461302447,1.0,False,False,up
DAAM1,-0.07181111111111108,0.8759672100052329,0.5703125,9,0.9898389461302447,0.986577545700309,False,False,down
ARSA,0.035990000000000015,0.8769498058730372,0.845703125,10,0.9898389461302447,1.0,False,False,up
RBP5,-0.02978000000000003,0.8774080182920427,0.921875,10,0.9898389461302447,1.0,False,False,down
LAT,-0.05523999999999997,0.8774418585779611,0.921875,10,0.9898389461302447,1.0,False,False,down
FOXJ3,0.011666666666666659,0.877768100835027,0.734375,9,0.9898389461302447,1.0,False,False,up
VSTM2L,-0.03377777777777778,0.8779447824070379,0.91015625,9,0.9898389461302447,1.0,False,False,down
RECK,0.015633333333333336,0.8782080314752891,1.0,9,0.9898389461302447,1.0,False,False,up
RNASET2,-0.017279999999999983,0.8784638462088785,0.556640625,10,0.9898389461302447,0.986577545700309,False,False,down
DBN1,-0.04033333333333336,0.878499598058494,0.65234375,9,0.9898389461302447,0.986577545700309,False,False,down
CNTN1,-0.010390000000000007,0.878680400939023,1.0,10,0.9898389461302447,1.0,False,False,down
CNDP1,-0.017749999999999932,0.8790697566862011,1.0,10,0.9898389461302447,1.0,False,False,down
HSPA1A,0.05621000000000006,0.880044318525351,0.556640625,10,0.9898389461302447,0.986577545700309,False,False,up
GART,0.01948888888888889,0.8801113399787217,0.8203125,9,0.9898389461302447,1.0,False,False,up
PLA2G2A,0.01830000000000001,0.880471382186926,0.921875,10,0.9898389461302447,1.0,False,False,up
BCL2L11,-0.029250000000000005,0.8805840891917562,0.9453125,8,0.9898389461302447,1.0,False,False,down
ANP32C,-0.019988888888888907,0.8807657800077955,0.49609375,9,0.9898389461302447,0.986577545700309,False,False,down
PLSCR3,0.03699999999999999,0.881106379604309,0.556640625,10,0.9898389461302447,0.986577545700309,False,False,up
SHPK,0.029587500000000003,0.8813883373170383,0.9453125,8,0.9898389461302447,1.0,False,False,up
SCN2A,0.035750000000000004,0.881576959184059,0.640625,8,0.9898389461302447,0.986577545700309,False,False,up
TEK,-0.007844444444444446,0.8818225628942753,0.91015625,9,0.9898389461302447,1.0,False,False,down
EIF5,0.05828888888888888,0.8821529380353046,1.0,9,0.9898389461302447,1.0,False,False,up
THAP12,0.05995555555555546,0.8822058206819963,0.65234375,9,0.9898389461302447,0.986577545700309,False,False,up
SIRT1,0.033044444444444494,0.883017574514372,0.91015625,9,0.9898389461302447,1.0,False,False,up
AIF1,-0.0388,0.8840737465921606,0.9453125,8,0.9898389461302447,1.0,False,False,down
NCS1,-0.008469999999999995,0.8841412844905205,1.0,10,0.9898389461302447,1.0,False,False,down
SERPINH1,-0.05967499999999992,0.8842379133860567,0.9453125,8,0.9898389461302447,1.0,False,False,down
RETN,-0.01314999999999999,0.8843962136437087,0.275390625,10,0.9898389461302447,0.97517578125,False,False,down
FOLH1,-0.025166666666666688,0.8847532688318518,0.8203125,9,0.9898389461302447,1.0,False,False,down
PSMD5,0.04232857142857146,0.8851120411172033,0.9375,7,0.9898389461302447,1.0,False,False,up
FKBP14,0.04268888888888892,0.8853375015809083,0.8203125,9,0.9898389461302447,1.0,False,False,up
NEXN,-0.06555555555555558,0.8860497337252238,0.49609375,9,0.9898389461302447,0.986577545700309,False,False,down
WASL,-0.06414444444444442,0.8865565501757582,1.0,9,0.9898389461302447,1.0,False,False,down
CTF1,-0.044511111111111154,0.8868506887257921,0.91015625,9,0.9898389461302447,1.0,False,False,down
LRRC59,-0.047180000000000014,0.8871882241730733,0.6953125,10,0.9898389461302447,1.0,False,False,down
ANXA3,-0.04418999999999993,0.8872792468044982,0.6953125,10,0.9898389461302447,1.0,False,False,down
SEZ6L2,0.013210000000000005,0.8873652259821807,0.6953125,10,0.9898389461302447,1.0,False,False,up
HSD11B1,-0.02504999999999999,0.8878224800083441,0.9453125,8,0.9898389461302447,1.0,False,False,down
STX6,0.05878749999999994,0.8884096212209822,0.9453125,8,0.9898389461302447,1.0,False,False,up
HAVCR1,-0.015159999999999984,0.888490352400404,1.0,10,0.9898389461302447,1.0,False,False,down
TOP2B,0.04527777777777785,0.8885381035688169,1.0,9,0.9898389461302447,1.0,False,False,up
ST6GAL1,-0.015219999999999966,0.8885412176719046,0.6953125,10,0.9898389461302447,1.0,False,False,down
CSPG5,0.022637500000000005,0.888577079497404,0.7421875,8,0.9898389461302447,1.0,False,False,up
SEPTIN3,-0.02574444444444442,0.8890164422816513,0.91015625,9,0.9898389461302447,1.0,False,False,down
GZMA,-0.009560000000000013,0.8899419735592606,0.921875,10,0.9898389461302447,1.0,False,False,down
EFNA1,-0.0127,0.8900901624290172,1.0,10,0.9898389461302447,1.0,False,False,down
TXK,0.012849999999999986,0.8901296082524861,0.9453125,8,0.9898389461302447,1.0,False,False,up
MDGA1,-0.01798888888888887,0.8902531769337555,0.359375,9,0.9898389461302447,0.97517578125,False,False,down
SCRIB__Oncology_II,0.03215999999999999,0.8909141385940236,0.921875,10,0.9898389461302447,1.0,False,False,up
ENOX2,0.04308888888888888,0.8909958510125979,0.91015625,9,0.9898389461302447,1.0,False,False,up
SPAG1,0.03247777777777775,0.8912011351892563,0.91015625,9,0.9898389461302447,1.0,False,False,up
CACNB1,0.026862499999999956,0.891383706521659,0.84375,8,0.9898389461302447,1.0,False,False,up
CD58,-0.0076100000000000004,0.8915433040244231,0.921875,10,0.9898389461302447,1.0,False,False,down
SDC4,0.06772222222222218,0.8919720581261725,0.42578125,9,0.9898389461302447,0.97517578125,False,False,up
TPD52L2,0.05782222222222219,0.8920928552405194,0.734375,9,0.9898389461302447,1.0,False,False,up
DSG3,-0.007419999999999994,0.8921925753877238,0.625,10,0.9898389461302447,0.986577545700309,False,False,down
RBPMS,-0.028944444444444464,0.8925099035267734,1.0,9,0.9898389461302447,1.0,False,False,down
PDZK1,-0.04227777777777776,0.893467208715199,0.734375,9,0.9898389461302447,1.0,False,False,down
ERC2,-0.046814285714285746,0.8934841859590275,0.9375,7,0.9898389461302447,1.0,False,False,down
TNR,0.010788888888888896,0.8941124431081597,0.91015625,9,0.9898389461302447,1.0,False,False,up
IL10RA,-0.022111111111111095,0.8944873758961043,0.734375,9,0.9898389461302447,1.0,False,False,down
IKBKG,-0.04469999999999996,0.8953937574949393,0.84375,8,0.9898389461302447,1.0,False,False,down
RAB2B,0.03430000000000004,0.8955580363648253,0.921875,10,0.9898389461302447,1.0,False,False,up
SLC13A1,0.029210000000000003,0.8956868690386021,1.0,10,0.9898389461302447,1.0,False,False,up
LAMP2,-0.007560000000000006,0.8958910026457931,0.845703125,10,0.9898389461302447,1.0,False,False,down
ANXA1,-0.012700000000000107,0.8959588609782296,0.49609375,9,0.9898389461302447,0.986577545700309,False,False,down
ADAMTS4,0.03766666666666666,0.8961850360086832,0.734375,9,0.9898389461302447,1.0,False,False,up
BCAT1,0.01845,0.8965342080201817,0.845703125,10,0.9898389461302447,1.0,False,False,up
SCARB1,-0.028099999999999986,0.8965955029311059,0.4609375,8,0.9898389461302447,0.986577545700309,False,False,down
ENTPD5,-0.010055555555555559,0.8971883134773493,0.8657723749926214,9,0.9898389461302447,1.0,False,False,down
LSM8,-0.016500000000000015,0.8975525321758792,0.84375,8,0.9898389461302447,1.0,False,False,down
MILR1,0.010900000000000017,0.8976203251643361,1.0,9,0.9898389461302447,1.0,False,False,up
CCL16,-0.008719999999999983,0.8983753103347409,1.0,10,0.9898389461302447,1.0,False,False,down
LGALS9,-0.007790000000000003,0.8987328025983715,0.921875,10,0.9898389461302447,1.0,False,False,down
USO1,0.04361999999999995,0.8988932826200922,0.845703125,10,0.9898389461302447,1.0,False,False,up
ENO3,-0.09036666666666679,0.899021175585204,0.42578125,9,0.9898389461302447,0.97517578125,False,False,down
AIF1L,-0.016011111111111094,0.8991198705230766,0.91015625,9,0.9898389461302447,1.0,False,False,down
PYY,0.03944444444444454,0.8997546377644843,1.0,9,0.9898389461302447,1.0,False,False,up
CLEC4D,0.04723749999999996,0.9004194586015746,0.3828125,8,0.9898389461302447,0.97517578125,False,False,up
TMCO5A,-0.03994285714285717,0.900436277134593,0.6875,7,0.9898389461302447,1.0,False,False,down
PLXNB3,-0.016233333333333336,0.9006826297045161,0.91015625,9,0.9898389461302447,1.0,False,False,down
TNFAIP8,0.03484444444444449,0.9019229170303664,0.91015625,9,0.9898389461302447,1.0,False,False,up
RNF4,-0.03377500000000002,0.9020234207471303,1.0,8,0.9898389461302447,1.0,False,False,down
ARHGAP45,-0.058611111111111024,0.9023760329594296,0.5703125,9,0.9898389461302447,0.986577545700309,False,False,down
LILRB2,-0.005000000000000002,0.9027437432071341,0.625,10,0.9898389461302447,0.986577545700309,False,False,down
TOM1L2,0.0706555555555554,0.9044309592108076,0.91015625,9,0.9898389461302447,1.0,False,False,up
SCARF1,0.019679999999999982,0.9045355184367881,0.845703125,10,0.9898389461302447,1.0,False,False,up
GPRC5C,-0.021250000000000012,0.9046451625200096,1.0,10,0.9898389461302447,1.0,False,False,down
ITGB1BP2,0.04714444444444451,0.9047963090695362,0.8203125,9,0.9898389461302447,1.0,False,False,up
PTH,-0.06782857142857145,0.9048512765505972,0.9375,7,0.9898389461302447,1.0,False,False,down
PER3,-0.036188888888888875,0.9055431427297091,1.0,9,0.9898389461302447,1.0,False,False,down
UBE2Z,-0.037911111111111104,0.9055523085890984,0.8203125,9,0.9898389461302447,1.0,False,False,down
MAP2,-0.008489999999999998,0.905682021661951,0.845703125,10,0.9898389461302447,1.0,False,False,down
TINAGL1,0.008500000000000008,0.9056991103345258,0.91015625,9,0.9898389461302447,1.0,False,False,up
TNFSF13B,0.005529999999999988,0.9057761778511912,0.921875,10,0.9898389461302447,1.0,False,False,up
SOST,-0.016222222222222207,0.906021550623152,0.8203125,9,0.9898389461302447,1.0,False,False,down
GMFG,0.04818999999999998,0.9063549929644232,0.6953125,10,0.9898389461302447,1.0,False,False,up
CLTA,0.014966666666666665,0.9067848107110809,1.0,9,0.9898389461302447,1.0,False,False,up
CNTNAP4,0.026399999999999996,0.906812687323117,0.8125,7,0.9898389461302447,1.0,False,False,up
COX5B,-0.03930000000000004,0.9068336632589642,1.0,10,0.9898389461302447,1.0,False,False,down
MME,-0.022829999999999996,0.9070827113363799,0.6953125,10,0.9898389461302447,1.0,False,False,down
LGALS4,-0.016200000000000006,0.9073922295170117,0.921875,10,0.9898389461302447,1.0,False,False,down
HEXIM1,-0.050737500000000046,0.9077874589396717,1.0,8,0.9898389461302447,1.0,False,False,down
LDLR,0.012779999999999991,0.9078459703822928,0.921875,10,0.9898389461302447,1.0,False,False,up
CD14,-0.011080000000000024,0.9081701171632983,0.921875,10,0.9898389461302447,1.0,False,False,down
LILRA4,-0.04955555555555555,0.9081719243134099,0.8203125,9,0.9898389461302447,1.0,False,False,down
FKBP4,-0.033322222222222225,0.908250956222273,0.91015625,9,0.9898389461302447,1.0,False,False,down
PROC,-0.009980000000000011,0.9086624341097546,0.921875,10,0.9898389461302447,1.0,False,False,down
SIGLEC6,0.005990000000000012,0.9087496038080161,1.0,10,0.9898389461302447,1.0,False,False,up
MEPE,0.005139999999999978,0.9087741084383154,1.0,10,0.9898389461302447,1.0,False,False,up
CHEK2,-0.018077777777777762,0.9093843326785747,0.91015625,9,0.9898389461302447,1.0,False,False,down
NFYA,-0.01784444444444444,0.9099225537711907,0.91015625,9,0.9898389461302447,1.0,False,False,down
MYBPC2,0.09428888888888884,0.9099806787888001,0.734375,9,0.9898389461302447,1.0,False,False,up
PAXX,0.026677777777777776,0.909994950684127,1.0,9,0.9898389461302447,1.0,False,False,up
WASF1,-0.05682222222222211,0.9101767564919178,0.734375,9,0.9898389461302447,1.0,False,False,down
EIF4G3,-0.05352222222222223,0.9106200027510071,0.65234375,9,0.9898389461302447,0.986577545700309,False,False,down
GAS2,0.012500000000000011,0.9107048065974568,0.84375,8,0.9898389461302447,1.0,False,False,up
CHI3L1,-0.010240000000000016,0.910787442823315,1.0,10,0.9898389461302447,1.0,False,False,down
CACYBP,0.06004444444444449,0.9114146125019366,0.5703125,9,0.9898389461302447,0.986577545700309,False,False,up
NT5C,-0.039800000000000044,0.9116885607318858,0.625,10,0.9898389461302447,0.986577545700309,False,False,down
HTR1B,-0.029724999999999974,0.9118587646493441,0.84375,8,0.9898389461302447,1.0,False,False,down
KLKB1,0.009179999999999989,0.9119864447492142,0.625,10,0.9898389461302447,0.986577545700309,False,False,up
RGCC,0.04388888888888888,0.9129406282347315,0.8203125,9,0.9902085585274586,1.0,False,False,up
ARHGEF1,0.026039999999999935,0.913001285833285,1.0,10,0.9902085585274586,1.0,False,False,up
ALCAM,-0.005300000000000004,0.9134755003647265,0.845703125,10,0.990357159310152,1.0,False,False,down
KLHL41,-0.09994444444444436,0.9139575827977604,0.5703125,9,0.990514177371595,0.986577545700309,False,False,down
S100G,-0.015566666666666661,0.9145278310338606,0.65234375,9,0.9905680994239322,0.986577545700309,False,False,down
SLC28A1,0.01695555555555558,0.9146818813883909,1.0,9,0.9905680994239322,1.0,False,False,up
GLB1,0.027555555555555587,0.9151420479819042,0.65234375,9,0.9907011407751023,0.986577545700309,False,False,up
SH2D1A,0.01676249999999999,0.9155791707076533,1.0,8,0.9907184177874705,1.0,False,False,up
AK2,-0.052319999999999936,0.9160078634384976,0.6953125,10,0.9907184177874705,1.0,False,False,down
RTN4IP1,-0.039088888888888854,0.9172719718079745,0.49609375,9,0.9907184177874705,0.986577545700309,False,False,down
KLRK1,0.019530000000000002,0.9173888351040979,0.6953125,10,0.9907184177874705,1.0,False,False,up
GSAP,0.029162499999999966,0.9175145098874005,1.0,8,0.9907184177874705,1.0,False,False,up
CASP2,-0.02118749999999997,0.9182693535948154,0.84375,8,0.9907184177874705,1.0,False,False,down
TTN,0.08366666666666668,0.9185539599355897,0.25,9,0.9907184177874705,0.97517578125,False,False,up
ARHGAP5,-0.026755555555555595,0.918955721204371,1.0,9,0.9907184177874705,1.0,False,False,down
DNAJB6,-0.0433333333333334,0.9192543879886617,0.5703125,9,0.9907184177874705,0.986577545700309,False,False,down
LCN2,0.015389999999999982,0.9202579916326132,0.275390625,10,0.9907184177874705,0.97517578125,False,False,up
SPINK5,0.0071599999999999945,0.9204099083051008,0.921875,10,0.9907184177874705,1.0,False,False,up
CPA1,0.010280000000000006,0.9209678072096259,0.322265625,10,0.9907184177874705,0.97517578125,False,False,up
BCL7A,-0.04813333333333328,0.9212217503961536,0.91015625,9,0.9907184177874705,1.0,False,False,down
ZP3,0.009744444444444401,0.9214100994637769,0.734375,9,0.9907184177874705,1.0,False,False,up
IGHMBP2,-0.03494444444444447,0.9214149308140074,0.91015625,9,0.9907184177874705,1.0,False,False,down
GRP,0.013822222222222217,0.9216558976649472,0.91015625,9,0.9907184177874705,1.0,False,False,up
LDLRAP1,-0.05122222222222223,0.9216891359902641,0.91015625,9,0.9907184177874705,1.0,False,False,down
NAMPT,-0.023024999999999976,0.9217692351606276,0.9453125,8,0.9907184177874705,1.0,False,False,down
EP300,-0.024588888888888865,0.9222367447639647,0.91015625,9,0.9907184177874705,1.0,False,False,down
MAVS,-0.05730000000000002,0.9223068679104106,0.9453125,8,0.9907184177874705,1.0,False,False,down
FABP3,0.07235000000000003,0.9224812100428612,0.375,10,0.9907184177874705,0.97517578125,False,False,up
FBP1,-0.05556666666666679,0.9225791190496193,0.8203125,9,0.9907184177874705,1.0,False,False,down
CAPN3,-0.031069999999999938,0.9232633180154541,0.625,10,0.9909015727560749,0.986577545700309,False,False,down
C7orf50,-0.00542999999999999,0.9234244482919228,0.431640625,10,0.9909015727560749,0.97517578125,False,False,down
IL9,0.039262499999999964,0.9243965015860391,0.84375,8,0.991582368574944,1.0,False,False,up
CXCL3,-0.03151,0.9259477694188551,1.0,10,0.991837472976478,1.0,False,False,down
CNPY4,0.01763,0.9266689708750029,1.0,10,0.991837472976478,1.0,False,False,up
FHIT,-0.03576249999999995,0.926725841654414,0.84375,8,0.991837472976478,1.0,False,False,down
GGT5,-0.006666666666666664,0.9267775247050013,0.359375,9,0.991837472976478,0.97517578125,False,False,down
ALMS1,0.0247125,0.9268380445303406,1.0,8,0.991837472976478,1.0,False,False,up
HDGF,0.03733999999999997,0.9268763048978153,0.921875,10,0.991837472976478,1.0,False,False,up
SERPIND1,-0.012560000000000005,0.9269982510454313,0.556640625,10,0.991837472976478,0.986577545700309,False,False,down
PFKFB2,-0.026670000000000006,0.9278254150650818,1.0,10,0.9923609774385087,1.0,False,False,down
PHACTR2,0.04895555555555567,0.9283416421403526,0.49609375,9,0.9925516574321863,0.986577545700309,False,False,up
AGR2,0.05872500000000008,0.9287053349283265,0.84375,8,0.9925791734659735,1.0,False,False,up
ADGRG2,-0.0070222222222222136,0.9303104416374548,0.91015625,9,0.9937486718577704,1.0,False,False,down
SUGT1,-0.04598750000000007,0.931066732406901,0.640625,8,0.9937486718577704,0.986577545700309,False,False,down
MMP1,-0.02469999999999999,0.9311668181323378,0.625,10,0.9937486718577704,0.986577545700309,False,False,down
PHOSPHO1,0.019444444444444438,0.9312108913999753,0.91015625,9,0.9937486718577704,1.0,False,False,up
GAD2,0.025166666666666632,0.9314913495486694,0.91015625,9,0.9937486718577704,1.0,False,False,up
KCTD5,0.017480000000000006,0.9330061544885793,0.921875,10,0.9943606637170759,1.0,False,False,up
UMOD,-0.004639999999999983,0.9338610984326243,0.845703125,10,0.9943606637170759,1.0,False,False,down
TMED10,-0.009333333333333353,0.935551771114728,0.91015625,9,0.9943606637170759,1.0,False,False,down
PRKAB1,0.023122222222222228,0.9366917934954706,0.91015625,9,0.9943606637170759,1.0,False,False,up
SSB,0.015325000000000005,0.9369401724227507,0.7421875,8,0.9943606637170759,1.0,False,False,up
LIPF,0.00992222222222223,0.9373738712658543,0.91015625,9,0.9943606637170759,1.0,False,False,up
NFKBIE,-0.01695,0.9377217437767585,0.9453125,8,0.9943606637170759,1.0,False,False,down
TMEM106A,0.03316999999999998,0.9377478646266182,0.625,10,0.9943606637170759,0.986577545700309,False,False,up
BLNK,0.020577777777777806,0.9379881401839896,1.0,9,0.9943606637170759,1.0,False,False,up
DDX53,-0.02357142857142856,0.9379925509465352,0.9375,7,0.9943606637170759,1.0,False,False,down
CCDC50,0.009344444444444445,0.9383271296901411,0.91015625,9,0.9943606637170759,1.0,False,False,up
RAB6A,-0.02053749999999996,0.938498064279841,0.546875,8,0.9943606637170759,0.986577545700309,False,False,down
CLEC10A,-0.006099999999999988,0.9388515090647493,1.0,9,0.9943606637170759,1.0,False,False,down
ACTN2,-0.0588555555555556,0.9390688568454337,1.0,9,0.9943606637170759,1.0,False,False,down
CHIT1,0.005940000000000001,0.9391388127944115,0.556640625,10,0.9943606637170759,0.986577545700309,False,False,up
CD274,-0.008888888888888894,0.940051723608113,0.8203125,9,0.9943606637170759,1.0,False,False,down
DLG4,-0.025200000000000007,0.9409552947489319,0.431640625,10,0.9943606637170759,0.97517578125,False,False,down
TMOD4,-0.03556666666666665,0.9409792864505564,1.0,9,0.9943606637170759,1.0,False,False,down
KIR2DL2,0.017559999999999954,0.9409842713370891,0.431640625,10,0.9943606637170759,0.97517578125,False,False,up
GRHPR,-0.024139999999999988,0.9412603493618827,0.625,10,0.9943606637170759,0.986577545700309,False,False,down
PRKG1,0.041255555555555726,0.9414236391670332,0.65234375,9,0.9943606637170759,0.986577545700309,False,False,up
UPK3A,-0.1097999999999999,0.9415696280175088,1.0,8,0.9943606637170759,1.0,False,False,down
FAS,0.005430000000000003,0.9416771300079689,1.0,10,0.9943606637170759,1.0,False,False,up
AMY1A_AMY1B_AMY1C,-0.009155555555555528,0.9422014736674827,0.91015625,9,0.9943606637170759,1.0,False,False,down
MRPL58,-0.016333333333333318,0.9423906890780467,0.5703125,9,0.9943606637170759,0.986577545700309,False,False,down
SMOC2,-0.00600999999999999,0.942489791184618,0.845703125,10,0.9943606637170759,1.0,False,False,down
IDO1__Neurology_II,-0.016422222222222213,0.9425772516577433,1.0,9,0.9943606637170759,1.0,False,False,down
SF3B4,0.01477999999999997,0.9426931963400159,0.845703125,10,0.9943606637170759,1.0,False,False,up
PPM1A,0.01222499999999999,0.9427979231235759,0.9453125,8,0.9943606637170759,1.0,False,False,up
LYPLA2,-0.012950000000000017,0.9431380982326765,1.0,8,0.9943606637170759,1.0,False,False,down
RNASE10,-0.007822222222222206,0.9436897812054252,0.91015625,9,0.9943606637170759,1.0,False,False,down
LXN,-0.0142111111111111,0.94382963881336,0.91015625,9,0.9943606637170759,1.0,False,False,down
CNTF,0.017449999999999966,0.9450965379647143,0.9453125,8,0.9943606637170759,1.0,False,False,up
CPXM2,-0.006729999999999997,0.9450980036908867,1.0,10,0.9943606637170759,1.0,False,False,down
PDAP1,-0.018630000000000035,0.9452578201359267,1.0,10,0.9943606637170759,1.0,False,False,down
DNPEP,-0.017949999999999956,0.9452736875209777,0.556640625,10,0.9943606637170759,0.986577545700309,False,False,down
AKT3,0.017699999999999966,0.9460679702859924,0.9453125,8,0.9943606637170759,1.0,False,False,up
THTPA,-0.02537000000000004,0.9465078219184387,0.845703125,10,0.9943606637170759,1.0,False,False,down
TSPYL1,-0.01390000000000003,0.9468247659747107,0.91015625,9,0.9943606637170759,1.0,False,False,down
ASPSCR1,-0.025888888888888826,0.9468614284871231,1.0,9,0.9943606637170759,1.0,False,False,down
RNASE6,0.007488888888888872,0.9469331519713796,0.65234375,9,0.9943606637170759,0.986577545700309,False,False,up
LRIG3,-0.012877777777777785,0.9472693613132881,1.0,9,0.9943606637170759,1.0,False,False,down
MNDA,0.04943333333333339,0.9473966934219631,0.65234375,9,0.9943606637170759,0.986577545700309,False,False,up
CXCL8__Inflammation,-0.017759999999999998,0.9479693966199829,0.556640625,10,0.9943606637170759,0.986577545700309,False,False,down
LMNB1,-0.020919999999999984,0.9481340113830916,0.375,10,0.9943606637170759,0.97517578125,False,False,down
CFHR5,0.01313333333333333,0.9481378716992381,0.42578125,9,0.9943606637170759,0.97517578125,False,False,up
JMJD1C,-0.023577777777777795,0.9485237854806314,0.8203125,9,0.9943606637170759,1.0,False,False,down
MB,-0.035889999999999964,0.9487993772234498,0.193359375,10,0.9943606637170759,0.97517578125,False,False,down
TUBB3,-0.016437499999999994,0.9500825710586537,0.84375,8,0.9943606637170759,1.0,False,False,down
PBK,-0.014211111111111112,0.9505054123620451,0.8203125,9,0.9943606637170759,1.0,False,False,down
VAMP8,-0.022588888888888894,0.9507399993020016,0.5703125,9,0.9943606637170759,0.986577545700309,False,False,down
PAFAH1B3,0.00691111111111109,0.9510085473607331,0.91015625,9,0.9943606637170759,1.0,False,False,up
ADAMTSL2,-0.007130000000000006,0.9511978571560962,0.845703125,10,0.9943606637170759,1.0,False,False,down
C19orf12,-0.028637499999999982,0.9514614884418776,0.7421875,8,0.9943606637170759,1.0,False,False,down
TNFRSF1A,-0.005020000000000027,0.951646114624417,0.921875,10,0.9943606637170759,1.0,False,False,down
NT5E,0.004022222222222236,0.9517669275138387,1.0,9,0.9943606637170759,1.0,False,False,up
TRIM21,0.020837499999999898,0.9519977743201785,0.9453125,8,0.9943606637170759,1.0,False,False,up
HS3ST3B1,-0.005140000000000013,0.9522314322546943,1.0,10,0.9943606637170759,1.0,False,False,down
VTI1A,-0.020388888888888877,0.9524537665965298,0.8203125,9,0.9943606637170759,1.0,False,False,down
SNX5,-0.004900000000000009,0.9528703450466736,1.0,9,0.9943606637170759,1.0,False,False,down
PGD,0.02427000000000006,0.9533387125744621,1.0,10,0.9943606637170759,1.0,False,False,up
INPP5D,-0.018666666666666658,0.9533812597624876,0.5703125,9,0.9943606637170759,0.986577545700309,False,False,down
ICAM2,0.0026900000000000036,0.9536811165151007,0.556640625,10,0.9943606637170759,0.986577545700309,False,False,up
CRACR2A,-0.033449999999999924,0.9538584275002813,0.9453125,8,0.9943606637170759,1.0,False,False,down
CCL18,0.004389999999999994,0.9540716208221722,1.0,10,0.9943606637170759,1.0,False,False,up
NPPB,0.08450000000000019,0.9548604432086509,1.0,9,0.9948297700261822,1.0,False,False,up
DNM1,0.02149000000000003,0.955388169137388,0.845703125,10,0.9950266144526625,1.0,False,False,up
SFTPA2,0.010499999999999995,0.9562999896446105,1.0,8,0.9952778390385598,1.0,False,False,up
ANGPTL1,0.0049111111111111065,0.9567788281752185,0.8203125,9,0.9952778390385598,1.0,False,False,up
SEMA4C,-0.007549999999999982,0.9582453192599465,1.0,10,0.9952778390385598,1.0,False,False,down
HDDC2,-0.004720000000000002,0.9583197051774084,0.921875,10,0.9952778390385598,1.0,False,False,down
HSPA2,-0.016679999999999993,0.9586293545403395,0.556640625,10,0.9952778390385598,0.986577545700309,False,False,down
SCRIB__Neurology_II,-0.015377777777777761,0.9587693274787239,0.8203125,9,0.9952778390385598,1.0,False,False,down
RNF31,0.01321111111111105,0.9588094890946506,1.0,9,0.9952778390385598,1.0,False,False,up
PLA2G1B,0.003039999999999986,0.9590435003164677,1.0,10,0.9952778390385598,1.0,False,False,up
NPL,0.009189999999999943,0.9592545546900263,0.556640625,10,0.9952778390385598,0.986577545700309,False,False,up
MTPN,-0.015077777777777742,0.9604019800186072,0.91015625,9,0.9952778390385598,1.0,False,False,down
KHK,-0.012500000000000054,0.9605038153410981,0.8203125,9,0.9952778390385598,1.0,False,False,down
TMEM132A,-0.0156444444444445,0.9610318088926664,0.91015625,9,0.9952778390385598,1.0,False,False,down
AMOTL2,0.00708,0.9618029902092929,0.6953125,10,0.9952778390385598,1.0,False,False,up
RBP2,-0.008879999999999982,0.9618840483172897,0.921875,10,0.9952778390385598,1.0,False,False,down
IL1RL2,0.007500000000000013,0.96217496105335,0.91015625,9,0.9952778390385598,1.0,False,False,up
SORBS1,-0.00843333333333332,0.9626725290975557,0.734375,9,0.9952778390385598,1.0,False,False,down
SPRED2,0.012255555555555579,0.9632416868229978,1.0,9,0.9952778390385598,1.0,False,False,up
IFT20,-0.005228571428571424,0.963620289733688,0.9375,7,0.9952778390385598,1.0,False,False,down
DEFB116,-0.008287500000000017,0.9640027531654469,0.84375,8,0.9952778390385598,1.0,False,False,down
EIF2AK3,0.016877777777777818,0.964821712802536,1.0,9,0.9952778390385598,1.0,False,False,up
DPEP2,-0.005029999999999956,0.9649038202385753,0.921875,10,0.9952778390385598,1.0,False,False,down
GGCT,-0.011730000000000036,0.9649205117786188,0.431640625,10,0.9952778390385598,0.97517578125,False,False,down
TXNDC9,-0.007190000000000002,0.9649921561012464,0.76953125,10,0.9952778390385598,1.0,False,False,down
TMPRSS15,-0.005469999999999952,0.964996519989552,0.6953125,10,0.9952778390385598,1.0,False,False,down
PDIA5,-0.015155555555555577,0.9662473481508087,1.0,9,0.9952778390385598,1.0,False,False,down
IL15RA,0.013033333333333353,0.9662953568212153,1.0,9,0.9952778390385598,1.0,False,False,up
SLAMF6,0.007537499999999996,0.9666095449527153,0.84375,8,0.9952778390385598,1.0,False,False,up
IL12B,-0.0037799999999999917,0.9668342368546995,1.0,10,0.9952778390385598,1.0,False,False,down
OPHN1,-0.01235999999999996,0.9673052233581749,0.921875,10,0.9952778390385598,1.0,False,False,down
PHLDB1,0.013000000000000012,0.9676136159834672,0.76953125,10,0.9952778390385598,1.0,False,False,up
CD1C,0.0022000000000000105,0.9680307783756139,0.91015625,9,0.9952778390385598,1.0,False,False,up
PSG1,-0.006455555555555585,0.968367340609625,0.65234375,9,0.9952778390385598,0.986577545700309,False,False,down
MANSC1,-0.0023000000000000086,0.9685153116470535,0.91015625,9,0.9952778390385598,1.0,False,False,down
OGA,-0.006619999999999982,0.9690626417068964,0.921875,10,0.9952778390385598,1.0,False,False,down
GPC1,-0.0021100000000000203,0.9692360097748485,0.76953125,10,0.9952778390385598,1.0,False,False,down
HYOU1,-0.002030000000000004,0.9694393101202843,0.921875,10,0.9952778390385598,1.0,False,False,down
BRDT,0.00798888888888889,0.9695703538661287,0.91015625,9,0.9952778390385598,1.0,False,False,up
MYH4,-0.007477777777777781,0.9696472083964003,0.42578125,9,0.9952778390385598,0.97517578125,False,False,down
UFD1,-0.016949999999999986,0.9698454060341337,0.921875,10,0.9952778390385598,1.0,False,False,down
HRC,0.0034444444444444475,0.9700161331826177,0.734375,9,0.9952778390385598,1.0,False,False,up
COQ7,0.004566666666666657,0.9709664031056803,0.91015625,9,0.9952778390385598,1.0,False,False,up
VEGFB,-0.008611111111111113,0.9711434451520652,0.8203125,9,0.9952778390385598,1.0,False,False,down
MCEE,-0.006600000000000026,0.9718751862847453,0.91015625,9,0.9952778390385598,1.0,False,False,down
LPO,-0.003622222222222218,0.9720133727400126,1.0,9,0.9952778390385598,1.0,False,False,down
STX7,0.010344444444444477,0.9722087752147972,0.8203125,9,0.9952778390385598,1.0,False,False,up
NEDD9,0.006633333333333257,0.9727986516457316,0.8203125,9,0.9952778390385598,1.0,False,False,up
TPP1,-0.00411999999999999,0.9730879522542197,0.322265625,10,0.9952778390385598,0.97517578125,False,False,down
SEMA3F,0.002333333333333323,0.9730909352362016,1.0,9,0.9952778390385598,1.0,False,False,up
STX16,-0.011250000000000038,0.9731427702761706,0.9453125,8,0.9952778390385598,1.0,False,False,down
DUSP29,0.019957142857142823,0.9732110430516998,0.8125,7,0.9952778390385598,1.0,False,False,up
LAP3,0.00714444444444445,0.9732505053738957,0.8203125,9,0.9952778390385598,1.0,False,False,up
GRIN2B,0.006937500000000013,0.9732509205715846,0.9453125,8,0.9952778390385598,1.0,False,False,up
CXCL1,-0.011309999999999982,0.9743345004828268,0.375,10,0.9960391325854725,0.97517578125,False,False,down
TMED8,-0.01247000000000007,0.9751654834961665,0.76953125,10,0.9962352279959917,1.0,False,False,down
CXCL8__Neurology,0.00932222222222222,0.9758714821868517,0.49609375,9,0.9962352279959917,0.986577545700309,False,False,up
C9,0.010577777777777748,0.975886072503034,1.0,9,0.9962352279959917,1.0,False,False,up
CSF2,-0.007622222222222246,0.9763664831055454,1.0,9,0.9962352279959917,1.0,False,False,down
IL31RA,-0.006411111111111133,0.9764228333534737,0.65234375,9,0.9962352279959917,0.986577545700309,False,False,down
NXPE4,-0.003777777777777781,0.9767644416925014,1.0,9,0.9962352279959917,1.0,False,False,down
IL20RA,0.006922222222222225,0.9769721721851727,0.8203125,9,0.9962352279959917,1.0,False,False,up
GSTA1,0.013222222222222246,0.9772703263273834,0.8203125,9,0.9962352279959917,1.0,False,False,up
SMAD1,0.011712499999999987,0.9775791375840819,0.9453125,8,0.9962352279959917,1.0,False,False,up
PCBP2,-0.007133333333333313,0.9797837737857782,0.91015625,9,0.9963675980892354,1.0,False,False,down
PDZD2,-0.0073444444444444494,0.9801706659489786,0.8203125,9,0.9963675980892354,1.0,False,False,down
FGF7,0.005400000000000022,0.9811113588500421,1.0,9,0.9963675980892354,1.0,False,False,up
OMD,0.0009799999999999865,0.9816814562358106,0.845703125,10,0.9963675980892354,1.0,False,False,up
CREG1,-0.0032222222222222374,0.9819374024647698,0.8203125,9,0.9963675980892354,1.0,False,False,down
CSRP3,0.01886666666666661,0.9820194180813939,0.5703125,9,0.9963675980892354,0.986577545700309,False,False,up
LZTFL1,0.0067333333333333195,0.9820939791076808,1.0,9,0.9963675980892354,1.0,False,False,up
AP3S2,-0.003339999999999983,0.9829272903120099,0.6953125,10,0.9963675980892354,1.0,False,False,down
PNLIP,-0.003988888888888931,0.9834529884349639,0.91015625,9,0.9963675980892354,1.0,False,False,down
SHC1,-0.003555555555555565,0.9843672369513781,0.91015625,9,0.9963675980892354,1.0,False,False,down
MTSS2,0.00825999999999998,0.9844319282095892,0.921875,10,0.9963675980892354,1.0,False,False,up
CENPJ,0.010124999999999995,0.9845847792789248,0.7421875,8,0.9963675980892354,1.0,False,False,up
ST3GAL1,0.0017300000000000204,0.9847050313051038,1.0,10,0.9963675980892354,1.0,False,False,up
CAMKK1,-0.004825000000000017,0.9847212881236218,0.640625,8,0.9963675980892354,0.986577545700309,False,False,down
PADI2,0.0050222222222222395,0.9847409363404327,0.8203125,9,0.9963675980892354,1.0,False,False,up
ALPI,0.009677777777777834,0.9850036678396354,0.91015625,9,0.9963675980892354,1.0,False,False,up
SPTLC1,-0.0033000000000000087,0.9852410008524366,1.0,10,0.9963675980892354,1.0,False,False,down
MET,0.0010099999999999914,0.98582840571293,1.0,10,0.9963675980892354,1.0,False,False,up
CST7,-0.00376000000000003,0.9859210647549761,0.76953125,10,0.9963675980892354,1.0,False,False,down
RTKN2,-0.00432222222222219,0.9862825875960164,1.0,9,0.9963675980892354,1.0,False,False,down
PDIA2,0.008822222222222188,0.9863476831643578,1.0,9,0.9963675980892354,1.0,False,False,up
FTCD,0.0052499999999999995,0.9864911663504807,0.845703125,10,0.9963675980892354,1.0,False,False,up
LYSMD3,-0.005142857142857148,0.9866555403056692,1.0,7,0.9963675980892354,1.0,False,False,down
ADAMTS16,0.0014888888888888946,0.9870760774817355,0.8203125,9,0.9963675980892354,1.0,False,False,up
CLUL1,-0.0013888888888888933,0.9870855843724804,0.91015625,9,0.9963675980892354,1.0,False,False,down
IGF1R,0.0012599999999999944,0.9873861520984517,0.76953125,10,0.9963675980892354,1.0,False,False,up
RPL14,0.002766666666666689,0.9876709754917741,1.0,9,0.9963675980892354,1.0,False,False,up
FABP4,-0.0016200000000000324,0.9876921632899096,1.0,10,0.9963675980892354,1.0,False,False,down
CLU,0.0022400000000000085,0.9890497162577069,0.6953125,10,0.9963675980892354,1.0,False,False,up
GLT8D2,-0.002737499999999997,0.9893995763426359,0.9453125,8,0.9963675980892354,1.0,False,False,down
APOA4,-0.0015700000000000102,0.9894408345455686,0.921875,10,0.9963675980892354,1.0,False,False,down
LATS1,0.005444444444444437,0.9895980431070746,0.91015625,9,0.9963675980892354,1.0,False,False,up
IRAG2,-0.0067999999999999415,0.9898092003824197,0.8203125,9,0.9963675980892354,1.0,False,False,down
ZBTB17,-0.0014222222222222197,0.9898930789807829,0.8203125,9,0.9963675980892354,1.0,False,False,down
ELOB,0.0014888888888889224,0.9899870916389613,0.65234375,9,0.9963675980892354,0.986577545700309,False,False,up
IGFBP7,0.0008499999999999952,0.991015758541308,0.921875,10,0.9963675980892354,1.0,False,False,up
PGLYRP4,-0.0024444444444444097,0.9918370561112284,1.0,9,0.9963675980892354,1.0,False,False,down
GUSB,0.001450000000000018,0.992141186931268,0.625,10,0.9963675980892354,0.986577545700309,False,False,up
EPCAM,-0.0015600000000000169,0.9922761735715182,1.0,10,0.9963675980892354,1.0,False,False,down
BTLA,0.003677777777777743,0.992369482454974,1.0,9,0.9963675980892354,1.0,False,False,up
GAPDH,-0.0030666666666667483,0.9925132938504955,0.5703125,9,0.9963675980892354,0.986577545700309,False,False,down
CCL5,-0.003770000000000012,0.9925329779025087,0.921875,10,0.9963675980892354,1.0,False,False,down
BAIAP2,-0.0037499999999999756,0.9925858561864602,0.640625,8,0.9963675980892354,0.986577545700309,False,False,down
SNCG,-0.0012333333333333332,0.9927243971863491,0.8203125,9,0.9963675980892354,1.0,False,False,down
USP25,-0.0027999999999999913,0.9929751309523976,1.0,10,0.9963675980892354,1.0,False,False,down
ATP6V1G1,0.0022999999999999935,0.9946747299188231,0.91015625,9,0.9970873006692975,1.0,False,False,up
PQBP1,0.0014875000000000027,0.9948695438935748,0.84375,8,0.9970873006692975,1.0,False,False,up
TFAP2A,0.00309999999999995,0.9948880594696881,0.7421875,8,0.9970873006692975,1.0,False,False,up
ERP29,-0.003066666666666699,0.9950503501061325,0.8203125,9,0.9970873006692975,1.0,False,False,down
CDHR2,0.0006099999999999884,0.9958210649345915,0.6953125,10,0.9975192591108102,1.0,False,False,up
NIT2,0.002049999999999974,0.9963413108239125,0.556640625,10,0.9977001124752237,0.986577545700309,False,False,up
PROK1,0.0005499999999999741,0.9975121165336771,0.3828125,8,0.9985320675730776,0.97517578125,False,False,up
ATXN2L,0.00047777777777782384,0.9983291989075327,0.5703125,9,0.9990094913769757,0.986577545700309,False,False,up
GORASP2,6.999999999998674e-05,0.9995660823488793,0.845703125,10,0.9996369119330835,1.0,False,False,up
CXCL8__Cardiometabolic,0.00013333333333330632,0.9996369119330835,0.42578125,9,0.9996369119330835,0.97517578125,False,False,up
