Protein,log2FC,t_p,w_p,n_pairs,t_fdr,w_fdr,changed,strict,direction
EDN1,0.7859199999999998,1.081296166571422e-06,0.001953125,10,0.003175766841220266,0.11659203506097561,True,True,up
MOG,-0.51785,2.088360776815909e-05,0.001953125,10,0.014847390272550958,0.11659203506097561,True,False,down
PTPRR,-0.68052,2.365040141421936e-05,0.001953125,10,0.014847390272550958,0.11659203506097561,True,False,down
CTSV,0.34042,2.4876976079971193e-05,0.001953125,10,0.014847390272550958,0.11659203506097561,True,False,up
TIMP4,0.45276999999999995,2.9733713187220894e-05,0.001953125,10,0.014847390272550958,0.11659203506097561,True,False,up
CXCL17,0.60269,3.440637703846299e-05,0.001953125,10,0.014847390272550958,0.11659203506097561,True,False,up
SPP1,0.24020000000000002,3.538703844326071e-05,0.001953125,10,0.014847390272550958,0.11659203506097561,True,False,up
PTPRN2,-0.607088888888889,5.0711689096565775e-05,0.00390625,9,0.01861752885957671,0.11659203506097561,True,False,down
CD8A,0.2988,7.519926521114513e-05,0.001953125,10,0.02320652300265775,0.11659203506097561,True,False,up
TCN2,0.18367,7.901437862668624e-05,0.001953125,10,0.02320652300265775,0.11659203506097561,True,False,up
IL18,0.2545800000000001,0.00011175109094033716,0.001953125,10,0.027684056910350002,0.11659203506097561,True,False,up
SMOC1,0.62393,0.00011311157062451482,0.001953125,10,0.027684056910350002,0.11659203506097561,True,False,up
NPTXR,-0.4554,0.00014397979547070647,0.00390625,9,0.031091752146923227,0.11659203506097561,True,False,down
MB,-0.62273,0.00015703609862745537,0.001953125,10,0.031091752146923227,0.11659203506097561,True,False,down
GDF15,0.30771000000000004,0.00015879342260941384,0.001953125,10,0.031091752146923227,0.11659203506097561,True,False,up
TNC,0.5945400000000001,0.00017377128989840332,0.001953125,10,0.03189789240197566,0.11659203506097561,True,False,up
PRL,2.4385200000000005,0.00021071795517802597,0.001953125,10,0.035865597542411656,0.11659203506097561,True,False,up
VAV3,1.7657555555555555,0.00022978884271195404,0.00390625,9,0.035865597542411656,0.11659203506097561,True,False,up
DAG1,0.5295799999999999,0.00023565478783966156,0.001953125,10,0.035865597542411656,0.11659203506097561,True,False,up
PECAM1,0.33698999999999996,0.0002571281680661093,0.001953125,10,0.035865597542411656,0.11659203506097561,True,False,up
PLA2G7,0.19069999999999998,0.0002683125426472393,0.001953125,10,0.035865597542411656,0.11659203506097561,True,False,up
HMCN2,-0.19860000000000005,0.00026865616136637944,0.001953125,10,0.035865597542411656,0.11659203506097561,True,False,down
STAM,0.94805,0.00028499133396553915,0.001953125,10,0.03635384689532218,0.11659203506097561,True,False,up
FGFBP3,0.44866,0.0002970692289709678,0.00390625,10,0.03635384689532218,0.11659203506097561,True,False,up
USP8,0.7990111111111111,0.0003583587341457975,0.00390625,9,0.038532395984191135,0.11659203506097561,True,False,up
TXNRD1,0.39865000000000006,0.0003648702644993679,0.001953125,10,0.038532395984191135,0.11659203506097561,True,False,up
C1QTNF1,0.2989,0.00036530386343470306,0.001953125,10,0.038532395984191135,0.11659203506097561,True,False,up
SOD2,0.24948,0.00037378996132405326,0.001953125,10,0.038532395984191135,0.11659203506097561,True,False,up
GZMB,0.57135,0.00039093951219579335,0.0078125,8,0.038532395984191135,0.11659203506097561,True,False,up
PAMR1,0.26653000000000004,0.0003935893358957215,0.001953125,10,0.038532395984191135,0.11659203506097561,True,False,up
TFPI,0.21467999999999998,0.0004187362830889682,0.00390625,10,0.039671885917170954,0.11659203506097561,True,False,up
MSRA,0.9390444444444443,0.00045211050194521617,0.00390625,9,0.04030967965213726,0.11659203506097561,True,False,up
ITPA,0.9242875000000002,0.0004529177489004186,0.0078125,8,0.04030967965213726,0.11659203506097561,True,False,up
MATN2,0.409,0.00047022632579702864,0.001953125,10,0.04061925643723156,0.11659203506097561,True,False,up
MYOC,-0.65112,0.00048446068564611956,0.001953125,10,0.04065317239264723,0.11659203506097561,True,False,down
NTF3,0.5877749999999999,0.0005175850198386601,0.0078125,8,0.04217119015045195,0.11659203506097561,True,False,up
SPON1,0.35155000000000003,0.0005312679726137971,0.001953125,10,0.04217119015045195,0.11659203506097561,True,False,up
SFRP1,0.9442111111111111,0.000677230091571482,0.00390625,9,0.050894400654077875,0.11659203506097561,False,False,up
BLMH,0.17914,0.0006893633565704271,0.00390625,10,0.050894400654077875,0.11659203506097561,False,False,up
SUMF2,0.45914,0.0006971846378713058,0.00390625,10,0.050894400654077875,0.11659203506097561,False,False,up
FLT3LG,-0.30151000000000006,0.0007104768222053772,0.001953125,10,0.050894400654077875,0.11659203506097561,False,False,down
KLK6,-0.31679999999999997,0.0008026035851679022,0.00390625,9,0.054518606761381455,0.11659203506097561,False,False,down
IMPA1,0.7854777777777777,0.0008033370282507699,0.00390625,9,0.054518606761381455,0.11659203506097561,False,False,up
GYS1,0.9963333333333334,0.0008729218622042461,0.0078125,9,0.054518606761381455,0.11659203506097561,False,False,up
CHMP6,0.5338900000000001,0.0008811265839118981,0.00390625,10,0.054518606761381455,0.11659203506097561,False,False,up
CNTN2,-0.34053000000000005,0.0008830612688863777,0.001953125,10,0.054518606761381455,0.11659203506097561,False,False,down
COL18A1,0.17850999999999997,0.0008867785147316089,0.005859375,10,0.054518606761381455,0.11659203506097561,False,False,up
RNASE4,0.21534444444444445,0.0008910088949766121,0.0078125,9,0.054518606761381455,0.11659203506097561,False,False,up
PMM2,1.3663375,0.000951464410595902,0.0078125,8,0.05702961171265641,0.11659203506097561,False,False,up
PEAR1,0.13959,0.0010106471704154373,0.00390625,10,0.05852148932010927,0.11659203506097561,False,False,up
SCT,-0.84815,0.001016205636814972,0.0078125,8,0.05852148932010927,0.11659203506097561,False,False,down
SRPK2,0.696025,0.0010434779223673408,0.0078125,8,0.05893643573063231,0.11659203506097561,False,False,up
PPIB,1.1163399999999999,0.001101904402787756,0.00390625,10,0.060516885223865766,0.11659203506097561,False,False,up
IGFBP7,0.32847,0.00111267000411602,0.00390625,10,0.060516885223865766,0.11659203506097561,False,False,up
NFX1,1.2797625000000001,0.0011350786134129535,0.0078125,8,0.06061319795625172,0.11659203506097561,False,False,up
ANKMY2,1.27394,0.0011750224458953742,0.001953125,10,0.061625730778477036,0.11659203506097561,False,False,up
IL1RL1,0.17798999999999998,0.0012327593305310088,0.00390625,10,0.06351954655736093,0.11659203506097561,False,False,up
PKD2,0.9302499999999999,0.0012557896489166906,0.0078125,8,0.0635905896356607,0.11659203506097561,False,False,up
RAB33A,0.98105,0.0013545901573454118,0.0078125,8,0.06743103884955041,0.11659203506097561,False,False,up
NDUFB7,1.0121499999999999,0.0014064213312903952,0.00390625,10,0.0682798030062048,0.11659203506097561,False,False,up
CRELD2,0.34021,0.0014181368687022449,0.005859375,10,0.0682798030062048,0.11659203506097561,False,False,up
REPS1,-0.5651200000000001,0.001533670560821085,0.001953125,10,0.0719651388044421,0.11659203506097561,False,False,down
CALCA,0.5984111111111111,0.0015832982462454846,0.01171875,9,0.0719651388044421,0.11810087316176471,False,False,up
MYDGF,0.80968,0.001645440440661368,0.009765625,10,0.0719651388044421,0.11659203506097561,False,False,up
PXDNL,-0.49566999999999994,0.0016790466461593272,0.005859375,10,0.0719651388044421,0.11659203506097561,False,False,down
OMG,-1.1851333333333331,0.0016794180845503663,0.0078125,9,0.0719651388044421,0.11659203506097561,False,False,down
F11R,0.75198,0.0017224551947206798,0.00390625,10,0.0719651388044421,0.11659203506097561,False,False,up
LUZP2,-0.37941,0.0017300212441851421,0.00390625,10,0.0719651388044421,0.11659203506097561,False,False,down
WARS,0.20638,0.0017465358090966476,0.005859375,10,0.0719651388044421,0.11659203506097561,False,False,up
RSPO3,0.20893,0.0017863310044764203,0.001953125,10,0.0719651388044421,0.11659203506097561,False,False,up
LGALS8,0.7084299999999999,0.0017917706856119971,0.00390625,10,0.0719651388044421,0.11659203506097561,False,False,up
FKBP5,1.3866666666666665,0.0018431860348730282,0.0078125,9,0.0719651388044421,0.11659203506097561,False,False,up
MYO9B,0.9700111111111112,0.001888162996737344,0.0078125,9,0.0719651388044421,0.11659203506097561,False,False,up
SPTLC1,0.48991999999999997,0.001898522435260367,0.00390625,10,0.0719651388044421,0.11659203506097561,False,False,up
MMP3,-0.34922000000000003,0.0019334103928953326,0.005859375,10,0.0719651388044421,0.11659203506097561,False,False,down
LRRFIP1,0.3301299999999999,0.0019496585876893503,0.009765625,10,0.0719651388044421,0.11659203506097561,False,False,up
NFATC1,1.1778250000000001,0.0019502718030520215,0.0078125,8,0.0719651388044421,0.11659203506097561,False,False,up
NRGN,0.6764222222222221,0.001972008413335773,0.00390625,9,0.0719651388044421,0.11659203506097561,False,False,up
SYAP1,0.3917999999999999,0.0019728948913432898,0.001953125,10,0.0719651388044421,0.11659203506097561,False,False,up
CSDE1,1.255125,0.001976077310432949,0.0078125,8,0.0719651388044421,0.11659203506097561,False,False,up
SCG2,-0.19807,0.0020023705697694476,0.001953125,10,0.0719651388044421,0.11659203506097561,False,False,down
FCER2,0.33213,0.0020092411923609984,0.001953125,10,0.0719651388044421,0.11659203506097561,False,False,up
PPP1R12A,1.3876666666666666,0.002055721310591683,0.0078125,9,0.07272721037231242,0.11659203506097561,False,False,up
PDCD6,0.24645555555555557,0.002093837288175048,0.0078125,9,0.07272721037231242,0.11659203506097561,False,False,up
PLAU,0.24036,0.0021131272146791905,0.00390625,10,0.07272721037231242,0.11659203506097561,False,False,up
HS6ST1,0.7113100000000001,0.0021377803664379665,0.005859375,10,0.07272721037231242,0.11659203506097561,False,False,up
LONP1,0.77263,0.0021615545431806823,0.005859375,10,0.07272721037231242,0.11659203506097561,False,False,up
ANGPT2,0.26056,0.002179092445612357,0.00390625,10,0.07272721037231242,0.11659203506097561,False,False,up
SERPINB6,0.58694,0.0023011381068980766,0.009765625,10,0.07593755752763653,0.11659203506097561,False,False,up
CTRC,0.17662999999999998,0.002338593911855462,0.009765625,10,0.07631611465688325,0.11659203506097561,False,False,up
EBAG9,1.3497666666666668,0.002374024089268334,0.0078125,9,0.07662097527671534,0.11659203506097561,False,False,up
GH1,4.605166666666666,0.002456770481056069,0.00390625,9,0.07830629056343555,0.11659203506097561,False,False,up
RTBDN,-0.5124777777777778,0.0024795658911813097,0.0078125,9,0.07830629056343555,0.11659203506097561,False,False,down
LZTFL1,0.38087,0.0025938431336153932,0.001953125,10,0.08036942044379175,0.11659203506097561,False,False,up
SIGLEC5,0.3436,0.00259962374605387,0.005859375,10,0.08036942044379175,0.11659203506097561,False,False,up
MAP4K5,1.2505888888888888,0.002631322720261679,0.00390625,9,0.08050202947300573,0.11659203506097561,False,False,up
TOMM20,0.6715899999999999,0.002667756477647795,0.005859375,10,0.08077526572011931,0.11659203506097561,False,False,up
ANGPTL2,0.26542000000000004,0.002716507394469182,0.00390625,10,0.08141206344444886,0.11659203506097561,False,False,up
CST6,0.31964,0.002769678164899207,0.001953125,10,0.0821671188920098,0.11659203506097561,False,False,up
GFER,0.5683875,0.0028360021323302485,0.015625,8,0.08329338262653939,0.12204953457446809,False,False,up
SCG3,-0.13665,0.002901300384016567,0.005859375,10,0.08406736333561274,0.11659203506097561,False,False,down
TFF1,0.24847000000000002,0.0029196019953123937,0.009765625,10,0.08406736333561274,0.11659203506097561,False,False,up
CACNB3,1.0212666666666665,0.0029569868738652146,0.0078125,9,0.08431718882079743,0.11659203506097561,False,False,up
SNAP29,1.4459444444444445,0.003059978206634894,0.0078125,9,0.08641496147006428,0.11659203506097561,False,False,up
SYTL4,1.0105,0.003156660679148399,0.001953125,10,0.08754521411924487,0.11659203506097561,False,False,up
SKAP2,1.36551,0.0032090308782455816,0.009765625,10,0.08754521411924487,0.11659203506097561,False,False,up
VSIG4,0.11052,0.0032119196889640747,0.00390625,10,0.08754521411924487,0.11659203506097561,False,False,up
MANF,1.7705899999999999,0.0032238131913357314,0.009765625,10,0.08754521411924487,0.11659203506097561,False,False,up
CNTNAP2,-0.7225125000000001,0.0032490392710240695,0.0078125,8,0.08754521411924487,0.11659203506097561,False,False,down
MESD,1.15431,0.0033048958682647444,0.005859375,10,0.08787253824989201,0.11659203506097561,False,False,up
ERP29,1.1600100000000002,0.0033210254496894836,0.009765625,10,0.08787253824989201,0.11659203506097561,False,False,up
DPT,0.12315999999999998,0.003373759692586865,0.009765625,10,0.08847082336721092,0.11659203506097561,False,False,up
JPT2,0.73313,0.0034841712506420296,0.005859375,10,0.08923696724765329,0.11659203506097561,False,False,up
DBNL,1.60371,0.0034986601260795884,0.009765625,10,0.08923696724765329,0.11659203506097561,False,False,up
PACS2,1.284775,0.00353457623768053,0.015625,8,0.08923696724765329,0.12204953457446809,False,False,up
NUCB2,0.51386,0.00358004956899497,0.005859375,10,0.08923696724765329,0.11659203506097561,False,False,up
CFHR2,0.16446000000000002,0.0036472502265161365,0.005859375,10,0.08923696724765329,0.11659203506097561,False,False,up
CEND1,-0.7505555555555556,0.0036595224961249286,0.01953125,9,0.08923696724765329,0.12204953457446809,False,False,down
PPCDC,0.48573000000000005,0.003665949305098588,0.009765625,10,0.08923696724765329,0.11659203506097561,False,False,up
PENK,-0.2617,0.0036913189598059516,0.005859375,10,0.08923696724765329,0.11659203506097561,False,False,down
STX7,0.65571,0.0036982367654092158,0.009765625,10,0.08923696724765329,0.11659203506097561,False,False,up
GP1BB,1.088375,0.003733724873791533,0.015625,8,0.08923696724765329,0.12204953457446809,False,False,up
SRC,1.9542555555555556,0.0037523143552933885,0.0078125,9,0.08923696724765329,0.11659203506097561,False,False,up
LRRN1,0.19523333333333331,0.0037950424568529498,0.0078125,9,0.08923696724765329,0.11659203506097561,False,False,up
CIAPIN1,1.0797555555555556,0.003797964217213708,0.01171875,9,0.08923696724765329,0.11810087316176471,False,False,up
CIRBP,1.34146,0.003867543220113945,0.009765625,10,0.08925804607599971,0.11659203506097561,False,False,up
TDRKH,0.8416888888888888,0.003873149056861297,0.01171875,9,0.08925804607599971,0.11810087316176471,False,False,up
SPOCK1,0.3262222222222222,0.0039025753340544774,0.00390625,9,0.08925804607599971,0.11659203506097561,False,False,up
SMAD5,0.2633888888888889,0.0039504681631155015,0.00390625,9,0.08925804607599971,0.11659203506097561,False,False,up
NCK2,0.63267,0.003951771775259695,0.00390625,10,0.08925804607599971,0.11659203506097561,False,False,up
ARHGEF12,1.615575,0.0039812066857187476,0.015625,8,0.08925804607599971,0.12204953457446809,False,False,up
CD99,0.15118,0.004025033560731603,0.013671875,10,0.08942140415332193,0.11810087316176471,False,False,up
CD40,0.67114,0.004107495776275013,0.009765625,10,0.08942140415332193,0.11659203506097561,False,False,up
CEP170,1.2586400000000002,0.004107920640447437,0.009765625,10,0.08942140415332193,0.11659203506097561,False,False,up
FGF2,0.5476875000000001,0.004110279046884052,0.0078125,8,0.08942140415332193,0.11659203506097561,False,False,up
PRDX1,0.5259333333333334,0.004195742326445975,0.01171875,9,0.09060952362332228,0.11810087316176471,False,False,up
DNMBP,0.9647333333333334,0.0042538232913806925,0.0078125,9,0.0906250242435155,0.11659203506097561,False,False,up
AP1G2,0.7723000000000001,0.0042581727428005235,0.009765625,10,0.0906250242435155,0.11659203506097561,False,False,up
FABP5,0.6557000000000001,0.004339522681940339,0.009765625,10,0.09138334435576263,0.11659203506097561,False,False,up
FAM172A,0.74543,0.004356032757850449,0.009765625,10,0.09138334435576263,0.11659203506097561,False,False,up
BANK1,1.5351875000000001,0.00446603844092007,0.015625,8,0.09278812295271532,0.12204953457446809,False,False,up
ESYT2,1.21446,0.004486180953110513,0.005859375,10,0.09278812295271532,0.11659203506097561,False,False,up
YES1,1.4982,0.004532674759930732,0.01171875,9,0.09309416622319272,0.11810087316176471,False,False,up
AP3B1,1.09083,0.004609835979221832,0.009765625,10,0.09384388728267903,0.11659203506097561,False,False,up
TINAGL1,0.21327777777777776,0.004677937618092222,0.00390625,9,0.09384388728267903,0.11659203506097561,False,False,up
PALM,-0.20901,0.004678425298257638,0.005859375,10,0.09384388728267903,0.11659203506097561,False,False,down
DARS1,1.221588888888889,0.0047020633791731705,0.0078125,9,0.09384388728267903,0.11659203506097561,False,False,up
DUT,1.0873,0.004735073008434624,0.009765625,10,0.09384388728267903,0.11659203506097561,False,False,up
PLEKHO1,0.9109999999999999,0.004791395081425002,0.005859375,10,0.09384388728267903,0.11659203506097561,False,False,up
FIS1,0.75336,0.004792844090024465,0.005859375,10,0.09384388728267903,0.11659203506097561,False,False,up
RAB37,0.6327222222222222,0.004843441576748652,0.01171875,9,0.09420654245636285,0.11810087316176471,False,False,up
WASF1,1.1192555555555554,0.004907348539094751,0.0078125,9,0.09463037718885875,0.11659203506097561,False,False,up
CA5A,0.3885888888888889,0.004929672356110108,0.00390625,9,0.09463037718885875,0.11659203506097561,False,False,up
VSIR,0.4656,0.005115327715262397,0.01171875,9,0.09492268656582958,0.11810087316176471,False,False,up
WASHC3,0.9905200000000001,0.005117523199866997,0.009765625,10,0.09492268656582958,0.11659203506097561,False,False,up
PPY,-0.6025999999999999,0.00516052739820847,0.00390625,9,0.09492268656582958,0.11659203506097561,False,False,down
SHC1,-0.5533222222222222,0.005273738012232211,0.01171875,9,0.09492268656582958,0.11810087316176471,False,False,down
PPP3R1,0.5612222222222223,0.005280448365707322,0.0078125,9,0.09492268656582958,0.11659203506097561,False,False,up
CRADD,1.1825777777777777,0.00534029980412954,0.01171875,9,0.09492268656582958,0.11810087316176471,False,False,up
CMC1,0.9445499999999999,0.005397040023905962,0.005859375,10,0.09492268656582958,0.11659203506097561,False,False,up
MORF4L2,0.3984333333333333,0.005424968014755735,0.01953125,9,0.09492268656582958,0.12204953457446809,False,False,up
EIF2AK2,1.40831,0.005449275527442447,0.009765625,10,0.09492268656582958,0.11659203506097561,False,False,up
DPP6,-0.3490555555555555,0.005454181024822461,0.01953125,9,0.09492268656582958,0.12204953457446809,False,False,down
LDLR,0.19987000000000002,0.005527556659176982,0.01953125,10,0.09492268656582958,0.12204953457446809,False,False,up
ANGPTL4,0.46986000000000006,0.005530805521534734,0.001953125,10,0.09492268656582958,0.11659203506097561,False,False,up
CORO1A,1.20061,0.005573946449888038,0.009765625,10,0.09492268656582958,0.11659203506097561,False,False,up
BIN2,1.50995,0.005584221884526696,0.00390625,10,0.09492268656582958,0.11659203506097561,False,False,up
KEL,0.3785888888888888,0.005627814573531283,0.01171875,9,0.09492268656582958,0.11810087316176471,False,False,up
HARS1,1.2447,0.005664789637766182,0.009765625,10,0.09492268656582958,0.11659203506097561,False,False,up
OBP2B,0.3523333333333333,0.0057923204449385505,0.01953125,9,0.09492268656582958,0.12204953457446809,False,False,up
HPCAL1,0.86843,0.005834217403479689,0.009765625,10,0.09492268656582958,0.11659203506097561,False,False,up
VCAN,0.25296,0.005861960527535856,0.013671875,10,0.09492268656582958,0.11810087316176471,False,False,up
PDLIM7,1.79239,0.005895255689954342,0.009765625,10,0.09492268656582958,0.11659203506097561,False,False,up
SYT1,-0.38856,0.005904577050536354,0.013671875,10,0.09492268656582958,0.11810087316176471,False,False,down
CALCOCO2,0.7897099999999998,0.005967784124191777,0.013671875,10,0.09492268656582958,0.11810087316176471,False,False,up
PIKFYVE,0.77135,0.005994675718027699,0.00390625,10,0.09492268656582958,0.11659203506097561,False,False,up
CLEC1B,1.03413,0.006006851036107869,0.009765625,10,0.09492268656582958,0.11659203506097561,False,False,up
AHNAK,-0.22922000000000003,0.006022183559884447,0.013671875,10,0.09492268656582958,0.11810087316176471,False,False,down
CEACAM8,0.4298888888888889,0.00606592730223572,0.01953125,9,0.09492268656582958,0.12204953457446809,False,False,up
CA3,-0.35764,0.006069226619825216,0.013671875,10,0.09492268656582958,0.11810087316176471,False,False,down
BLOC1S3,0.43131,0.006074156685655813,0.005859375,10,0.09492268656582958,0.11659203506097561,False,False,up
IRAK4,1.4122,0.006078179995824628,0.015625,8,0.09492268656582958,0.12204953457446809,False,False,up
PPP1R14A,0.6273333333333334,0.006111628343273523,0.00390625,9,0.09492268656582958,0.11659203506097561,False,False,up
CRIM1,0.30378000000000005,0.00612021176079792,0.009765625,10,0.09492268656582958,0.11659203506097561,False,False,up
CTSO,0.27364,0.006149633990506021,0.013671875,10,0.09492268656582958,0.11810087316176471,False,False,up
CRACR2A,1.0317625000000001,0.006151003418419233,0.015625,8,0.09492268656582958,0.12204953457446809,False,False,up
CD244,0.18144999999999997,0.00616797577337809,0.009765625,10,0.09492268656582958,0.11659203506097561,False,False,up
SUGT1,0.8903749999999999,0.006227252978928274,0.0078125,8,0.09492268656582958,0.11659203506097561,False,False,up
RBPMS2,1.5325200000000003,0.006241236174211273,0.009765625,10,0.09492268656582958,0.11659203506097561,False,False,up
STIP1,0.62128,0.006270045486467456,0.009765625,10,0.09492268656582958,0.11659203506097561,False,False,up
CRKL,1.70561,0.006272521602622793,0.009765625,10,0.09492268656582958,0.11659203506097561,False,False,up
DNAJB6,0.7940000000000002,0.006273649085112204,0.02734375,10,0.09492268656582958,0.14470016891891893,False,False,up
MGMT,2.045375,0.0062880752914582045,0.015625,8,0.09492268656582958,0.12204953457446809,False,False,up
SELP,0.36921,0.006337317332944532,0.013671875,10,0.09492268656582958,0.11810087316176471,False,False,up
RHOC,2.0137888888888886,0.006410921651364739,0.0078125,9,0.09492268656582958,0.11659203506097561,False,False,up
TSC1,0.38964,0.006416856742949869,0.001953125,10,0.09492268656582958,0.11659203506097561,False,False,up
VAMP8,1.02385,0.006456924121046846,0.01953125,10,0.09492268656582958,0.12204953457446809,False,False,up
DNAJA2,1.0905999999999998,0.0064600096975827885,0.009765625,10,0.09492268656582958,0.11659203506097561,False,False,up
PDIA4,0.7021999999999999,0.006460268880524737,0.009765625,10,0.09492268656582958,0.11659203506097561,False,False,up
MTUS1,0.32768888888888886,0.00646392145494243,0.0078125,9,0.09492268656582958,0.11659203506097561,False,False,up
SEPTIN7,0.33622222222222226,0.006533217476994812,0.00390625,9,0.09546298373101374,0.11659203506097561,False,False,up
MINDY1,1.24631,0.0065709247763202855,0.013671875,10,0.09553864390125087,0.11810087316176471,False,False,up
RWDD1,0.9664499999999998,0.006620373279292514,0.005859375,10,0.09578343015409908,0.11659203506097561,False,False,up
HSPA1A,0.7138899999999999,0.006683231864453575,0.009765625,10,0.09621888228382426,0.11659203506097561,False,False,up
YOD1,0.7320374999999999,0.006769995206633504,0.0078125,8,0.09699256547259805,0.11659203506097561,False,False,up
APRT,1.493377777777778,0.00683078706803327,0.0078125,9,0.09738845446026075,0.11659203506097561,False,False,up
PLAT,0.42901000000000006,0.006914213320445852,0.00390625,10,0.09769574197037742,0.11659203506097561,False,False,up
ATOX1,0.7295888888888888,0.0069283603509845935,0.01953125,9,0.09769574197037742,0.12204953457446809,False,False,up
DAB2,1.2955800000000002,0.006953860460697766,0.005859375,10,0.09769574197037742,0.11659203506097561,False,False,up
DAAM1,0.9592099999999999,0.007060625666264669,0.009765625,10,0.09769574197037742,0.11659203506097561,False,False,up
FABP1,0.6496999999999999,0.007073507654346967,0.001953125,10,0.09769574197037742,0.11659203506097561,False,False,up
TJAP1,1.4521111111111114,0.0071282999848172645,0.0078125,9,0.09769574197037742,0.11659203506097561,False,False,up
CC2D1A,1.2631333333333332,0.007159825611388621,0.01171875,9,0.09769574197037742,0.11810087316176471,False,False,up
ITGB5,0.5912777777777778,0.007169290973931789,0.01953125,9,0.09769574197037742,0.12204953457446809,False,False,up
STX6,0.67765,0.007185321497266907,0.0078125,8,0.09769574197037742,0.11659203506097561,False,False,up
TXNDC9,0.47958000000000006,0.00719106827389227,0.005859375,10,0.09769574197037742,0.11659203506097561,False,False,up
L3HYPDH,0.7383200000000001,0.007249936372109045,0.013671875,10,0.09769574197037742,0.11810087316176471,False,False,up
TGFBR1,-0.36673,0.007260606449020867,0.005859375,10,0.09769574197037742,0.11659203506097561,False,False,down
ENG,0.08033000000000001,0.007284769319548061,0.02734375,10,0.09769574197037742,0.14470016891891893,False,False,up
MDK,0.4939666666666667,0.007355001380953513,0.02734375,9,0.09818926843572941,0.14470016891891893,False,False,up
UBXN1,0.71764,0.007389205835359611,0.009765625,10,0.09819953637308225,0.11659203506097561,False,False,up
APOE,0.14733000000000002,0.0074310944404712255,0.013671875,10,0.09822464020904684,0.11810087316176471,False,False,up
PDZD2,0.9998374999999999,0.007481528239948393,0.0078125,8,0.09822464020904684,0.11659203506097561,False,False,up
CACNB1,-0.9728,0.007491426423842864,0.01171875,9,0.09822464020904684,0.11810087316176471,False,False,down
SCGB3A2,0.15852,0.007558046012784348,0.013671875,10,0.09848464208453077,0.11810087316176471,False,False,up
GIT1,1.19515,0.007610068341710684,0.013671875,10,0.09848464208453077,0.11810087316176471,False,False,up
TBCB,1.9032000000000002,0.007645219899503493,0.01171875,9,0.09848464208453077,0.11810087316176471,False,False,up
TRIAP1,0.6616200000000001,0.00767157139890173,0.013671875,10,0.09848464208453077,0.11810087316176471,False,False,up
GNLY,0.29005,0.007678918296682855,0.01953125,10,0.09848464208453077,0.12204953457446809,False,False,up
AHNAK2,-0.26117999999999997,0.007809744687224915,0.013671875,10,0.09859756069811368,0.11810087316176471,False,False,down
HDGFL2,0.71515,0.007831799025982083,0.009765625,10,0.09859756069811368,0.11659203506097561,False,False,up
TACC3,1.6280555555555556,0.007837557630398057,0.01171875,9,0.09859756069811368,0.11810087316176471,False,False,up
SMTN,1.4147500000000002,0.007842795135827248,0.013671875,10,0.09859756069811368,0.11810087316176471,False,False,up
S100A3,-0.32946,0.00789240749885258,0.013671875,10,0.09859756069811368,0.11810087316176471,False,False,down
GZMH,0.4636444444444445,0.007902906231148643,0.01171875,9,0.09859756069811368,0.11810087316176471,False,False,up
CCL23,0.19032000000000002,0.007922718530730278,0.037109375,10,0.09859756069811368,0.17542287844036697,False,False,up
DAPP1,0.8769125,0.00803405520785829,0.0234375,8,0.09887573499473144,0.14281314834024897,False,False,up
PRDX5,0.9802099999999999,0.008037512021289397,0.013671875,10,0.09887573499473144,0.11810087316176471,False,False,up
CLIP2,1.8397999999999999,0.008046067641723125,0.015625,8,0.09887573499473144,0.12204953457446809,False,False,up
WWP2,0.5566666666666666,0.00812790888294756,0.01171875,9,0.09946528495507077,0.11810087316176471,False,False,up
METAP1,0.44627777777777783,0.00816229104275377,0.01953125,9,0.09947157175339345,0.12204953457446809,False,False,up
ZBTB16,0.5665125000000001,0.008265777009946611,0.015625,8,0.09965043202910945,0.12204953457446809,False,False,up
DGKZ,0.2520888888888889,0.008368281224666284,0.01171875,9,0.09965043202910945,0.11810087316176471,False,False,up
HCLS1,0.88809,0.00843437022641232,0.009765625,10,0.09965043202910945,0.11659203506097561,False,False,up
DCXR,0.3164666666666667,0.008437194896643527,0.0078125,9,0.09965043202910945,0.11659203506097561,False,False,up
DCTN2,1.176,0.008458275072395974,0.02734375,9,0.09965043202910945,0.14470016891891893,False,False,up
KLK10,0.30193333333333333,0.008547640395809956,0.02734375,9,0.09965043202910945,0.14470016891891893,False,False,up
PLA2G4A,0.86542,0.008653976930851225,0.009765625,10,0.09965043202910945,0.11659203506097561,False,False,up
ERBIN,1.5836333333333332,0.008694445600455505,0.01953125,9,0.09965043202910945,0.12204953457446809,False,False,up
CTSS,0.22549000000000002,0.008714405705749544,0.01953125,10,0.09965043202910945,0.12204953457446809,False,False,up
RAB10,0.5114699999999999,0.008715319801970529,0.009765625,10,0.09965043202910945,0.11659203506097561,False,False,up
MIF,1.1717300000000002,0.008719619175264325,0.009765625,10,0.09965043202910945,0.11659203506097561,False,False,up
SIRT2,1.1097222222222223,0.008787868876471674,0.01953125,9,0.09965043202910945,0.12204953457446809,False,False,up
MITD1,1.4698,0.008814648343502667,0.01171875,9,0.09965043202910945,0.11810087316176471,False,False,up
GAD1,-0.5745444444444444,0.00881898614576339,0.01171875,9,0.09965043202910945,0.11810087316176471,False,False,down
DLG4,0.96634,0.00884481662502266,0.009765625,10,0.09965043202910945,0.11659203506097561,False,False,up
ALDH5A1,0.32120000000000004,0.00885903883105743,0.01953125,9,0.09965043202910945,0.12204953457446809,False,False,up
CCL19,0.24788000000000004,0.008864072619648784,0.005859375,10,0.09965043202910945,0.11659203506097561,False,False,up
ABL1,0.8521666666666666,0.008938920081535677,0.01953125,9,0.09965043202910945,0.12204953457446809,False,False,up
DNAJC6,1.1871699999999998,0.008963422690743393,0.009765625,10,0.09965043202910945,0.11659203506097561,False,False,up
DBI,0.67466,0.008974408327109974,0.02734375,10,0.09965043202910945,0.14470016891891893,False,False,up
CPPED1,0.38018,0.009076180039581612,0.013671875,10,0.09965043202910945,0.11810087316176471,False,False,up
CXCL9,0.16025999999999999,0.009086252379674175,0.005859375,10,0.09965043202910945,0.11659203506097561,False,False,up
BAG6,0.3428555555555556,0.009105909222210056,0.01171875,9,0.09965043202910945,0.11810087316176471,False,False,up
GLRX5,0.6974400000000001,0.009148160611214599,0.01953125,10,0.09965043202910945,0.12204953457446809,False,False,up
SARG,1.1580400000000002,0.0091653606663857,0.009765625,10,0.09965043202910945,0.11659203506097561,False,False,up
DOK1,1.9432299999999998,0.009201435827287259,0.009765625,10,0.09965043202910945,0.11659203506097561,False,False,up
BCR,0.7155875,0.009229753125313886,0.015625,8,0.09965043202910945,0.12204953457446809,False,False,up
STX3,0.15025,0.009235176608799842,0.01953125,10,0.09965043202910945,0.12204953457446809,False,False,up
PLA2G2A,0.31416,0.009255534895706274,0.013671875,10,0.09965043202910945,0.11810087316176471,False,False,up
ARHGEF1,0.7629999999999999,0.009286598638991284,0.009765625,10,0.09965043202910945,0.11659203506097561,False,False,up
STAMBP,0.9358888888888889,0.009307194447002592,0.01171875,9,0.09965043202910945,0.11810087316176471,False,False,up
SHMT1,0.89696,0.009339361725207477,0.009765625,10,0.09965043202910945,0.11659203506097561,False,False,up
SERPINB1,0.8772800000000001,0.00934956111680793,0.013671875,10,0.09965043202910945,0.11810087316176471,False,False,up
MAP2K6,1.7134999999999998,0.009359124267922281,0.015625,8,0.09965043202910945,0.12204953457446809,False,False,up
PEBP1,0.5503199999999999,0.009368203509955448,0.013671875,10,0.09965043202910945,0.11810087316176471,False,False,up
SCAMP3,1.2436555555555555,0.009398423449800243,0.01953125,9,0.09965043202910945,0.12204953457446809,False,False,up
PARK7,0.76163,0.00950815643074633,0.009765625,10,0.10009656178130168,0.11659203506097561,False,False,up
TXLNA,0.9047666666666666,0.009508662150828453,0.01953125,9,0.10009656178130168,0.12204953457446809,False,False,up
CDKN1A,1.3327666666666664,0.009556080176322644,0.01953125,9,0.10023645527807003,0.12204953457446809,False,False,up
MGLL,1.2443000000000004,0.009674977362790386,0.009765625,10,0.1003885362234617,0.11659203506097561,False,False,up
TBCC,1.0343333333333333,0.009801466319241654,0.01953125,9,0.1003885362234617,0.12204953457446809,False,False,up
PTPN1,1.1617777777777778,0.009839793176747285,0.02734375,9,0.1003885362234617,0.14470016891891893,False,False,up
ACADSB,0.5616000000000001,0.010011183897589052,0.013671875,10,0.1003885362234617,0.11810087316176471,False,False,up
EIF4G3,1.1055111111111111,0.010050058262513144,0.01953125,9,0.1003885362234617,0.12204953457446809,False,False,up
NUMB,0.74369,0.010064003153263414,0.037109375,10,0.1003885362234617,0.17542287844036697,False,False,up
ARL2BP,0.6652125,0.010079860384678455,0.015625,8,0.1003885362234617,0.12204953457446809,False,False,up
ECSCR,-0.47391111111111095,0.010089732602514417,0.01171875,9,0.1003885362234617,0.11810087316176471,False,False,down
AGER,0.22989999999999994,0.010102284043021771,0.009765625,10,0.1003885362234617,0.11659203506097561,False,False,up
CLEC11A,0.21373000000000003,0.010139432420864375,0.048828125,10,0.1003885362234617,0.2063427383093525,False,False,up
CDC42BPB,1.33698,0.01017402802008522,0.009765625,10,0.1003885362234617,0.11659203506097561,False,False,up
STXBP1,0.8399777777777779,0.010200730772887126,0.01953125,9,0.1003885362234617,0.12204953457446809,False,False,up
PLSCR3,0.61156,0.01025000245425675,0.013671875,10,0.1003885362234617,0.11810087316176471,False,False,up
VPS53,0.9176777777777778,0.010299756633273302,0.01953125,9,0.1003885362234617,0.12204953457446809,False,False,up
STX4,0.9732444444444445,0.010363100154611653,0.01953125,9,0.1003885362234617,0.12204953457446809,False,False,up
SNAPIN,0.35648888888888897,0.010385156441522709,0.01171875,9,0.1003885362234617,0.11810087316176471,False,False,up
CCL20,0.28041999999999995,0.010423638402854063,0.01953125,10,0.1003885362234617,0.12204953457446809,False,False,up
BCAN,-0.36614444444444444,0.010443920188534895,0.01171875,9,0.1003885362234617,0.11810087316176471,False,False,down
NUB1,1.0017875,0.010457307830189605,0.015625,8,0.1003885362234617,0.12204953457446809,False,False,up
ARHGAP45,1.17442,0.010461840137078926,0.009765625,10,0.1003885362234617,0.11659203506097561,False,False,up
METAP2,0.8743399999999999,0.010512524730508054,0.009765625,10,0.1003885362234617,0.11659203506097561,False,False,up
AGRN,0.29219000000000006,0.01051257514147741,0.009765625,10,0.1003885362234617,0.11659203506097561,False,False,up
SCRIB__Cardiometabolic_II,0.8064500000000001,0.01051531770441895,0.013671875,10,0.1003885362234617,0.11810087316176471,False,False,up
IGHMBP2,0.9951375,0.010521896912868372,0.0390625,8,0.1003885362234617,0.17542287844036697,False,False,up
MINK1,1.8336099999999997,0.010531586484369571,0.00390625,10,0.1003885362234617,0.11659203506097561,False,False,up
CETN2,0.6864888888888889,0.010598476020337994,0.01953125,9,0.1003885362234617,0.12204953457446809,False,False,up
PROK1,0.33953750000000005,0.010600119478047643,0.0234375,8,0.1003885362234617,0.14281314834024897,False,False,up
DTD1,1.5940600000000003,0.010618743462962254,0.009765625,10,0.1003885362234617,0.11659203506097561,False,False,up
CASP8,0.4887499999999999,0.010635005945753924,0.01953125,10,0.1003885362234617,0.12204953457446809,False,False,up
ENO2,0.75544,0.01063969868282434,0.009765625,10,0.1003885362234617,0.11659203506097561,False,False,up
PCDHB15,-0.33127999999999996,0.010640433946845782,0.001953125,10,0.1003885362234617,0.11659203506097561,False,False,down
SOST,0.4650999999999999,0.010664359312809006,0.00390625,9,0.1003885362234617,0.11659203506097561,False,False,up
SMPDL3A,0.15194999999999997,0.010789963935817002,0.009765625,10,0.1009838024857722,0.11659203506097561,False,False,up
RYR1,0.49884999999999996,0.010796361586834346,0.015625,8,0.1009838024857722,0.12204953457446809,False,False,up
IRAK1,0.7096222222222222,0.010925060890626472,0.01953125,9,0.10180476300630215,0.12204953457446809,False,False,up
ANG,0.19417,0.010983948307259598,0.009765625,10,0.10180476300630215,0.11659203506097561,False,False,up
EIF2S2,0.7988699999999999,0.010988120487912081,0.009765625,10,0.10180476300630215,0.11659203506097561,False,False,up
AMOTL2,0.28204,0.011172002357728375,0.013671875,10,0.1028832114886074,0.11810087316176471,False,False,up
ITGA5,0.21501,0.011276192794162336,0.005859375,10,0.1028832114886074,0.11659203506097561,False,False,up
AP3S2,0.45494,0.011307605811634225,0.013671875,10,0.1028832114886074,0.11810087316176471,False,False,up
NOS3,0.47381111111111107,0.011334265709733034,0.02734375,9,0.1028832114886074,0.14470016891891893,False,False,up
PRTFDC1,1.3317333333333332,0.011337151669279075,0.0078125,9,0.1028832114886074,0.11659203506097561,False,False,up
SULT1A1,1.78521,0.011340141634384637,0.009765625,10,0.1028832114886074,0.11659203506097561,False,False,up
GRAP2,1.1295555555555556,0.011349731195883145,0.01953125,9,0.1028832114886074,0.12204953457446809,False,False,up
CASP3,1.20715,0.011441342436381013,0.009765625,10,0.10303085172102688,0.11659203506097561,False,False,up
LRRC59,0.82499,0.011465939007497261,0.005859375,10,0.10303085172102688,0.11659203506097561,False,False,up
NEXN,1.162422222222222,0.011471259282524954,0.0078125,9,0.10303085172102688,0.11659203506097561,False,False,up
MAVS,1.1589,0.011610873475568537,0.0234375,8,0.10377386337591613,0.14281314834024897,False,False,up
PLXNA4,1.0768624999999998,0.011636780027513647,0.0390625,8,0.10377386337591613,0.17542287844036697,False,False,up
TNFAIP2,0.42994000000000004,0.011659984648979339,0.02734375,10,0.10377386337591613,0.14470016891891893,False,False,up
VTI1A,0.74205,0.011767904247713344,0.01953125,10,0.10394680097823072,0.12204953457446809,False,False,up
ATG16L1,1.04643,0.011769969543077297,0.009765625,10,0.10394680097823072,0.11659203506097561,False,False,up
SH2B3,0.9300999999999999,0.011805141820436835,0.0234375,8,0.10394680097823072,0.14281314834024897,False,False,up
ST3GAL1,0.24990000000000004,0.011842545877391213,0.02734375,9,0.10394680097823072,0.14470016891891893,False,False,up
DDA1,0.36860000000000004,0.011856376686315047,0.0234375,8,0.10394680097823072,0.14281314834024897,False,False,up
TRIM21,0.5859375,0.012050356456269893,0.0234375,8,0.10421610450793381,0.14281314834024897,False,False,up
RAB27B,1.15219,0.012073320442960599,0.01953125,10,0.10421610450793381,0.12204953457446809,False,False,up
EIF4B,0.6734000000000001,0.012073960989667183,0.01953125,9,0.10421610450793381,0.12204953457446809,False,False,up
ADAM15,0.22623333333333337,0.012096840495556925,0.01171875,9,0.10421610450793381,0.11810087316176471,False,False,up
LAMA4,0.27785000000000004,0.01214764171237939,0.02734375,10,0.10421610450793381,0.14470016891891893,False,False,up
DOK2,1.3861111111111113,0.01226367543156052,0.01171875,9,0.10421610450793381,0.11810087316176471,False,False,up
MYL4,-0.29691,0.012300774453116232,0.02734375,10,0.10421610450793381,0.14470016891891893,False,False,down
OPLAH,0.5185699999999999,0.012308535041057871,0.013671875,10,0.10421610450793381,0.11810087316176471,False,False,up
NUDT5,0.53945,0.012318246537345638,0.01953125,10,0.10421610450793381,0.12204953457446809,False,False,up
TPD52L2,1.00549,0.012350483358430522,0.009765625,10,0.10421610450793381,0.11659203506097561,False,False,up
SCARF1,0.33613,0.012368072381238977,0.02734375,10,0.10421610450793381,0.14470016891891893,False,False,up
BHLHE40,-0.9350111111111112,0.012397695514549991,0.01953125,9,0.10421610450793381,0.12204953457446809,False,False,down
CACYBP,1.1925900000000003,0.012413395882122697,0.009765625,10,0.10421610450793381,0.11659203506097561,False,False,up
S100A4,0.7529888888888889,0.012414012184644985,0.01171875,9,0.10421610450793381,0.11810087316176471,False,False,up
ISM2,0.29884,0.01242615040301315,0.009765625,10,0.10421610450793381,0.11659203506097561,False,False,up
GLOD4,0.4824400000000001,0.012474791103192861,0.013671875,10,0.10421610450793381,0.11810087316176471,False,False,up
SNX9,0.6233777777777778,0.012490319641400306,0.01953125,9,0.10421610450793381,0.12204953457446809,False,False,up
GRP,0.33666000000000007,0.012696482749386067,0.01953125,10,0.10540539394794114,0.12204953457446809,False,False,up
IKBKG,1.118125,0.012704633795563896,0.0234375,8,0.10540539394794114,0.14281314834024897,False,False,up
LAT,0.7825999999999999,0.012781010485863708,0.009765625,10,0.10557795512708562,0.11659203506097561,False,False,up
YARS1,2.1246400000000003,0.012822327236145731,0.013671875,10,0.10557795512708562,0.11810087316176471,False,False,up
DXO,0.47142999999999996,0.01283327544445678,0.013671875,10,0.10557795512708562,0.11810087316176471,False,False,up
LRPAP1,0.16673999999999997,0.012875851135424748,0.01953125,10,0.10563233180095666,0.12204953457446809,False,False,up
DCTN1,0.90838,0.01300200333595981,0.013671875,10,0.1062924287734753,0.11810087316176471,False,False,up
PRDX3,0.7822333333333333,0.013028694027392275,0.01171875,9,0.1062924287734753,0.11810087316176471,False,False,up
STK24,0.5758777777777779,0.013123531252221132,0.0078125,9,0.10651954514239552,0.11659203506097561,False,False,up
VASP,0.5778444444444444,0.013129068893955457,0.01953125,9,0.10651954514239552,0.12204953457446809,False,False,up
FYB1,1.2053,0.013224252514704826,0.009765625,10,0.10699622489170268,0.11659203506097561,False,False,up
DNAJB14,0.62945,0.013384511784704805,0.009765625,10,0.10756836618613667,0.11659203506097561,False,False,up
TBC1D23,1.1916777777777778,0.01342070310414752,0.01953125,9,0.10756836618613667,0.12204953457446809,False,False,up
DENR,0.75729,0.013443706630199444,0.005859375,10,0.10756836618613667,0.11659203506097561,False,False,up
FXN,1.0879800000000002,0.013488800003923569,0.009765625,10,0.10756836618613667,0.11659203506097561,False,False,up
MARS1,0.9697700000000001,0.013507845709053693,0.009765625,10,0.10756836618613667,0.11659203506097561,False,False,up
KAZN,1.14209,0.01351471812144516,0.009765625,10,0.10756836618613667,0.11659203506097561,False,False,up
VTA1,0.85602,0.013603285570257693,0.009765625,10,0.10776801748188305,0.11659203506097561,False,False,up
SLITRK1,-0.28329,0.013627848424936901,0.01953125,10,0.10776801748188305,0.12204953457446809,False,False,down
CETN3,0.7494799999999999,0.01367074547809461,0.013671875,10,0.10776801748188305,0.11810087316176471,False,False,up
HEXIM1,1.0685625,0.013686574913429478,0.015625,8,0.10776801748188305,0.12204953457446809,False,False,up
SRPX,0.2091,0.013744871513945638,0.013671875,10,0.10793766747716134,0.11810087316176471,False,False,up
TRIM25,1.57744,0.013848471359366387,0.013671875,10,0.10846122768655755,0.11810087316176471,False,False,up
TIMM8A,0.47799,0.014025596362270283,0.02734375,10,0.10927933591971156,0.14470016891891893,False,False,up
MRPL46,0.4696111111111111,0.014050142440633422,0.0078125,9,0.10927933591971156,0.11659203506097561,False,False,up
VGF,-0.3330333333333333,0.014076280402818902,0.00390625,9,0.10927933591971156,0.11659203506097561,False,False,down
ADAMTSL2,0.2654,0.014101759725424134,0.037109375,10,0.10927933591971156,0.17542287844036697,False,False,up
CXCL16,0.08320999999999999,0.014140394791993742,0.01953125,10,0.10929036711601478,0.12204953457446809,False,False,up
SPART,0.8690599999999999,0.0141796277351154,0.013671875,10,0.10930594923368485,0.11810087316176471,False,False,up
HHEX,0.8875600000000002,0.014265432005245809,0.01953125,10,0.10967951256389252,0.12204953457446809,False,False,up
GPKOW,0.3278333333333333,0.014384901911341936,0.01953125,9,0.11025571942518275,0.12204953457446809,False,False,up
MTSS1,1.05468,0.014456807713257965,0.013671875,10,0.11025571942518275,0.11810087316176471,False,False,up
TWF2,0.9174999999999999,0.014477312852542223,0.01953125,10,0.11025571942518275,0.12204953457446809,False,False,up
P4HB,0.30125555555555555,0.014490537180156807,0.01953125,9,0.11025571942518275,0.12204953457446809,False,False,up
MAX,0.9430666666666667,0.0145636248792077,0.01171875,9,0.11026392964880645,0.11810087316176471,False,False,up
CXCL3,0.91729,0.014599331488888699,0.009765625,10,0.11026392964880645,0.11659203506097561,False,False,up
MRPL52,0.23628888888888888,0.01460963422201977,0.02734375,9,0.11026392964880645,0.14470016891891893,False,False,up
EGFL7,0.3526125,0.014641788410975319,0.0390625,8,0.11026392964880645,0.17542287844036697,False,False,up
UBE2L6,0.56684,0.014798897318051916,0.02734375,10,0.11096757479650486,0.14470016891891893,False,False,up
CPB2,0.14533000000000001,0.014810789690238307,0.00390625,10,0.11096757479650486,0.11659203506097561,False,False,up
NFE2,1.31582,0.014990464254412333,0.013671875,10,0.11202797332114255,0.11810087316176471,False,False,up
SERPINA12,-0.16797777777777778,0.015169683724358413,0.00390625,9,0.11304796831010262,0.11659203506097561,False,False,down
MZT1,0.481275,0.015203931727099263,0.015625,8,0.11304796831010262,0.12204953457446809,False,False,up
MYL3,-0.18578999999999996,0.015315869810170421,0.01953125,10,0.1135927010920973,0.12204953457446809,False,False,down
NSFL1C,0.80085,0.015360382854317204,0.009765625,10,0.11363588020939454,0.11659203506097561,False,False,up
IL6__Neurology,0.5529222222222221,0.015462902141194187,0.02734375,9,0.11367745651053132,0.14470016891891893,False,False,up
NAA10,1.3034124999999999,0.015468497577532919,0.015625,8,0.11367745651053132,0.12204953457446809,False,False,up
FRMD4B,1.89105,0.015483429606426517,0.0078125,8,0.11367745651053132,0.11659203506097561,False,False,up
CDH4,-0.4292666666666667,0.015558401259820014,0.02734375,9,0.11367745651053132,0.14470016891891893,False,False,down
PMVK,1.5840333333333332,0.015559529287447596,0.01953125,9,0.11367745651053132,0.12204953457446809,False,False,up
NRP2,0.21098,0.01568978597084176,0.013671875,10,0.11395288269366019,0.11810087316176471,False,False,up
WIF1,0.32933,0.01569557889319687,0.037109375,10,0.11395288269366019,0.17542287844036697,False,False,up
GP6,0.71103,0.015747331459082203,0.01953125,10,0.11395288269366019,0.12204953457446809,False,False,up
RSPO1,0.3585333333333333,0.015752424369637738,0.0390625,9,0.11395288269366019,0.17542287844036697,False,False,up
AK2,1.19498,0.015812684206982786,0.013671875,10,0.11410774819633523,0.11810087316176471,False,False,up
DMD,0.8755200000000001,0.01594585150363426,0.01953125,10,0.11426658858044109,0.12204953457446809,False,False,up
PRKG1,1.38742,0.016025047369171215,0.013671875,10,0.11426658858044109,0.11810087316176471,False,False,up
NUDT16,0.6319799999999999,0.0160913366559304,0.02734375,10,0.11426658858044109,0.14470016891891893,False,False,up
RTN4IP1,0.6527333333333333,0.016104905745042263,0.01953125,9,0.11426658858044109,0.12204953457446809,False,False,up
CDKN2D,1.3245111111111112,0.016111127438706584,0.02734375,9,0.11426658858044109,0.14470016891891893,False,False,up
STK4,0.9727777777777779,0.01611128689619628,0.01953125,9,0.11426658858044109,0.12204953457446809,False,False,up
CRYZL1,1.31223,0.01613425054344363,0.013671875,10,0.11426658858044109,0.11810087316176471,False,False,up
FABP3,-0.61045,0.01614594288760063,0.02734375,10,0.11426658858044109,0.14470016891891893,False,False,down
UBE2B,0.33479000000000003,0.016213859831560335,0.02734375,10,0.11447140943579977,0.14470016891891893,False,False,up
PTRHD1,0.81817,0.0163135868576765,0.009765625,10,0.11485241182210068,0.11659203506097561,False,False,up
NT5C3A,1.6059875000000001,0.016346036139475002,0.0390625,8,0.11485241182210068,0.17542287844036697,False,False,up
PRSS8,0.10332999999999999,0.01644726985890152,0.02734375,10,0.1152879035217035,0.14470016891891893,False,False,up
RP2,0.5251444444444444,0.016639603228161066,0.01953125,9,0.11634630219002737,0.12204953457446809,False,False,up
NIT2,0.6784399999999999,0.01667749173374243,0.02734375,10,0.11634630219002737,0.14470016891891893,False,False,up
EIF4G1,1.7270699999999999,0.016742288498628397,0.013671875,10,0.11646594285981292,0.11810087316176471,False,False,up
TXNDC5,0.43527000000000005,0.016856585039291234,0.01953125,10,0.11646594285981292,0.12204953457446809,False,False,up
SERPINB9,0.6101777777777778,0.016887135155900478,0.0390625,9,0.11646594285981292,0.17542287844036697,False,False,up
PTPN6,1.14758,0.016891810038919194,0.037109375,10,0.11646594285981292,0.17542287844036697,False,False,up
GMFG,0.8941399999999999,0.016892915103261935,0.01953125,10,0.11646594285981292,0.12204953457446809,False,False,up
LAT2,1.4287999999999998,0.01696119293119988,0.01953125,9,0.11666281882654345,0.12204953457446809,False,False,up
VPS37A,1.2496444444444446,0.017048031232654005,0.01171875,9,0.11698613955678695,0.11810087316176471,False,False,up
BRAP,1.12121,0.017096694643334017,0.01953125,10,0.11704660178897905,0.12204953457446809,False,False,up
BCL2L1,1.02554,0.01722529404423829,0.009765625,10,0.11712537398123089,0.11659203506097561,False,False,up
SCRIB__Inflammation_II,0.75696,0.01724873586518073,0.037109375,10,0.11712537398123089,0.17542287844036697,False,False,up
GCC1,1.3558499999999998,0.017367151707802314,0.01953125,10,0.11712537398123089,0.12204953457446809,False,False,up
CHMP1A,1.2304666666666668,0.01739631699675725,0.02734375,9,0.11712537398123089,0.14470016891891893,False,False,up
TNIP1,1.06883,0.017411388209122042,0.02734375,10,0.11712537398123089,0.14470016891891893,False,False,up
DECR1,1.47735,0.017476884325736318,0.015625,8,0.11712537398123089,0.12204953457446809,False,False,up
PPP1CC,0.45092999999999994,0.017483446947871403,0.009765625,10,0.11712537398123089,0.11659203506097561,False,False,up
MAP2,0.19952,0.017513235331119117,0.01953125,10,0.11712537398123089,0.12204953457446809,False,False,up
GADD45B,-0.3225,0.01751675097309057,0.01953125,9,0.11712537398123089,0.12204953457446809,False,False,down
CNST,1.2053555555555557,0.01754444303143325,0.02734375,9,0.11712537398123089,0.14470016891891893,False,False,up
MPIG6B,0.9520099999999999,0.017546872506551445,0.01953125,10,0.11712537398123089,0.12204953457446809,False,False,up
LGMN,0.22338999999999998,0.01768348420769626,0.083984375,10,0.11776959890703835,0.2725548169889503,False,False,up
CD69,1.0330333333333335,0.01780737459039159,0.02734375,9,0.11832637821714956,0.14470016891891893,False,False,up
ARL13B,0.919975,0.01786287521721125,0.0234375,8,0.11842723366354274,0.14281314834024897,False,False,up
TNFRSF11B,0.19058999999999998,0.01800033617788727,0.013671875,10,0.11906979133886242,0.11810087316176471,False,False,up
MED18,0.651375,0.01818589103442246,0.0234375,8,0.12002688082718824,0.14281314834024897,False,False,up
OXCT1,0.6687,0.018273962619179237,0.01953125,10,0.1203377314182274,0.12204953457446809,False,False,up
LHB,0.4283125,0.018506153137584382,0.0546875,8,0.12114455257002639,0.2124565972222222,False,False,up
ING1,0.41030000000000005,0.018514364976268457,0.01171875,9,0.12114455257002639,0.11810087316176471,False,False,up
GIPC3,1.27444,0.018520226116425554,0.01953125,10,0.12114455257002639,0.12204953457446809,False,False,up
CSF1R,0.23402222222222221,0.018669690543345416,0.01171875,9,0.12145578367034093,0.11810087316176471,False,False,up
COMMD1,0.54016,0.01875009865637568,0.013671875,10,0.12145578367034093,0.11810087316176471,False,False,up
EHD3,1.0949300000000002,0.018819150870332892,0.009765625,10,0.12145578367034093,0.11659203506097561,False,False,up
GMPR2,0.8690199999999999,0.01883629752573114,0.02734375,10,0.12145578367034093,0.14470016891891893,False,False,up
RAB11FIP3,1.3393199999999998,0.018866681503958153,0.009765625,10,0.12145578367034093,0.11659203506097561,False,False,up
EIF2AK3,1.11435,0.018868815224261447,0.015625,8,0.12145578367034093,0.12204953457446809,False,False,up
NARS1,0.3964000000000001,0.018901896613298316,0.02734375,9,0.12145578367034093,0.14470016891891893,False,False,up
TRAF2,1.20345,0.01901656841232151,0.0234375,8,0.12145578367034093,0.14281314834024897,False,False,up
ATP5IF1,1.5687599999999997,0.0190465342690039,0.013671875,10,0.12145578367034093,0.11810087316176471,False,False,up
TEX101,-0.51895,0.01907648893091477,0.0390625,8,0.12145578367034093,0.17542287844036697,False,False,down
TBC1D5,1.3297,0.01909677117239224,0.0390625,8,0.12145578367034093,0.17542287844036697,False,False,up
RAB6B,0.6186666666666667,0.019102386373298173,0.0390625,9,0.12145578367034093,0.17542287844036697,False,False,up
MTIF3,1.22138,0.01910540417286262,0.013671875,10,0.12145578367034093,0.11810087316176471,False,False,up
CRYGD,0.6350199999999999,0.01918026996337214,0.01953125,10,0.12166836475685523,0.12204953457446809,False,False,up
GSTP1,0.40476666666666666,0.01925811871144789,0.02734375,9,0.12189891089552254,0.14470016891891893,False,False,up
RALB,0.8506199999999999,0.019348833445604164,0.01953125,10,0.1222097286661063,0.12204953457446809,False,False,up
SESTD1,0.646688888888889,0.019413555729337974,0.01953125,9,0.12226569795514779,0.12204953457446809,False,False,up
EVI5,0.96198,0.01946986037298748,0.013671875,10,0.12226569795514779,0.11810087316176471,False,False,up
DBN1,0.60413,0.019482583126662976,0.01953125,10,0.12226569795514779,0.12204953457446809,False,False,up
CDC27,0.4932875,0.01968096650790443,0.015625,8,0.12324733184161048,0.12204953457446809,False,False,up
DYNLT3,0.22978,0.020010198228359977,0.013671875,10,0.12453547114367175,0.11810087316176471,False,False,up
MECR,0.9965399999999999,0.020022004285662923,0.013671875,10,0.12453547114367175,0.11810087316176471,False,False,up
SEMA7A,0.09946,0.020037245480879345,0.01953125,10,0.12453547114367175,0.12204953457446809,False,False,up
HDAC9,-0.34725555555555554,0.02005627437894339,0.01953125,9,0.12453547114367175,0.12204953457446809,False,False,down
STK11,0.6003666666666667,0.020167534037150894,0.01171875,9,0.12465439333556265,0.11810087316176471,False,False,up
CA13,1.1860222222222223,0.020194910688124394,0.01953125,9,0.12465439333556265,0.12204953457446809,False,False,up
RILPL2,1.3420399999999997,0.020202754929427247,0.02734375,10,0.12465439333556265,0.14470016891891893,False,False,up
ANXA3,0.65251,0.02025699955151307,0.01953125,10,0.12472706013164336,0.12204953457446809,False,False,up
ARHGEF10,0.8466222222222223,0.02031092099094015,0.01953125,9,0.12479743713470966,0.12204953457446809,False,False,up
ATXN3,0.68019,0.020490605461339788,0.013671875,10,0.12563863933184752,0.11810087316176471,False,False,up
CELSR2,0.15427999999999994,0.020569589110316575,0.037109375,10,0.1257705272922148,0.17542287844036697,False,False,up
HTRA2,0.5843777777777778,0.02059776085378118,0.02734375,9,0.1257705272922148,0.14470016891891893,False,False,up
CAMSAP1,1.2766222222222219,0.02078035787786135,0.01953125,9,0.12615537452095144,0.12204953457446809,False,False,up
IL1R1,0.14141000000000004,0.020792304010102708,0.02734375,10,0.12615537452095144,0.14470016891891893,False,False,up
PPME1,0.9784333333333335,0.020825823216264486,0.01953125,9,0.12615537452095144,0.12204953457446809,False,False,up
ESM1,0.24394,0.020832603555553778,0.037109375,10,0.12615537452095144,0.17542287844036697,False,False,up
EEF1D,1.15792,0.020896840300704482,0.01953125,10,0.1262839916937635,0.12204953457446809,False,False,up
MAP2K1,0.6537599999999999,0.020954195324335352,0.037109375,10,0.1263705783728397,0.17542287844036697,False,False,up
SUSD1,0.6857777777777778,0.02101527571818894,0.02734375,9,0.1264792311154117,0.14470016891891893,False,False,up
MPRIP,0.49214,0.02117453189796829,0.01953125,10,0.12676393117065068,0.12204953457446809,False,False,up
NMI,0.6515200000000001,0.02118741652890406,0.01953125,10,0.12676393117065068,0.12204953457446809,False,False,up
PRKAR2A,0.8426400000000001,0.021192063399655937,0.037109375,10,0.12676393117065068,0.17542287844036697,False,False,up
TAX1BP1,0.83554,0.02124956552248756,0.01953125,10,0.12684954052753247,0.12204953457446809,False,False,up
DFFA,0.4091699999999999,0.02130173255106714,0.037109375,10,0.1269030192748158,0.17542287844036697,False,False,up
COL1A1,0.1045,0.02148902715416204,0.048828125,10,0.1277596614408379,0.2063427383093525,False,False,up
NFAT5,0.94801,0.021564193747170883,0.01953125,10,0.12794754956654725,0.12204953457446809,False,False,up
YWHAQ,0.7668499999999999,0.021633442069251323,0.013671875,10,0.12798152995417583,0.11810087316176471,False,False,up
CRH,0.830775,0.02167199711227403,0.0234375,8,0.12798152995417583,0.14281314834024897,False,False,up
ANXA2,0.45660999999999996,0.021700647571392426,0.01953125,10,0.12798152995417583,0.12204953457446809,False,False,up
LBR,0.75255,0.021895911951784138,0.02734375,10,0.12887433547573152,0.14470016891891893,False,False,up
NUDC,0.8989100000000001,0.02198286116849441,0.01953125,10,0.12912657349775264,0.12204953457446809,False,False,up
CALCOCO1,1.2943500000000001,0.022056360085543125,0.01953125,10,0.12912657349775264,0.12204953457446809,False,False,up
SSBP1,-0.36671000000000004,0.022202940213891242,0.01953125,10,0.12912657349775264,0.12204953457446809,False,False,down
PON3,0.07964,0.022232185683725612,0.048828125,10,0.12912657349775264,0.2063427383093525,False,False,up
SCGB3A1,-0.09419,0.022234560462427107,0.01953125,10,0.12912657349775264,0.12204953457446809,False,False,down
IQGAP2,0.885788888888889,0.022244681322597114,0.0390625,9,0.12912657349775264,0.17542287844036697,False,False,up
ADA,0.09714,0.022246525771148395,0.013671875,10,0.12912657349775264,0.11810087316176471,False,False,up
DCTD,1.08975,0.0226296491621986,0.013671875,10,0.13078942800893947,0.11810087316176471,False,False,up
CCL24,0.21553999999999993,0.022680725572976217,0.02734375,10,0.13078942800893947,0.14470016891891893,False,False,up
DTX2,-0.48161250000000005,0.02268288048581768,0.0234375,8,0.13078942800893947,0.14281314834024897,False,False,down
GIGYF2,0.9265111111111111,0.02278870320864999,0.0390625,9,0.13078942800893947,0.17542287844036697,False,False,up
CRIP2,-0.2740666666666667,0.02282267842697756,0.0546875,9,0.13078942800893947,0.2124565972222222,False,False,down
INPPL1,1.0770111111111111,0.022846351322358224,0.02734375,9,0.13078942800893947,0.14470016891891893,False,False,up
RNF5,0.51509,0.022853947360709136,0.02734375,10,0.13078942800893947,0.14470016891891893,False,False,up
MCEMP1,0.7021200000000001,0.022902057797743795,0.02734375,10,0.13078942800893947,0.14470016891891893,False,False,up
DGKA,0.79321,0.022933794833028202,0.01953125,10,0.13078942800893947,0.12204953457446809,False,False,up
OPHN1,0.9137599999999999,0.023156871346427153,0.01953125,10,0.13180568051251268,0.12204953457446809,False,False,up
GMPR,0.73575,0.023244154997527623,0.013671875,10,0.1318631072346229,0.11810087316176471,False,False,up
LRCH4,0.7422124999999999,0.023264584152406436,0.0546875,8,0.1318631072346229,0.2124565972222222,False,False,up
FRZB,0.5154555555555556,0.023301652248814874,0.00390625,9,0.1318631072346229,0.11659203506097561,False,False,up
APCS,0.11724000000000001,0.023420720584909762,0.01953125,10,0.1322820314574615,0.12204953457446809,False,False,up
CDC26,0.55289,0.023583718393925427,0.048828125,10,0.13244484807258095,0.2063427383093525,False,False,up
CNPY4,0.553388888888889,0.023619906410771403,0.01953125,9,0.13244484807258095,0.12204953457446809,False,False,up
TMEM25,-0.3862999999999999,0.023634887479875733,0.0546875,9,0.13244484807258095,0.2124565972222222,False,False,down
LILRA2,0.14092,0.023661591139671763,0.037109375,10,0.13244484807258095,0.17542287844036697,False,False,up
SCRIB__Oncology_II,0.6349199999999999,0.023675023914914876,0.02734375,10,0.13244484807258095,0.14470016891891893,False,False,up
FAM13A,0.99664,0.023795558688417776,0.01953125,10,0.1328660757944544,0.12204953457446809,False,False,up
NPHS1,-0.31646,0.023847878836738445,0.02734375,10,0.1329055410692615,0.14470016891891893,False,False,down
CTSH,0.39968888888888887,0.02399319095596187,0.0546875,9,0.1334621246925379,0.2124565972222222,False,False,up
ADAMTS13,0.09044000000000005,0.024109554580985144,0.048828125,10,0.13354560503709378,0.2063427383093525,False,False,up
RNF41,0.6432749999999999,0.024112561586356142,0.0546875,8,0.13354560503709378,0.2124565972222222,False,False,up
GDF2,0.24993333333333334,0.024144608878003678,0.01953125,9,0.13354560503709378,0.12204953457446809,False,False,up
PON1,0.16305555555555556,0.024482098563887313,0.0390625,9,0.1351577509062726,0.17542287844036697,False,False,up
CNP,1.10792,0.0246087664399633,0.01953125,10,0.1356021520340942,0.12204953457446809,False,False,up
CD74,0.15010999999999997,0.02470966912164623,0.048828125,10,0.1357912283161089,0.2063427383093525,False,False,up
EHBP1,0.9744400000000001,0.02473554891015263,0.01953125,10,0.1357912283161089,0.12204953457446809,False,False,up
EXTL1,-0.31103749999999997,0.024916384820190828,0.0546875,8,0.13634341697435415,0.2124565972222222,False,False,down
MDH1,0.2794111111111111,0.02496763295929853,0.02734375,9,0.13634341697435415,0.14470016891891893,False,False,up
REG3A,0.12911000000000003,0.024979230615184526,0.02734375,10,0.13634341697435415,0.14470016891891893,False,False,up
GPR158,-0.41521111111111114,0.025075286451776518,0.02734375,9,0.13634341697435415,0.14470016891891893,False,False,down
TGFBI,0.17783,0.025084620249120164,0.02734375,10,0.13634341697435415,0.14470016891891893,False,False,up
APPL2,1.31791,0.02511467095101314,0.013671875,10,0.13634341697435415,0.11810087316176471,False,False,up
LTBP2,0.09358999999999999,0.025249645915801026,0.01953125,10,0.13682326578359338,0.12204953457446809,False,False,up
MAP1LC3A,-0.6457333333333334,0.025363412896595813,0.00390625,9,0.1371341437637989,0.11659203506097561,False,False,down
MTDH,0.89502,0.02540039979826578,0.02734375,10,0.1371341437637989,0.14470016891891893,False,False,up
SDCCAG8,1.1302499999999998,0.025679201573591878,0.01953125,10,0.13838498169108138,0.12204953457446809,False,False,up
CXCL14,0.26215555555555553,0.025766770688116423,0.0390625,9,0.1385672090943141,0.17542287844036697,False,False,up
SPINT2,0.09923,0.025807376021310797,0.037109375,10,0.1385672090943141,0.17542287844036697,False,False,up
TARS1,0.6185200000000001,0.025941409987015683,0.02734375,10,0.1390327027953742,0.14470016891891893,False,False,up
IRAG2,1.1673666666666667,0.026039455017256116,0.02734375,9,0.13930396973712425,0.14470016891891893,False,False,up
ACOT13,1.33834,0.02610042265132571,0.013671875,10,0.1393762569580793,0.11810087316176471,False,False,up
COMT,0.7294999999999998,0.026351305091319756,0.0390625,9,0.1404605863034594,0.17542287844036697,False,False,up
F11,0.14353000000000002,0.02648841819320659,0.02734375,10,0.14076509986174843,0.14470016891891893,False,False,up
SELENOP,0.29090000000000005,0.026504290168044564,0.037109375,10,0.14076509986174843,0.17542287844036697,False,False,up
ESR1,-0.37674,0.02657006933324012,0.02734375,10,0.1408597357973398,0.14470016891891893,False,False,down
SLC12A2,0.3340875,0.026705436838625172,0.0390625,8,0.14125143455766717,0.17542287844036697,False,False,up
IL7R,0.12331999999999999,0.02677305535590187,0.01953125,10,0.14125143455766717,0.12204953457446809,False,False,up
OGA,0.45108,0.026812172745699185,0.01953125,10,0.14125143455766717,0.12204953457446809,False,False,up
IST1,0.93621,0.026836329752529205,0.013671875,10,0.14125143455766717,0.11810087316176471,False,False,up
CRYBB1,0.5021100000000001,0.026950297655921072,0.037109375,10,0.1415975388469413,0.17542287844036697,False,False,up
C1GALT1C1,-0.467225,0.027000078669785436,0.0546875,8,0.1416057697377854,0.2124565972222222,False,False,down
STX8,0.869425,0.027096252871088862,0.0546875,8,0.1418050313079833,0.2124565972222222,False,False,up
ANXA4,0.4961666666666667,0.02713463656625353,0.0390625,9,0.1418050313079833,0.17542287844036697,False,False,up
USP47,0.4467,0.027333015363967313,0.0390625,8,0.1425880392965755,0.17542287844036697,False,False,up
GOPC,1.0552125,0.027402678852616675,0.0390625,8,0.14269799253570067,0.17542287844036697,False,False,up
SUOX,0.1795,0.027593136522475987,0.0078125,9,0.14333579269197425,0.11659203506097561,False,False,up
NT5C,0.61492,0.027622764270908217,0.01953125,10,0.14333579269197425,0.12204953457446809,False,False,up
PSTPIP2,1.18787,0.027676720873615727,0.009765625,10,0.14336248537179785,0.11659203506097561,False,False,up
MYH9,1.3146499999999999,0.028107069393689815,0.02734375,10,0.14502749540592164,0.14470016891891893,False,False,up
SAMD9L,0.8569000000000001,0.028138468629859623,0.0546875,8,0.14502749540592164,0.2124565972222222,False,False,up
IFIT3,0.2231888888888889,0.0281462963504853,0.01171875,9,0.14502749540592164,0.11810087316176471,False,False,up
IL17RA,0.15655999999999998,0.028273540448776686,0.048828125,10,0.14531361662003398,0.2063427383093525,False,False,up
THBS4,-0.16243,0.02834637656312702,0.037109375,10,0.14531361662003398,0.17542287844036697,False,False,down
ZFYVE19,0.6493899999999999,0.028418779171413194,0.048828125,10,0.14531361662003398,0.2063427383093525,False,False,up
PLIN1,0.2451888888888889,0.02842031410281639,0.07421875,9,0.14531361662003398,0.26357976874244254,False,False,up
PLXNB2,0.07024,0.028496958587555247,0.064453125,10,0.14531361662003398,0.23781259814698494,False,False,up
STX16,0.6751499999999999,0.028535504914297998,0.0390625,8,0.14531361662003398,0.17542287844036697,False,False,up
TSPAN7,-0.41718888888888894,0.028548163700973645,0.0390625,9,0.14531361662003398,0.17542287844036697,False,False,down
MSLN,-0.12905555555555553,0.028788332933742312,0.01953125,9,0.14628258447474252,0.12204953457446809,False,False,down
SKAP1,0.5218777777777778,0.02885700116201232,0.0390625,9,0.146378259780363,0.17542287844036697,False,False,up
ADGRG1,0.3430555555555556,0.028954786458545417,0.0546875,9,0.14662104798059983,0.2124565972222222,False,False,up
BOLA1,-0.7324777777777779,0.029201298834099,0.0390625,9,0.14746485202525939,0.17542287844036697,False,False,down
AXIN1,1.0535124999999999,0.029221839931461,0.0390625,8,0.14746485202525939,0.17542287844036697,False,False,up
TRIM58,1.03289,0.029594480372075186,0.02734375,10,0.14908917470460517,0.14470016891891893,False,False,up
CLPS,0.20327,0.029686892220429712,0.02734375,10,0.14927668631918306,0.14470016891891893,False,False,up
PPP1R9B,1.01526,0.02973335427195168,0.02734375,10,0.14927668631918306,0.14470016891891893,False,False,up
GRHPR,0.5265299999999999,0.029935346122612144,0.01953125,10,0.14963261908223177,0.12204953457446809,False,False,up
BPIFB1,0.12077,0.029982713517711986,0.083984375,10,0.14963261908223177,0.2725548169889503,False,False,up
ARF6,1.15184,0.030007346851376064,0.037109375,10,0.14963261908223177,0.17542287844036697,False,False,up
CASP7,0.5196799999999999,0.030008039713801334,0.037109375,10,0.14963261908223177,0.17542287844036697,False,False,up
PLPBP,0.7333555555555556,0.030074818845937542,0.01953125,9,0.14971142872969248,0.12204953457446809,False,False,up
CFHR5,0.17937777777777775,0.03014380482505926,0.0390625,9,0.14980093869915237,0.17542287844036697,False,False,up
INHBB,-0.21452,0.03023377656396299,0.02734375,10,0.14987266746450054,0.14470016891891893,False,False,down
RABEP1,1.04857,0.03026029683569929,0.02734375,10,0.14987266746450054,0.14470016891891893,False,False,up
IMPACT,0.6872400000000001,0.030388019401808995,0.037109375,10,0.1502061317552997,0.17542287844036697,False,False,up
RCOR1,0.19488888888888886,0.03044233714750141,0.0390625,9,0.1502061317552997,0.17542287844036697,False,False,up
CCN1,0.17775555555555556,0.030523718440555625,0.0390625,9,0.1502061317552997,0.17542287844036697,False,False,up
PDLIM5,1.0601333333333334,0.03053219634249708,0.0390625,9,0.1502061317552997,0.17542287844036697,False,False,up
PIBF1,0.5664222222222222,0.030600207309644117,0.0390625,9,0.1502889780408441,0.17542287844036697,False,False,up
HYOU1,0.0925,0.03072604440029871,0.01953125,10,0.15065507913802553,0.12204953457446809,False,False,up
TYMP,0.6536666666666667,0.03084474715704983,0.0546875,9,0.15098503733375893,0.2124565972222222,False,False,up
SOD1,0.35088,0.030932314974982264,0.037109375,10,0.15116174555993828,0.17542287844036697,False,False,up
GZMA,0.29444,0.03113294757774302,0.048828125,10,0.15188948012596554,0.2063427383093525,False,False,up
NIT1,0.92304,0.03128730183290244,0.037109375,10,0.1523893954945845,0.17542287844036697,False,False,up
DNM1,0.81609,0.0313595441762117,0.01953125,10,0.15248837954558572,0.12204953457446809,False,False,up
LYN,0.7660888888888889,0.03172204228724629,0.07421875,9,0.15386092290007483,0.26357976874244254,False,False,up
ARHGAP1,0.38995,0.03174658470461197,0.0546875,8,0.15386092290007483,0.2124565972222222,False,False,up
HMGCL,0.51854,0.032211069541044274,0.02734375,10,0.15524148974198576,0.14470016891891893,False,False,up
SNAP23,1.4228333333333332,0.0322218272743723,0.0546875,9,0.15524148974198576,0.2124565972222222,False,False,up
BCL7B,-0.53842,0.032222578286668864,0.037109375,10,0.15524148974198576,0.17542287844036697,False,False,down
MMP7,0.0973111111111112,0.03224286984767154,0.02734375,9,0.15524148974198576,0.14470016891891893,False,False,up
MPI,0.6681,0.032327370413371304,0.0390625,9,0.15539359558767843,0.17542287844036697,False,False,up
KIF1C,0.5005375,0.032388619340812705,0.109375,8,0.15543361928752764,0.318369053518335,False,False,up
NAGA,-0.45079,0.032488124396193356,0.037109375,10,0.1556568048150406,0.17542287844036697,False,False,down
IL17D,0.25924444444444444,0.03261715895553123,0.02734375,9,0.15596610523542034,0.14470016891891893,False,False,up
TMED8,0.9535499999999999,0.03265888822600732,0.037109375,10,0.15596610523542034,0.17542287844036697,False,False,up
XIAP,0.54076,0.03282444714204525,0.037109375,10,0.1564299621256109,0.17542287844036697,False,False,up
EFEMP1,0.12815000000000001,0.03294545900654706,0.048828125,10,0.1564299621256109,0.2063427383093525,False,False,up
FLT1,0.33367777777777774,0.03295935787190013,0.01953125,9,0.1564299621256109,0.12204953457446809,False,False,up
DTYMK,0.74156,0.03296906590253767,0.064453125,10,0.1564299621256109,0.23781259814698494,False,False,up
CXCL12,0.41262222222222217,0.033152430929115934,0.0390625,9,0.1570462736109895,0.17542287844036697,False,False,up
IGFBPL1,0.22274444444444447,0.03324866063665742,0.02734375,9,0.15724849644100297,0.14470016891891893,False,False,up
DNAJB1,0.8561333333333333,0.03330989272739424,0.0390625,9,0.15725597059282506,0.17542287844036697,False,False,up
TALDO1,0.2391,0.03335732709544774,0.048828125,10,0.15725597059282506,0.2063427383093525,False,False,up
CFC1,0.47402500000000003,0.03365849908009156,0.0546875,8,0.1581725994604599,0.2124565972222222,False,False,up
NAP1L4,0.8693299999999999,0.033758425470689225,0.083984375,10,0.1581725994604599,0.2725548169889503,False,False,up
MXRA8,-0.14740999999999999,0.033766298775271895,0.01953125,10,0.1581725994604599,0.12204953457446809,False,False,down
NFU1,1.2468599999999999,0.033829613553043814,0.02734375,10,0.1581725994604599,0.14470016891891893,False,False,up
CPTP,0.5028874999999999,0.03386087578778802,0.0390625,8,0.1581725994604599,0.17542287844036697,False,False,up
RAB3GAP1,0.27584444444444445,0.03387489447076243,0.0390625,9,0.1581725994604599,0.17542287844036697,False,False,up
HMGCS1,0.3607375,0.033958659363862935,0.015625,8,0.15831203579629435,0.12204953457446809,False,False,up
GGACT,0.48814,0.03412363675100065,0.064453125,10,0.15882903508350066,0.23781259814698494,False,False,up
CRELD1,-0.13373,0.034382826678781044,0.048828125,10,0.1596861706606756,0.2063427383093525,False,False,down
PTPRF,0.11295,0.034457315437228735,0.037109375,10,0.1596861706606756,0.17542287844036697,False,False,up
MATN3,0.16896666666666665,0.03447089962508285,0.0390625,9,0.1596861706606756,0.17542287844036697,False,False,up
ELAC1,0.688211111111111,0.03457882563189252,0.0546875,9,0.15973618641290496,0.2124565972222222,False,False,up
KLB,0.4390444444444445,0.03459047141934203,0.0546875,9,0.15973618641290496,0.2124565972222222,False,False,up
GP1BA,0.17265999999999998,0.034666827417790085,0.037109375,10,0.15983747586506983,0.17542287844036697,False,False,up
ECE1,0.46752222222222223,0.03475563744608965,0.0546875,9,0.15994621153045235,0.2124565972222222,False,False,up
PPP1R2,0.49328888888888883,0.03479932896423529,0.0546875,9,0.15994621153045235,0.2124565972222222,False,False,up
CCL22,0.22655999999999996,0.03501581734259646,0.083984375,10,0.16068977427375908,0.2725548169889503,False,False,up
TREML2,0.21350000000000002,0.035098267431788545,0.048828125,10,0.16081686653223548,0.2063427383093525,False,False,up
AIFM1,1.1847444444444446,0.03530421971409578,0.0546875,9,0.1615085565425223,0.2124565972222222,False,False,up
GPI,0.39859999999999995,0.03570934209488073,0.0390625,9,0.16305554282627976,0.17542287844036697,False,False,up
SLMAP,1.2593299999999998,0.035753411501574454,0.02734375,10,0.16305554282627976,0.14470016891891893,False,False,up
EPHA4,-0.1586,0.03588389502982704,0.037109375,10,0.16339689876372407,0.17542287844036697,False,False,down
SUSD5,-0.11639999999999999,0.03594510109859567,0.064453125,10,0.1634222320844822,0.23781259814698494,False,False,down
SSC4D,0.10954444444444451,0.036042350534216415,0.0546875,9,0.16361110281142752,0.2124565972222222,False,False,up
GAL,0.12453,0.03664637326475231,0.064453125,10,0.16609629363978015,0.23781259814698494,False,False,up
SERPINH1,1.0806111111111112,0.03680177014402442,0.0390625,9,0.1665436038721105,0.17542287844036697,False,False,up
STAT2,0.39825,0.03686350449201133,0.037109375,10,0.16656632722005735,0.17542287844036697,False,False,up
APOF,0.11194444444444446,0.03700354826607146,0.02734375,9,0.16694227535706893,0.14470016891891893,False,False,up
GADD45GIP1,0.48843000000000003,0.037482062092581425,0.048828125,10,0.16884174289250253,0.2063427383093525,False,False,up
SEMA3F,0.12733333333333335,0.03763759897998786,0.0546875,9,0.16909320050642287,0.2124565972222222,False,False,up
RILP,0.89664,0.037662981007219605,0.048828125,10,0.16909320050642287,0.2063427383093525,False,False,up
METAP1D,1.0739875,0.037755123039271254,0.0390625,8,0.16909320050642287,0.17542287844036697,False,False,up
UROD,0.67269,0.03782581739702284,0.037109375,10,0.16909320050642287,0.17542287844036697,False,False,up
DDHD2,0.6132222222222221,0.037857753180798245,0.0390625,9,0.16909320050642287,0.17542287844036697,False,False,up
ENTR1,0.621,0.03793926031931205,0.037109375,10,0.16909320050642287,0.17542287844036697,False,False,up
KDM3A,0.21381,0.03794501996131561,0.048828125,10,0.16909320050642287,0.2063427383093525,False,False,up
CHP1,-0.6702999999999999,0.03799847202391526,0.0546875,9,0.16909320050642287,0.2124565972222222,False,False,down
USP25,0.59561,0.03818171255259198,0.083984375,10,0.16965157302112352,0.2725548169889503,False,False,up
ENO1,0.8603299999999999,0.038646618233177006,0.064453125,10,0.17052798863169596,0.23781259814698494,False,False,up
DNAJB2,0.53932,0.03868626932002829,0.064453125,10,0.17052798863169596,0.23781259814698494,False,False,up
CEP43,0.4417222222222222,0.03869048175295805,0.02734375,9,0.17052798863169596,0.14470016891891893,False,False,up
RGCC,0.4768666666666667,0.038725883463662236,0.0390625,9,0.17052798863169596,0.17542287844036697,False,False,up
KLK13,0.19274444444444447,0.03878323161188073,0.07421875,9,0.17052798863169596,0.26357976874244254,False,False,up
SFRP4,-0.09615,0.03878933908848439,0.02734375,10,0.17052798863169596,0.14470016891891893,False,False,down
NLGN2,-0.36700000000000005,0.03899734224329678,0.0546875,9,0.17052798863169596,0.2124565972222222,False,False,down
CGA,0.32011,0.03908446403626272,0.005859375,10,0.17052798863169596,0.11659203506097561,False,False,up
SFTPD,0.16054444444444446,0.03910762671126691,0.0546875,9,0.17052798863169596,0.2124565972222222,False,False,up
ASRGL1,0.99034,0.039132421709957045,0.048828125,10,0.17052798863169596,0.2063427383093525,False,False,up
LRTM2,-0.24481111111111112,0.03914539011515467,0.0390625,9,0.17052798863169596,0.17542287844036697,False,False,down
IL6__Oncology,0.37861111111111106,0.039168089527157605,0.07421875,9,0.17052798863169596,0.26357976874244254,False,False,up
FKBP1B,0.25992000000000004,0.03918319642817677,0.064453125,10,0.17052798863169596,0.23781259814698494,False,False,up
DIABLO,1.235711111111111,0.03919182578358692,0.0390625,9,0.17052798863169596,0.17542287844036697,False,False,up
GOLGA3,0.47256666666666663,0.03937737171691529,0.0546875,9,0.17108186498902397,0.2124565972222222,False,False,up
KHK,0.3740100000000002,0.03990945357971376,0.048828125,10,0.1731374670068232,0.2063427383093525,False,False,up
NRP1,0.18894999999999998,0.04000084558080531,0.037109375,10,0.17327799921950618,0.17542287844036697,False,False,up
CLPP,0.9258555555555557,0.04011569323123818,0.0390625,9,0.17342372225960484,0.17542287844036697,False,False,up
MUC2,0.20587000000000008,0.04015258125179819,0.048828125,10,0.17342372225960484,0.2063427383093525,False,False,up
ALPI,-0.5310500000000001,0.040446626786595455,0.064453125,10,0.17421263832815417,0.23781259814698494,False,False,down
ZNRD2,0.6307,0.04049637908059071,0.02734375,10,0.17421263832815417,0.14470016891891893,False,False,up
WFDC1,0.17462,0.04052644200992661,0.048828125,10,0.17421263832815417,0.2063427383093525,False,False,up
ICAM5,0.1385888888888889,0.040581928513969925,0.07421875,9,0.17421263832815417,0.26357976874244254,False,False,up
IGSF8,0.14995555555555556,0.04063182065195288,0.0390625,9,0.17421263832815417,0.17542287844036697,False,False,up
TPMT,0.294775,0.041093628878293174,0.078125,8,0.17567627777494063,0.2721863879003559,False,False,up
GSTT2B,0.48028999999999994,0.04111263838659166,0.083984375,10,0.17567627777494063,0.2725548169889503,False,False,up
NTproBNP,0.3866333333333334,0.04115263163403444,0.0546875,9,0.17567627777494063,0.2124565972222222,False,False,up
ATG4A,0.4148875,0.041237794155414426,0.0390625,8,0.17578432719078688,0.17542287844036697,False,False,up
CCL13,0.47098000000000007,0.04142882900712956,0.10546875,10,0.1763427112955645,0.3125748927850656,False,False,up
CPXM2,0.19109,0.04215613620949816,0.064453125,10,0.1789307359426105,0.23781259814698494,False,False,up
TRDMT1,0.4944666666666667,0.042158688890802334,0.12890625,9,0.1789307359426105,0.347813560520362,False,False,up
CD99L2,0.12835,0.0422934688264226,0.064453125,10,0.179243748835791,0.23781259814698494,False,False,up
PHACTR2,1.103933333333333,0.04236455328132502,0.0390625,9,0.17928630113436828,0.17542287844036697,False,False,up
ACAA1,0.5528625,0.042846115132363485,0.0390625,8,0.18106336711331159,0.17542287844036697,False,False,up
F10,0.0997111111111111,0.043051102023033964,0.0546875,9,0.18166822793340626,0.2124565972222222,False,False,up
UNC79,0.6959222222222222,0.04328079866500346,0.0546875,9,0.182375474432016,0.2124565972222222,False,False,up
CHGB,-0.32149,0.04337155700489148,0.048828125,10,0.18239494672040105,0.2063427383093525,False,False,down
FN1,0.11213999999999999,0.043409624704651116,0.064453125,10,0.18239494672040105,0.23781259814698494,False,False,up
PLXNB3,0.2717333333333333,0.04351891732256138,0.0546875,9,0.18259294310908966,0.2124565972222222,False,False,up
JCHAIN,0.644088888888889,0.04370248897776514,0.01953125,9,0.18310158363437404,0.12204953457446809,False,False,up
SCGB2A2,0.2612375,0.043943437060734676,0.078125,8,0.1838488242840139,0.2721863879003559,False,False,up
NAGK,0.41727,0.044035863172606306,0.064453125,10,0.1839734425859811,0.23781259814698494,False,False,up
PHYKPL,0.19100999999999999,0.044219238659248865,0.064453125,10,0.18447713628155385,0.23781259814698494,False,False,up
ROBO1,0.09983000000000002,0.044314381354490014,0.048828125,10,0.1846118270044499,0.2063427383093525,False,False,up
MUC16,-2.1612,0.04496829744399119,0.203125,9,0.18707066514589535,0.4526389415781487,False,False,down
IDO1__Inflammation_II,-0.35968,0.0452446751896134,0.048828125,10,0.18737051447201497,0.2063427383093525,False,False,down
BLVRB,-0.20851999999999996,0.04524624184944766,0.064453125,10,0.18737051447201497,0.23781259814698494,False,False,down
SH3BP1,-0.16297,0.04526721593851699,0.037109375,10,0.18737051447201497,0.17542287844036697,False,False,down
EPO,-0.34204999999999997,0.04529556189143025,0.0546875,8,0.18737051447201497,0.2124565972222222,False,False,down
DCUN1D1,-0.7168777777777777,0.04541659512509361,0.0546875,9,0.18748839821834493,0.2124565972222222,False,False,down
PDRG1,-0.45907499999999996,0.045471074308697665,0.078125,8,0.18748839821834493,0.2721863879003559,False,False,down
KIFBP,1.0387444444444442,0.04551556960493018,0.02734375,9,0.18748839821834493,0.14470016891891893,False,False,up
EGFR,0.08902,0.04587911623449491,0.048828125,10,0.18861125998651185,0.2063427383093525,False,False,up
LHPP,0.32752,0.045916598873120856,0.083984375,10,0.18861125998651185,0.2725548169889503,False,False,up
EDAR,0.662325,0.046010749940763686,0.078125,8,0.18873403991064658,0.2721863879003559,False,False,up
SSNA1,0.52887,0.046143291802854695,0.064453125,10,0.18893087567353423,0.23781259814698494,False,False,up
MAP3K5,1.0986875,0.04618739146530391,0.078125,8,0.18893087567353423,0.2721863879003559,False,False,up
CXCL13,0.33113000000000004,0.04627056834945823,0.083984375,10,0.18900787099076333,0.2725548169889503,False,False,up
TBCA,0.8051400000000001,0.04647229389951662,0.037109375,10,0.18956823219844487,0.17542287844036697,False,False,up
NCAM1,0.16641999999999998,0.04654722741844994,0.083984375,10,0.1896105505242545,0.2725548169889503,False,False,up
TRIM5,0.9191374999999999,0.04669484206753288,0.0546875,8,0.1898448645641493,0.2124565972222222,False,False,up
TFPI2,0.11793333333333332,0.04678903091015003,0.0546875,9,0.1898448645641493,0.2124565972222222,False,False,up
MAPK13,-1.0114444444444444,0.04679866596678383,0.07421875,9,0.1898448645641493,0.26357976874244254,False,False,down
MMP10,0.14756999999999995,0.047098599839106976,0.130859375,10,0.19079805203787198,0.347813560520362,False,False,up
PNMA1,0.43709,0.047224498198020486,0.037109375,10,0.19104456089199198,0.17542287844036697,False,False,up
VCAM1,0.12238000000000002,0.04740067136524408,0.02734375,10,0.19133020998387287,0.14470016891891893,False,False,up
PDE5A,1.1395899999999999,0.047425397639856814,0.037109375,10,0.19133020998387287,0.17542287844036697,False,False,up
ANP32C,0.19911999999999996,0.047539996537647206,0.064453125,10,0.1915294510714264,0.23781259814698494,False,False,up
CALB2,0.2438666666666667,0.04807912323465468,0.0546875,9,0.19343614375367232,0.2124565972222222,False,False,up
CES1,0.09069000000000003,0.048292367774841485,0.064453125,10,0.19402829569727692,0.23781259814698494,False,False,up
CMIP,0.88796,0.048520893212717665,0.037109375,10,0.19448367958885726,0.17542287844036697,False,False,up
PAG1,0.4966222222222222,0.04854993069361531,0.09765625,9,0.19448367958885726,0.30577442030916846,False,False,up
STAT5B,0.8454111111111111,0.048604365276888405,0.0390625,9,0.19448367958885726,0.17542287844036697,False,False,up
COPB2,0.508,0.04874053085572473,0.109375,8,0.19476318248063065,0.318369053518335,False,False,up
ENAH,0.5239444444444444,0.04912382314603208,0.07421875,9,0.19596738254566398,0.26357976874244254,False,False,up
CDC37,0.7195222222222222,0.04919337149590494,0.0546875,9,0.19596738254566398,0.2124565972222222,False,False,up
IL33,0.7653666666666666,0.049242059352638756,0.0390625,9,0.19596738254566398,0.17542287844036697,False,False,up
FCN2,0.13058999999999998,0.04930985698736425,0.064453125,10,0.1959716508415275,0.23781259814698494,False,False,up
TBL1X,0.8856125,0.049489334945133565,0.078125,8,0.19641915774845578,0.2721863879003559,False,False,up
SNCA,0.8167899999999999,0.049686303947608826,0.064453125,10,0.19693478366278963,0.23781259814698494,False,False,up
PBLD,0.23941111111111107,0.05004781151818041,0.0546875,9,0.19804463152487786,0.2124565972222222,False,False,up
BOLA2_BOLA2B,0.649,0.05014818630332695,0.064453125,10,0.19804463152487786,0.23781259814698494,False,False,up
TOP2B,0.4264199999999999,0.05020816592691608,0.048828125,10,0.19804463152487786,0.2063427383093525,False,False,up
CD4,0.2495,0.05032762982890427,0.0390625,8,0.19804463152487786,0.17542287844036697,False,False,up
TNFAIP8L2,0.42094000000000004,0.05034410530075868,0.048828125,10,0.19804463152487786,0.2063427383093525,False,False,up
CCND2,0.6046777777777778,0.05037090219580652,0.12890625,9,0.19804463152487786,0.347813560520362,False,False,up
MILR1,0.19955555555555554,0.05061205894484181,0.12890625,9,0.19872083918404734,0.347813560520362,False,False,up
MLN,-0.5438875,0.05073023547278443,0.0546875,8,0.19872083918404734,0.2124565972222222,False,False,down
FEN1,-0.24814999999999998,0.05076108851794891,0.0546875,8,0.19872083918404734,0.2124565972222222,False,False,down
HSPB1,1.2805333333333335,0.0508135342959549,0.0390625,9,0.19872083918404734,0.17542287844036697,False,False,up
CD5L,0.1036,0.05115370776052166,0.01953125,10,0.1997851591657608,0.12204953457446809,False,False,up
GGCT,0.36225999999999997,0.05133268963388413,0.064453125,10,0.20021794084291855,0.23781259814698494,False,False,up
CLEC14A,0.12718000000000002,0.051654978706879816,0.083984375,10,0.2012077884112812,0.2725548169889503,False,False,up
ECHS1,0.67715,0.05181914870018644,0.02734375,10,0.201497395542723,0.14470016891891893,False,False,up
CA6,0.10262999999999997,0.0518665410385763,0.064453125,10,0.201497395542723,0.23781259814698494,False,False,up
DUSP13,-0.18406,0.05202376688869747,0.048828125,10,0.20184121975178926,0.2063427383093525,False,False,down
ADAMTS15,0.2952222222222222,0.05239742251988229,0.01953125,9,0.20294813835048314,0.12204953457446809,False,False,up
VPS4B,0.70526,0.052447271708551825,0.064453125,10,0.20294813835048314,0.23781259814698494,False,False,up
ELOB,-0.470825,0.052831299711948214,0.109375,8,0.20385172536612858,0.318369053518335,False,False,down
F2R,0.7841699999999999,0.05283604886273801,0.013671875,10,0.20385172536612858,0.11810087316176471,False,False,up
GATD3,0.48968,0.05288900739836227,0.083984375,10,0.20385172536612858,0.2725548169889503,False,False,up
EPS8L2,-0.08667999999999998,0.05325485385454698,0.064453125,10,0.2049927991753663,0.23781259814698494,False,False,down
BST2,0.14006,0.0533477424508631,0.083984375,10,0.2050815701285143,0.2725548169889503,False,False,up
NECTIN4,-0.15258888888888886,0.0534588374561003,0.0390625,9,0.20524000733145956,0.17542287844036697,False,False,down
B4GAT1,0.12791000000000002,0.05360009023644434,0.10546875,10,0.2055136619117977,0.3125748927850656,False,False,up
SUSD4,-0.34663999999999995,0.0536829060229224,0.048828125,10,0.2055628357096781,0.2063427383093525,False,False,down
BPIFA2,0.18496,0.054344029619008354,0.048828125,10,0.20763628255203845,0.2063427383093525,False,False,up
IL12A_IL12B,0.33478888888888886,0.05462544767147815,0.0546875,9,0.20763628255203845,0.2124565972222222,False,False,up
CASQ2,-0.3395625,0.05462792269095623,0.078125,8,0.20763628255203845,0.2721863879003559,False,False,down
TIMD4,0.09592999999999999,0.05463494483108003,0.037109375,10,0.20763628255203845,0.17542287844036697,False,False,up
PRC1,-0.30821000000000004,0.054691901603996396,0.064453125,10,0.20763628255203845,0.23781259814698494,False,False,down
LPA,0.13258999999999999,0.054716899256055745,0.130859375,10,0.20763628255203845,0.347813560520362,False,False,up
OCLN,0.3633777777777778,0.05471926547336662,0.09765625,9,0.20763628255203845,0.30577442030916846,False,False,up
AKR1B1,0.48172499999999996,0.05534873084904381,0.0390625,8,0.20961711950055104,0.17542287844036697,False,False,up
CRHBP,0.15775,0.05538402612612448,0.048828125,10,0.20961711950055104,0.2063427383093525,False,False,up
GTPBP2,0.86565,0.05552820149249782,0.0546875,8,0.20967125469117864,0.2124565972222222,False,False,up
ITGB1BP2,0.7795888888888889,0.05554110866521518,0.0546875,9,0.20967125469117864,0.2124565972222222,False,False,up
IGSF3,-0.20084444444444446,0.05568194080422858,0.07421875,9,0.2099330682182533,0.26357976874244254,False,False,down
MTSS2,0.6562699999999999,0.055946634351388955,0.083984375,10,0.21066059626926842,0.2725548169889503,False,False,up
MAPRE3,-0.2985777777777778,0.056099964959621045,0.07421875,9,0.21096747386223688,0.26357976874244254,False,False,down
DNAJB8,0.3509888888888889,0.05623970660030196,0.07421875,9,0.2112225297763259,0.26357976874244254,False,False,up
M6PR,0.17900999999999997,0.05633992212095034,0.064453125,10,0.21132867339620837,0.23781259814698494,False,False,up
SEC31A,0.42543,0.056962274674665234,0.048828125,10,0.21339056214220894,0.2063427383093525,False,False,up
FHIT,0.7296222222222222,0.057597452098435566,0.09765625,9,0.21529022556468827,0.30577442030916846,False,False,up
CCL5,0.64706,0.05787130502820767,0.048828125,10,0.21529022556468827,0.2063427383093525,False,False,up
BNIP2,0.33045,0.057956118782540575,0.048828125,10,0.21529022556468827,0.2063427383093525,False,False,up
ANXA11,0.748775,0.05795820908030878,0.078125,8,0.21529022556468827,0.2721863879003559,False,False,up
CD72,0.13831000000000002,0.057995465458601965,0.048828125,10,0.21529022556468827,0.2063427383093525,False,False,up
CEACAM18,-0.3388222222222222,0.058070685923120695,0.07421875,9,0.21529022556468827,0.26357976874244254,False,False,down
PDCD5,0.37540999999999997,0.05809996968899003,0.048828125,10,0.21529022556468827,0.2063427383093525,False,False,up
FABP2,0.4301333333333333,0.05811527005370014,0.02734375,9,0.21529022556468827,0.14470016891891893,False,False,up
AARSD1,0.5528777777777777,0.05812909393013204,0.07421875,9,0.21529022556468827,0.26357976874244254,False,False,up
ASPN,0.14049,0.058510208434797546,0.064453125,10,0.21642881885768311,0.23781259814698494,False,False,up
IL24,0.3903111111111111,0.05927521419475099,0.0546875,9,0.218982772440231,0.2124565972222222,False,False,up
NELL1,0.11523333333333333,0.059590278516325895,0.07421875,9,0.21987016080709693,0.26357976874244254,False,False,up
KRT14,0.17593333333333333,0.05972105389869219,0.0546875,9,0.22007620489392593,0.2124565972222222,False,False,up
ABHD14B,0.496488888888889,0.059888059895003516,0.0546875,9,0.22016763548104865,0.2124565972222222,False,False,up
HTR1A,-0.36236666666666667,0.05989579187925021,0.07421875,9,0.22016763548104865,0.26357976874244254,False,False,down
GRPEL1,0.23516666666666663,0.05997205481595918,0.0546875,9,0.22017240624309015,0.2124565972222222,False,False,up
MICALL2,0.7802,0.06027571359269293,0.078125,8,0.22101094983987407,0.2721863879003559,False,False,up
NFKB1,0.6791375,0.06047884859681028,0.0546875,8,0.22147927472422918,0.2124565972222222,False,False,up
AZI2,0.7225444444444444,0.06079386312392943,0.0546875,9,0.22235563635738573,0.2124565972222222,False,False,up
ENTPD5,0.13202222222222224,0.060966810787784445,0.07421875,9,0.22271084985537676,0.26357976874244254,False,False,up
GP2,0.2881111111111111,0.06117222188110881,0.07421875,9,0.22318362194387154,0.26357976874244254,False,False,up
CREBZF,-0.3743222222222222,0.06176506177326001,0.0390625,9,0.22506698067998096,0.17542287844036697,False,False,down
RAB2B,0.55291,0.06211433786602127,0.10546875,10,0.22605924450124468,0.3125748927850656,False,False,up
DKK4,0.2753777777777777,0.06270764638540308,0.0546875,9,0.2277666082774663,0.2124565972222222,False,False,up
CDH5,0.12327999999999997,0.06273857204510393,0.083984375,10,0.2277666082774663,0.2725548169889503,False,False,up
FGF12,-0.22212,0.06298384976421223,0.064453125,10,0.2279997554693737,0.23781259814698494,False,False,down
PRKAR1A,0.8728666666666667,0.06305079130156141,0.0546875,9,0.2279997554693737,0.2124565972222222,False,False,up
LILRA4,0.7077374999999999,0.06309410270503898,0.0390625,8,0.2279997554693737,0.17542287844036697,False,False,up
RPL14,0.19533,0.06311331331174697,0.064453125,10,0.2279997554693737,0.23781259814698494,False,False,up
NTF4,0.20992499999999997,0.06327532355446021,0.109375,8,0.22827154192292243,0.318369053518335,False,False,up
FARSA,0.7865,0.06334399273652767,0.078125,8,0.22827154192292243,0.2721863879003559,False,False,up
KLK14,0.16907,0.06415401853951261,0.083984375,10,0.23050320276822642,0.2725548169889503,False,False,up
COL4A1,0.11316666666666667,0.06418840834855172,0.07421875,9,0.23050320276822642,0.26357976874244254,False,False,up
CBLN1,-0.5059444444444445,0.06426452853031107,0.07421875,9,0.23050320276822642,0.26357976874244254,False,False,down
SPON2,0.1416222222222222,0.06430953517828483,0.07421875,9,0.23050320276822642,0.26357976874244254,False,False,up
PSME1,0.2401444444444444,0.06435567799453376,0.0546875,9,0.23050320276822642,0.2124565972222222,False,False,up
C1QTNF9,-0.0903200000000001,0.06459118253094148,0.083984375,10,0.23106492459607203,0.2725548169889503,False,False,down
SPINK6,-0.36254000000000003,0.06502248198848855,0.10546875,10,0.23229772940192328,0.3125748927850656,False,False,down
BCAM,0.12985000000000002,0.06509398409866628,0.048828125,10,0.23229772940192328,0.2063427383093525,False,False,up
BAMBI,0.23176249999999998,0.06560934467537484,0.078125,8,0.23385272489268918,0.2721863879003559,False,False,up
HPSE,0.7989900000000002,0.06602695367058753,0.083984375,10,0.2350559550672916,0.2725548169889503,False,False,up
SLA2,0.421488888888889,0.06637211663656042,0.07421875,9,0.2357531144084925,0.26357976874244254,False,False,up
ACYP1,0.43018999999999996,0.06659494379143202,0.083984375,10,0.2357531144084925,0.2725548169889503,False,False,up
ENPP7,0.11103,0.06663263727882529,0.10546875,10,0.2357531144084925,0.3125748927850656,False,False,up
SCARB1,-0.23450000000000001,0.0667146894718229,0.0390625,9,0.2357531144084925,0.17542287844036697,False,False,down
CASP2,0.5120750000000001,0.06673200912155673,0.1484375,8,0.2357531144084925,0.38855698529411764,False,False,up
MOCS2,0.44300999999999996,0.06680749157923299,0.083984375,10,0.2357531144084925,0.2725548169889503,False,False,up
GP5,0.37217,0.06684845751831119,0.083984375,10,0.2357531144084925,0.2725548169889503,False,False,up
PKN3,0.6601555555555555,0.06697765778496956,0.0546875,9,0.2357531144084925,0.2124565972222222,False,False,up
WAS,0.9769000000000001,0.06702379706568402,0.0546875,9,0.2357531144084925,0.2124565972222222,False,False,up
SOD3,0.1470555555555556,0.06702548536979613,0.07421875,9,0.2357531144084925,0.26357976874244254,False,False,up
TAB2,0.6295333333333334,0.06781158478438878,0.09765625,9,0.23797487947778437,0.30577442030916846,False,False,up
FST,0.38737999999999995,0.06781919445791812,0.013671875,10,0.23797487947778437,0.11810087316176471,False,False,up
RIDA,0.13011999999999996,0.06793091943131098,0.10546875,10,0.2380824706083059,0.3125748927850656,False,False,up
NPM1,0.5451777777777778,0.06810088537876155,0.1640625,9,0.23839368338191022,0.39822443181818185,False,False,up
IL1RL2,0.21528888888888886,0.06830465349450407,0.0546875,9,0.2387497624972411,0.2124565972222222,False,False,up
BMP6,0.2687,0.06841722222385214,0.09765625,9,0.2387497624972411,0.30577442030916846,False,False,up
ACTA2,0.16805555555555554,0.06854505316430831,0.0390625,9,0.2387497624972411,0.17542287844036697,False,False,up
IL6__Cardiometabolic,0.4914333333333334,0.06861752697413859,0.09765625,9,0.2387497624972411,0.30577442030916846,False,False,up
UFD1,0.8457600000000001,0.0686642763707391,0.10546875,10,0.2387497624972411,0.3125748927850656,False,False,up
ANKRD54,0.39297499999999996,0.06869034705828013,0.0546875,8,0.2387497624972411,0.2124565972222222,False,False,up
C1QA,0.10359,0.06883462832975644,0.064453125,10,0.23896844374053744,0.23781259814698494,False,False,up
LAIR2,0.2542222222222221,0.06931730403236712,0.0546875,9,0.24036000229405222,0.2124565972222222,False,False,up
EPPK1,0.28188,0.06955508046413246,0.10546875,10,0.24083568093894211,0.3125748927850656,False,False,up
BAG4,0.24078,0.06961848590982699,0.130859375,10,0.24083568093894211,0.347813560520362,False,False,up
JMJD1C,-0.4693777777777778,0.06984693199746068,0.09765625,9,0.24118740881353323,0.30577442030916846,False,False,down
CHRDL1,0.17945,0.06988440071512318,0.083984375,10,0.24118740881353323,0.2725548169889503,False,False,up
PPP2R5A,0.89456,0.07030115551611532,0.048828125,10,0.2423409551066088,0.2063427383093525,False,False,up
ECI2,0.42795,0.07057329061255128,0.109375,8,0.24299385056162148,0.318369053518335,False,False,up
GCG,-0.9894750000000001,0.07094943342137404,0.1484375,8,0.24382907336929457,0.38855698529411764,False,False,down
ERN1,0.21481,0.07098190593488146,0.083984375,10,0.24382907336929457,0.2725548169889503,False,False,up
CPA4,-0.12635000000000002,0.07133631123298889,0.193359375,10,0.24443753994405046,0.4478007903981265,False,False,down
INSL4,-0.20401999999999995,0.0713471223168132,0.064453125,10,0.24443753994405046,0.23781259814698494,False,False,down
LBP,0.20811000000000002,0.07140871953421699,0.083984375,10,0.24443753994405046,0.2725548169889503,False,False,up
KCNH2,-0.4232499999999999,0.07160138380542143,0.0390625,8,0.24481171622412426,0.17542287844036697,False,False,down
MUCL3,0.25869999999999993,0.07187962972840707,0.09765625,9,0.2454772936189902,0.30577442030916846,False,False,up
LPL,0.2562,0.07224815341339887,0.203125,9,0.2463152289415319,0.4526389415781487,False,False,up
CCS,0.4704222222222223,0.07229272296479418,0.07421875,9,0.2463152289415319,0.26357976874244254,False,False,up
ST13,0.5619099999999999,0.07244126579100618,0.130859375,10,0.24653533908248568,0.347813560520362,False,False,up
ASGR1,0.17094444444444445,0.07292834201732079,0.12890625,9,0.24790571817693421,0.347813560520362,False,False,up
OGFR,0.20702222222222222,0.07309140627907064,0.12890625,9,0.24817278640650922,0.347813560520362,False,False,up
THTPA,0.42628000000000005,0.07328765838382409,0.083984375,10,0.2485517929252787,0.2725548169889503,False,False,up
AHSG,0.13470000000000001,0.0736990700711857,0.0546875,9,0.24956707125541502,0.2124565972222222,False,False,up
COL15A1,0.15750000000000003,0.07375696896482814,0.10546875,10,0.24956707125541502,0.3125748927850656,False,False,up
POMC,0.48868,0.07520834181816805,0.10546875,10,0.25418515525887175,0.3125748927850656,False,False,up
AFM,-0.09814,0.07610003106267159,0.083984375,10,0.25690320831157065,0.2725548169889503,False,False,down
GH2,0.5721625,0.07620720494164901,0.078125,8,0.2569696451361919,0.2721863879003559,False,False,up
PLIN3,0.3250555555555556,0.07699430195832305,0.07421875,9,0.258941348160853,0.26357976874244254,False,False,up
USO1,0.8412666666666667,0.07708911868801516,0.09765625,9,0.258941348160853,0.30577442030916846,False,False,up
C2,0.12944,0.0770979962567221,0.083984375,10,0.258941348160853,0.2725548169889503,False,False,up
PFKFB2,0.5655444444444444,0.07714459640474852,0.09765625,9,0.258941348160853,0.30577442030916846,False,False,up
MMUT,0.7725,0.07745205734190129,0.109375,8,0.259074387434137,0.318369053518335,False,False,up
SH2D1A,0.23023749999999998,0.07746510930328772,0.0546875,8,0.259074387434137,0.2124565972222222,False,False,up
TP53I3,0.24369000000000002,0.07747668460225861,0.16015625,10,0.259074387434137,0.39822443181818185,False,False,up
EIF1AX,-0.27164,0.07753707407375092,0.10546875,10,0.259074387434137,0.3125748927850656,False,False,down
GAPDH,0.43254000000000004,0.07773709515405582,0.130859375,10,0.2594475550766613,0.347813560520362,False,False,up
CSF3R,0.21461999999999998,0.07788345501921057,0.083984375,10,0.2596409845532593,0.2725548169889503,False,False,up
ACY1,0.10041111111111109,0.07820979907082373,0.09765625,9,0.2604333105113484,0.30577442030916846,False,False,up
CXCL11,0.23357,0.07847234304084345,0.083984375,10,0.26087490223547805,0.2725548169889503,False,False,up
XCL1,0.17338,0.07852005909981702,0.10546875,10,0.26087490223547805,0.3125748927850656,False,False,up
KIF22,0.8322125,0.07882155186884385,0.0390625,8,0.26158067552406145,0.17542287844036697,False,False,up
EGFLAM,0.15111000000000002,0.07961909438967003,0.083984375,10,0.2639292101833644,0.2725548169889503,False,False,up
MZB1,0.23366000000000006,0.0799035478033647,0.02734375,10,0.26449448251044794,0.14470016891891893,False,False,up
IL12RB2,0.46082,0.07996973117782696,0.10546875,10,0.26449448251044794,0.3125748927850656,False,False,up
OMD,0.08330000000000001,0.08013313084524892,0.064453125,10,0.26473678885545116,0.23781259814698494,False,False,up
SSC5D,0.13681000000000001,0.08033837749752626,0.10546875,10,0.26511664574183663,0.3125748927850656,False,False,up
LRP2BP,-0.3829,0.08069522041454551,0.0390625,8,0.2659953561812797,0.17542287844036697,False,False,down
CTAG1A_CTAG1B,-0.27667777777777774,0.0809515860804388,0.0546875,9,0.2665412649307722,0.2124565972222222,False,False,down
IL4,-1.4696555555555557,0.08196124974900668,0.09765625,9,0.2695634832170578,0.30577442030916846,False,False,down
MET,0.07542000000000001,0.08224459415221713,0.10546875,10,0.2701928109900019,0.3125748927850656,False,False,up
LACTB2,0.5061333333333333,0.08247319508228253,0.07421875,9,0.2706410882197361,0.26357976874244254,False,False,up
AHCY,0.3120222222222222,0.08276693751664066,0.07421875,9,0.27109294068280454,0.26357976874244254,False,False,up
KLK12,0.406525,0.08279549465184735,0.109375,8,0.27109294068280454,0.318369053518335,False,False,up
SLC39A5,0.4418875,0.08319896670344132,0.078125,8,0.27211065167929527,0.2721863879003559,False,False,up
LTB,0.25102,0.08346702142244078,0.083984375,10,0.27254501482618326,0.2725548169889503,False,False,up
DNPH1,0.38090999999999997,0.08352273327932754,0.048828125,10,0.27254501482618326,0.2063427383093525,False,False,up
WFDC2,0.15341111111111105,0.08361016627796769,0.07421875,9,0.27254501482618326,0.26357976874244254,False,False,up
REEP4,0.39308888888888893,0.08419600634181758,0.12890625,9,0.2741504108934792,0.347813560520362,False,False,up
CTRL,-0.18136000000000002,0.08508847056161864,0.048828125,10,0.2766389360120576,0.2063427383093525,False,False,down
EIF4E,0.72125,0.08516684194623678,0.083984375,10,0.2766389360120576,0.2725548169889503,False,False,up
AP2B1,0.365575,0.08524284545145118,0.1484375,8,0.2766389360120576,0.38855698529411764,False,False,up
ERBB3,0.08930000000000002,0.08548288769489905,0.064453125,10,0.2768477389440243,0.23781259814698494,False,False,up
ADAMTS16,0.2220111111111111,0.08556962171551735,0.12890625,9,0.2768477389440243,0.347813560520362,False,False,up
ITIH3,0.18704,0.08558997172665103,0.10546875,10,0.2768477389440243,0.3125748927850656,False,False,up
MST1,0.15041111111111113,0.08571837507493632,0.09765625,9,0.2769580501596127,0.30577442030916846,False,False,up
MVK,0.46499999999999997,0.0858985149623135,0.09765625,9,0.2770865992136181,0.30577442030916846,False,False,up
MMP15,-0.15528000000000003,0.08594684776425131,0.10546875,10,0.2770865992136181,0.3125748927850656,False,False,down
RAD51,-0.2556,0.08637192675338545,0.07421875,9,0.27815169832751435,0.26357976874244254,False,False,down
CRISP3,0.11363333333333332,0.08666843039105095,0.12890625,9,0.2783259303854237,0.347813560520362,False,False,up
SMC3,0.5900666666666666,0.08668416792804806,0.09765625,9,0.2783259303854237,0.30577442030916846,False,False,up
KLRD1,0.08940000000000002,0.08689310870466949,0.10546875,10,0.2783259303854237,0.3125748927850656,False,False,up
PDAP1,0.43348,0.08691068345748201,0.16015625,10,0.2783259303854237,0.39822443181818185,False,False,up
FCRL3,0.4153,0.08696087939846638,0.09765625,9,0.2783259303854237,0.30577442030916846,False,False,up
MED21,0.3336,0.08701373556730785,0.078125,8,0.2783259303854237,0.2721863879003559,False,False,up
BECN1,0.40487,0.0870893871379654,0.083984375,10,0.2783259303854237,0.2725548169889503,False,False,up
PRKAB1,0.31064444444444445,0.08723730272954955,0.203125,9,0.27849560664857287,0.4526389415781487,False,False,up
LILRB4,0.32754444444444447,0.08763472508269321,0.1640625,9,0.2793417233923953,0.39822443181818185,False,False,up
IL1RAP,0.08779000000000003,0.08769256689403762,0.10546875,10,0.2793417233923953,0.3125748927850656,False,False,up
KLK3,0.14456000000000002,0.08822632065488628,0.083984375,10,0.28039781949915166,0.2725548169889503,False,False,up
NFATC3,0.2974222222222222,0.08833229172002179,0.0390625,9,0.28039781949915166,0.17542287844036697,False,False,up
SPRED2,0.39698999999999995,0.08838701220108403,0.083984375,10,0.28039781949915166,0.2725548169889503,False,False,up
CXCL5,0.6356777777777778,0.08840598599122043,0.12890625,9,0.28039781949915166,0.347813560520362,False,False,up
GNPDA2,0.19144,0.08850654539492624,0.130859375,10,0.28041394155868216,0.347813560520362,False,False,up
ANGPTL7,-0.18868000000000001,0.08904357255457859,0.048828125,10,0.2818113928801695,0.2063427383093525,False,False,down
CTSF,-0.2119,0.08915598475489844,0.12890625,9,0.28186343081284904,0.347813560520362,False,False,down
B3GNT7,0.16753000000000004,0.08961010563007277,0.130859375,10,0.28299449487690725,0.347813560520362,False,False,up
IL1B,0.39997777777777777,0.08987914153330608,0.09765625,9,0.2834752509544918,0.30577442030916846,False,False,up
HGFAC,0.11227777777777777,0.09000980106389629,0.09765625,9,0.2834752509544918,0.30577442030916846,False,False,up
PTN,0.6320333333333333,0.09005189279555356,0.09765625,9,0.2834752509544918,0.30577442030916846,False,False,up
IL15,0.19858749999999997,0.09019825563943583,0.109375,8,0.2836319880225086,0.318369053518335,False,False,up
PGD,0.40756999999999993,0.09117961225775958,0.064453125,10,0.2858824017007472,0.23781259814698494,False,False,up
B4GALT1,0.09884000000000001,0.09120036762144973,0.130859375,10,0.2858824017007472,0.347813560520362,False,False,up
SF3B4,0.5632555555555556,0.09120592795151519,0.07421875,9,0.2858824017007472,0.26357976874244254,False,False,up
CASC3,0.4262375,0.09136319623764921,0.109375,8,0.28607005047971823,0.318369053518335,False,False,up
LDLRAP1,0.8406333333333333,0.09208918010957698,0.09765625,9,0.28780736167448295,0.30577442030916846,False,False,up
RANBP1,0.52796,0.09211403472046782,0.130859375,10,0.28780736167448295,0.347813560520362,False,False,up
PAXX,0.20595,0.09326974040610808,0.10546875,10,0.29110863716550417,0.3125748927850656,False,False,up
CD2AP,0.5629888888888888,0.09355532884426244,0.12890625,9,0.29169002209723865,0.347813560520362,False,False,up
MYCBP2,0.39441111111111105,0.09378180632739051,0.12890625,9,0.29190368301058395,0.347813560520362,False,False,up
CPM,0.10412999999999999,0.0938226342396974,0.064453125,10,0.29190368301058395,0.23781259814698494,False,False,up
EGF,0.7092599999999998,0.0943442481327279,0.16015625,10,0.2932159330855258,0.39822443181818185,False,False,up
BNIP3L,0.34352,0.09483345646300478,0.10546875,10,0.29414589960222454,0.3125748927850656,False,False,up
TIMP3,0.8872699999999998,0.09484377491430257,0.083984375,10,0.29414589960222454,0.2725548169889503,False,False,up
OTUD7B,0.40208888888888883,0.09495012684485202,0.12890625,9,0.29416510816807,0.347813560520362,False,False,up
CD300C,0.09262,0.0951134045698887,0.10546875,10,0.29436045228847535,0.3125748927850656,False,False,up
ADGRD1,-0.09570000000000001,0.09537234700162495,0.232421875,10,0.2945626204247157,0.4942961961440985,False,False,down
SELE,0.054869999999999974,0.09537931631729814,0.083984375,10,0.2945626204247157,0.2725548169889503,False,False,up
GSTA1,0.21715555555555555,0.09620433170804989,0.09765625,9,0.29669087820045337,0.30577442030916846,False,False,up
ELAVL4,0.4668111111111112,0.09630665545033493,0.09765625,9,0.29669087820045337,0.30577442030916846,False,False,up
TPR,0.43556249999999996,0.09637150078421264,0.1484375,8,0.29669087820045337,0.38855698529411764,False,False,up
COX6B1,0.27493,0.096706168884074,0.130859375,10,0.2974094429450527,0.347813560520362,False,False,up
SLIT2,0.4851333333333334,0.09706070576579875,0.07421875,9,0.29818754480559717,0.26357976874244254,False,False,up
AKT2,0.46036666666666665,0.09778556892003049,0.0546875,9,0.30010053909940393,0.2124565972222222,False,False,up
BID,0.800025,0.09809377970568191,0.109375,8,0.30073218266762813,0.318369053518335,False,False,up
SWAP70,-0.23194999999999996,0.09828767835365035,0.130859375,10,0.3010124205679573,0.347813560520362,False,False,down
GRN,0.10543,0.09851211379819799,0.16015625,10,0.30138549815136195,0.39822443181818185,False,False,up
TIMP2,-0.20291999999999993,0.09903572272690901,0.130859375,10,0.302672130748108,0.347813560520362,False,False,down
QDPR,0.3012333333333333,0.09918718071544633,0.1640625,9,0.3028199061967421,0.39822443181818185,False,False,up
DHRS4L2,0.15408,0.09958809843070039,0.130859375,10,0.3037281880487716,0.347813560520362,False,False,up
TERF1,-0.22816999999999998,0.09975640377883034,0.083984375,10,0.30392588993612524,0.2725548169889503,False,False,down
TNFSF9,-0.29335999999999995,0.0999160904387337,0.232421875,10,0.30409695090006306,0.4942961961440985,False,False,down
ATP6V1G1,0.43095,0.10043243844985,0.130859375,10,0.30535204112547565,0.347813560520362,False,False,up
INSL5,-0.29335,0.10101278219726821,0.16015625,10,0.306798905184464,0.39822443181818185,False,False,down
HBQ1,-0.24460999999999994,0.10131758989540982,0.064453125,10,0.30738516559504914,0.23781259814698494,False,False,down
BRME1,-0.25060000000000004,0.10141868681701659,0.09765625,9,0.30738516559504914,0.30577442030916846,False,False,down
EPHA1,0.13030999999999998,0.10151978570895392,0.193359375,10,0.30738516559504914,0.4478007903981265,False,False,up
ACP6,0.14807,0.1016947958376546,0.10546875,10,0.30759795610215407,0.3125748927850656,False,False,up
GBA,0.81955,0.10189150676388445,0.1953125,8,0.3078758800056879,0.4478007903981265,False,False,up
AMIGO1,-0.3233125,0.10219516087017354,0.109375,8,0.30847604057111994,0.318369053518335,False,False,down
RBPMS,0.70712,0.10235567025265674,0.130859375,10,0.30864333011504397,0.347813560520362,False,False,up
APLP1,-0.3186222222222223,0.1024844308415091,0.203125,9,0.3087146393656536,0.4526389415781487,False,False,down
KLK7,0.17920000000000003,0.10284154078024099,0.10546875,10,0.3094729562208687,0.3125748927850656,False,False,up
ITGA2,-0.11176999999999997,0.10416031210272367,0.16015625,10,0.31312061069160635,0.39822443181818185,False,False,down
BACH1,0.500725,0.10434391649589847,0.109375,8,0.3133518228511798,0.318369053518335,False,False,up
TNR,0.18647777777777777,0.10473665242742171,0.12890625,9,0.31420995728226514,0.347813560520362,False,False,up
AFAP1,0.5488299999999999,0.10494403320360216,0.10546875,10,0.31433722593013114,0.3125748927850656,False,False,up
CHRDL2,-0.06250000000000001,0.10499312857931857,0.1640625,9,0.31433722593013114,0.39822443181818185,False,False,down
OTUD6B,0.5599700000000001,0.10535300444662735,0.10546875,10,0.31509345627265223,0.3125748927850656,False,False,up
CLINT1,-0.27191111111111116,0.10557869933360871,0.12890625,9,0.31518547600524704,0.347813560520362,False,False,down
KIRREL2,0.2181666666666667,0.1055984025839847,0.09765625,9,0.31518547600524704,0.30577442030916846,False,False,up
DDX58,0.20742500000000003,0.10581060940631314,0.078125,8,0.3154982333262352,0.2721863879003559,False,False,up
CLNS1A,-0.3188875,0.1060938557481012,0.1484375,8,0.31602196179733594,0.38855698529411764,False,False,down
PPM1F,0.31532000000000004,0.106727270312571,0.193359375,10,0.3175866189544286,0.4478007903981265,False,False,up
STX1B,-0.308875,0.10697477727468722,0.1484375,8,0.3178719352128989,0.38855698529411764,False,False,down
IL22RA1,0.20240000000000002,0.10703961318541268,0.12890625,9,0.3178719352128989,0.347813560520362,False,False,up
SMAD1,0.4339624999999999,0.10726084821258262,0.1484375,8,0.31810621368982506,0.38855698529411764,False,False,up
DBH,0.10294444444444444,0.10733512351604244,0.12890625,9,0.31810621368982506,0.347813560520362,False,False,up
ITGBL1,0.26356,0.10751424848250754,0.130859375,10,0.31831587479145634,0.347813560520362,False,False,up
EFHD1,-0.20255555555555552,0.10771645487658141,0.12890625,9,0.3185933816440278,0.347813560520362,False,False,down
HSPA2,-0.22052999999999998,0.1080153154673167,0.130859375,10,0.31915027886915753,0.347813560520362,False,False,down
KIR3DL1,0.25415,0.10812207268464818,0.1953125,8,0.31915027886915753,0.4478007903981265,False,False,up
ADM,0.07461999999999998,0.10826139383866255,0.275390625,10,0.31919535919406716,0.5406565946691176,False,False,up
THY1,-0.09315999999999998,0.10838507477453241,0.130859375,10,0.31919535919406716,0.347813560520362,False,False,down
IGFBP4,0.16844,0.10846338729168506,0.16015625,10,0.31919535919406716,0.39822443181818185,False,False,up
CNTN4,0.12576,0.10857900602225656,0.083984375,10,0.31921575644381134,0.2725548169889503,False,False,up
RBP2,0.3756777777777778,0.10924818114654308,0.1640625,9,0.320861908027397,0.39822443181818185,False,False,up
CDK1,-0.42961111111111117,0.10968788086189867,0.12890625,9,0.3218314746167796,0.347813560520362,False,False,down
CD46,0.12571000000000002,0.11012645094628959,0.130859375,10,0.3227957948395734,0.347813560520362,False,False,up
SORD,0.23290999999999987,0.11049731316224186,0.083984375,10,0.32349692867816665,0.2725548169889503,False,False,up
ID4,-0.29232222222222215,0.11058594361351015,0.203125,9,0.32349692867816665,0.4526389415781487,False,False,down
COL6A3,0.11709,0.11076151716235963,0.064453125,10,0.3235851718005079,0.23781259814698494,False,False,up
KLHL41,-0.1575666666666667,0.1108364599357545,0.09765625,9,0.3235851718005079,0.30577442030916846,False,False,down
ITGA6,-0.31145,0.11107849393427947,0.25,8,0.3236941393874199,0.5088357588357588,False,False,down
TLR1,0.17549,0.11109420922796025,0.130859375,10,0.3236941393874199,0.347813560520362,False,False,up
TXN,0.22917777777777776,0.11124094093009464,0.0546875,9,0.3237243386555689,0.2124565972222222,False,False,up
CDAN1,0.16509999999999997,0.11132501942190146,0.193359375,10,0.3237243386555689,0.4478007903981265,False,False,up
LRRC37A2,-0.17127999999999996,0.11187072500660807,0.10546875,10,0.3249894355533213,0.3125748927850656,False,False,down
LSM1,0.39537500000000003,0.11221703846018442,0.109375,8,0.3256733616181439,0.318369053518335,False,False,up
SPINK2,0.05442,0.11255087712034313,0.193359375,10,0.32618341291433994,0.4478007903981265,False,False,up
CTSB,0.11655,0.11261490660372513,0.130859375,10,0.32618341291433994,0.347813560520362,False,False,up
KAZALD1,0.1741222222222222,0.1131802184031313,0.1640625,9,0.32749783394088344,0.39822443181818185,False,False,up
COL28A1,0.295625,0.11407923876346689,0.1484375,8,0.32977433489006125,0.38855698529411764,False,False,up
IGDCC3,-0.45676666666666654,0.11431080311735861,0.1640625,9,0.3301188090026374,0.39822443181818185,False,False,down
AMY2A,0.08451,0.11538080800046002,0.083984375,10,0.33288156492863563,0.2725548169889503,False,False,up
BST1,0.06730999999999998,0.11584244186052092,0.083984375,10,0.3335601381271526,0.2725548169889503,False,False,up
LYSMD3,0.30568750000000006,0.11584315318001212,0.078125,8,0.3335601381271526,0.2721863879003559,False,False,up
CTF1,0.6388111111111112,0.11606421737901411,0.12890625,9,0.3338693500902688,0.347813560520362,False,False,up
PRCP,0.08457999999999999,0.11627162997385947,0.10546875,10,0.33413872527712846,0.3125748927850656,False,False,up
INSL3,0.12330999999999989,0.11655441606176796,0.130859375,10,0.33462396869346284,0.347813560520362,False,False,up
INPP1,0.3894777777777778,0.11735985412501349,0.12890625,9,0.33647638955193776,0.347813560520362,False,False,up
GPD1,0.32337,0.11742877061312093,0.083984375,10,0.33647638955193776,0.2725548169889503,False,False,up
LATS1,0.65875,0.11775266448094099,0.10546875,10,0.3368555998731959,0.3125748927850656,False,False,up
CEP112,-0.2588125,0.117790500874965,0.1484375,8,0.3368555998731959,0.38855698529411764,False,False,down
ADA2,0.12964,0.11816109813076334,0.10546875,10,0.33758671713040067,0.3125748927850656,False,False,up
GTF2IRD1,-0.16872222222222227,0.11860915039068651,0.359375,9,0.33853748755825686,0.6354511589403974,False,False,down
IL36G,-0.48323,0.11881426237280852,0.130859375,10,0.338793678241688,0.347813560520362,False,False,down
MSMB,-0.26353000000000004,0.11894526355618608,0.16015625,10,0.33883825321485794,0.39822443181818185,False,False,down
C1QBP,0.1059888888888889,0.1193516201240011,0.1640625,9,0.339265170464085,0.39822443181818185,False,False,up
HK2,0.4292666666666667,0.11939546830271838,0.09765625,9,0.339265170464085,0.30577442030916846,False,False,up
CDC123,-0.5519333333333333,0.11946054718939557,0.1640625,9,0.339265170464085,0.39822443181818185,False,False,down
C2orf69,0.4534125,0.1195571846885693,0.109375,8,0.339265170464085,0.318369053518335,False,False,up
SCGB1A1,0.14755,0.12037002186598143,0.193359375,10,0.34124204075326975,0.4478007903981265,False,False,up
PKD1,-0.11154000000000001,0.12078432235977962,0.16015625,10,0.3419605183188654,0.39822443181818185,False,False,down
GRIK2,-0.1974,0.12090272182303517,0.12890625,9,0.3419605183188654,0.347813560520362,False,False,down
DNM3,0.2834666666666667,0.12097275401201947,0.1640625,9,0.3419605183188654,0.39822443181818185,False,False,up
APOM,0.13124,0.12201045333818998,0.10546875,10,0.34424536768130615,0.3125748927850656,False,False,up
CENPF,0.5441,0.12201546740083069,0.12890625,9,0.34424536768130615,0.347813560520362,False,False,up
OTOA,-0.3003111111111111,0.12238231384998001,0.09765625,9,0.3449196961064065,0.30577442030916846,False,False,down
LYPD1,0.16787777777777782,0.1224893575209336,0.1640625,9,0.3449196961064065,0.39822443181818185,False,False,up
NACC1,0.46434999999999993,0.12296280816081427,0.130859375,10,0.3459212333029804,0.347813560520362,False,False,up
FAM20A,0.15677000000000002,0.12328475410849704,0.16015625,10,0.3463701448391465,0.39822443181818185,False,False,up
FCGR2A,0.09868,0.12335824702136441,0.10546875,10,0.3463701448391465,0.3125748927850656,False,False,up
FADD,0.3347,0.12382844129875867,0.1640625,9,0.3471611799741946,0.39822443181818185,False,False,up
TNFSF12,0.26647000000000004,0.12387637610247053,0.083984375,10,0.3471611799741946,0.2725548169889503,False,False,up
IL2RG,-0.2987,0.12428547016000828,0.193359375,10,0.34797562045752556,0.4478007903981265,False,False,down
KLK8,-0.18398888888888887,0.12467366828048414,0.203125,9,0.3485333009212042,0.4526389415781487,False,False,down
MFAP3L,-0.19113750000000002,0.12472199498406049,0.1484375,8,0.3485333009212042,0.38855698529411764,False,False,down
CEP85,0.407125,0.12533712166857822,0.1484375,8,0.3499193216165534,0.38855698529411764,False,False,up
ODAM,0.28700000000000003,0.12553810454096753,0.12890625,9,0.3499635096693001,0.347813560520362,False,False,up
ADAM23,0.06199000000000001,0.12559126291843456,0.16015625,10,0.3499635096693001,0.39822443181818185,False,False,up
TTF2,0.4205625,0.12612434711387574,0.1484375,8,0.35082876450874867,0.38855698529411764,False,False,up
KRT8,-0.44259999999999994,0.12642654958678312,0.1640625,9,0.35082876450874867,0.39822443181818185,False,False,down
KIR3DL2,0.22597777777777775,0.12653158703104553,0.1640625,9,0.35082876450874867,0.39822443181818185,False,False,up
TAGLN3,0.3571333333333333,0.12653434881098835,0.12890625,9,0.35082876450874867,0.347813560520362,False,False,up
EPCAM,0.12059000000000002,0.12657950048998132,0.16015625,10,0.35082876450874867,0.39822443181818185,False,False,up
PTPRS,0.054840000000000014,0.126725657748196,0.16015625,10,0.35082876450874867,0.39822443181818185,False,False,up
IFNL1,-0.4151111111111111,0.12673793637854353,0.12890625,9,0.35082876450874867,0.347813560520362,False,False,down
BGN,-0.3964125,0.12730520157650776,0.109375,8,0.35183474392842273,0.318369053518335,False,False,down
GBP2,0.8777555555555556,0.12734093728155035,0.25,9,0.35183474392842273,0.5088357588357588,False,False,up
RAD23B,0.17886249999999998,0.1276465067424649,0.1484375,8,0.35234754727689793,0.38855698529411764,False,False,up
TXNL1,-0.49547777777777785,0.12787693814453285,0.1640625,9,0.3526521758971765,0.39822443181818185,False,False,down
CCER2,-0.11199,0.12856827048390818,0.16015625,10,0.3542210813248331,0.39822443181818185,False,False,down
RGS10,0.49598888888888887,0.12868705950752363,0.09765625,9,0.3542210813248331,0.30577442030916846,False,False,up
TAP1,-0.31793333333333335,0.12964327299254552,0.1640625,9,0.3561147389951973,0.39822443181818185,False,False,down
VAMP5,0.3278777777777778,0.12975698664683671,0.1640625,9,0.3561147389951973,0.39822443181818185,False,False,up
CD38,0.15891111111111111,0.12981272087698817,0.09765625,9,0.3561147389951973,0.30577442030916846,False,False,up
PPT1,-0.3863875,0.1298870930417058,0.1953125,8,0.3561147389951973,0.4478007903981265,False,False,down
HMOX2,0.3248888888888889,0.13000105394916028,0.203125,9,0.3561147389951973,0.4526389415781487,False,False,up
MAPKAPK2,0.46733333333333327,0.13010252466525254,0.1640625,9,0.3561147389951973,0.39822443181818185,False,False,up
NDUFS6,0.433,0.13049892902659696,0.109375,8,0.3566387698891428,0.318369053518335,False,False,up
GLO1,0.32739999999999997,0.1305368326969113,0.12890625,9,0.3566387698891428,0.347813560520362,False,False,up
HSBP1,0.38385,0.13074483826318054,0.130859375,10,0.3568750836235699,0.347813560520362,False,False,up
LGALS7_LGALS7B,0.21291000000000002,0.13227785918792132,0.193359375,10,0.36072430123948457,0.4478007903981265,False,False,up
CDH6,-0.10502222222222223,0.13251979462450159,0.12890625,9,0.3610488282116523,0.347813560520362,False,False,down
NEFL,-0.5028444444444445,0.13295549721590982,0.1640625,9,0.36190018102236066,0.39822443181818185,False,False,down
CD300LG,0.07811000000000001,0.1334009129848792,0.10546875,10,0.36277637170054644,0.3125748927850656,False,False,up
RPS10,0.34355,0.13377759732499137,0.1484375,8,0.3634642029079552,0.38855698529411764,False,False,up
CLEC1A,0.14996666666666666,0.1343307228858433,0.12890625,9,0.36433649921446365,0.347813560520362,False,False,up
DPP4,0.11168999999999998,0.13450971583006532,0.10546875,10,0.36433649921446365,0.3125748927850656,False,False,up
COMP,-0.09830999999999998,0.13454556341764387,0.193359375,10,0.36433649921446365,0.4478007903981265,False,False,down
NPC2,0.17492000000000002,0.13459485926036535,0.10546875,10,0.36433649921446365,0.3125748927850656,False,False,up
KLKB1,0.08112,0.13502029847152847,0.130859375,10,0.365151580673001,0.347813560520362,False,False,up
NUDT2,0.2589222222222223,0.13562558617256795,0.1640625,9,0.3663956919764395,0.39822443181818185,False,False,up
STAB2,0.08984,0.13572983073556902,0.232421875,10,0.3663956919764395,0.4942961961440985,False,False,up
CD63,0.38635555555555556,0.13624842959552644,0.12890625,9,0.36745788587884404,0.347813560520362,False,False,up
TCL1A,0.4569222222222222,0.13695196943724003,0.12890625,9,0.36901645342859996,0.347813560520362,False,False,up
TPP1,0.23416,0.13719031288157657,0.083984375,10,0.36931984320182437,0.2725548169889503,False,False,up
DNAJC9,0.32979,0.13748256616132598,0.10546875,10,0.3697676710767531,0.3125748927850656,False,False,up
MFGE8,0.12334,0.13819348959224959,0.232421875,10,0.3713396879528244,0.4942961961440985,False,False,up
ELN,0.3114199999999999,0.13849951602852525,0.193359375,10,0.37158713025611,0.4478007903981265,False,False,up
HNF1A,-0.3521375,0.13853861342541385,0.25,8,0.37158713025611,0.5088357588357588,False,False,down
ADAMTSL4,0.14924,0.1386736316855271,0.232421875,10,0.371609905347074,0.4942961961440985,False,False,up
ANGPTL3,0.10453000000000001,0.1390210302762685,0.322265625,10,0.3720722898433006,0.5871551740849876,False,False,up
FHIP2A,-0.18262499999999995,0.1390995486033177,0.1953125,8,0.3720722898433006,0.4478007903981265,False,False,down
PTGDS,-0.0945,0.139728463577093,0.130859375,10,0.373414465446699,0.347813560520362,False,False,down
MEGF9,0.05885,0.14050545649118792,0.083984375,10,0.37514956883147177,0.2725548169889503,False,False,up
GSTM4,0.307525,0.14095389569777764,0.25,8,0.37600507871423516,0.5088357588357588,False,False,up
IL6R,0.10060999999999998,0.14224082883612288,0.130859375,10,0.3790937516258556,0.347813560520362,False,False,up
MORC3,0.14049999999999999,0.1428013861465096,0.193359375,10,0.3802426755324558,0.4478007903981265,False,False,up
CD200,0.091675,0.1431083843914546,0.1953125,8,0.38071496825878814,0.4478007903981265,False,False,up
DNPEP,0.13976000000000005,0.14361853128609814,0.16015625,10,0.38172635872151156,0.39822443181818185,False,False,up
XG,0.08625000000000001,0.1440628422893419,0.16015625,10,0.3825121696807298,0.39822443181818185,False,False,up
BPIFB2,0.09597999999999994,0.14417465843941707,0.322265625,10,0.3825121696807298,0.5871551740849876,False,False,up
FURIN,0.14205555555555552,0.14436044410905408,0.09765625,9,0.38265940825658107,0.30577442030916846,False,False,up
CD6,0.07372000000000001,0.1450722098041688,0.193359375,10,0.38419935094214946,0.4478007903981265,False,False,up
CNTF,-0.6503222222222222,0.14554383941777121,0.1640625,9,0.38437789605611605,0.39822443181818185,False,False,down
SERPINA9,0.14864444444444447,0.14557954092277683,0.09765625,9,0.38437789605611605,0.30577442030916846,False,False,up
NRTN,-0.4411444444444445,0.14561412743248148,0.203125,9,0.38437789605611605,0.4526389415781487,False,False,down
CD3E,-0.16356666666666664,0.1456631250631451,0.203125,9,0.38437789605611605,0.4526389415781487,False,False,down
HNRNPK,0.24723333333333336,0.14603805457410882,0.203125,9,0.3848635507972016,0.4526389415781487,False,False,up
UHRF2,-0.20839999999999997,0.1461092472382975,0.1953125,8,0.3848635507972016,0.4478007903981265,False,False,down
CHAC2,0.28267500000000007,0.14639886907166358,0.1953125,8,0.38520508854649593,0.4478007903981265,False,False,up
FOLR2,0.12525000000000003,0.1466087664998279,0.193359375,10,0.38520508854649593,0.4478007903981265,False,False,up
CRTAC1,0.05653999999999998,0.146770994646128,0.083984375,10,0.38520508854649593,0.2725548169889503,False,False,up
CHL1,0.11362000000000001,0.14687449662198804,0.16015625,10,0.38520508854649593,0.39822443181818185,False,False,up
DKK3,-0.08475999999999999,0.14693924852371207,0.232421875,10,0.38520508854649593,0.4942961961440985,False,False,down
FAM3C,0.1278111111111111,0.14722904860822225,0.30078125,9,0.38520508854649593,0.5728888010700389,False,False,up
GUCA2A,0.05174000000000001,0.14735562961230747,0.275390625,10,0.38520508854649593,0.5406565946691176,False,False,up
NPTX1,0.06745999999999999,0.14738179997693615,0.232421875,10,0.38520508854649593,0.4942961961440985,False,False,up
SEMA3G,-0.0708,0.14741931206205702,0.275390625,10,0.38520508854649593,0.5406565946691176,False,False,down
GAS6,0.054169999999999975,0.14821279506064597,0.130859375,10,0.3869342036383264,0.347813560520362,False,False,up
GORASP2,0.19629,0.14854247313669441,0.16015625,10,0.38745048277306526,0.39822443181818185,False,False,up
FKBP14,0.4133888888888889,0.14881398960733755,0.25,9,0.38779237307594544,0.5088357588357588,False,False,up
KIAA1549L,-0.725111111111111,0.1490056452982129,0.12890625,9,0.38779237307594544,0.347813560520362,False,False,down
ADGRE1,-0.15054000000000003,0.1491169645394184,0.16015625,10,0.38779237307594544,0.39822443181818185,False,False,down
RAB44,-0.36517999999999995,0.14920169614430315,0.130859375,10,0.38779237307594544,0.347813560520362,False,False,down
IMMT,0.25739,0.14966994744890413,0.130859375,10,0.38866546035139826,0.347813560520362,False,False,up
HSPG2,0.09771999999999999,0.14988458189505785,0.048828125,10,0.3888789903054637,0.2063427383093525,False,False,up
BCHE,0.10422222222222222,0.1505936292961152,0.203125,9,0.39037377691323066,0.4526389415781487,False,False,up
PDIA3,0.18845000000000003,0.15130230492273036,0.083984375,10,0.39162802236199895,0.2725548169889503,False,False,up
ARID4B,0.2188555555555555,0.15134416254030264,0.1640625,9,0.39162802236199895,0.39822443181818185,False,False,up
DDI2,-0.3977799999999999,0.1518817548298399,0.193359375,10,0.3926731636753872,0.4478007903981265,False,False,down
SCN3B,-0.2677777777777778,0.15233893288938413,0.25,9,0.39344354549200583,0.5088357588357588,False,False,down
CD93,0.10006,0.15244765228801588,0.16015625,10,0.39344354549200583,0.39822443181818185,False,False,up
ZHX2,0.09689999999999999,0.1525961695618451,0.232421875,10,0.39348107989740044,0.4942961961440985,False,False,up
NCAN,0.08972,0.15318505581167347,0.232421875,10,0.3946530779990219,0.4942961961440985,False,False,up
F7,0.11046000000000003,0.15336406659922316,0.193359375,10,0.3947394756714311,0.4478007903981265,False,False,up
SNU13,-0.22125,0.15348739571561945,0.109375,8,0.3947394756714311,0.318369053518335,False,False,down
ATP1B4,-0.7141555555555557,0.15381737842278917,0.1640625,9,0.39524203012050024,0.39822443181818185,False,False,down
PDCD1,0.08839999999999999,0.15399766175479462,0.16015625,10,0.39535938162048234,0.39822443181818185,False,False,up
OGN,0.12125000000000001,0.15439518402178248,0.130859375,10,0.3960337602375329,0.347813560520362,False,False,up
COQ7,-0.10759999999999999,0.15456780115676716,0.232421875,10,0.3961305216383185,0.4942961961440985,False,False,down
CDH23,-0.10905000000000005,0.15470265860372875,0.130859375,10,0.3961305216383185,0.347813560520362,False,False,down
EPB41L5,0.4538875,0.15527317390039566,0.1953125,8,0.39693395720602714,0.4478007903981265,False,False,up
DDX39A,0.16621999999999998,0.15528672687426803,0.16015625,10,0.39693395720602714,0.39822443181818185,False,False,up
TMPRSS11B,-0.43057777777777784,0.15554792307319532,0.203125,9,0.39725586962258663,0.4526389415781487,False,False,down
TNFRSF1B,0.07905999999999999,0.15640608389938626,0.193359375,10,0.39910049384230883,0.4478007903981265,False,False,up
ZBP1,-0.20006999999999991,0.1567778564825581,0.10546875,10,0.3997018788969385,0.3125748927850656,False,False,down
MAPT,-0.4943333333333333,0.1582116343047872,0.203125,9,0.4030074327434172,0.4526389415781487,False,False,down
RARRES2,0.17708,0.1585598580485217,0.193359375,10,0.4032049927110058,0.4478007903981265,False,False,up
PON2,-0.15560000000000002,0.15856909375958725,0.07421875,9,0.4032049927110058,0.26357976874244254,False,False,down
PECR,0.13280999999999998,0.15873745937090494,0.232421875,10,0.4032049927110058,0.4942961961440985,False,False,up
SNED1,-0.23735,0.15883833046191137,0.193359375,10,0.4032049927110058,0.4478007903981265,False,False,down
LEP,0.21634444444444448,0.1591947279954897,0.12890625,9,0.4037607220403741,0.347813560520362,False,False,up
AREG,0.20811111111111114,0.16017547808584123,0.203125,9,0.4058976524056218,0.4526389415781487,False,False,up
TXK,0.12086666666666668,0.16152536671996087,0.49609375,9,0.4088070189900822,0.7318068024861878,False,False,up
ATF2,0.19927777777777778,0.16166007544066113,0.12890625,9,0.4088070189900822,0.347813560520362,False,False,up
CD164,0.15167,0.1617411494948844,0.064453125,10,0.4088070189900822,0.23781259814698494,False,False,up
IDO1__Oncology_II,-0.21106999999999995,0.1622355958024051,0.232421875,10,0.40884412657825986,0.4942961961440985,False,False,down
DTX3,0.13956666666666667,0.16225008704865018,0.12890625,9,0.40884412657825986,0.347813560520362,False,False,up
F9,0.38216,0.16228315695616488,0.037109375,10,0.40884412657825986,0.17542287844036697,False,False,up
CNTN5,0.06943999999999999,0.16231264950297958,0.232421875,10,0.40884412657825986,0.4942961961440985,False,False,up
GLA,-0.17712,0.16246703763474954,0.193359375,10,0.408852075983605,0.4478007903981265,False,False,down
LGALS3,0.06606000000000001,0.1626603940580097,0.083984375,10,0.408852075983605,0.2725548169889503,False,False,up
FGFR4,0.09653000000000003,0.16273342758761805,0.16015625,10,0.408852075983605,0.39822443181818185,False,False,up
MCFD2,0.17190000000000003,0.16367348983961785,0.1640625,9,0.41086242705893816,0.39822443181818185,False,False,up
STXBP3,-0.12037500000000001,0.16426123897909606,0.1484375,8,0.41198570357096936,0.38855698529411764,False,False,down
CNTN3,0.07429999999999999,0.16461718603429482,0.10546875,10,0.4125261735347473,0.3125748927850656,False,False,up
PTH,0.5731374999999999,0.16537286540553384,0.1953125,8,0.41406658627114484,0.4478007903981265,False,False,up
PROCR,-0.340225,0.16646464888813928,0.3125,8,0.4164452076528663,0.5868366368286445,False,False,down
HS1BP3,0.40194,0.1667870164467596,0.130859375,10,0.41689656791841107,0.347813560520362,False,False,up
JAM3,0.1889,0.1671324652419971,0.16015625,10,0.4169799507276744,0.39822443181818185,False,False,up
POLR2A,0.16433,0.1671720022488333,0.275390625,10,0.4169799507276744,0.5406565946691176,False,False,up
TREM2,0.08175000000000002,0.16724629961089563,0.232421875,10,0.4169799507276744,0.4942961961440985,False,False,up
CD274,0.19339999999999996,0.16810761762709006,0.203125,9,0.41825468400264965,0.4526389415781487,False,False,up
DRG2,0.3935444444444445,0.168295657045956,0.12890625,9,0.41825468400264965,0.347813560520362,False,False,up
VEGFD,0.10149999999999999,0.16831783544818574,0.130859375,10,0.41825468400264965,0.347813560520362,False,False,up
CPA1,-0.052790000000000024,0.16833877244468212,0.16015625,10,0.41825468400264965,0.39822443181818185,False,False,down
HS3ST3B1,0.1900222222222222,0.16847899787611337,0.30078125,9,0.41825468400264965,0.5728888010700389,False,False,up
PLA2G1B,0.10556000000000001,0.16862824007628036,0.083984375,10,0.41825468400264965,0.2725548169889503,False,False,up
CHI3L1,0.16084000000000004,0.16879104445695015,0.10546875,10,0.41825468400264965,0.3125748927850656,False,False,up
FCRL5,0.10899000000000003,0.1688968523075051,0.16015625,10,0.41825468400264965,0.39822443181818185,False,False,up
CADPS,-0.32111249999999997,0.16911253062554915,0.3125,8,0.41843597510298053,0.5868366368286445,False,False,down
GGH,0.10157000000000001,0.1694158675764458,0.193359375,10,0.41883367261954657,0.4478007903981265,False,False,up
CDH17,-0.24099999999999996,0.1697015241549958,0.30078125,9,0.4189878620754727,0.5728888010700389,False,False,down
TMOD4,-1.708888888888889,0.16982606727137514,0.30078125,9,0.4189878620754727,0.5728888010700389,False,False,down
CFI,0.062160000000000014,0.17008850184854926,0.232421875,10,0.4189878620754727,0.4942961961440985,False,False,up
HLA-E,0.2987375,0.1701786595961566,0.1484375,8,0.4189878620754727,0.38855698529411764,False,False,up
CA8,-0.27115,0.17019152858564485,0.130859375,10,0.4189878620754727,0.347813560520362,False,False,down
SUGP1,0.25161,0.1705801325905382,0.193359375,10,0.41959283870888664,0.4478007903981265,False,False,up
HMBS,-0.39076999999999995,0.1708713788226588,0.193359375,10,0.4199575226796225,0.4478007903981265,False,False,down
CA4,0.11110999999999997,0.1713972009601876,0.10546875,10,0.420572501258537,0.3125748927850656,False,False,up
NUDT10,0.16922,0.17140799591640068,0.275390625,10,0.420572501258537,0.5406565946691176,False,False,up
C1S,0.09844,0.17160726300079773,0.275390625,10,0.42070995946021944,0.5406565946691176,False,False,up
ACP5,0.06113999999999999,0.1723805126295584,0.10546875,10,0.4222531823127715,0.3125748927850656,False,False,up
IL17F,0.1977777777777778,0.1728413302467917,0.359375,9,0.4230291557790227,0.6354511589403974,False,False,up
NOMO1,0.09014,0.17460392536842748,0.232421875,10,0.42698728460205787,0.4942961961440985,False,False,up
TMPRSS5,-0.10060000000000002,0.17536921294156138,0.30078125,9,0.4285019787099549,0.5728888010700389,False,False,down
SCRIB__Neurology_II,0.41124444444444447,0.17661519609825466,0.203125,9,0.4308826735435678,0.4526389415781487,False,False,up
CPLX2,-0.2609666666666667,0.1766369557189158,0.359375,9,0.4308826735435678,0.6354511589403974,False,False,down
EDF1,0.2682888888888889,0.1769401461406348,0.12890625,9,0.4312640740373812,0.347813560520362,False,False,up
SLC27A4,0.41563333333333335,0.17718231415460428,0.203125,9,0.4314962327297453,0.4526389415781487,False,False,up
CLEC6A,0.20154999999999998,0.17811677900967154,0.1953125,8,0.4332282963402448,0.4478007903981265,False,False,up
CNDP1,0.10023000000000004,0.17818855361900432,0.10546875,10,0.4332282963402448,0.3125748927850656,False,False,up
GHR,-0.0509,0.17853517710654782,0.10546875,10,0.43371200592384695,0.3125748927850656,False,False,down
RCC1,-0.12633,0.1788702396090899,0.130859375,10,0.43416685432388186,0.347813560520362,False,False,down
SERPIND1,0.06044999999999998,0.17914524085493402,0.556640625,10,0.4344752868628747,0.7765451147426982,False,False,up
RNASE6,0.1259111111111111,0.17964605022368027,0.42578125,9,0.43497597423784246,0.6793829129823151,False,False,up
ADAMTSL5,0.17172000000000004,0.17964865832913973,0.193359375,10,0.43497597423784246,0.4478007903981265,False,False,up
AOC1,-0.24236666666666665,0.17979599343709254,0.25,9,0.43497597423784246,0.5088357588357588,False,False,down
TIA1,0.2393888888888889,0.18109756640626895,0.359375,9,0.43776424076972176,0.6354511589403974,False,False,up
LAIR1,0.11453000000000002,0.18181734122681628,0.431640625,10,0.4391427065650982,0.6793829129823151,False,False,up
STEAP4,-0.30827777777777776,0.18253427263738312,0.1640625,9,0.44023327732048073,0.39822443181818185,False,False,down
CHGA,0.23612999999999995,0.18258065317506073,0.083984375,10,0.44023327732048073,0.2725548169889503,False,False,up
AMOT,0.12314,0.183277945323652,0.16015625,10,0.44023327732048073,0.39822443181818185,False,False,up
BMPER,-0.06161000000000001,0.18328954499365582,0.16015625,10,0.44023327732048073,0.39822443181818185,False,False,down
ADGRV1,-0.4085333333333334,0.18329539625023233,0.1640625,9,0.44023327732048073,0.39822443181818185,False,False,down
IL18BP,0.10617000000000001,0.18333498833924294,0.130859375,10,0.44023327732048073,0.347813560520362,False,False,up
CEP290,0.2441888888888889,0.18349502204739307,0.203125,9,0.44023327732048073,0.4526389415781487,False,False,up
INPP5J,0.3067,0.18357161038518718,0.203125,9,0.44023327732048073,0.4526389415781487,False,False,up
INHBC,0.07841,0.18361789741831422,0.232421875,10,0.44023327732048073,0.4942961961440985,False,False,up
TNF__Cardiometabolic,0.1604777777777778,0.1838566962722385,0.203125,9,0.44044626178757296,0.4526389415781487,False,False,up
CES2,-0.1831222222222222,0.18409711926684466,0.25,9,0.44066278670474557,0.5088357588357588,False,False,down
RRAS,0.563525,0.18466893649526184,0.1953125,8,0.44161137351113067,0.4478007903981265,False,False,up
ACADM,-0.23794444444444446,0.18496746760250754,0.203125,9,0.44161137351113067,0.4526389415781487,False,False,down
ARHGAP30,-0.1126888888888889,0.18508363378615889,0.1640625,9,0.44161137351113067,0.39822443181818185,False,False,down
GSAP,0.271675,0.18509485896908473,0.1484375,8,0.44161137351113067,0.38855698529411764,False,False,up
CCDC28A,-0.4610375,0.1862748506975733,0.25,8,0.4440659387165363,0.5088357588357588,False,False,down
AOC3,0.08683999999999999,0.18671049364585102,0.130859375,10,0.44474348729753804,0.347813560520362,False,False,up
ABO,0.20237777777777774,0.18706690295224654,0.1640625,9,0.44482025156755023,0.39822443181818185,False,False,up
TNPO1,-0.3151555555555555,0.18707993273011353,0.30078125,9,0.44482025156755023,0.5728888010700389,False,False,down
ITGB1,0.05570000000000001,0.1872974615837381,0.232421875,10,0.44482025156755023,0.4942961961440985,False,False,up
PCBP2,0.22167777777777775,0.18734853632586299,0.25,9,0.44482025156755023,0.5088357588357588,False,False,up
GNE,0.46871250000000003,0.18774640255830763,0.3125,8,0.4454048338560173,0.5868366368286445,False,False,up
SCGN,0.2012444444444444,0.1882707824959401,0.203125,9,0.44606789257109897,0.4526389415781487,False,False,up
CSNK1D,-0.24567000000000005,0.18835794846222365,0.064453125,10,0.44606789257109897,0.23781259814698494,False,False,down
CENPJ,0.5023111111111112,0.18850501069598988,0.1640625,9,0.44606789257109897,0.39822443181818185,False,False,up
ABCA2,0.44045,0.1886334091158682,0.25,8,0.44606789257109897,0.5088357588357588,False,False,up
EFNA1,0.12240999999999998,0.18992848428302975,0.275390625,10,0.448769073482911,0.5406565946691176,False,False,up
ENOX2,0.3238875,0.19022293922528255,0.25,8,0.44910351487512445,0.5088357588357588,False,False,up
PDXDC1,-0.31747777777777775,0.1904954492940548,0.30078125,9,0.44938565026236055,0.5728888010700389,False,False,down
ERC2,0.485825,0.19145446265708352,0.25,8,0.45093278186394997,0.5088357588357588,False,False,up
NDST1,-0.23902,0.191488847666612,0.275390625,10,0.45093278186394997,0.5406565946691176,False,False,down
CPVL,0.18334999999999996,0.19161188687988068,0.232421875,10,0.45093278186394997,0.4942961961440985,False,False,up
YAP1,-0.10469000000000002,0.19216380981049663,0.556640625,10,0.45186958319730075,0.7765451147426982,False,False,down
HEPACAM2,-0.10645999999999997,0.19310342917462164,0.275390625,10,0.4535313543728872,0.5406565946691176,False,False,down
SGSH,0.11868999999999999,0.19317934093308883,0.322265625,10,0.4535313543728872,0.5871551740849876,False,False,up
ICA1,0.33914444444444447,0.1933831769971455,0.25,9,0.4536472770292463,0.5088357588357588,False,False,up
CILP,0.32418,0.19357005043319495,0.16015625,10,0.45372325468658703,0.39822443181818185,False,False,up
ACHE,-0.09932000000000002,0.19412803429319261,0.322265625,10,0.45466829084458266,0.5871551740849876,False,False,down
TNFRSF13B,0.07987999999999999,0.1947324562302651,0.232421875,10,0.4554170319433189,0.4942961961440985,False,False,up
CTSD,0.11180999999999996,0.19475784546163039,0.083984375,10,0.4554170319433189,0.2725548169889503,False,False,up
PDGFB,0.5963099999999999,0.19492962143414364,0.193359375,10,0.4554560844487509,0.4478007903981265,False,False,up
ICAM1,0.10244,0.19531467407586459,0.130859375,10,0.45577807982389923,0.347813560520362,False,False,up
KYNU,0.06604999999999994,0.19537780132730306,0.16015625,10,0.45577807982389923,0.39822443181818185,False,False,up
UMOD,0.06155999999999999,0.19558481393646118,0.193359375,10,0.4558988877233226,0.4478007903981265,False,False,up
KCTD5,0.21223,0.1959016863297963,0.16015625,10,0.4562753788664645,0.39822443181818185,False,False,up
CAMLG,0.3112125,0.1960745507714796,0.1953125,8,0.4563161296480472,0.4478007903981265,False,False,up
CCL4,0.22839,0.19638995435970158,0.10546875,10,0.4565494562167978,0.3125748927850656,False,False,up
DAND5,-2.2119,0.19648570400341586,0.16015625,10,0.4565494562167978,0.39822443181818185,False,False,down
KCNC4,-0.4290111111111112,0.19705963880092142,0.12890625,9,0.4575210744334437,0.347813560520362,False,False,down
GALNT7,0.10859999999999997,0.19728343283123215,0.25,9,0.45767886431700544,0.5088357588357588,False,False,up
EIF4EBP1,0.22514444444444445,0.19777092817637223,0.25,9,0.4584476843362314,0.5088357588357588,False,False,up
ZP4,-0.17344444444444446,0.19821969701867392,0.25,9,0.4591255915960925,0.5088357588357588,False,False,down
CTSC,0.16985999999999998,0.19880226053046993,0.130859375,10,0.45969542649496736,0.347813560520362,False,False,up
EPHA10,-0.40597777777777777,0.1990145637540995,0.203125,9,0.45969542649496736,0.4526389415781487,False,False,down
RUVBL1,0.18109999999999998,0.19904252027802977,0.3125,8,0.45969542649496736,0.5868366368286445,False,False,up
IPCEF1,0.4604888888888888,0.19909178839005737,0.203125,9,0.45969542649496736,0.4526389415781487,False,False,up
TFF2,0.10222,0.19945725242032603,0.275390625,10,0.4601774943900216,0.5406565946691176,False,False,up
PSPN,0.11738750000000003,0.19969118037778388,0.25,8,0.4603555704627561,0.5088357588357588,False,False,up
PNPT1,0.21483333333333338,0.199979067346304,0.49609375,9,0.46065766336948616,0.7318068024861878,False,False,up
GLIPR1,0.22020999999999996,0.20116811422785255,0.275390625,10,0.46279035173370753,0.5406565946691176,False,False,up
SUMF1,0.22268999999999997,0.20122004738302504,0.275390625,10,0.46279035173370753,0.5406565946691176,False,False,up
SELL,0.06807,0.20161119181526435,0.193359375,10,0.46332712860831876,0.4478007903981265,False,False,up
NPL,0.13801000000000002,0.2018193751263885,0.431640625,10,0.46344292787036984,0.6793829129823151,False,False,up
FGFR2,-0.09943333333333333,0.2023980357666288,0.30078125,9,0.4644086180051475,0.5728888010700389,False,False,down
NCS1,0.06671999999999999,0.20286902309734628,0.16015625,10,0.4651259335182717,0.39822443181818185,False,False,up
TG,-0.20227000000000003,0.20332769950288992,0.193359375,10,0.46581392624024004,0.4478007903981265,False,False,down
LGALS9,0.06915999999999999,0.20350880559684179,0.275390625,10,0.4658654419625287,0.5406565946691176,False,False,up
CCL15,-0.10436000000000004,0.20402045144159583,0.232421875,10,0.46612444440768735,0.4942961961440985,False,False,down
NAGPA,-0.05831000000000001,0.2043268978991975,0.275390625,10,0.46612444440768735,0.5406565946691176,False,False,down
UPB1,-0.7746000000000002,0.2047361953950387,0.02734375,10,0.46612444440768735,0.14470016891891893,False,False,down
PCYT2,0.39239,0.20477199136657012,0.130859375,10,0.46612444440768735,0.347813560520362,False,False,up
LAYN,-0.11986666666666664,0.20482441144767416,0.25,9,0.46612444440768735,0.5088357588357588,False,False,down
SCIN,-0.5450333333333334,0.20487216279112067,0.30078125,9,0.46612444440768735,0.5728888010700389,False,False,down
RNASE10,0.12059000000000002,0.2050230424588781,0.232421875,10,0.46612444440768735,0.4942961961440985,False,False,up
RASA1,0.16361111111111107,0.20517377690117233,0.359375,9,0.46612444440768735,0.6354511589403974,False,False,up
REG4,0.07767999999999999,0.20526414455842376,0.193359375,10,0.46612444440768735,0.4478007903981265,False,False,up
SDHB,0.22014,0.2055098652755642,0.375,10,0.46612444440768735,0.6402735264806378,False,False,up
MRI1,0.3354125,0.20565915640244553,0.25,8,0.46612444440768735,0.5088357588357588,False,False,up
GPRC5C,0.1403,0.2056622423823263,0.16015625,10,0.46612444440768735,0.39822443181818185,False,False,up
CRYBB2,-0.056450000000000014,0.20579211464348138,0.322265625,10,0.46612444440768735,0.5871551740849876,False,False,down
RPE,0.1974777777777778,0.2058438557700955,0.203125,9,0.46612444440768735,0.4526389415781487,False,False,up
REN,0.13761111111111113,0.2062840812411629,0.30078125,9,0.4667614380626313,0.5728888010700389,False,False,up
LMOD1__Neurology_II,-0.1436111111111111,0.20682763031727625,0.12890625,9,0.4674544776145188,0.347813560520362,False,False,down
MAPK9,0.3437125,0.2069086894446287,0.3828125,8,0.4674544776145188,0.6402735264806378,False,False,up
SNX2,-0.13133,0.20723337304402004,0.193359375,10,0.4678281449886909,0.4478007903981265,False,False,down
NPPC,-0.18093749999999997,0.2074150797863012,0.25,8,0.46787871684513566,0.5088357588357588,False,False,down
BCAT1,0.10034000000000001,0.20761127647643915,0.193359375,10,0.46796187184290233,0.4478007903981265,False,False,up
NRXN3,-0.16057500000000002,0.20819290027519205,0.3828125,8,0.46883350283035696,0.6402735264806378,False,False,down
ERCC1,-0.27957777777777776,0.20831723568049568,0.49609375,9,0.46883350283035696,0.7318068024861878,False,False,down
ASPSCR1,0.23893333333333333,0.2087506816713124,0.25,9,0.46939998593197624,0.5088357588357588,False,False,up
MAGEA3,0.6137555555555556,0.20895158517147983,0.25,9,0.46939998593197624,0.5088357588357588,False,False,up
IGFBP3,0.08196,0.2090484104865594,0.232421875,10,0.46939998593197624,0.4942961961440985,False,False,up
SCARA5,0.17175,0.2094741771782125,0.275390625,10,0.4699966832485945,0.5406565946691176,False,False,up
ATXN2,0.2361555555555555,0.2098049806060552,0.203125,9,0.47037956338930087,0.4526389415781487,False,False,up
RGMB,0.11294,0.21070051471108267,0.375,10,0.4720270112177344,0.6402735264806378,False,False,up
HEPH,-0.13941,0.2110662867950601,0.232421875,10,0.47248603987583193,0.4942961961440985,False,False,down
TPSAB1,-0.07379,0.21135765823516037,0.375,10,0.4727779453439954,0.6402735264806378,False,False,down
FNTA,-0.28964,0.2118907752995471,0.232421875,10,0.47360974661702426,0.4942961961440985,False,False,down
ATP6V1G2,0.7054625000000001,0.21235527607902713,0.1953125,8,0.4742870310601541,0.4478007903981265,False,False,up
SOWAHA,-0.27425,0.2125901474086233,0.3125,8,0.47445080770450354,0.5868366368286445,False,False,down
ZCCHC8,-0.38815,0.21312452830911752,0.109375,8,0.4752822624478953,0.318369053518335,False,False,down
SOX9,-0.2598875,0.21359380487741642,0.3125,8,0.47596737854701976,0.5868366368286445,False,False,down
PSME2,0.25693333333333335,0.2137818380721329,0.25,9,0.47602521487327853,0.5088357588357588,False,False,up
FETUB,0.06887000000000001,0.21399225537990885,0.193359375,10,0.47613276822029715,0.4478007903981265,False,False,up
IL10RB,0.06308,0.2142225984008019,0.275390625,10,0.47628445988126816,0.5406565946691176,False,False,up
CRX,0.06412222222222225,0.215308605758858,0.30078125,9,0.4783368949423343,0.5728888010700389,False,False,up
TNFSF11,-0.16233750000000008,0.21574882978584528,0.25,8,0.4789526175971486,0.5088357588357588,False,False,down
DCN,0.08696666666666666,0.21615910483104567,0.25,9,0.4793922106545057,0.5088357588357588,False,False,up
BRD3,0.2129875,0.21648517279708956,0.25,8,0.4793922106545057,0.5088357588357588,False,False,up
SERPINB8,-0.18533999999999998,0.21653492041046873,0.431640625,10,0.4793922106545057,0.6793829129823151,False,False,down
IGF2BP3,-0.3491875,0.21659974924703065,0.1953125,8,0.4793922106545057,0.4478007903981265,False,False,down
RANGAP1,0.10762500000000001,0.2169467809301314,0.25,8,0.47979871656008727,0.5088357588357588,False,False,up
CALCB,0.11905999999999999,0.2176321988057854,0.375,10,0.4803707994498796,0.6402735264806378,False,False,up
NDUFA5,0.21712000000000004,0.21767344405627476,0.16015625,10,0.4803707994498796,0.39822443181818185,False,False,up
SPINK1,0.08559,0.21769613008777314,0.322265625,10,0.4803707994498796,0.5871551740849876,False,False,up
S100G,0.21783333333333335,0.21797210259621574,0.25,9,0.4806186676614757,0.5088357588357588,False,False,up
PLXDC2,0.1525,0.21873240885225276,0.275390625,10,0.4819332969235307,0.5406565946691176,False,False,up
FGL1,0.42725555555555556,0.2190452711115534,0.07421875,9,0.4819910908310928,0.26357976874244254,False,False,up
TREH,0.15589999999999998,0.21909479288260017,0.275390625,10,0.4819910908310928,0.5406565946691176,False,False,up
TNFSF8,0.14011999999999997,0.21933564906622918,0.232421875,10,0.4819910908310928,0.4942961961440985,False,False,up
NAA80,0.384725,0.21958596690050053,0.1953125,8,0.4819910908310928,0.4478007903981265,False,False,up
FBN2,-0.6486500000000001,0.21977187649471622,0.3828125,8,0.4819910908310928,0.6402735264806378,False,False,down
AMPD3,-0.3603199999999999,0.2197972446425162,0.322265625,10,0.4819910908310928,0.5871551740849876,False,False,down
NME3,0.07060999999999999,0.21990740950414175,0.16015625,10,0.4819910908310928,0.39822443181818185,False,False,up
SPARCL1,0.08763000000000001,0.2201251317923859,0.130859375,10,0.48210851012247385,0.347813560520362,False,False,up
MYOM2,-0.27791250000000006,0.22039902710467424,0.1953125,8,0.482143066527318,0.4478007903981265,False,False,down
HLA-DRA,-0.12732500000000002,0.22050174527460384,0.4609375,8,0.482143066527318,0.717041015625,False,False,down
COL4A4,-0.8988222222222224,0.22063339510136717,0.25,9,0.482143066527318,0.5088357588357588,False,False,down
PINLYP,-0.18799000000000002,0.22160723550184924,0.275390625,10,0.4839111157389823,0.5406565946691176,False,False,down
NPHS2,-0.26424000000000003,0.22273669062237708,0.375,10,0.4860160923907292,0.6402735264806378,False,False,down
ALCAM,0.05449,0.22300852752202202,0.083984375,10,0.4862479920803109,0.2725548169889503,False,False,up
GSR,0.10849999999999999,0.22419649188039784,0.359375,9,0.48796781827464014,0.6354511589403974,False,False,up
ENDOU,0.17174,0.2242409812086099,0.10546875,10,0.48796781827464014,0.3125748927850656,False,False,up
EVI2B,-0.2627777777777778,0.22429572852256185,0.25,9,0.48796781827464014,0.5088357588357588,False,False,down
LRFN2,-0.1892375,0.22501895619844006,0.3125,8,0.4891788855328042,0.5868366368286445,False,False,down
SPRR3,-0.16111999999999999,0.22557510157576866,0.322265625,10,0.4900252021657045,0.5871551740849876,False,False,down
LAMP2,0.043359999999999996,0.2259381440051421,0.083984375,10,0.4904510930843329,0.2725548169889503,False,False,up
IL1R2,0.048469999999999985,0.22611462339379465,0.322265625,10,0.4904716757072193,0.5871551740849876,False,False,up
AMY2B,0.06573,0.2264713686083371,0.232421875,10,0.4908829591163735,0.4942961961440985,False,False,up
SLC16A1,0.2911777777777778,0.22742448334547774,0.359375,9,0.49247760309943867,0.6354511589403974,False,False,up
TNFRSF8,0.05128000000000001,0.22754242676402392,0.193359375,10,0.49247760309943867,0.4478007903981265,False,False,up
ACOX1,0.21830000000000005,0.22776074572868876,0.25,9,0.49254421604546567,0.5088357588357588,False,False,up
ATP5F1D,0.24663750000000004,0.22796413805243235,0.25,8,0.49254421604546567,0.5088357588357588,False,False,up
PSCA,-0.12603,0.22838269497878647,0.275390625,10,0.49254421604546567,0.5406565946691176,False,False,down
SORBS1,0.1638111111111111,0.22840001311083466,0.30078125,9,0.49254421604546567,0.5728888010700389,False,False,up
MYL6B,0.48987500000000006,0.22843050707517645,0.4609375,8,0.49254421604546567,0.717041015625,False,False,up
PPIF,0.15382,0.2285794233809907,0.275390625,10,0.49254421604546567,0.5406565946691176,False,False,up
LILRB2,0.059109999999999996,0.22887636777917592,0.16015625,10,0.4927987285209243,0.39822443181818185,False,False,up
PAPPA,0.4761444444444445,0.22903311693260528,0.203125,9,0.4927987285209243,0.4526389415781487,False,False,up
AXL,0.0624,0.2296054202707341,0.275390625,10,0.4936684621779986,0.5406565946691176,False,False,up
PRELP,0.06618000000000002,0.23144042870340378,0.556640625,10,0.49669771302221505,0.7765451147426982,False,False,up
AIF1,0.22635,0.2315826293627272,0.1953125,8,0.49669771302221505,0.4478007903981265,False,False,up
TNFSF13B,0.052900000000000016,0.2316793110858451,0.16015625,10,0.49669771302221505,0.39822443181818185,False,False,up
TOP1,-0.12360000000000004,0.23169079565557868,0.275390625,10,0.49669771302221505,0.5406565946691176,False,False,down
RTKN2,0.37215,0.23225053412819646,0.4609375,8,0.4972946288915115,0.717041015625,False,False,up
NCLN,0.18251111111111112,0.23271648250322835,0.12890625,9,0.4972946288915115,0.347813560520362,False,False,up
AMY1A_AMY1B_AMY1C,0.0706888888888889,0.2329157914582802,0.25,9,0.4972946288915115,0.5088357588357588,False,False,up
DRAXIN,0.08778888888888887,0.23312549492026627,0.30078125,9,0.4972946288915115,0.5728888010700389,False,False,up
LMOD1__Inflammation_II,-0.27804,0.23313067914177632,0.322265625,10,0.4972946288915115,0.5871551740849876,False,False,down
SPRR1B,-0.3292,0.23314475062427203,0.359375,9,0.4972946288915115,0.6354511589403974,False,False,down
DSG3,-0.08532000000000001,0.233154478714202,0.275390625,10,0.4972946288915115,0.5406565946691176,False,False,down
COX5B,0.4785555555555556,0.23335388368743354,0.359375,9,0.49735874919447914,0.6354511589403974,False,False,up
ENPEP,0.35053749999999995,0.2340069897403217,0.25,8,0.49796558790861106,0.5088357588357588,False,False,up
BCAT2,-0.3717555555555556,0.2340084765956448,0.359375,9,0.49796558790861106,0.6354511589403974,False,False,down
ENPP5,0.05850999999999999,0.23414725124337482,0.232421875,10,0.49796558790861106,0.4942961961440985,False,False,up
IGLON5,-0.28395555555555557,0.2348710778930289,0.203125,9,0.4991435280548668,0.4526389415781487,False,False,down
CLTA,0.15032222222222225,0.23540765637081282,0.25,9,0.4998781573545572,0.5088357588357588,False,False,up
PSMD1,0.7770555555555555,0.23555715688754075,0.42578125,9,0.4998781573545572,0.6793829129823151,False,False,up
MMP13,0.24481111111111112,0.23657772586643858,0.359375,9,0.501681430230852,0.6354511589403974,False,False,up
RBP5,0.23880000000000004,0.23683711671223573,0.359375,9,0.5018691282711663,0.6354511589403974,False,False,up
SEPTIN9,0.1446,0.23723832854840157,0.30078125,9,0.5020918972584492,0.5728888010700389,False,False,up
DLL4,-0.3365599999999999,0.23728415164954966,0.232421875,10,0.5020918972584492,0.4942961961440985,False,False,down
NMT1,0.27021111111111107,0.23773152046642287,0.5703125,9,0.5026288165255917,0.7765451147426982,False,False,up
KLRC1,-0.3215444444444445,0.23788016852930624,0.30078125,9,0.5026288165255917,0.5728888010700389,False,False,down
AHSP,-0.2473,0.238371960661212,0.275390625,10,0.5033058579884828,0.5406565946691176,False,False,down
CA9,0.09873,0.23855633100181894,0.275390625,10,0.5033332932128896,0.5406565946691176,False,False,up
CALB1,-0.17613333333333334,0.23891835822189839,0.25,9,0.5037352606588051,0.5088357588357588,False,False,down
ENPP2,0.05063999999999998,0.23912934425420695,0.375,10,0.5038184247307071,0.6402735264806378,False,False,up
FGA,0.5114,0.23936511879208375,0.10546875,10,0.5039507170146404,0.3125748927850656,False,False,up
FCGR2B,0.5962000000000001,0.23971743729904993,0.3828125,8,0.5039507170146404,0.6402735264806378,False,False,up
FGF19,0.15758,0.2397764688174784,0.322265625,10,0.5039507170146404,0.5871551740849876,False,False,up
PAM,0.05510999999999999,0.2398784822562027,0.193359375,10,0.5039507170146404,0.4478007903981265,False,False,up
ADH1B,-0.16022,0.24076743946071122,0.4921875,10,0.5054567331637662,0.7318068024861878,False,False,down
CHAD,0.06982000000000001,0.2417379930811426,0.232421875,10,0.5071317754852256,0.4942961961440985,False,False,up
FCRL1,0.05357777777777779,0.24219832558960178,0.203125,9,0.5073850682812906,0.4526389415781487,False,False,up
AMBP,-0.05813999999999999,0.24220424437533858,0.322265625,10,0.5073850682812906,0.5871551740849876,False,False,down
FDX2,0.5224624999999999,0.24243377481587403,0.25,8,0.5075039177720756,0.5088357588357588,False,False,up
FGF6,-0.25038,0.24321479384535705,0.375,10,0.5087762460995824,0.6402735264806378,False,False,down
RNF43,-0.17068888888888892,0.24402278961662283,0.203125,9,0.5100535331511286,0.4526389415781487,False,False,down
CRYM,-0.29981111111111114,0.24430665111977365,0.25,9,0.5100535331511286,0.5088357588357588,False,False,down
MAMDC2,-0.04931000000000001,0.24434638104992779,0.16015625,10,0.5100535331511286,0.39822443181818185,False,False,down
LYVE1,0.06839999999999999,0.24459633099926856,0.431640625,10,0.5101182067829897,0.6793829129823151,False,False,up
PPM1B,-0.15114,0.24472473726838012,0.232421875,10,0.5101182067829897,0.4942961961440985,False,False,down
MYOM3,-0.06807999999999996,0.2451340016654519,0.431640625,10,0.5106089098520796,0.6793829129823151,False,False,down
BTNL10,0.1808,0.24652174603293794,0.42578125,9,0.5131356258672847,0.6793829129823151,False,False,up
PFDN2,0.4876666666666667,0.2467826919282971,0.1640625,9,0.5133149902219607,0.39822443181818185,False,False,up
STOML2,-0.6292777777777777,0.24699269201528512,0.359375,9,0.5133882069701998,0.6354511589403974,False,False,down
LILRB5,0.06506999999999999,0.24737044408090147,0.193359375,10,0.5138097554919432,0.4478007903981265,False,False,up
DPY30,0.26261999999999996,0.24780329498061718,0.193359375,10,0.5139667133644573,0.4478007903981265,False,False,up
REG1A,0.08107999999999999,0.24781999028278426,0.232421875,10,0.5139667133644573,0.4942961961440985,False,False,up
GLYR1,-0.13786,0.24806734900981414,0.232421875,10,0.5139667133644573,0.4942961961440985,False,False,down
CD86,-0.06334,0.24814599916608798,0.375,10,0.5139667133644573,0.6402735264806378,False,False,down
NOP56,0.19256249999999997,0.24843016792849734,0.3125,8,0.5141065739548373,0.5868366368286445,False,False,up
USP28,0.09742,0.24856361423761283,0.275390625,10,0.5141065739548373,0.5406565946691176,False,False,up
RPGR,-0.357,0.24904951529155975,0.3125,8,0.5147490685512393,0.5868366368286445,False,False,down
TSPYL1,0.19568000000000002,0.24936134791310316,0.322265625,10,0.5150311384112405,0.5871551740849876,False,False,up
CD160,0.08654999999999999,0.2504247621939976,0.275390625,10,0.516864038344182,0.5406565946691176,False,False,up
HSPB6,-0.17207,0.25099163553466103,0.322265625,10,0.5176702482902384,0.5871551740849876,False,False,down
RABGAP1L,0.20896666666666666,0.25181868966453425,0.30078125,9,0.5190115730138506,0.5728888010700389,False,False,up
LEO1,0.2323,0.2522235394063722,0.1640625,9,0.5193886377152075,0.39822443181818185,False,False,up
GJA8,-0.3925111111111111,0.2524930352115732,0.25,9,0.5193886377152075,0.5088357588357588,False,False,down
GPR37,-0.18343333333333334,0.25253216706071374,0.30078125,9,0.5193886377152075,0.5728888010700389,False,False,down
RICTOR,-0.19932000000000002,0.25274194712374864,0.322265625,10,0.5194563321920572,0.5871551740849876,False,False,down
FSTL3,0.09337000000000001,0.25298005278789215,0.275390625,10,0.5195821084182093,0.5406565946691176,False,False,up
GPR15L,-0.28642,0.2534105321026209,0.232421875,10,0.5201025386341003,0.4942961961440985,False,False,down
KYAT1,0.29187777777777774,0.25476332953025166,0.25,9,0.5217758115788179,0.5088357588357588,False,False,up
KLF4,-0.47691111111111106,0.2548305599358229,0.42578125,9,0.5217758115788179,0.6793829129823151,False,False,down
SERPINC1,0.03691,0.2549333626330096,0.232421875,10,0.5217758115788179,0.4942961961440985,False,False,up
TGFB2,-0.32536,0.25493642819734547,0.431640625,10,0.5217758115788179,0.6793829129823151,False,False,down
RBM25,-0.8290000000000001,0.2555718764697719,0.203125,9,0.5227121178215322,0.4526389415781487,False,False,down
CEP164,0.6877111111111112,0.2559492440126834,0.25,9,0.5231196448609958,0.5088357588357588,False,False,up
CCL17,0.30917000000000006,0.25645383365191976,0.16015625,10,0.5237864460609793,0.39822443181818185,False,False,up
IL20RA,0.22777777777777775,0.2569025609780329,0.42578125,9,0.524179122579115,0.6793829129823151,False,False,up
RNF168,-0.28758,0.257003042735419,0.232421875,10,0.524179122579115,0.4942961961440985,False,False,down
IFNAR1,-0.07110000000000001,0.2577018745535605,0.275390625,10,0.5252396985175622,0.5406565946691176,False,False,down
RRM2B,0.2669875,0.2580051677994412,0.4609375,8,0.5254931885069063,0.717041015625,False,False,up
RLN1,0.12211111111111111,0.2588060360967355,0.42578125,9,0.5263142660455125,0.6793829129823151,False,False,up
GGT5,0.14572222222222223,0.2589795943768614,0.12890625,9,0.5263142660455125,0.347813560520362,False,False,up
VAT1,-0.0683888888888889,0.25904079061986296,0.30078125,9,0.5263142660455125,0.5728888010700389,False,False,down
SUSD2,0.05687,0.2592941374724926,0.322265625,10,0.5263142660455125,0.5871551740849876,False,False,up
GHRL,0.20161111111111113,0.2593043047217761,0.359375,9,0.5263142660455125,0.6354511589403974,False,False,up
NRCAM,-0.0934888888888889,0.2607352638784858,0.25,9,0.528853225145796,0.5088357588357588,False,False,down
OMP,0.13429999999999997,0.26143524193107875,0.30078125,9,0.5298754803042538,0.5728888010700389,False,False,up
PGF,0.09734000000000001,0.2616833874498939,0.130859375,10,0.5298754803042538,0.347813560520362,False,False,up
CTBS,0.06784444444444444,0.26178049776011997,0.09765625,9,0.5298754803042538,0.30577442030916846,False,False,up
IL6__Inflammation,0.58795,0.2620184274568325,0.3125,8,0.5299918191740476,0.5868366368286445,False,False,up
CST1,-0.19282000000000005,0.26310460900328836,0.431640625,10,0.5318225992034811,0.6793829129823151,False,False,down
ECM1,0.21710000000000002,0.2639527463473575,0.4921875,10,0.5331700247745454,0.7318068024861878,False,False,up
LILRB1,0.060870000000000014,0.26438114561208764,0.193359375,10,0.533668333101513,0.4478007903981265,False,False,up
CSTB,0.0684,0.26556547201292785,0.322265625,10,0.5355222275135091,0.5871551740849876,False,False,up
OSMR,0.0637,0.26566424429253754,0.232421875,10,0.5355222275135091,0.4942961961440985,False,False,up
CDH1,0.08531999999999998,0.2661519004885394,0.193359375,10,0.5358999152309876,0.4478007903981265,False,False,up
PLXDC1,0.15975,0.26621653943548207,0.3125,8,0.5358999152309876,0.5868366368286445,False,False,up
SNX18,-0.08302999999999998,0.2665271863716694,0.232421875,10,0.5361577714887623,0.4942961961440985,False,False,down
PGA4,0.10005555555555556,0.2673549969496475,0.30078125,9,0.5374549117324535,0.5728888010700389,False,False,up
ENTPD2,0.163825,0.2684736708302451,0.25,8,0.5386400016815943,0.5088357588357588,False,False,up
CST5,-0.11472222222222224,0.26852243074030707,0.359375,9,0.5386400016815943,0.6354511589403974,False,False,down
CR2,0.07759,0.26853680197035407,0.275390625,10,0.5386400016815943,0.5406565946691176,False,False,up
DPP10,-0.08907499999999999,0.26867810775060796,0.3828125,8,0.5386400016815943,0.6402735264806378,False,False,down
LMOD1__Cardiometabolic_II,0.04267,0.2688749696592298,0.232421875,10,0.5386669753677749,0.4942961961440985,False,False,up
PYY,-0.36155000000000004,0.26968223973361494,0.1953125,8,0.539915976889998,0.4478007903981265,False,False,down
CABP2,0.49302500000000005,0.2701914568495747,0.25,8,0.5405669678250687,0.5088357588357588,False,False,up
TNFRSF17,-0.08413000000000001,0.2706332059594219,0.322265625,10,0.5410821823708797,0.5871551740849876,False,False,down
GAGE2A,-0.2709111111111111,0.27278044276865054,0.203125,9,0.5450041907561406,0.4526389415781487,False,False,down
DEFB4A_DEFB4B,0.5924333333333334,0.2732453591859722,0.203125,9,0.5452497585900444,0.4526389415781487,False,False,up
TPPP2,0.26537777777777777,0.27343629044189766,0.30078125,9,0.5452497585900444,0.5728888010700389,False,False,up
IL2RA,0.049949999999999994,0.2734602977198282,0.556640625,10,0.5452497585900444,0.7765451147426982,False,False,up
KIT,0.059309999999999995,0.2738003805658016,0.431640625,10,0.5455463252242763,0.6793829129823151,False,False,up
MTHFD2,0.10747,0.2739805344589062,0.232421875,10,0.5455463252242763,0.4942961961440985,False,False,up
DCTN6,0.4151111111111111,0.27529912430314074,0.30078125,9,0.5478004932779975,0.5728888010700389,False,False,up
PCBD1,-0.03655999999999998,0.2757994610238909,0.375,10,0.5483318474665043,0.6402735264806378,False,False,down
CCL16,0.06144999999999999,0.27593955415576893,0.431640625,10,0.5483318474665043,0.6793829129823151,False,False,up
POSTN,0.07785,0.27617325315984803,0.275390625,10,0.5484251822383189,0.5406565946691176,False,False,up
ARNTL,-0.176175,0.2767772594143872,0.3125,8,0.5490855605703387,0.5868366368286445,False,False,down
PLCB2,0.6332800000000001,0.2769810826702406,0.375,10,0.5490855605703387,0.6402735264806378,False,False,up
DCTPP1,0.07014444444444444,0.2774987954277834,0.30078125,9,0.5490855605703387,0.5728888010700389,False,False,up
PTK7,0.20214444444444446,0.27749916321666146,0.25,9,0.5490855605703387,0.5088357588357588,False,False,up
TCL1B,0.2934666666666667,0.2775008054302343,0.359375,9,0.5490855605703387,0.6354511589403974,False,False,up
F3,-0.08812,0.2776275306254522,0.193359375,10,0.5490855605703387,0.4478007903981265,False,False,down
PTP4A3,0.24157000000000006,0.277951533303466,0.275390625,10,0.5493564288777117,0.5406565946691176,False,False,up
NAMPT,0.2283,0.2788246990163041,0.3828125,8,0.5507115944928616,0.6402735264806378,False,False,up
CASP4,-0.40336666666666665,0.2799923873677036,0.49609375,9,0.5521968884944926,0.7318068024861878,False,False,down
ACTN2,0.23493750000000008,0.2800513189365735,0.3125,8,0.5521968884944926,0.5868366368286445,False,False,up
PROC,0.08557999999999999,0.28014074356717533,0.431640625,10,0.5521968884944926,0.6793829129823151,False,False,up
RNASE1,0.14055555555555554,0.28062596447535354,0.42578125,9,0.5527823324373664,0.6793829129823151,False,False,up
EPN1,-0.2768555555555555,0.280927735535181,0.30078125,9,0.5530058708222698,0.5728888010700389,False,False,down
HDGF,0.23664999999999997,0.28121839654512104,0.322265625,10,0.5532072542886942,0.5871551740849876,False,False,up
IFNL2,-0.14935555555555557,0.2817101652782116,0.359375,9,0.5536876215232995,0.6354511589403974,False,False,down
PDE4D,-0.14592500000000003,0.28202031854146725,0.3125,8,0.5536876215232995,0.5868366368286445,False,False,down
KIAA2013,0.10039999999999996,0.28202815178714885,0.375,10,0.5536876215232995,0.6402735264806378,False,False,up
CLUL1,0.06456666666666669,0.2833851312525703,0.30078125,9,0.5554345740285519,0.5728888010700389,False,False,up
CCN5,0.12601999999999997,0.2834761534371193,0.375,10,0.5554345740285519,0.6402735264806378,False,False,up
CELA2A,-0.12168999999999999,0.28348533417391875,0.431640625,10,0.5554345740285519,0.6793829129823151,False,False,down
LILRA6,-0.10148000000000001,0.28542836643784014,0.375,10,0.558868741485291,0.6402735264806378,False,False,down
TNFRSF12A,-0.08493333333333333,0.28609383994676424,0.49609375,9,0.559731483714185,0.7318068024861878,False,False,down
FOXO1,0.168525,0.2862501493151876,0.3828125,8,0.559731483714185,0.6402735264806378,False,False,up
SPTBN2,-0.2866777777777778,0.28771581856865835,0.30078125,9,0.5622231265044242,0.5728888010700389,False,False,down
IFIT1,-0.13265555555555555,0.28806742660420803,0.30078125,9,0.5622883673246662,0.5728888010700389,False,False,down
LTBP3,0.1639875,0.2881321051493438,0.640625,8,0.5622883673246662,0.8251221333979328,False,False,up
SIAE,0.2985333333333333,0.28924123600937124,0.1640625,9,0.5635912726963725,0.39822443181818185,False,False,up
NFKB2,-0.11398888888888889,0.28926284492345794,0.42578125,9,0.5635912726963725,0.6793829129823151,False,False,down
ARG2,-0.27572,0.2893754304481205,0.275390625,10,0.5635912726963725,0.5406565946691176,False,False,down
S100A11,-0.1673888888888889,0.2897792970625629,0.65234375,9,0.5639745842465271,0.8251221333979328,False,False,down
CD300LF,0.09532999999999998,0.2900691997793317,0.232421875,10,0.5639745842465271,0.4942961961440985,False,False,up
NOTCH1,0.048369999999999996,0.29014831351600356,0.10546875,10,0.5639745842465271,0.3125748927850656,False,False,up
TEK,0.045644444444444446,0.29053838785554603,0.30078125,9,0.5643592891082928,0.5728888010700389,False,False,up
ERP44,0.07843333333333331,0.2911013670801287,0.42578125,9,0.5650791243320146,0.6793829129823151,False,False,up
CACNA1C,-0.2374,0.2912969542142384,0.359375,9,0.5650853068211481,0.6354511589403974,False,False,down
UPK3A,0.9756222222222224,0.2919786831887363,0.42578125,9,0.5660339224589561,0.6793829129823151,False,False,up
JUN,0.17853333333333332,0.2922236466187404,0.25,9,0.56613512540847,0.5088357588357588,False,False,up
MBL2,-0.06636,0.2926913653778018,0.322265625,10,0.5661957273301594,0.5871551740849876,False,False,down
IL13RA2,-0.35236666666666666,0.292755285200171,0.42578125,9,0.5661957273301594,0.6793829129823151,False,False,down
TRAF3IP2,-0.1628,0.2928332685783153,0.3828125,8,0.5661957273301594,0.6402735264806378,False,False,down
IGDCC4,0.12965,0.2936486181732889,0.322265625,10,0.5670698550110728,0.5871551740849876,False,False,up
PODXL,-0.0842,0.29384360249297325,0.25,9,0.5670698550110728,0.5088357588357588,False,False,down
FGF5,0.14151111111111112,0.29405862642819713,0.359375,9,0.5670698550110728,0.6354511589403974,False,False,up
PSMA1,0.17967500000000003,0.2942274465323451,0.546875,8,0.5670698550110728,0.7765451147426982,False,False,up
SCLY,0.06386000000000001,0.2942507521405771,0.431640625,10,0.5670698550110728,0.6793829129823151,False,False,up
YJU2,-0.26813000000000003,0.2947048608619012,0.193359375,10,0.5675725746566582,0.4478007903981265,False,False,down
ARFIP1,0.21394444444444444,0.29512319762450406,0.1640625,9,0.5680057873022074,0.39822443181818185,False,False,up
MELTF,-0.07318999999999999,0.29623346324397265,0.375,10,0.5697692740979357,0.6402735264806378,False,False,down
TNXB,0.07346,0.2964828732644831,0.322265625,10,0.5698757845404364,0.5871551740849876,False,False,up
MEGF10,0.04708,0.2975131009692743,0.275390625,10,0.57148199970357,0.5406565946691176,False,False,up
PAGR1,0.17837,0.29868803870330907,0.375,10,0.5731191306419811,0.6402735264806378,False,False,up
BCL2L15,-0.26800999999999997,0.29877021702539663,0.556640625,10,0.5731191306419811,0.7765451147426982,False,False,down
CTRB1,-0.050480000000000025,0.29916298707251854,0.322265625,10,0.5731191306419811,0.5871551740849876,False,False,down
PKLR,-0.21084,0.299210673779082,0.322265625,10,0.5731191306419811,0.5871551740849876,False,False,down
TLR2,-0.33618888888888887,0.29934107810854577,0.49609375,9,0.5731191306419811,0.7318068024861878,False,False,down
SLC28A1,0.22461111111111112,0.2998067976597416,0.5703125,9,0.5736368499847955,0.7765451147426982,False,False,up
BIRC2,0.28327500000000005,0.3004494174270555,0.3828125,8,0.5741109972743611,0.6402735264806378,False,False,up
MIA,0.09084444444444446,0.30057004223943945,0.42578125,9,0.5741109972743611,0.6793829129823151,False,False,up
FGF20,-0.12196000000000003,0.30064103296151423,0.4921875,10,0.5741109972743611,0.7318068024861878,False,False,down
PRSS2,-0.07097999999999996,0.3009789859826995,0.4921875,10,0.5743828991755611,0.7318068024861878,False,False,down
DENND2B,-0.168875,0.30117618673621827,0.3125,8,0.574386013275502,0.5868366368286445,False,False,down
RNF31,0.16544,0.3018539144726999,0.322265625,10,0.5747011093294266,0.5871551740849876,False,False,up
AKT3,0.17033750000000003,0.3019141878712872,0.3828125,8,0.5747011093294266,0.6402735264806378,False,False,up
LECT2,-0.08861999999999992,0.3019759006866133,0.4921875,10,0.5747011093294266,0.7318068024861878,False,False,down
PILRA,0.06921000000000001,0.3021241105906145,0.232421875,10,0.5747011093294266,0.4942961961440985,False,False,up
EXOSC10,0.17822500000000002,0.3028255635600118,0.1953125,8,0.5756492347187063,0.4478007903981265,False,False,up
IFT20,0.2031,0.3030145443905754,0.3125,8,0.5756492347187063,0.5868366368286445,False,False,up
COL9A2,-0.2851111111111111,0.303285094826905,0.49609375,9,0.5757868105685054,0.7318068024861878,False,False,down
ARG1,-0.30154000000000003,0.3035669827276501,0.322265625,10,0.5757868105685054,0.5871551740849876,False,False,down
ADD1,0.24276000000000003,0.3039203077415165,0.322265625,10,0.5757868105685054,0.5871551740849876,False,False,up
TPK1,0.04565,0.30419417890909695,0.375,10,0.5757868105685054,0.6402735264806378,False,False,up
PGLYRP4,-0.20147500000000002,0.30443393285843146,0.3828125,8,0.5757868105685054,0.6402735264806378,False,False,down
HRG,0.06602,0.3045095060195347,0.275390625,10,0.5757868105685054,0.5406565946691176,False,False,up
BTN2A1,0.07094000000000002,0.30456660998531954,0.193359375,10,0.5757868105685054,0.4478007903981265,False,False,up
EVPL,-0.28734444444444446,0.3046811473219918,0.42578125,9,0.5757868105685054,0.6793829129823151,False,False,down
TARBP2,0.5693777777777779,0.3050068219898612,0.203125,9,0.5757868105685054,0.4526389415781487,False,False,up
GLT8D2,0.13755555555555554,0.30504742160183673,0.25,9,0.5757868105685054,0.5088357588357588,False,False,up
GFRAL,0.11499000000000001,0.3054523447146633,0.4921875,10,0.5760854426350853,0.7318068024861878,False,False,up
RAPGEF2,0.2665,0.3055979297328781,0.49609375,9,0.5760854426350853,0.7318068024861878,False,False,up
NFKBIE,0.25435,0.3062986746312206,0.3125,8,0.5770360534906318,0.5868366368286445,False,False,up
F13B,0.0558,0.30762116521041016,0.322265625,10,0.5788001465041338,0.5871551740849876,False,False,up
FAM171A2,0.11213333333333336,0.3076292232526227,0.359375,9,0.5788001465041338,0.6354511589403974,False,False,up
HBZ,-0.16996,0.3091268436331126,0.375,10,0.5812455440143737,0.6402735264806378,False,False,down
CD40LG,0.44003,0.3094522790753842,0.193359375,10,0.5814851846733227,0.4478007903981265,False,False,up
PRKCQ,0.1422,0.31016456623536964,0.30078125,9,0.5821887013959525,0.5728888010700389,False,False,up
UBE2Z,0.26205999999999996,0.3102231248500734,0.322265625,10,0.5821887013959525,0.5871551740849876,False,False,up
FDX1,-0.27361250000000004,0.31084915044820843,0.25,8,0.5829910312045902,0.5088357588357588,False,False,down
CD14,0.08811,0.3112613959212198,0.556640625,10,0.5833916527253494,0.7765451147426982,False,False,up
HS6ST2,-0.12307000000000001,0.3121656178757662,0.275390625,10,0.5843139856726236,0.5406565946691176,False,False,down
XRCC4,0.1309111111111111,0.3122611458852705,0.25,9,0.5843139856726236,0.5088357588357588,False,False,up
RAB39B,0.21673750000000003,0.3123503430391621,0.3828125,8,0.5843139856726236,0.6402735264806378,False,False,up
PALM2,-0.12524000000000002,0.3130211165314842,0.625,10,0.58507013621578,0.8251221333979328,False,False,down
MNDA,0.5802777777777779,0.3131529636129405,0.30078125,9,0.58507013621578,0.5728888010700389,False,False,up
GABRA4,0.2528111111111111,0.3148726804425056,0.25,9,0.5879091306164266,0.5088357588357588,False,False,up
PRG3,0.07264,0.315884316968042,0.322265625,10,0.5894232775953872,0.5871551740849876,False,False,up
CLEC3B,0.05802,0.31611378222331676,0.275390625,10,0.5894769386602421,0.5406565946691176,False,False,up
CD59,0.05585,0.3168263690593619,0.193359375,10,0.5904308667051688,0.4478007903981265,False,False,up
FOXO3,-0.6537875,0.31726662424618096,0.3828125,8,0.5904619399002667,0.6402735264806378,False,False,down
CA1,-0.29784,0.3174064962264989,0.275390625,10,0.5904619399002667,0.5406565946691176,False,False,down
GFRA1,-0.06636,0.31744617061713354,0.625,10,0.5904619399002667,0.8251221333979328,False,False,down
DEFA1_DEFA1B,0.31311,0.3178204654289597,0.625,10,0.590783991749908,0.8251221333979328,False,False,up
CCT5,0.08226250000000002,0.31807133202484705,0.3125,8,0.5908763454503325,0.5868366368286445,False,False,up
MDM1,0.2538125,0.3188529308134407,0.4609375,8,0.5916559542692074,0.717041015625,False,False,up
VIPR1,0.16118000000000002,0.3188938970405704,0.322265625,10,0.5916559542692074,0.5871551740849876,False,False,up
CCDC50,0.1271888888888889,0.3192158264735684,0.49609375,9,0.5918447971215207,0.7318068024861878,False,False,up
THBD,0.08403333333333335,0.3194915994688751,0.30078125,9,0.5918447971215207,0.5728888010700389,False,False,up
FBLN2,0.09333000000000002,0.31971526098169506,0.275390625,10,0.5918447971215207,0.5406565946691176,False,False,up
DOCK9,-0.20156666666666664,0.31980173409324253,0.30078125,9,0.5918447971215207,0.5728888010700389,False,False,down
SETMAR,0.08704444444444445,0.3219754305954205,0.359375,9,0.5954923423543765,0.6354511589403974,False,False,up
ACE,0.10853333333333332,0.3222116066814807,0.25,9,0.5955541150557009,0.5088357588357588,False,False,up
ECHDC3,0.06244000000000003,0.32523872007123855,0.322265625,10,0.6007711451881935,0.5871551740849876,False,False,up
CEACAM1,-0.04391111111111112,0.3257007761892156,0.359375,9,0.6012464988483508,0.6354511589403974,False,False,down
GNPDA1,0.12173,0.3259083407389367,0.431640625,10,0.6012517567526741,0.6793829129823151,False,False,up
EBI3_IL27,0.06343999999999998,0.3269708761263298,0.275390625,10,0.6028333102216137,0.5406565946691176,False,False,up
ST6GAL1,0.10505,0.32730496635058304,0.275390625,10,0.6030706939596376,0.5406565946691176,False,False,up
KIAA1549,1.0295444444444444,0.3281161956328433,0.42578125,9,0.6039539795931479,0.6793829129823151,False,False,up
SIRT5,-0.19671111111111117,0.3281956252743153,0.09765625,9,0.6039539795931479,0.30577442030916846,False,False,down
ATRN,-0.02504,0.3288699297226289,0.556640625,10,0.6048158945493808,0.7765451147426982,False,False,down
CKMT1A_CKMT1B,0.07765000000000008,0.3291534199743631,0.431640625,10,0.6049584445961855,0.6793829129823151,False,False,up
ATP6V1D,0.15204444444444445,0.32988672184326673,0.42578125,9,0.6057220996323907,0.6793829129823151,False,False,up
QSOX1,0.0852,0.329981395782031,0.431640625,10,0.6057220996323907,0.6793829129823151,False,False,up
CEACAM21,0.19207499999999997,0.3310732579221822,0.84375,8,0.6070886742520167,0.9341218797010155,False,False,up
PRUNE2,-0.26171111111111117,0.3312534837587981,0.49609375,9,0.6070886742520167,0.7318068024861878,False,False,down
CKB,-0.13090999999999997,0.3313459805331913,0.556640625,10,0.6070886742520167,0.7765451147426982,False,False,down
IDO1__Cardiometabolic_II,-0.15281999999999996,0.3321217289343745,0.375,10,0.6077247380047308,0.6402735264806378,False,False,down
ACY3,0.1242875,0.33230518744921966,0.3125,8,0.6077247380047308,0.5868366368286445,False,False,up
AGXT,0.0959888888888889,0.33235645564698835,0.42578125,9,0.6077247380047308,0.6793829129823151,False,False,up
CD58,0.04805,0.3325208219181486,0.275390625,10,0.6077247380047308,0.5406565946691176,False,False,up
BMP10,-0.07875000000000001,0.3334461452699042,0.625,10,0.6090122707927889,0.8251221333979328,False,False,down
NEB,0.33682499999999993,0.3338361683650096,0.9453125,8,0.6090122707927889,0.987685098719317,False,False,up
BHMT2,0.28026249999999997,0.3338473803120157,0.3828125,8,0.6090122707927889,0.6402735264806378,False,False,up
ARNT,-0.10771111111111109,0.33479341636725324,0.49609375,9,0.6103589471574319,0.7318068024861878,False,False,down
IL2,0.29811111111111116,0.3361642493264281,0.30078125,9,0.6124779158013147,0.5728888010700389,False,False,up
GRSF1,0.2927666666666667,0.3366258092943903,0.359375,9,0.6128725280578302,0.6354511589403974,False,False,up
PTPRB,0.08578999999999996,0.3368661382936089,0.375,10,0.6128725280578302,0.6402735264806378,False,False,up
DNER,0.05865999999999999,0.3370068548904991,0.232421875,10,0.6128725280578302,0.4942961961440985,False,False,up
CYTL1,0.07488,0.3388491250755905,0.375,10,0.6158415101157235,0.6402735264806378,False,False,up
PLTP,0.06450000000000002,0.3395151927427857,0.083984375,10,0.6160779580729036,0.2725548169889503,False,False,up
PTPRM,-0.09983750000000001,0.33967912443868764,0.546875,8,0.6160779580729036,0.7765451147426982,False,False,down
CLGN,0.3224625,0.33991307931290904,0.546875,8,0.6160779580729036,0.7765451147426982,False,False,up
LCP1,-0.10376,0.33997325645980636,0.375,10,0.6160779580729036,0.6402735264806378,False,False,down
SNX15,0.2325,0.34002804563710476,0.431640625,10,0.6160779580729036,0.6793829129823151,False,False,up
PSIP1,0.22415000000000002,0.3408533860056103,0.3828125,8,0.6170635869315176,0.6402735264806378,False,False,up
DSC2,0.05658999999999999,0.34099223751782537,0.232421875,10,0.6170635869315176,0.4942961961440985,False,False,up
DHPS,-0.19982000000000003,0.3415624015195409,0.375,10,0.6177147618613865,0.6402735264806378,False,False,down
KRT6C,-0.2575624999999999,0.342719847124901,0.3828125,8,0.6187009616539318,0.6402735264806378,False,False,down
TSPAN1,-0.08551111111111112,0.34307409200471933,0.359375,9,0.6187009616539318,0.6354511589403974,False,False,down
SPRY2,0.28505555555555556,0.3430814121025918,0.25,9,0.6187009616539318,0.5088357588357588,False,False,up
SORCS2,-0.13140000000000002,0.3431010000586687,0.546875,8,0.6187009616539318,0.7765451147426982,False,False,down
PCNA,0.19673333333333332,0.34316100324625637,0.42578125,9,0.6187009616539318,0.6793829129823151,False,False,up
IL25,-0.15636666666666665,0.3439975318635365,0.12890625,9,0.6198173954257573,0.347813560520362,False,False,down
ITM2A,0.11236249999999992,0.3442023057335411,0.7421875,8,0.6198173954257573,0.8768321349557522,False,False,up
CD3D,-0.2218444444444444,0.3446067047838925,0.359375,9,0.6201653749695418,0.6354511589403974,False,False,down
IL34,0.1788333333333333,0.34572492562324203,0.359375,9,0.6216410168330363,0.6354511589403974,False,False,up
ACSL1,-0.22287500000000002,0.3458499902979848,0.3828125,8,0.6216410168330363,0.6402735264806378,False,False,down
LGALS1,0.11794444444444444,0.3470050754158155,0.91015625,9,0.6233357226276759,0.9771010014435222,False,False,up
SLC1A4,-0.1816,0.3472320537020687,0.4609375,8,0.6233621893172224,0.717041015625,False,False,down
CD109,0.06533000000000003,0.34779086860286,0.625,10,0.6239839835593157,0.8251221333979328,False,False,up
NRN1,0.08551111111111115,0.3480131410222714,0.42578125,9,0.6240015843604463,0.6793829129823151,False,False,up
CDA,-0.13128,0.349446105775019,0.431640625,10,0.6260562292146395,0.6793829129823151,False,False,down
NTRK2,-0.08426666666666666,0.34958536462785456,0.42578125,9,0.6260562292146395,0.6793829129823151,False,False,down
PDP1,0.0662125,0.3515360382705268,0.25,8,0.628506021732173,0.5088357588357588,False,False,up
GSN,0.06403333333333333,0.3517183871631823,0.359375,9,0.628506021732173,0.6354511589403974,False,False,up
ENPP6,-0.06142999999999997,0.3517756248511441,0.4921875,10,0.628506021732173,0.7318068024861878,False,False,down
CCNE1,-0.16552999999999998,0.35180929510646664,0.4921875,10,0.628506021732173,0.7318068024861878,False,False,down
CASP1,0.3956555555555556,0.35235359572741015,0.734375,9,0.6290957511558685,0.8768321349557522,False,False,up
CPB1,0.04585000000000001,0.3526220290870118,0.431640625,10,0.6291925269918309,0.6793829129823151,False,False,up
IL1RN,0.1358200000000001,0.353462852374579,0.193359375,10,0.6298874702838163,0.4478007903981265,False,False,up
PSG1,-0.12735555555555558,0.35357210137450135,0.49609375,9,0.6298874702838163,0.7318068024861878,False,False,down
IL1A,0.19529999999999997,0.35365489904596975,0.42578125,9,0.6298874702838163,0.6793829129823151,False,False,up
MAD1L1,0.17332222222222227,0.3539204911632692,0.5703125,9,0.6299784742706191,0.7765451147426982,False,False,up
TIMM10,0.08476999999999998,0.3550249388573232,0.322265625,10,0.6308609165066051,0.5871551740849876,False,False,up
MYL1,-0.1362,0.3550334136499654,0.640625,8,0.6308609165066051,0.8251221333979328,False,False,down
HRC,-0.09196000000000001,0.3550606384015724,0.375,10,0.6308609165066051,0.6402735264806378,False,False,down
SLAMF1,0.6607444444444445,0.3559091449646259,0.49609375,9,0.6312301244882533,0.7318068024861878,False,False,up
VWC2L,-0.16119999999999998,0.35641499947834904,0.5703125,9,0.6312301244882533,0.7765451147426982,False,False,down
LPCAT2,-0.14340000000000003,0.35648152684997336,0.49609375,9,0.6312301244882533,0.7318068024861878,False,False,down
CEP152,-0.2546444444444444,0.35658284304294136,0.30078125,9,0.6312301244882533,0.5728888010700389,False,False,down
IGBP1,0.3769555555555556,0.35669125125678824,0.42578125,9,0.6312301244882533,0.6793829129823151,False,False,up
SCRG1,-0.09807999999999999,0.3567601007920882,0.322265625,10,0.6312301244882533,0.5871551740849876,False,False,down
CDHR1,-0.16728888888888888,0.3567728997788561,0.42578125,9,0.6312301244882533,0.6793829129823151,False,False,down
FGF9,0.2918666666666667,0.3570326253773445,0.49609375,9,0.6313093442102714,0.7318068024861878,False,False,up
VTCN1,0.24555000000000005,0.3574033607120782,0.4609375,8,0.6313152736634279,0.717041015625,False,False,up
PLG,0.048360000000000014,0.3574658835894724,0.6953125,10,0.6313152736634279,0.8562401729559749,False,False,up
PSMG3,0.13252500000000006,0.35821651020682266,0.3828125,8,0.6320749704943347,0.6402735264806378,False,False,up
TST,0.22956666666666672,0.35852731535246407,0.359375,9,0.6320749704943347,0.6354511589403974,False,False,up
DIPK2B,0.06348000000000001,0.3585416754659726,0.556640625,10,0.6320749704943347,0.7765451147426982,False,False,up
CCN2,0.20855,0.3609001402533849,0.130859375,10,0.6358510569431263,0.347813560520362,False,False,up
ICAM3,0.04124,0.36127090261403616,0.10546875,10,0.6359836108473661,0.3125748927850656,False,False,up
DPEP1,0.07006666666666667,0.361408459824397,0.30078125,9,0.6359836108473661,0.5728888010700389,False,False,up
FES,0.12278750000000002,0.36174706219371366,0.4609375,8,0.6361982764448725,0.717041015625,False,False,up
SHBG,0.06770000000000002,0.3620303695047919,0.359375,9,0.6362143975304629,0.6354511589403974,False,False,up
COL5A1,0.15403,0.36218946975516986,0.083984375,10,0.6362143975304629,0.2725548169889503,False,False,up
LELP1,-0.25400000000000006,0.3628292994133183,0.65234375,9,0.6369573534829144,0.8251221333979328,False,False,down
CD84,0.2283125,0.36382743311187016,0.3125,8,0.6383280591693923,0.5868366368286445,False,False,up
APOH,0.06637000000000001,0.3641769802433874,0.375,10,0.6383408994408832,0.6402735264806378,False,False,up
TNFSF13,0.06251,0.36464903433782436,0.322265625,10,0.6383408994408832,0.5871551740849876,False,False,up
TYRO3,0.04797777777777777,0.3646843432330046,0.25,9,0.6383408994408832,0.5088357588357588,False,False,up
GIMAP7,-0.08831,0.3647442819522022,0.6953125,10,0.6383408994408832,0.8562401729559749,False,False,down
ADAM22,-0.11551111111111109,0.3649214743483974,0.42578125,9,0.6383408994408832,0.6793829129823151,False,False,down
ADCYAP1R1,-0.12488749999999997,0.36514331864701677,0.4609375,8,0.6383487659918382,0.717041015625,False,False,down
DEFB103A_DEFB103B,0.30584,0.3654958668351652,0.232421875,10,0.63858498566025,0.4942961961440985,False,False,up
BABAM1,-0.10299,0.3660105423111094,0.375,10,0.6391040206704687,0.6402735264806378,False,False,down
PDGFA,0.37556999999999996,0.3664107587637083,0.232421875,10,0.6394226966660792,0.4942961961440985,False,False,up
PCDH17,-0.09245555555555557,0.3670650012481731,0.49609375,9,0.6401840312742781,0.7318068024861878,False,False,down
THRAP3,-0.1513125,0.367358166093955,0.3828125,8,0.6403150942539737,0.6402735264806378,False,False,down
TRPV3,0.27818750000000003,0.367673789025191,0.546875,8,0.6404851235865873,0.7765451147426982,False,False,up
IL3,-1.0404777777777778,0.3684684778106048,0.49609375,9,0.6414889859690256,0.7318068024861878,False,False,down
C9orf40,-0.29748,0.3687850167452287,0.375,10,0.6416597121923795,0.6402735264806378,False,False,down
CINP,-0.19995555555555555,0.36946297380076454,0.42578125,9,0.642305949675773,0.6793829129823151,False,False,down
VIT,0.13277,0.3695938219108126,0.10546875,10,0.642305949675773,0.3125748927850656,False,False,up
TANK,-0.36844444444444446,0.3701903362681215,0.8203125,9,0.642870196490569,0.9312940906455354,False,False,down
CD79B,0.08092999999999999,0.3703562725441072,0.232421875,10,0.642870196490569,0.4942961961440985,False,False,up
FUCA1,0.05045999999999997,0.3716210939024297,0.193359375,10,0.6443355378943562,0.4478007903981265,False,False,up
CGN,0.15914999999999999,0.3716637299257443,0.640625,8,0.6443355378943562,0.8251221333979328,False,False,up
NT5E,0.0673,0.3718586097143118,0.42578125,9,0.6443355378943562,0.6793829129823151,False,False,up
CCL18,0.05943999999999998,0.3724951548420037,0.431640625,10,0.6450579420819368,0.6793829129823151,False,False,up
EDIL3,0.11527777777777781,0.37291777407146615,0.734375,9,0.6452902277311319,0.8768321349557522,False,False,up
RECK,0.06164999999999998,0.37307800486314824,0.4921875,10,0.6452902277311319,0.7318068024861878,False,False,up
WASF3,-0.2906666666666668,0.3732884225111315,0.5703125,9,0.6452902277311319,0.7765451147426982,False,False,down
TLR4,-0.40447000000000005,0.37381936400496896,0.431640625,10,0.6455293325902076,0.6793829129823151,False,False,down
FAP,0.04179,0.37386632439085565,0.10546875,10,0.6455293325902076,0.3125748927850656,False,False,up
MTHFSD,0.18335555555555547,0.37448131067510826,0.359375,9,0.6459095276291119,0.6354511589403974,False,False,up
SEZ6L,-0.08326666666666666,0.3745263621220216,0.42578125,9,0.6459095276291119,0.6793829129823151,False,False,down
RANBP2,-0.21265555555555554,0.37535932639527414,0.49609375,9,0.6469661629242489,0.7318068024861878,False,False,down
TPSG1,-0.18605,0.3763128877947983,0.556640625,10,0.6482292970400719,0.7765451147426982,False,False,down
PHLDB1,0.41845,0.3770469212490152,0.232421875,10,0.6491130174140431,0.4942961961440985,False,False,up
ACRV1,-0.13523999999999997,0.37741505817112664,0.556640625,10,0.6493661545685993,0.7765451147426982,False,False,down
PDIA2,0.37512222222222225,0.37834465164407705,0.42578125,9,0.6502510828267708,0.6793829129823151,False,False,up
CRTAP,-0.11973750000000002,0.3788066747324045,0.4609375,8,0.6502510828267708,0.717041015625,False,False,down
EIF5,0.31398750000000003,0.3788226083385709,0.7421875,8,0.6502510828267708,0.8768321349557522,False,False,up
MN1,-0.20582499999999998,0.37919767692920403,0.3828125,8,0.6502510828267708,0.6402735264806378,False,False,down
GIP,-0.19202000000000002,0.37923877998513966,0.4921875,10,0.6502510828267708,0.7318068024861878,False,False,down
ATP2B4,-0.16201249999999998,0.37928429505038996,0.3828125,8,0.6502510828267708,0.6402735264806378,False,False,down
C1RL,-0.05306999999999999,0.3794791814658104,0.375,10,0.6502510828267708,0.6402735264806378,False,False,down
PSMC3,0.2344666666666667,0.37981394386425915,0.5703125,9,0.6504452204835739,0.7765451147426982,False,False,up
OSM,-0.5797375,0.3801739053997238,0.640625,8,0.6506822611649119,0.8251221333979328,False,False,down
PSRC1,0.17781249999999998,0.3817191964763131,0.640625,8,0.6529465812760231,0.8251221333979328,False,False,up
ADRA2A,-0.11334999999999999,0.38209914773286396,0.640625,8,0.6532119557958014,0.8251221333979328,False,False,down
DSG2,0.057389999999999976,0.3824632230736653,0.193359375,10,0.6532119557958014,0.4478007903981265,False,False,up
CALY,-0.19455000000000006,0.3825415607656719,0.3828125,8,0.6532119557958014,0.6402735264806378,False,False,down
RASSF2,-0.18705000000000005,0.3827692532778806,0.4609375,8,0.6532209743620774,0.717041015625,False,False,down
GDNF,-0.14173333333333332,0.3831197268720279,0.42578125,9,0.6534393947869606,0.6793829129823151,False,False,down
BTC,0.183575,0.3836663860354653,0.3828125,8,0.6535567746803603,0.6402735264806378,False,False,up
SIGLEC15,0.11785555555555553,0.38378303442374073,0.30078125,9,0.6535567746803603,0.5728888010700389,False,False,up
MSR1,0.08431000000000004,0.38385612404617697,0.375,10,0.6535567746803603,0.6402735264806378,False,False,up
OLFM4,-0.4484699999999999,0.38421407691682763,0.76953125,10,0.6535655667483656,0.8933254076086956,False,False,down
MMP12,0.058030000000000005,0.3843063444924847,0.556640625,10,0.6535655667483656,0.7765451147426982,False,False,up
PMCH,-0.1916,0.38484376940948833,0.25,8,0.6535830905564267,0.5088357588357588,False,False,down
CES3,0.16685555555555556,0.3849087977930802,0.359375,9,0.6535830905564267,0.6354511589403974,False,False,up
NMNAT1,0.26294444444444437,0.38498425150242366,0.1640625,9,0.6535830905564267,0.39822443181818185,False,False,up
CAPG,-0.11629,0.38669253654049374,1.0,10,0.655185940777091,1.0,False,False,down
VEGFC,0.28636666666666666,0.3867555918516058,0.359375,9,0.655185940777091,0.6354511589403974,False,False,up
SERPINI2,-0.06284000000000001,0.3867652627439522,0.625,10,0.655185940777091,0.8251221333979328,False,False,down
FOLH1,-0.17148,0.38682070865082596,0.375,10,0.655185940777091,0.6402735264806378,False,False,down
TNFAIP8,0.2108111111111111,0.38709676599738907,0.42578125,9,0.6552756205961566,0.6793829129823151,False,False,up
LTA,0.0995625,0.38787657381614377,0.546875,8,0.655678582716716,0.7765451147426982,False,False,up
C7orf50,0.03776,0.3879645159382408,0.921875,10,0.655678582716716,0.9771010014435222,False,False,up
PMS1,-0.5645749999999999,0.38821023385482,0.3828125,8,0.655678582716716,0.6402735264806378,False,False,down
CD209,0.04411999999999998,0.38836072612578376,0.6953125,10,0.655678582716716,0.8562401729559749,False,False,up
CSH1,0.19211111111111112,0.38845105002624647,0.42578125,9,0.655678582716716,0.6793829129823151,False,False,up
APEX1,0.33277999999999996,0.3902157637864737,0.375,10,0.6582789765886693,0.6402735264806378,False,False,up
DCLRE1C,0.3539111111111111,0.3906885623673656,0.42578125,9,0.6586982248409602,0.6793829129823151,False,False,up
CXCL6,0.25113,0.3914801543247207,0.275390625,10,0.6596348724283777,0.5406565946691176,False,False,up
SPINT3,0.15898999999999988,0.3916932984389141,0.556640625,10,0.6596348724283777,0.7765451147426982,False,False,up
WASL,0.27452,0.39293612632780095,0.6953125,10,0.6613486550285108,0.8562401729559749,False,False,up
CA14,-0.06213999999999999,0.393739926133839,0.6953125,10,0.6621608517750508,0.8562401729559749,False,False,down
CFD,0.05147,0.39421755137009085,0.556640625,10,0.6621608517750508,0.7765451147426982,False,False,up
CDH3,-0.06977000000000003,0.3942862799496435,0.6953125,10,0.6621608517750508,0.8562401729559749,False,False,down
FGF7,0.1939,0.394320507236828,0.49609375,9,0.6621608517750508,0.7318068024861878,False,False,up
MFAP3,0.35267777777777787,0.3946867492886911,0.65234375,9,0.6623971329490775,0.8251221333979328,False,False,up
TNFRSF14,0.10169999999999998,0.3955528638002339,0.10546875,10,0.6634715939356294,0.3125748927850656,False,False,up
PPP1R14D,0.1862888888888889,0.39589672323504166,0.65234375,9,0.6635831365423525,0.8251221333979328,False,False,up
COCH,0.12713,0.3960712422059053,0.322265625,10,0.6635831365423525,0.5871551740849876,False,False,up
ERI1,-0.14723333333333333,0.397085317513841,0.42578125,9,0.6647823564441714,0.6793829129823151,False,False,down
YY1,-0.17519,0.39723971248196144,0.625,10,0.6647823564441714,0.8251221333979328,False,False,down
AGR3,-0.16035,0.3974667322456245,0.3828125,8,0.6647834809825736,0.6402735264806378,False,False,down
BTN3A2,0.1428,0.3986775227403112,0.3828125,8,0.6664290747229903,0.6402735264806378,False,False,up
CORO6,-0.20270000000000002,0.3990973640603499,0.49609375,9,0.6667513983192536,0.7318068024861878,False,False,down
PTPN9,0.13399,0.39982268562257883,0.375,10,0.6672829405369894,0.6402735264806378,False,False,up
PXN,-0.13414444444444446,0.3998699269135517,0.42578125,9,0.6672829405369894,0.6793829129823151,False,False,down
CFP,0.04525,0.40030499153251986,0.431640625,10,0.6673450817205074,0.6793829129823151,False,False,up
SLC13A1,0.13990000000000002,0.40068685661692705,0.431640625,10,0.6673450817205074,0.6793829129823151,False,False,up
DUSP3,0.10431111111111112,0.4006994340463559,0.42578125,9,0.6673450817205074,0.6793829129823151,False,False,up
CLEC4C,-0.1332625,0.4008160449965867,0.7421875,8,0.6673450817205074,0.8768321349557522,False,False,down
FTCD,-0.06913999999999995,0.4052037531309177,0.232421875,10,0.6740885336531838,0.4942961961440985,False,False,down
SEPTIN3,0.11675555555555556,0.4053252810458027,0.42578125,9,0.6740885336531838,0.6793829129823151,False,False,up
PTGES2,0.26614,0.40595067443766764,0.625,10,0.6747465369685511,0.8251221333979328,False,False,up
SH3GLB2,0.21223999999999998,0.4075090601115011,0.375,10,0.6763123879415328,0.6402735264806378,False,False,up
KLK11,-0.09416666666666668,0.40754464266806656,0.8203125,9,0.6763123879415328,0.9312940906455354,False,False,down
IFNLR1,0.1127,0.4075835637237021,0.4609375,8,0.6763123879415328,0.717041015625,False,False,up
CLEC5A,0.09226666666666666,0.4080669436419473,0.5703125,9,0.67673213635031,0.7765451147426982,False,False,up
ASS1,-0.18339999999999995,0.40832123439048396,0.4609375,8,0.676771707339081,0.717041015625,False,False,down
XPNPEP2,0.04524444444444445,0.40863027753636527,0.49609375,9,0.6769019318241989,0.7318068024861878,False,False,up
PPM1A,-0.2182625,0.409716273237273,0.4609375,8,0.6780641912940784,0.717041015625,False,False,down
IL32,-0.07995000000000001,0.40979364642389826,0.546875,8,0.6780641912940784,0.7765451147426982,False,False,down
TMPRSS11D,0.0784,0.4101690165504466,0.6953125,10,0.6782074866983716,0.8562401729559749,False,False,up
AGBL2,0.14312222222222218,0.41056229229515495,0.8203125,9,0.6782074866983716,0.9312940906455354,False,False,up
DNAJA1,-0.22825555555555554,0.411077418209023,0.65234375,9,0.6782074866983716,0.8251221333979328,False,False,down
STC2,0.043379999999999995,0.411572743794275,0.625,10,0.6782074866983716,0.8251221333979328,False,False,up
CD27,0.1079333333333333,0.41188215188881594,0.49609375,9,0.6782074866983716,0.7318068024861878,False,False,up
HDDC2,0.09307000000000001,0.4119766102735938,0.322265625,10,0.6782074866983716,0.5871551740849876,False,False,up
FRMD7,0.21474999999999997,0.4120111898420771,0.546875,8,0.6782074866983716,0.7765451147426982,False,False,up
ALDH2,0.07358,0.4120759638326764,1.0,10,0.6782074866983716,1.0,False,False,up
CA2,0.22027999999999998,0.4122103568244917,0.275390625,10,0.6782074866983716,0.5406565946691176,False,False,up
SERPINA7,-0.05836,0.41245765320727046,0.556640625,10,0.6782074866983716,0.7765451147426982,False,False,down
RBP7,-0.1999099999999999,0.4125622018906835,0.625,10,0.6782074866983716,0.8251221333979328,False,False,down
TSNAX,0.23511249999999997,0.41286122093653665,0.546875,8,0.6782074866983716,0.7765451147426982,False,False,up
RELT,0.06448000000000001,0.41288218802066345,0.232421875,10,0.6782074866983716,0.4942961961440985,False,False,up
CELA3A,-0.05636,0.4133295501961227,0.4921875,10,0.678454676010125,0.7318068024861878,False,False,down
MAEA,-0.14584999999999998,0.4137138025939008,0.7421875,8,0.678454676010125,0.8768321349557522,False,False,down
VWA1,-0.07321,0.4138076233108635,0.556640625,10,0.678454676010125,0.7765451147426982,False,False,down
PYDC1,-0.07525000000000001,0.4139566834900048,0.375,10,0.678454676010125,0.6402735264806378,False,False,down
CST7,0.15919000000000003,0.4147790869608464,0.083984375,10,0.6794234123837177,0.2725548169889503,False,False,up
TTR,0.04079999999999999,0.41647010785943195,0.4921875,10,0.6814634150352971,0.7318068024861878,False,False,up
GIPC2,0.09979,0.41657895416174884,0.4921875,10,0.6814634150352971,0.7318068024861878,False,False,up
PTH1R,0.09086250000000001,0.4168740994579059,0.546875,8,0.6814634150352971,0.7765451147426982,False,False,up
PCSK7,0.12882,0.4169525899960602,0.921875,10,0.6814634150352971,0.9771010014435222,False,False,up
GKN1,0.12296666666666664,0.4179365037277539,0.49609375,9,0.6823632772239308,0.7318068024861878,False,False,up
C2CD2L,0.18552222222222226,0.41796783647458335,0.30078125,9,0.6823632772239308,0.5728888010700389,False,False,up
HAO1,0.052250000000000005,0.41876935016868144,0.625,10,0.6829238095173984,0.8251221333979328,False,False,up
VSTM1,-0.14342222222222223,0.41900700269738544,0.42578125,9,0.6829238095173984,0.6793829129823151,False,False,down
PER3,-0.35001000000000004,0.4190087520430208,0.625,10,0.6829238095173984,0.8251221333979328,False,False,down
CERT,0.2342444444444444,0.41957777403438956,0.359375,9,0.6834719480526912,0.6354511589403974,False,False,up
ZNF830,-0.10417999999999998,0.4203257298202351,0.322265625,10,0.6843107918414802,0.5871551740849876,False,False,down
NBL1,-0.0572,0.42062277594231656,0.5703125,9,0.6844150099404896,0.7765451147426982,False,False,down
TLR3,0.06096,0.4211290863218867,0.275390625,10,0.684777588190107,0.5406565946691176,False,False,up
NPTX2,0.055279999999999996,0.4213119175551663,0.4921875,10,0.684777588190107,0.7318068024861878,False,False,up
TET2,-0.22108888888888886,0.4222275547870461,0.359375,9,0.6857645108307376,0.6354511589403974,False,False,down
CEACAM3,0.21687499999999998,0.42238610830534706,0.640625,8,0.6857645108307376,0.8251221333979328,False,False,up
FAM171B,-0.12489999999999997,0.4237519414624117,0.4921875,10,0.6869234855187082,0.7318068024861878,False,False,down
KRT5,0.20364444444444446,0.42379909100083535,0.49609375,9,0.6869234855187082,0.7318068024861878,False,False,up
NGFR,0.16862,0.4238172700485404,0.375,10,0.6869234855187082,0.6402735264806378,False,False,up
SPINK8,0.1440125,0.42403550536105483,0.3125,8,0.6869234855187082,0.5868366368286445,False,False,up
CCL26,0.19845000000000002,0.4244230837427069,0.3828125,8,0.6871723246705238,0.6402735264806378,False,False,up
KLK4,0.03912,0.42476967674687227,0.232421875,10,0.687354567826757,0.4942961961440985,False,False,up
TUBB3,-0.22182222222222217,0.42525344916737584,0.42578125,9,0.6875157144216332,0.6793829129823151,False,False,down
ADGRG2,0.05437777777777778,0.4253374372162436,0.42578125,9,0.6875157144216332,0.6793829129823151,False,False,up
PHOSPHO1,-0.09361111111111116,0.42569265302867376,0.5703125,9,0.6875197954752629,0.7765451147426982,False,False,down
PARD3,-0.27279999999999993,0.42580814026881275,0.42578125,9,0.6875197954752629,0.6793829129823151,False,False,down
FCAMR,-0.09583999999999997,0.42645870584201206,0.322265625,10,0.6881918786032909,0.5871551740849876,False,False,down
LACRT,-0.14188,0.42711064928358267,0.6953125,10,0.6883648314696367,0.8562401729559749,False,False,down
C1QTNF6,-0.21466666666666667,0.4271844687188776,0.42578125,9,0.6883648314696367,0.6793829129823151,False,False,down
FCGR3B,0.06381,0.42734202283643696,0.375,10,0.6883648314696367,0.6402735264806378,False,False,up
TNF__Neurology,0.10046666666666668,0.42750338869615845,0.65234375,9,0.6883648314696367,0.8251221333979328,False,False,up
MNAT1,-0.14738888888888887,0.42856986041496126,0.5703125,9,0.6897039342678034,0.7765451147426982,False,False,down
OLR1,-0.4382222222222223,0.4302154903182266,1.0,9,0.6914909293843476,1.0,False,False,down
ANGPTL1,0.05746666666666665,0.4302219240993448,0.49609375,9,0.6914909293843476,0.7318068024861878,False,False,up
CCL8,0.14281999999999995,0.43038659139073465,0.130859375,10,0.6914909293843476,0.347813560520362,False,False,up
DLL1,0.04972222222222222,0.4306786165693631,0.30078125,9,0.6915554430806256,0.5728888010700389,False,False,up
LAP3,0.2292777777777778,0.4311396624143775,0.49609375,9,0.6915554430806256,0.7318068024861878,False,False,up
ANXA5,-0.10157777777777778,0.4314835250873498,0.49609375,9,0.6915554430806256,0.7318068024861878,False,False,down
SOX2,-0.12435555555555558,0.4317267627428689,0.49609375,9,0.6915554430806256,0.7318068024861878,False,False,down
KLK1,0.04175555555555558,0.431738550321108,0.42578125,9,0.6915554430806256,0.6793829129823151,False,False,up
PIK3IP1,0.04078000000000002,0.43183952421173555,0.375,10,0.6915554430806256,0.6402735264806378,False,False,up
PM20D1,0.09387777777777788,0.43257772433680186,0.359375,9,0.6922586353924232,0.6354511589403974,False,False,up
SHISA5,0.07411,0.43275003560792946,0.431640625,10,0.6922586353924232,0.6793829129823151,False,False,up
SV2A,0.32306250000000003,0.4332006887613453,0.3828125,8,0.6926022987980791,0.6402735264806378,False,False,up
TEX33,-0.1804888888888889,0.43353884199286763,0.49609375,9,0.6927658209646639,0.7318068024861878,False,False,down
PCSK9,-0.04382,0.43518964666039917,0.625,10,0.6950255531493161,0.8251221333979328,False,False,down
HGS,0.1208375,0.4360640421961589,0.640625,8,0.6960435282228906,0.8251221333979328,False,False,up
FMNL1,0.1754888888888889,0.43655321671224867,0.65234375,9,0.69644584328293,0.8251221333979328,False,False,up
IGFBP1,0.26327999999999996,0.4369848511157647,0.375,10,0.6967559759647127,0.6402735264806378,False,False,up
SLC4A1,0.12028999999999998,0.43768517803749096,0.4921875,10,0.6972196582981233,0.7318068024861878,False,False,up
C4BPB,0.05315555555555556,0.437833410796755,0.49609375,9,0.6972196582981233,0.7318068024861878,False,False,up
THSD1,-0.14537999999999998,0.4379878343752256,0.556640625,10,0.6972196582981233,0.7765451147426982,False,False,down
AKAP12,-0.07765,0.439346615246725,0.6953125,10,0.6989087722786683,0.8562401729559749,False,False,down
ITGAM,0.07283000000000003,0.43980164877665917,0.6953125,10,0.6989087722786683,0.8562401729559749,False,False,up
LEFTY2,0.11732000000000001,0.4399330273384522,0.083984375,10,0.6989087722786683,0.2725548169889503,False,False,up
NME1,0.09516999999999999,0.4400794278968698,0.625,10,0.6989087722786683,0.8251221333979328,False,False,up
APOA1,0.042260000000000006,0.44023875679793545,0.625,10,0.6989087722786683,0.8251221333979328,False,False,up
KITLG,0.047977777777777786,0.4407602803457108,0.5703125,9,0.6993586944221245,0.7765451147426982,False,False,up
SPAG1,0.11758888888888891,0.4426650557156985,0.5703125,9,0.7016340713561505,0.7765451147426982,False,False,up
RIPK4,-0.245575,0.4427566065952454,0.4609375,8,0.7016340713561505,0.717041015625,False,False,down
ELOA,0.16714444444444446,0.44316610191740435,0.42578125,9,0.7016340713561505,0.6793829129823151,False,False,up
CRNN,0.04625,0.44317106441173015,0.275390625,10,0.7016340713561505,0.5406565946691176,False,False,up
GNGT1,-0.24612499999999998,0.4433887764511458,0.640625,8,0.7016340713561505,0.8251221333979328,False,False,down
SEL1L,-0.19971,0.4437561028157272,0.845703125,10,0.7018371965373132,0.9341218797010155,False,False,down
WFIKKN2,0.041679999999999995,0.44405150819342654,0.76953125,10,0.7019264152659278,0.8933254076086956,False,False,up
C8B,0.11170000000000002,0.4451943741939557,0.431640625,10,0.7033544255016934,0.6793829129823151,False,False,up
TCOF1,0.0689,0.4456810490075954,0.556640625,10,0.7037447531910257,0.7765451147426982,False,False,up
BRD1,-0.1562888888888889,0.44609146543616607,0.65234375,9,0.7040099710414929,0.8251221333979328,False,False,down
GFAP,-0.24574999999999997,0.44632841882167507,0.9453125,8,0.7040099710414929,0.987685098719317,False,False,down
PRTN3,-0.21578,0.4466145938115301,0.76953125,10,0.7040832324339581,0.8933254076086956,False,False,down
PTS,0.11835555555555557,0.44731319058015784,0.5703125,9,0.704607956026448,0.7765451147426982,False,False,up
SMPDL3B,-0.14787000000000003,0.44742725161366204,0.625,10,0.704607956026448,0.8251221333979328,False,False,down
DOC2B,-0.2031375,0.4482746554843129,0.9453125,8,0.7052561156237456,0.987685098719317,False,False,down
PTPRC,-0.06659000000000001,0.4483508180155218,0.375,10,0.7052561156237456,0.6402735264806378,False,False,down
AMFR,-0.1521222222222222,0.4486611727843173,0.65234375,9,0.7052561156237456,0.8251221333979328,False,False,down
NCR3LG1,0.05197999999999996,0.4487993463060199,0.556640625,10,0.7052561156237456,0.7765451147426982,False,False,up
CYB5R2,0.09182000000000001,0.4494092320095441,0.556640625,10,0.7058368526267546,0.7765451147426982,False,False,up
CSF1,0.04721,0.449883275555108,0.16015625,10,0.706085995048203,0.39822443181818185,False,False,up
ERMAP,0.11225000000000003,0.45004868325850733,0.556640625,10,0.706085995048203,0.7765451147426982,False,False,up
IL13,0.10715555555555557,0.4503973834589349,0.30078125,9,0.7062558009711115,0.5728888010700389,False,False,up
INPP5D,0.19690999999999997,0.4507126866872819,0.4921875,10,0.7063730847388191,0.7318068024861878,False,False,up
SMS,0.13264444444444445,0.4519732424521732,0.42578125,9,0.7079708869770841,0.6793829129823151,False,False,up
NLGN1,-0.12608749999999996,0.45249444999334265,0.3828125,8,0.7084094880759314,0.6402735264806378,False,False,down
CLSTN3,-0.10214000000000001,0.45285296473188597,0.625,10,0.7085930513679005,0.8251221333979328,False,False,down
SERPINB5,-0.6621444444444444,0.4535301708448791,0.8203125,9,0.7090569588362349,0.9312940906455354,False,False,down
CD80,0.14711000000000002,0.4536620101790888,0.556640625,10,0.7090569588362349,0.7765451147426982,False,False,up
PRKAG3,0.1705375,0.4538737087545528,0.546875,8,0.7090569588362349,0.7765451147426982,False,False,up
GUSB,0.08757000000000001,0.45495197769480067,0.16015625,10,0.7100137113115799,0.39822443181818185,False,False,up
SLC9A3R1,0.17815999999999999,0.45496963046932015,0.322265625,10,0.7100137113115799,0.5871551740849876,False,False,up
EDNRB,0.15941999999999998,0.45615781822103874,0.431640625,10,0.7114899161525176,0.6793829129823151,False,False,up
F2,0.056340000000000015,0.45662989710222524,0.431640625,10,0.7115228241891058,0.6793829129823151,False,False,up
ZBTB17,0.05571111111111111,0.45666344010775095,0.734375,9,0.7115228241891058,0.8768321349557522,False,False,up
CD177,0.07604000000000001,0.4583062859783812,0.16015625,10,0.7137039034562597,0.39822443181818185,False,False,up
MORN4,0.10655555555555571,0.4585791030179879,0.91015625,9,0.7137503050152785,0.9771010014435222,False,False,up
EDEM2,-0.1638625,0.4588645352445291,0.4609375,8,0.7138162817866429,0.717041015625,False,False,down
TARM1,-0.2194875,0.4594398293617056,0.640625,8,0.7143328633326254,0.8251221333979328,False,False,down
KRT18,0.19303333333333336,0.45974790238337904,0.25,9,0.7144336451322668,0.5088357588357588,False,False,up
TCP11,-0.12150000000000007,0.46073286396235613,0.359375,9,0.7155856274232892,0.6354511589403974,False,False,down
MEP1A,-0.07033999999999999,0.4619909044103223,0.375,10,0.7166565438932341,0.6402735264806378,False,False,down
MAMDC4,-0.03252000000000001,0.46204536874460167,0.556640625,10,0.7166565438932341,0.7765451147426982,False,False,down
IFNGR1,0.042280000000000005,0.46215440726380164,0.4921875,10,0.7166565438932341,0.7318068024861878,False,False,up
GABARAP,-0.13609999999999997,0.4626974760068432,0.431640625,10,0.7169406998479592,0.6793829129823151,False,False,down
PRSS53,-0.058110000000000016,0.46282586547896853,0.6953125,10,0.7169406998479592,0.8562401729559749,False,False,down
NOS2,-0.13166250000000002,0.4641503171547161,0.3828125,8,0.718014697795708,0.6402735264806378,False,False,down
SLC39A14,0.08755555555555555,0.46436206506759425,0.65234375,9,0.718014697795708,0.8251221333979328,False,False,up
GCLM,0.1348375,0.46441591687295214,0.546875,8,0.718014697795708,0.7765451147426982,False,False,up
MASP1,0.06021111111111113,0.46449708063052275,0.65234375,9,0.718014697795708,0.8251221333979328,False,False,up
ITIH1,0.0491,0.4655889332709122,0.431640625,10,0.7188879517192013,0.6793829129823151,False,False,up
TNF__Oncology,0.12308750000000002,0.46570729068581074,0.546875,8,0.7188879517192013,0.7765451147426982,False,False,up
SDK2,-0.08045000000000001,0.46579631328622406,0.431640625,10,0.7188879517192013,0.6793829129823151,False,False,down
TGFBR3,-0.023620000000000006,0.46604695553614284,0.845703125,10,0.7188970107193549,0.9341218797010155,False,False,down
AGR2,-0.31252222222222226,0.46681891497276295,0.42578125,9,0.7197097917454094,0.6793829129823151,False,False,down
IFNGR2,-0.051188888888888874,0.467160918316482,0.42578125,9,0.7198591905013156,0.6793829129823151,False,False,down
CR1,0.05582222222222222,0.4675121827256079,0.42578125,9,0.7200226956817569,0.6793829129823151,False,False,up
OSTN,-0.2066375,0.4682442989912661,0.546875,8,0.72040728497313,0.7765451147426982,False,False,down
SLURP1,-0.12667999999999996,0.4683202182543169,0.556640625,10,0.72040728497313,0.7765451147426982,False,False,down
ROBO4,0.03132,0.4684977576774526,0.625,10,0.72040728497313,0.8251221333979328,False,False,up
MYH4,-0.101075,0.4696061457943047,0.546875,8,0.7217337782301794,0.7765451147426982,False,False,down
ITPRIP,-0.13923333333333335,0.4706652874355194,0.734375,9,0.7229832370283057,0.8768321349557522,False,False,down
IL31,0.10684999999999997,0.47157364440575966,0.556640625,10,0.7238003830592382,0.7765451147426982,False,False,up
TAFA5,-0.14655555555555558,0.4720761275148423,0.65234375,9,0.7238003830592382,0.8251221333979328,False,False,down
PALLD,-0.25417,0.47213158359155727,0.76953125,10,0.7238003830592382,0.8933254076086956,False,False,down
CCL2,-0.14787777777777777,0.47218302143054147,0.734375,9,0.7238003830592382,0.8768321349557522,False,False,down
SELPLG,-0.09144999999999998,0.4735037648034136,0.546875,8,0.725059137146727,0.7765451147426982,False,False,down
IL12RB1,-0.18385555555555558,0.47358517173039405,0.5703125,9,0.725059137146727,0.7765451147426982,False,False,down
AAMDC,0.11707999999999999,0.4738235011353148,0.375,10,0.725059137146727,0.6402735264806378,False,False,up
SLAMF8,-0.0676375,0.4739916729049083,0.7421875,8,0.725059137146727,0.8768321349557522,False,False,down
SNX5,0.07422000000000001,0.47533793449937034,0.845703125,10,0.7261172213793513,0.9341218797010155,False,False,up
EDDM3B,-0.12192,0.4753455208655841,0.6953125,10,0.7261172213793513,0.8562401729559749,False,False,down
EPHB6,-0.07696666666666667,0.4755644021122042,0.49609375,9,0.7261172213793513,0.7318068024861878,False,False,down
TREML1,0.23966666666666667,0.4758742312661578,0.12890625,9,0.7261172213793513,0.347813560520362,False,False,up
PODXL2,0.04165555555555553,0.4759195271212977,0.49609375,9,0.7261172213793513,0.7318068024861878,False,False,up
HRAS,-0.07592222222222222,0.47636183707791724,0.49609375,9,0.7264147017122756,0.7318068024861878,False,False,down
FGF23,0.1034,0.4766692193890779,0.76953125,10,0.7265062259189008,0.8933254076086956,False,False,up
FAS,-0.031630000000000005,0.47775906487248443,0.6953125,10,0.7277329658279366,0.8562401729559749,False,False,down
THOP1,0.036233333333333326,0.47807632140510403,0.49609375,9,0.7277329658279366,0.7318068024861878,False,False,up
MERTK,-0.056910000000000016,0.47821744094243024,0.845703125,10,0.7277329658279366,0.9341218797010155,False,False,down
LMOD2,-0.3017666666666667,0.478532066666876,0.65234375,9,0.7278346348009399,0.8251221333979328,False,False,down
IL15RA,0.1290888888888889,0.47943004446358795,0.5703125,9,0.7287062122493358,0.7765451147426982,False,False,up
DNAJC21,0.09165000000000001,0.4796013307041084,0.4921875,10,0.7287062122493358,0.7318068024861878,False,False,up
ADGRF5,0.08825,0.4804872916091931,0.16015625,10,0.729596843942948,0.39822443181818185,False,False,up
DDR1,0.03832,0.4807679617524523,0.375,10,0.729596843942948,0.6402735264806378,False,False,up
AZU1,-0.36179999999999995,0.4810821690694532,1.0,10,0.729596843942948,1.0,False,False,down
PNLIP,0.06656666666666669,0.4812075656492959,0.734375,9,0.729596843942948,0.8768321349557522,False,False,up
IL11,0.13222222222222224,0.4815243513338968,0.49609375,9,0.729596843942948,0.7318068024861878,False,False,up
ADIPOQ,-0.06571999999999999,0.4817001625657643,0.76953125,10,0.729596843942948,0.8933254076086956,False,False,down
PRRT3,-0.03893,0.48192641377232526,0.556640625,10,0.729596843942948,0.7765451147426982,False,False,down
CNTNAP4,-0.10450000000000001,0.48254655411239156,0.546875,8,0.7301593144915476,0.7765451147426982,False,False,down
ITGAX,0.6183666666666666,0.4828540491269073,1.0,9,0.7302483739885307,1.0,False,False,up
COL2A1,-0.23697999999999997,0.4831464634823568,0.6953125,10,0.7302626704701936,0.8562401729559749,False,False,down
SIGLEC10,-0.040975,0.4834879902207242,0.3828125,8,0.7302626704701936,0.6402735264806378,False,False,down
DCDC2C,0.22316666666666668,0.48360942937164675,0.5703125,9,0.7302626704701936,0.7765451147426982,False,False,up
HEG1,0.02788999999999999,0.48525132743407573,0.431640625,10,0.7319924555654314,0.6793829129823151,False,False,up
APBB1IP,-0.14939999999999995,0.4854657121524688,0.5703125,9,0.7319924555654314,0.7765451147426982,False,False,down
ANKRA2,0.8767444444444443,0.485966368416075,0.91015625,9,0.7319924555654314,0.9771010014435222,False,False,up
IL5RA,0.109075,0.48613241302256416,0.546875,8,0.7319924555654314,0.7765451147426982,False,False,up
ATXN10,-0.23856666666666668,0.4861529970316435,0.91015625,9,0.7319924555654314,0.9771010014435222,False,False,down
PI3,-0.10145000000000001,0.48625035097315505,0.845703125,10,0.7319924555654314,0.9341218797010155,False,False,down
DDAH1,-0.08337777777777777,0.4867600327485201,0.65234375,9,0.7323843320606575,0.8251221333979328,False,False,down
TMED4,-0.204725,0.4884422650974388,0.640625,8,0.7343730661633073,0.8251221333979328,False,False,down
IGF1R,0.055111111111111125,0.48870429738887533,0.203125,9,0.7343730661633073,0.4526389415781487,False,False,up
KRT19,-0.23099999999999998,0.4889972141787329,0.640625,8,0.7343730661633073,0.8251221333979328,False,False,down
CFH,0.036229999999999984,0.4890819603048788,0.625,10,0.7343730661633073,0.8251221333979328,False,False,up
IMPG1,-0.11637777777777776,0.48995556156636844,0.30078125,9,0.7350533609449176,0.5728888010700389,False,False,down
MTR,-0.378675,0.49003932597940647,0.9453125,8,0.7350533609449176,0.987685098719317,False,False,down
DEFB118,-0.21810000000000004,0.49028584749441384,0.12890625,9,0.7350533609449176,0.347813560520362,False,False,down
SH3BGRL2,0.19118888888888888,0.49154455155023435,0.5703125,9,0.7365644632158359,0.7765451147426982,False,False,up
MEP1B,-0.06393333333333333,0.49181611060049235,0.65234375,9,0.7365955720722315,0.8251221333979328,False,False,down
LAMP3,0.03763999999999999,0.49418925270435976,0.322265625,10,0.7397725969381778,0.5871551740849876,False,False,up
ITIH5,-0.24269000000000002,0.4946218132628316,0.431640625,10,0.7400429269245729,0.6793829129823151,False,False,down
SMPD1,0.043469999999999995,0.4953188716033252,0.431640625,10,0.7407085162418361,0.6793829129823151,False,False,up
NUBP1,0.24175,0.4956837700381642,0.556640625,10,0.7407252469595228,0.7765451147426982,False,False,up
HIP1R,-0.06241000000000001,0.49583446902363704,0.625,10,0.7407252469595228,0.8251221333979328,False,False,down
PSMD9,-0.11469999999999997,0.49627534535367,0.5703125,9,0.7408627390502349,0.7765451147426982,False,False,down
MRPL24,-0.07675000000000001,0.49643100798463136,0.546875,8,0.7408627390502349,0.7765451147426982,False,False,down
RALY,-0.14489999999999997,0.4968531766170605,0.6953125,10,0.7411161908198612,0.8562401729559749,False,False,down
SEMA6C,0.10417999999999998,0.49796628607226634,0.4921875,10,0.7423994833473332,0.7318068024861878,False,False,up
LRTM1,-0.16632499999999997,0.4987334159041671,0.4609375,8,0.7431659271996646,0.717041015625,False,False,down
RASGRF1,-0.20041111111111112,0.5000299549565413,0.49609375,9,0.7444334992241309,0.7318068024861878,False,False,down
PRR5,-0.25673,0.5000910091825708,0.556640625,10,0.7444334992241309,0.7765451147426982,False,False,down
GPHA2,-0.05286999999999999,0.501067672309018,0.322265625,10,0.7455095002895573,0.5871551740849876,False,False,down
ATF4,-0.20146666666666663,0.50330606151722,0.42578125,9,0.7484607102157342,0.6793829129823151,False,False,down
TBC1D17,0.07360000000000001,0.5040656950458674,0.5703125,9,0.7488768798507723,0.7765451147426982,False,False,up
ICOSLG,-0.06841111111111112,0.5042741125586208,0.734375,9,0.7488768798507723,0.8768321349557522,False,False,down
CDSN,0.09158,0.5043508574548272,0.625,10,0.7488768798507723,0.8251221333979328,False,False,up
CTSL,0.03158888888888889,0.5056295511257759,0.49609375,9,0.7497465183832379,0.7318068024861878,False,False,up
ATP1B2,-0.10851249999999998,0.5057106619693901,0.3828125,8,0.7497465183832379,0.6402735264806378,False,False,down
PAIP2B,-0.1371333333333333,0.5058674866940631,1.0,9,0.7497465183832379,1.0,False,False,down
TK1,-0.12088888888888889,0.5059576436620965,0.65234375,9,0.7497465183832379,0.8251221333979328,False,False,down
LYPD8,0.17808749999999995,0.5071135349044129,0.84375,8,0.750808699589378,0.9341218797010155,False,False,up
ALDH1A1,0.04700999999999998,0.5071857201175778,0.556640625,10,0.750808699589378,0.7765451147426982,False,False,up
TBR1,0.11161249999999999,0.5080303486876254,0.640625,8,0.7516801683101036,0.8251221333979328,False,False,up
TPSD1,0.09231111111111111,0.5093263753073112,0.5703125,9,0.7532183103109632,0.7765451147426982,False,False,up
BSG,0.017329999999999998,0.5096141645542158,0.4921875,10,0.7532646206823008,0.7318068024861878,False,False,up
CD33,0.08296666666666667,0.5103328506303118,0.49609375,9,0.7539474760066528,0.7318068024861878,False,False,up
GPC5,0.10010000000000001,0.5110248086822538,0.1640625,9,0.7545901775262841,0.39822443181818185,False,False,up
PFDN4,0.11533333333333334,0.5116566126857764,0.65234375,9,0.7551434529940328,0.8251221333979328,False,False,up
HLA-A,-0.05022222222222225,0.5129698133967413,1.0,9,0.7564335871455254,1.0,False,False,down
PLA2G15,-0.058544444444444434,0.5130458650302644,0.5703125,9,0.7564335871455254,0.7765451147426982,False,False,down
BCL2,-0.09631000000000002,0.5161488827454666,0.6953125,10,0.7604351055781189,0.8562401729559749,False,False,down
CCDC134,0.13735,0.5164550044700946,0.431640625,10,0.7604351055781189,0.6793829129823151,False,False,up
LILRA5,-0.03764444444444444,0.5165366141056681,0.91015625,9,0.7604351055781189,0.9771010014435222,False,False,down
CASP10,0.29798888888888886,0.5173710854796864,0.49609375,9,0.7612820030329853,0.7318068024861878,False,False,up
PCDH9,-0.04993,0.5183870558832895,0.921875,10,0.7623949840406716,0.9771010014435222,False,False,down
IGFL4,-0.11081999999999999,0.518952999145251,1.0,10,0.7627520176695519,1.0,False,False,down
SLAMF6,0.181775,0.5191492282333791,0.546875,8,0.7627520176695519,0.7765451147426982,False,False,up
S100A13,0.05601000000000002,0.5202072200822206,0.4921875,10,0.763494932222094,0.7318068024861878,False,False,up
HIF1A,0.12200999999999995,0.520453803580829,0.6953125,10,0.763494932222094,0.8562401729559749,False,False,up
ART5,-0.1182222222222222,0.5204879654640888,0.734375,9,0.763494932222094,0.8768321349557522,False,False,down
CGB3_CGB5_CGB8,-0.12582222222222222,0.5208436951935216,0.49609375,9,0.763494932222094,0.7318068024861878,False,False,down
DCUN1D2,-0.22503333333333334,0.5210990282220568,0.5703125,9,0.763494932222094,0.7765451147426982,False,False,down
LTA4H,0.12075000000000022,0.521834599140528,0.625,10,0.763494932222094,0.8251221333979328,False,False,up
CREB3,0.15762222222222227,0.5222271165602933,0.30078125,9,0.763494932222094,0.5728888010700389,False,False,up
BDNF,0.34480000000000005,0.5222452346099196,0.322265625,10,0.763494932222094,0.5871551740849876,False,False,up
EZR,0.044549999999999985,0.5223213189893309,0.6953125,10,0.763494932222094,0.8562401729559749,False,False,up
RBM17,0.06531111111111111,0.5225072279935878,0.5703125,9,0.763494932222094,0.7765451147426982,False,False,up
CSPG4,-0.0464,0.522514407138716,0.625,10,0.763494932222094,0.8251221333979328,False,False,down
SLITRK6,0.10457777777777776,0.5229172702252374,0.5703125,9,0.7637036412986187,0.7765451147426982,False,False,up
COLEC12,0.03637000000000002,0.5238294431206495,0.625,10,0.7638249567338016,0.8251221333979328,False,False,up
PQBP1,0.14855,0.5240046169640484,0.7421875,8,0.7638249567338016,0.8768321349557522,False,False,up
SERPINE2,0.27544,0.5240461587010363,0.16015625,10,0.7638249567338016,0.39822443181818185,False,False,up
CAMKK1,-0.13487499999999997,0.5241482891950249,0.640625,8,0.7638249567338016,0.8251221333979328,False,False,down
DCBLD2,0.053944444444444434,0.5243006853167668,0.49609375,9,0.7638249567338016,0.7318068024861878,False,False,up
NBN,0.11052222222222222,0.5248199993783352,0.5703125,9,0.764202448276733,0.7765451147426982,False,False,up
LEPR,-0.07451111111111111,0.5251710705112103,0.91015625,9,0.764301579381961,0.9771010014435222,False,False,down
CPQ,-0.03798,0.5254085423126249,0.921875,10,0.764301579381961,0.9771010014435222,False,False,down
ST8SIA1,0.11878999999999999,0.525762078937507,0.375,10,0.7644372405145833,0.6402735264806378,False,False,up
SEMA4D,0.0893,0.5262857202172424,0.193359375,10,0.7648199704493028,0.4478007903981265,False,False,up
TMEM106A,0.23040000000000002,0.5266796467357118,0.275390625,10,0.7650139082407446,0.5406565946691176,False,False,up
CLEC4D,-0.2585375,0.527166431227591,0.7421875,8,0.7653424658998689,0.8768321349557522,False,False,down
REXO2,-0.1320375,0.5276021178266053,0.546875,8,0.7655965514114326,0.7765451147426982,False,False,down
SIGLEC6,0.029709999999999997,0.5304147537030297,0.232421875,10,0.7678583087181128,0.4942961961440985,False,False,up
RBKS,0.06731111111111113,0.5305369457609359,0.5703125,9,0.7678583087181128,0.7765451147426982,False,False,up
ITGB1BP1,0.18103750000000002,0.5312546667236965,0.7421875,8,0.7678583087181128,0.8768321349557522,False,False,up
PSMG4,-0.16041,0.5312635044700337,0.625,10,0.7678583087181128,0.8251221333979328,False,False,down
CUZD1,-0.14367500000000002,0.5314202622983429,0.3828125,8,0.7678583087181128,0.6402735264806378,False,False,down
FKBPL,0.13860999999999998,0.5314832339554132,0.431640625,10,0.7678583087181128,0.6793829129823151,False,False,up
PPBP,0.27464999999999995,0.5314961485596328,0.232421875,10,0.7678583087181128,0.4942961961440985,False,False,up
HMOX1,0.0437888888888889,0.5315379318064358,0.49609375,9,0.7678583087181128,0.7318068024861878,False,False,up
MORF4L1,-0.10101111111111111,0.5316347362912359,0.5703125,9,0.7678583087181128,0.7765451147426982,False,False,down
ERVV-1,0.18805,0.5317752127792446,0.84375,8,0.7678583087181128,0.9341218797010155,False,False,up
CGREF1,0.041811111111111104,0.5321231521482497,0.359375,9,0.7679831439112577,0.6354511589403974,False,False,up
ZP3,0.03957000000000003,0.5326298645300651,0.6953125,10,0.7681059461621182,0.8562401729559749,False,False,up
SERPINF1,0.028560000000000002,0.5329996088634217,0.556640625,10,0.7681059461621182,0.7765451147426982,False,False,up
ARHGEF5,0.33573333333333333,0.5332080334326605,0.8203125,9,0.7681059461621182,0.9312940906455354,False,False,up
LCN2,0.10798999999999999,0.5333157673077749,0.083984375,10,0.7681059461621182,0.2725548169889503,False,False,up
PLA2G10,0.06602222222222222,0.5335158768031056,0.49609375,9,0.7681059461621182,0.7318068024861878,False,False,up
FLT4,0.0501,0.5341763469899455,0.5703125,9,0.7686800250413865,0.7765451147426982,False,False,up
BATF,0.15686250000000002,0.5347147127397074,0.546875,8,0.7690779193518711,0.7765451147426982,False,False,up
S100A16,0.14762222222222224,0.5370497057105121,0.65234375,9,0.7718722151754108,0.8251221333979328,False,False,up
LRIG1,0.04442,0.5371831146811508,0.232421875,10,0.7718722151754108,0.4942961961440985,False,False,up
NHLRC3,-0.035079999999999986,0.5375816797037843,0.4921875,10,0.7720671849828923,0.7318068024861878,False,False,down
LRP1,-0.0418111111111111,0.5382605314922241,0.65234375,9,0.772664311335612,0.8251221333979328,False,False,down
LRRC38,0.27604999999999996,0.5392118985124521,0.84375,8,0.7736518543874313,0.9341218797010155,False,False,up
CCL11,0.06455999999999999,0.5402868335094717,0.083984375,10,0.7748156396568937,0.2725548169889503,False,False,up
LRP11,-0.042566666666666655,0.5409921157943665,0.65234375,9,0.7751782643989604,0.8251221333979328,False,False,down
LAMP1,0.06997,0.5412305547665839,0.6953125,10,0.7751782643989604,0.8562401729559749,False,False,up
TSPAN8,0.05547,0.5414051997098748,0.556640625,10,0.7751782643989604,0.7765451147426982,False,False,up
PARP1,0.09879999999999997,0.5423001472664075,0.640625,8,0.7751782643989604,0.8251221333979328,False,False,up
NINJ1,0.08892499999999998,0.542471717659759,0.3828125,8,0.7751782643989604,0.6402735264806378,False,False,up
IKZF2,0.1557875,0.5427278252364034,0.640625,8,0.7751782643989604,0.8251221333979328,False,False,up
LCAT,0.03707777777777777,0.5427806699779841,0.359375,9,0.7751782643989604,0.6354511589403974,False,False,up
TP53INP1,-0.05031111111111111,0.543102584155267,0.65234375,9,0.7751782643989604,0.8251221333979328,False,False,down
KIAA0319,-0.13026999999999997,0.5431247617361394,0.16015625,10,0.7751782643989604,0.39822443181818185,False,False,down
COMMD9,-0.10206000000000001,0.5431790494154105,0.6953125,10,0.7751782643989604,0.8562401729559749,False,False,down
NXPH3,-0.056579999999999984,0.5438016444843803,0.556640625,10,0.7754429185361188,0.7765451147426982,False,False,down
CD22,0.032260000000000004,0.5441024820609086,0.130859375,10,0.7754429185361188,0.347813560520362,False,False,up
LAMTOR5,-0.07544000000000002,0.5446800317725142,0.625,10,0.7754429185361188,0.8251221333979328,False,False,down
LY96,0.053599999999999995,0.5446888120587577,0.49609375,9,0.7754429185361188,0.7318068024861878,False,False,up
ANPEP,0.04679,0.5450425629511191,0.6953125,10,0.7754429185361188,0.8562401729559749,False,False,up
CEACAM16,0.04097000000000002,0.5458700725069823,0.556640625,10,0.7754429185361188,0.7765451147426982,False,False,up
PNMA2,-0.10817777777777776,0.5462140183287802,1.0,9,0.7754429185361188,1.0,False,False,down
FGF16,-0.23141000000000003,0.5462609562000396,0.431640625,10,0.7754429185361188,0.6793829129823151,False,False,down
COL3A1,-0.06218,0.5466215260606906,0.625,10,0.7754429185361188,0.8251221333979328,False,False,down
ACVRL1,0.07296666666666665,0.5466293068818813,0.49609375,9,0.7754429185361188,0.7318068024861878,False,False,up
BAIAP2,0.2061625,0.5466502074192415,0.7421875,8,0.7754429185361188,0.8768321349557522,False,False,up
ZPR1,-0.18123333333333336,0.5466946048549803,0.65234375,9,0.7754429185361188,0.8251221333979328,False,False,down
ACE2,0.05797777777777776,0.5470933274462546,0.5703125,9,0.7754429185361188,0.7765451147426982,False,False,up
CPE,0.15021000000000004,0.5471557782005099,0.375,10,0.7754429185361188,0.6402735264806378,False,False,up
NCAM2,0.055200000000000006,0.5473248791710501,0.4921875,10,0.7754429185361188,0.7318068024861878,False,False,up
DEFB104A_DEFB104B,-0.10752222222222224,0.5481589510538964,0.5703125,9,0.775882939916796,0.7765451147426982,False,False,down
SMAD2,-0.06297,0.5481638067168375,0.76953125,10,0.775882939916796,0.8933254076086956,False,False,down
CEACAM20,-0.18637777777777778,0.5491973701352377,0.42578125,9,0.7767429339013651,0.6793829129823151,False,False,down
CXADR,0.08424999999999999,0.5493358952201326,0.4609375,8,0.7767429339013651,0.717041015625,False,False,up
IL4R,0.0668,0.5495647996755317,0.546875,8,0.7767429339013651,0.7765451147426982,False,False,up
EPGN,0.058730000000000004,0.5503918699272536,0.232421875,10,0.7775377210083425,0.4942961961440985,False,False,up
RAP1A,0.20847000000000002,0.5522291118702756,0.921875,10,0.779758125751442,0.9771010014435222,False,False,up
SLC44A4,-0.12266250000000001,0.5526500016223905,0.3828125,8,0.7799152119959547,0.6402735264806378,False,False,down
CD164L2,0.09796249999999998,0.5528714577376839,0.640625,8,0.7799152119959547,0.8251221333979328,False,False,up
LRIG3,0.08272000000000002,0.553292558627455,0.375,10,0.7801345389768772,0.6402735264806378,False,False,up
HGF,0.14603,0.5539072219560108,0.10546875,10,0.7805658211279005,0.3125748927850656,False,False,up
COPE,-0.08863333333333333,0.5541299751622991,0.5703125,9,0.7805658211279005,0.7765451147426982,False,False,down
CXCL1,0.20236,0.5548223814006352,0.232421875,10,0.7811665072740488,0.4942961961440985,False,False,up
CSF2,0.14800000000000005,0.5561894948757273,0.3828125,8,0.7827161219214237,0.6402735264806378,False,False,up
PIK3AP1,0.19904999999999998,0.5566499211375266,0.640625,8,0.7827846826550953,0.8251221333979328,False,False,up
PRAME,0.14524444444444443,0.5567712638973422,0.65234375,9,0.7827846826550953,0.8251221333979328,False,False,up
FABP4,-0.06575,0.5578397041644783,0.431640625,10,0.7839115842732405,0.6793829129823151,False,False,down
CBLN4,0.04290999999999999,0.5582769548467162,0.4921875,10,0.7839755866094889,0.7318068024861878,False,False,up
NGF,0.024866666666666662,0.558490531184844,0.91015625,9,0.7839755866094889,0.9771010014435222,False,False,up
SHPK,-0.06888888888888889,0.5586860411214369,0.5703125,9,0.7839755866094889,0.7765451147426982,False,False,down
PBXIP1,0.05270000000000001,0.5594658507167498,0.625,10,0.7846949396156133,0.8251221333979328,False,False,up
FSHB,-0.060489999999999974,0.55979564369413,0.275390625,10,0.784782723403179,0.5406565946691176,False,False,down
APOB,-0.07619999999999996,0.5605681754348795,0.65234375,9,0.7851308772111151,0.8251221333979328,False,False,down
CEACAM19,0.14891000000000004,0.5605786344949637,0.322265625,10,0.7851308772111151,0.5871551740849876,False,False,up
SAG,0.5175777777777779,0.5610176415125585,1.0,9,0.7851641548592004,1.0,False,False,up
PITHD1,-0.2686666666666666,0.5611370653896703,1.0,9,0.7851641548592004,1.0,False,False,down
SIGLEC1,0.03967,0.5623572034554636,0.4921875,10,0.7864967174041412,0.7318068024861878,False,False,up
CLEC4A,-0.07866250000000001,0.5638336552886967,0.640625,8,0.7881863139376022,0.8251221333979328,False,False,down
PADI2,0.13982222222222218,0.5647924084098532,0.65234375,9,0.7890091239177413,0.8251221333979328,False,False,up
TSLP,-0.11378888888888887,0.5651553738085426,0.734375,9,0.7890091239177413,0.8768321349557522,False,False,down
IGSF21,-0.03751,0.5653655744562771,0.625,10,0.7890091239177413,0.8251221333979328,False,False,down
GATA3,-0.13512222222222225,0.5658361664952178,0.65234375,9,0.7890091239177413,0.8251221333979328,False,False,down
LARP1,0.26259,0.5659341191883438,0.431640625,10,0.7890091239177413,0.6793829129823151,False,False,up
SNCG,-0.07874444444444445,0.5660341246491933,0.65234375,9,0.7890091239177413,0.8251221333979328,False,False,down
FOLR1,0.035811111111111106,0.5677792364459497,0.734375,9,0.789939868974039,0.8768321349557522,False,False,up
PDZK1,0.10425000000000002,0.567953374714165,0.625,10,0.789939868974039,0.8251221333979328,False,False,up
GIPR,0.10283000000000002,0.5684517470749115,0.232421875,10,0.789939868974039,0.4942961961440985,False,False,up
GID8,-0.12803333333333336,0.5686470701069767,0.65234375,9,0.789939868974039,0.8251221333979328,False,False,down
ANGPT1,0.2383200000000001,0.5687129632797238,0.193359375,10,0.789939868974039,0.4478007903981265,False,False,up
IL21R,-0.10991,0.568718670483995,0.556640625,10,0.789939868974039,0.7765451147426982,False,False,down
SERPINF2,-0.024569999999999995,0.5687548405117956,0.556640625,10,0.789939868974039,0.7765451147426982,False,False,down
GRIN2B,-0.11902222222222224,0.5689866682354456,0.49609375,9,0.789939868974039,0.7318068024861878,False,False,down
NCR1,-0.069625,0.5691224932751333,1.0,8,0.789939868974039,1.0,False,False,down
TNFRSF10B,-0.06735555555555557,0.5693955249072418,0.734375,9,0.7899455156601649,0.8768321349557522,False,False,down
SIGLEC8,0.06267,0.5708180655381381,0.625,10,0.7913251971163708,0.8251221333979328,False,False,up
SIGLEC9,0.02389,0.5712304337376665,0.375,10,0.7913251971163708,0.6402735264806378,False,False,up
NGRN,0.039889999999999995,0.5714190905134886,0.431640625,10,0.7913251971163708,0.6793829129823151,False,False,up
GUK1,0.16441250000000004,0.5714677368348051,0.9453125,8,0.7913251971163708,0.987685098719317,False,False,up
BMP4,-0.037844444444444424,0.5721443497044684,1.0,9,0.7915313001944679,1.0,False,False,down
LEG1,-0.03320000000000001,0.5723189465197446,0.625,10,0.7915313001944679,0.8251221333979328,False,False,down
TEF,-0.13911249999999997,0.572425087372506,0.9453125,8,0.7915313001944679,0.987685098719317,False,False,down
KIR2DL3,0.08382500000000001,0.573472334252567,0.7421875,8,0.7923775949664916,0.8768321349557522,False,False,up
ART3,0.03946,0.5735766996590947,0.845703125,10,0.7923775949664916,0.9341218797010155,False,False,up
VPS28,-0.11514444444444444,0.5749393823482076,0.5703125,9,0.792984095951059,0.7765451147426982,False,False,down
OGT,0.16981111111111108,0.5750848899203935,0.5703125,9,0.792984095951059,0.7765451147426982,False,False,up
PBK,0.1267666666666667,0.5751003016838792,0.91015625,9,0.792984095951059,0.9771010014435222,False,False,up
PGLYRP2,0.027049999999999998,0.5752508341243706,0.921875,10,0.792984095951059,0.9771010014435222,False,False,up
NUDT15,0.09112499999999998,0.5763779589939075,0.3125,8,0.792984095951059,0.5868366368286445,False,False,up
VASN,0.04758999999999999,0.5764131180388044,0.193359375,10,0.792984095951059,0.4478007903981265,False,False,up
AKR1B10,0.207675,0.5764658806803233,0.4609375,8,0.792984095951059,0.717041015625,False,False,up
GBP4,0.06194444444444444,0.5765801704140379,0.30078125,9,0.792984095951059,0.5728888010700389,False,False,up
SCRN1,0.19646249999999996,0.5766280166271209,0.7421875,8,0.792984095951059,0.8768321349557522,False,False,up
TJP3,-0.1403444444444445,0.5767157061462247,0.5703125,9,0.792984095951059,0.7765451147426982,False,False,down
ARID3A,0.10607777777777777,0.577068751467565,0.734375,9,0.7930597107134199,0.8768321349557522,False,False,up
SCARF2,0.03412,0.5774775256852986,0.4921875,10,0.7930597107134199,0.7318068024861878,False,False,up
MUC13,0.20275555555555558,0.5775807699067093,0.734375,9,0.7930597107134199,0.8768321349557522,False,False,up
ALPP,-0.05416666666666657,0.5782095243223437,0.91015625,9,0.793478578825024,0.9771010014435222,False,False,down
SIL1,-0.03356999999999997,0.5786902991206235,0.6953125,10,0.793478578825024,0.8562401729559749,False,False,down
SSB,0.1446,0.5786963281726938,0.5703125,9,0.793478578825024,0.7765451147426982,False,False,up
SYNGAP1,-0.10973333333333332,0.5795516154566824,0.49609375,9,0.7939551351864618,0.7318068024861878,False,False,down
MCTS1,0.05933000000000001,0.5796467762209523,0.6953125,10,0.7939551351864618,0.8562401729559749,False,False,up
GCHFR,-0.04646999999999999,0.5798548740125845,0.625,10,0.7939551351864618,0.8251221333979328,False,False,down
CFB,0.05201000000000002,0.5809947719297259,0.4921875,10,0.7951452214154731,0.7318068024861878,False,False,up
NECTIN2,0.0367888888888889,0.5825782463355855,0.65234375,9,0.796912635494765,0.8251221333979328,False,False,up
TOR1AIP1,0.12241999999999993,0.5828288529256913,0.556640625,10,0.796912635494765,0.7765451147426982,False,False,up
SEZ6,-0.082475,0.5841210746069303,0.3828125,8,0.7983078623176149,0.6402735264806378,False,False,down
CLC,-0.08898888888888895,0.5848804343832078,0.734375,9,0.798973877108596,0.8768321349557522,False,False,down
TNFRSF4,-0.03429000000000001,0.5856504180964477,1.0,10,0.799653778683992,1.0,False,False,down
LAMA1,-0.08205,0.5866952224940328,0.546875,8,0.800708117316438,0.7765451147426982,False,False,down
FUT1,0.15631111111111112,0.5871258331018185,0.91015625,9,0.8009236283418677,0.9771010014435222,False,False,up
LYPLA2,-0.10307777777777778,0.5879455470875314,0.30078125,9,0.8016694855135004,0.5728888010700389,False,False,down
FAM3B,0.031900000000000005,0.5883006997022779,0.8203125,9,0.8017196900829554,0.9312940906455354,False,False,up
ITPR1,0.06426,0.5888044054361792,0.375,10,0.8017196900829554,0.6402735264806378,False,False,up
CEP350,-0.20604444444444436,0.5891372449297465,0.5703125,9,0.8017196900829554,0.7765451147426982,False,False,down
ARHGAP5,0.12183333333333334,0.5893703230597184,0.8203125,9,0.8017196900829554,0.9312940906455354,False,False,up
LIPF,0.04460999999999999,0.5894156096734966,0.4921875,10,0.8017196900829554,0.7318068024861878,False,False,up
SULT2A1,-0.10982499999999999,0.5903712708117748,0.7421875,8,0.8017196900829554,0.8768321349557522,False,False,down
BLOC1S2,-0.27376666666666666,0.5904546215362243,0.5703125,9,0.8017196900829554,0.7765451147426982,False,False,down
DEFB116,-0.10517777777777776,0.5906952432647943,0.65234375,9,0.8017196900829554,0.8251221333979328,False,False,down
PRND,0.03160999999999998,0.5909963240188637,0.556640625,10,0.8017196900829554,0.7765451147426982,False,False,up
MPHOSPH8,0.17668888888888892,0.5911861435335632,0.42578125,9,0.8017196900829554,0.6793829129823151,False,False,up
PRKRA,0.16694999999999996,0.591419472145225,0.84375,8,0.8017196900829554,0.9341218797010155,False,False,up
ESPL1,0.1178333333333333,0.591508258660313,0.734375,9,0.8017196900829554,0.8768321349557522,False,False,up
TMPRSS15,-0.06581111111111113,0.5916470908456515,1.0,9,0.8017196900829554,1.0,False,False,down
PCDH7,-0.0435,0.5918039796049872,0.556640625,10,0.8017196900829554,0.7765451147426982,False,False,down
FASLG,-0.016220000000000005,0.5925514065282282,1.0,10,0.8018231420205586,1.0,False,False,down
IL12B,0.03969999999999999,0.592703562714582,0.431640625,10,0.8018231420205586,0.6793829129823151,False,False,up
DMP1,-0.030890000000000046,0.5928461747077363,0.6953125,10,0.8018231420205586,0.8562401729559749,False,False,down
LXN,-0.05992222222222224,0.592972374691404,0.734375,9,0.8018231420205586,0.8768321349557522,False,False,down
KRT17,-0.1385,0.595010922127361,0.546875,8,0.8037930473437863,0.7765451147426982,False,False,down
GIMAP8,-0.10327777777777777,0.5953121805808907,0.8203125,9,0.8037930473437863,0.9312940906455354,False,False,down
TIGIT,-0.09983333333333334,0.5954085761625537,0.65234375,9,0.8037930473437863,0.8251221333979328,False,False,down
TPM3,-0.13072499999999995,0.5955600589539112,0.640625,8,0.8037930473437863,0.8251221333979328,False,False,down
ROBO2,0.03359999999999999,0.5957975703327963,0.76953125,10,0.8037930473437863,0.8933254076086956,False,False,up
CLEC2L,-0.10874999999999999,0.596824523981826,0.640625,8,0.8048088277936744,0.8251221333979328,False,False,down
ISM1,-0.06415000000000001,0.5975963032333009,1.0,8,0.8051897155530139,1.0,False,False,down
VSIG10L,-0.10656249999999998,0.5976552876763944,0.7421875,8,0.8051897155530139,0.8768321349557522,False,False,down
SKIV2L,0.12590000000000004,0.5979294595829543,0.640625,8,0.8051897399335795,0.8251221333979328,False,False,up
MANSC1,0.031888888888888904,0.5985798094454318,0.65234375,9,0.8055735330450045,0.8251221333979328,False,False,up
SPACA5_SPACA5B,-0.06932222222222222,0.5987904513798661,0.91015625,9,0.8055735330450045,0.9771010014435222,False,False,down
NFIC,-0.05362222222222221,0.5990373156861728,0.734375,9,0.8055735330450045,0.8768321349557522,False,False,down
MMP9,-0.23487999999999998,0.599448467133027,0.375,10,0.805681464721744,0.6402735264806378,False,False,down
ACRBP,-0.07325,0.5996662178691632,0.6953125,10,0.805681464721744,0.8562401729559749,False,False,down
TNFRSF1A,0.04567,0.6004437755904795,0.232421875,10,0.8063572788793956,0.4942961961440985,False,False,up
PF4,0.27527999999999997,0.6009361275415395,0.16015625,10,0.8066496373809422,0.39822443181818185,False,False,up
THAP12,0.1700444444444444,0.602047952315575,0.5703125,9,0.8075922070866581,0.7765451147426982,False,False,up
NPTN,-0.13372499999999998,0.602188264732646,0.84375,8,0.8075922070866581,0.9341218797010155,False,False,down
KLRK1,0.10472999999999996,0.603260300228355,0.6953125,10,0.8081632289069046,0.8562401729559749,False,False,up
CCL3,0.08803749999999994,0.6034774038016327,0.640625,8,0.8081632289069046,0.8251221333979328,False,False,up
C5,-0.0239,0.6036234903667235,0.4921875,10,0.8081632289069046,0.7318068024861878,False,False,down
DPP7,0.12207777777777779,0.6037147171337245,0.359375,9,0.8081632289069046,0.6354511589403974,False,False,up
CARHSP1,0.06876666666666668,0.6050352050455287,0.65234375,9,0.8082252055882281,0.8251221333979328,False,False,up
CEBPB,-0.08782222222222222,0.6050538457614093,0.65234375,9,0.8082252055882281,0.8251221333979328,False,False,down
TNFSF10,-0.050940000000000006,0.6050920191199745,0.431640625,10,0.8082252055882281,0.6793829129823151,False,False,down
HEBP1,-0.14123333333333335,0.605111128120607,0.30078125,9,0.8082252055882281,0.5728888010700389,False,False,down
TMSB10,0.10717999999999997,0.6054396539429034,0.232421875,10,0.8082252055882281,0.4942961961440985,False,False,up
CCL21,0.060050000000000006,0.6055321441073158,0.275390625,10,0.8082252055882281,0.5406565946691176,False,False,up
EPHX2,0.08304444444444442,0.6059806973532655,0.359375,9,0.8082252055882281,0.6354511589403974,False,False,up
SART1,0.11846250000000003,0.6062309211585083,0.7421875,8,0.8082252055882281,0.8768321349557522,False,False,up
CAT,0.05781111111111111,0.6062377010251503,0.734375,9,0.8082252055882281,0.8768321349557522,False,False,up
PAK4,0.10093333333333333,0.6070923812664305,0.65234375,9,0.8089974245823532,0.8251221333979328,False,False,up
SLC51B,-0.057087499999999985,0.6086204811183036,0.546875,8,0.8097524961689977,0.7765451147426982,False,False,down
SFTPA2,0.07412500000000001,0.6086227857608906,0.7421875,8,0.8097524961689977,0.8768321349557522,False,False,up
CCL27,0.1998777777777778,0.609098562371407,1.0,9,0.8097524961689977,1.0,False,False,up
CLEC4G,0.049087500000000006,0.6091520205883939,0.546875,8,0.8097524961689977,0.7765451147426982,False,False,up
COL24A1,0.33371000000000006,0.6092228907029352,1.0,10,0.8097524961689977,1.0,False,False,up
TFRC,0.04301999999999997,0.6094734297836916,0.6953125,10,0.8097524961689977,0.8562401729559749,False,False,up
FZD10,-0.165975,0.6095889577901443,0.546875,8,0.8097524961689977,0.7765451147426982,False,False,down
FGD3,0.17448888888888892,0.6112214069150519,0.49609375,9,0.8112804713091166,0.7318068024861878,False,False,up
FUT3_FUT5,0.0213,0.6112916864171178,0.431640625,10,0.8112804713091166,0.6793829129823151,False,False,up
FAM3D,0.059230000000000005,0.6126743556568539,0.845703125,10,0.8124538261639525,0.9341218797010155,False,False,up
GCNT1,-0.06253333333333336,0.6127584300560114,0.734375,9,0.8124538261639525,0.8768321349557522,False,False,down
CYP24A1,0.058974999999999986,0.6130056788489338,0.546875,8,0.8124538261639525,0.7765451147426982,False,False,up
IL17A,0.09506666666666666,0.6136807997228215,0.734375,9,0.8129817360333454,0.8768321349557522,False,False,up
FGFBP1,0.034699999999999995,0.6144064325366938,0.65234375,9,0.8133940985973918,0.8251221333979328,False,False,up
CEP20,0.1367875,0.6145459669007873,0.7421875,8,0.8133940985973918,0.8768321349557522,False,False,up
SMARCA2,0.15138888888888907,0.6160394062096959,0.5703125,9,0.814656873443709,0.7765451147426982,False,False,up
VWC2,-0.05325555555555556,0.6160547892129647,0.5703125,9,0.814656873443709,0.7765451147426982,False,False,down
ADAM8,0.05518000000000003,0.6166583160583237,0.130859375,10,0.8150879722157051,0.347813560520362,False,False,up
CDHR2,-0.0679666666666667,0.6173255975982922,0.734375,9,0.8152952871639573,0.8768321349557522,False,False,down
SPINT1,-0.019879999999999995,0.6176104012252883,0.556640625,10,0.8152952871639573,0.7765451147426982,False,False,down
ITGB2,0.021860000000000036,0.6179994052199269,0.16015625,10,0.8152952871639573,0.39822443181818185,False,False,up
SPESP1,0.06445000000000004,0.6181750288777357,0.556640625,10,0.8152952871639573,0.7765451147426982,False,False,up
PRSS22,0.03987,0.618203133985064,0.625,10,0.8152952871639573,0.8251221333979328,False,False,up
CASP9,0.10518000000000005,0.6187563592697456,0.76953125,10,0.8156586297914016,0.8933254076086956,False,False,up
ANXA10,-0.09413333333333335,0.6190706467995151,0.42578125,9,0.8157068145581766,0.6793829129823151,False,False,down
CD48,0.03094999999999997,0.6194725205421433,0.322265625,10,0.8158703106871188,0.5871551740849876,False,False,up
TP53BP1,0.07703999999999997,0.6199732606746919,0.375,10,0.8160828519057367,0.6402735264806378,False,False,up
MENT,-0.01760000000000001,0.620241569488134,0.556640625,10,0.8160828519057367,0.7765451147426982,False,False,down
PCARE,-0.09594444444444443,0.6205458825858297,0.734375,9,0.8160828519057367,0.8768321349557522,False,False,down
OSCAR,0.03909999999999999,0.6208571909381189,0.6953125,10,0.8160828519057367,0.8562401729559749,False,False,up
RTN4R,-0.03331,0.6211134861386742,0.845703125,10,0.8160828519057367,0.9341218797010155,False,False,down
SLK,0.11218888888888884,0.6213010748591172,0.734375,9,0.8160828519057367,0.8768321349557522,False,False,up
SEPTIN8,-0.04334999999999999,0.6216657733437922,0.845703125,10,0.8161968602193642,0.9341218797010155,False,False,down
DIPK1C,-0.1474875,0.6221385943391387,0.640625,8,0.8164149958730987,0.8251221333979328,False,False,down
CD5,0.03599000000000001,0.6224282507144498,0.556640625,10,0.8164149958730987,0.7765451147426982,False,False,up
PADI4,0.08795555555555556,0.6237205015624449,0.8203125,9,0.8164149958730987,0.9312940906455354,False,False,up
WFDC12,-0.08184,0.6241822209710551,0.6953125,10,0.8164149958730987,0.8562401729559749,False,False,down
HAVCR1,0.02712,0.6246446204381808,0.556640625,10,0.8164149958730987,0.7765451147426982,False,False,up
PTPRZ1,0.04969999999999998,0.6247010749970723,0.6953125,10,0.8164149958730987,0.8562401729559749,False,False,up
EPHA2,0.03941111111111111,0.6247123900702845,0.734375,9,0.8164149958730987,0.8768321349557522,False,False,up
CCN3,-0.037219999999999996,0.6248183433606584,0.76953125,10,0.8164149958730987,0.8933254076086956,False,False,down
MRPS16,0.04576000000000001,0.6248420662535049,1.0,10,0.8164149958730987,1.0,False,False,up
ACP1,0.06663,0.62487807164165,0.6953125,10,0.8164149958730987,0.8562401729559749,False,False,up
FKBP4,0.07195555555555555,0.62488965295292,0.30078125,9,0.8164149958730987,0.5728888010700389,False,False,up
SAT1,0.11998749999999998,0.6266492224537199,0.546875,8,0.8183498294115498,0.7765451147426982,False,False,up
BAX,0.18258888888888888,0.6271914796598781,0.734375,9,0.8186939447826942,0.8768321349557522,False,False,up
NEK7,-0.0539,0.62818619809876,0.49609375,9,0.8194713457412425,0.7318068024861878,False,False,down
NFYA,0.08025000000000002,0.628446774121846,0.546875,8,0.8194713457412425,0.7765451147426982,False,False,up
ARTN,0.1582222222222222,0.6286240864674904,0.91015625,9,0.8194713457412425,0.9771010014435222,False,False,up
SIRPA,-0.019630000000000005,0.6291983087551728,1.0,10,0.8198560039103561,1.0,False,False,down
NAAA,0.050066666666666655,0.629801370816115,0.5703125,9,0.820277882965379,0.7765451147426982,False,False,up
LIF,0.09192222222222224,0.6310081698539025,0.49609375,9,0.821461816445383,0.7318068024861878,False,False,up
SAP18,0.12325555555555552,0.6317244804194336,0.49609375,9,0.821461816445383,0.7318068024861878,False,False,up
DPEP2,0.07191111111111098,0.6318258117247239,0.734375,9,0.821461816445383,0.8768321349557522,False,False,up
ADAM9,0.06676000000000001,0.6318291601464489,0.556640625,10,0.821461816445383,0.7765451147426982,False,False,up
DDC,0.0254111111111111,0.6325481317656478,0.65234375,9,0.8220326827414636,0.8251221333979328,False,False,up
CLSTN1,0.11767777777777774,0.6329219450358414,0.42578125,9,0.8221546893278489,0.6793829129823151,False,False,up
SERPINA3,0.012310000000000001,0.6336184017984896,0.556640625,10,0.8225816640347471,0.7765451147426982,False,False,up
C1R,0.017469999999999996,0.6338107952708998,0.556640625,10,0.8225816640347471,0.7765451147426982,False,False,up
IGFBP6,-0.02657,0.634940497758197,0.6953125,10,0.8232366561229958,0.8562401729559749,False,False,down
AFP,0.04868888888888891,0.6350158305887483,0.65234375,9,0.8232366561229958,0.8251221333979328,False,False,up
HYAL1,0.03584999999999998,0.6354110362361629,0.4921875,10,0.8232366561229958,0.7318068024861878,False,False,up
HNRNPUL1,0.04278888888888889,0.6354366698777091,0.8203125,9,0.8232366561229958,0.9312940906455354,False,False,up
LYZL2,0.08580000000000003,0.6363293014445544,0.5703125,9,0.8240296112621941,0.7765451147426982,False,False,up
SCN2A,-0.13185555555555561,0.637447805605492,0.65234375,9,0.8247461883877879,0.8251221333979328,False,False,down
SRP14,0.1537222222222222,0.6377811516345093,0.65234375,9,0.8247461883877879,0.8251221333979328,False,False,up
CLSPN,0.06291111111111111,0.6378989488268598,0.65234375,9,0.8247461883877879,0.8251221333979328,False,False,up
CWC15,-0.055990000000000005,0.6380906565085449,0.556640625,10,0.8247461883877879,0.7765451147426982,False,False,down
CHRM1,-0.1306124999999999,0.6382867164472052,0.7421875,8,0.8247461883877879,0.8768321349557522,False,False,down
RPA2,0.08744,0.6411889385439309,0.76953125,10,0.8276630853587605,0.8933254076086956,False,False,up
PGM2,-0.10016249999999999,0.6412275553818008,0.546875,8,0.8276630853587605,0.7765451147426982,False,False,down
RELB,-0.062389999999999966,0.6413895751707657,0.76953125,10,0.8276630853587605,0.8933254076086956,False,False,down
F12,0.04032000000000002,0.6430809379428291,0.4921875,10,0.8294812098103157,0.7318068024861878,False,False,up
ICAM2,0.030679999999999995,0.6435426495907415,0.083984375,10,0.8294851963108532,0.2725548169889503,False,False,up
GGT1,0.03493,0.6439207768506023,0.845703125,10,0.8294851963108532,0.9341218797010155,False,False,up
DGCR6,-0.09537777777777777,0.643931306635596,0.5703125,9,0.8294851963108532,0.7765451147426982,False,False,down
KIF20B,-0.2594666666666666,0.6447381595402406,0.203125,9,0.8300107110946032,0.4526389415781487,False,False,down
GLB1,-0.08924444444444446,0.6449044748784081,0.734375,9,0.8300107110946032,0.8768321349557522,False,False,down
SNRPB2,-0.04791,0.6452320227524367,0.76953125,10,0.8300685286131874,0.8933254076086956,False,False,down
ACAN,-0.021000000000000005,0.6459081611155819,0.65234375,9,0.8305745486849667,0.8251221333979328,False,False,down
S100A12,-0.1955444444444444,0.6472265232703986,0.49609375,9,0.831553573095966,0.7318068024861878,False,False,down
ADGRB3,-0.04438888888888888,0.6472357739521206,1.0,9,0.831553573095966,1.0,False,False,down
AGT,0.01612222222222222,0.6481032144417924,0.65234375,9,0.8322161893689154,0.8251221333979328,False,False,up
LRP2,0.1069,0.6483182299203536,0.7421875,8,0.8322161893689154,0.8768321349557522,False,False,up
GOT1,0.06572000000000003,0.6497683384505532,0.556640625,10,0.8334242085735775,0.7765451147426982,False,False,up
KIR2DS4,0.05328000000000001,0.6500389746822057,0.76953125,10,0.8334242085735775,0.8933254076086956,False,False,up
FUOM,-0.02014999999999998,0.6501457339304257,0.6953125,10,0.8334242085735775,0.8562401729559749,False,False,down
MTPN,-0.12421111111111108,0.6505352731044838,0.42578125,9,0.8334242085735775,0.6793829129823151,False,False,down
VSIG10,-0.05437000000000001,0.6506781444532561,0.556640625,10,0.8334242085735775,0.7765451147426982,False,False,down
TNN,0.027870000000000006,0.6533641134645239,0.556640625,10,0.8359755832513869,0.7765451147426982,False,False,up
ENO3,-0.04175000000000001,0.6534253765880842,0.375,10,0.8359755832513869,0.6402735264806378,False,False,down
C1QTNF5,-0.026019999999999995,0.653523983365742,0.625,10,0.8359755832513869,0.8251221333979328,False,False,down
GFRA3,-0.04767777777777779,0.6544398292864506,0.734375,9,0.8360984543547866,0.8768321349557522,False,False,down
AMN,0.08918888888888889,0.6544461180920049,0.734375,9,0.8360984543547866,0.8768321349557522,False,False,up
CRHR1,-0.08553333333333334,0.6544740710117992,0.65234375,9,0.8360984543547866,0.8251221333979328,False,False,down
GRK5,0.0970222222222222,0.6550764848097876,0.49609375,9,0.8365041895158027,0.7318068024861878,False,False,up
CCL14,0.08171000000000002,0.6553897667839905,0.275390625,10,0.8365405237047284,0.5406565946691176,False,False,up
CTLA4,-0.12421000000000004,0.6560137918508474,0.4921875,10,0.8367907660670113,0.7318068024861878,False,False,down
EDA2R,0.037810000000000024,0.6561556466640541,0.625,10,0.8367907660670113,0.8251221333979328,False,False,up
BLNK,0.08804,0.6568278410360522,1.0,10,0.8368172963109735,1.0,False,False,up
MANSC4,-0.06116250000000002,0.656910433962743,1.0,8,0.8368172963109735,1.0,False,False,down
FLI1,0.10192500000000003,0.6570312173282618,0.7421875,8,0.8368172963109735,0.8768321349557522,False,False,up
IL3RA,-0.20381111111111105,0.6573880298571941,0.8203125,9,0.8369088182447244,0.9312940906455354,False,False,down
SERPINI1,-0.06655,0.6577582394660166,0.921875,10,0.8370173090605246,0.9771010014435222,False,False,down
HJV,-0.09522222222222225,0.6581230536447762,0.359375,9,0.8371188430293234,0.6354511589403974,False,False,down
SERPINA11,0.026899999999999997,0.6590070760677458,0.845703125,10,0.8378804252861339,0.9341218797010155,False,False,up
NDRG1,-0.041333333333333326,0.6596063184641174,0.734375,9,0.8382794276629654,0.8768321349557522,False,False,down
VSIG2,-0.09483,0.660703080121056,0.4921875,10,0.8389780596071443,0.7318068024861878,False,False,down
PALM3,0.09740000000000001,0.6609119405734845,0.9453125,8,0.8389780596071443,0.987685098719317,False,False,up
NPDC1,-0.044211111111111104,0.6614341430765069,0.65234375,9,0.8389780596071443,0.8251221333979328,False,False,down
IL5,-0.1681888888888889,0.6615554180157832,0.12890625,9,0.8389780596071443,0.347813560520362,False,False,down
PDCL2,0.08657777777777777,0.6615843330099238,0.5703125,9,0.8389780596071443,0.7765451147426982,False,False,up
EGLN1,-0.09633749999999996,0.6628597344997791,0.9453125,8,0.8398853311192863,0.987685098719317,False,False,down
CSPG5,-0.13657777777777774,0.6628717049828075,1.0,9,0.8398853311192863,1.0,False,False,down
C1QL2,0.0546,0.6638174234867547,0.845703125,10,0.8401655766084444,0.9341218797010155,False,False,up
FCAR,0.03717499999999999,0.6638430132088342,0.546875,8,0.8401655766084444,0.7765451147426982,False,False,up
UXS1,0.06179999999999998,0.6640225848896617,0.640625,8,0.8401655766084444,0.8251221333979328,False,False,up
PDGFC,-0.05181250000000002,0.6642371361541736,0.546875,8,0.8401655766084444,0.7765451147426982,False,False,down
UROS,-0.14103749999999998,0.6648243360159258,0.9453125,8,0.8404929674043894,0.987685098719317,False,False,down
NAPRT,-0.04825999999999998,0.6652156326478085,0.625,10,0.8404929674043894,0.8251221333979328,False,False,down
CSF2RA,0.035866666666666665,0.6653544941148128,0.359375,9,0.8404929674043894,0.6354511589403974,False,False,up
CTNNA1,-0.05371111111111112,0.665806154340395,0.5703125,9,0.8407019240317025,0.7765451147426982,False,False,down
TNFRSF11A,0.06465,0.6667835008448387,0.375,10,0.8412614745522343,0.6402735264806378,False,False,up
CD82,0.0768777777777778,0.6668221698187271,0.65234375,9,0.8412614745522343,0.8251221333979328,False,False,up
ATP6V1F,0.09342222222222221,0.6677721351469063,0.91015625,9,0.8418927411909863,0.9771010014435222,False,False,up
TP53,0.1368375,0.6681111144197777,0.7421875,8,0.8418927411909863,0.8768321349557522,False,False,up
LCN15,0.04975555555555557,0.6681824922424886,0.5703125,9,0.8418927411909863,0.7765451147426982,False,False,up
CEMIP2,-0.040299999999999996,0.668816314295805,0.6953125,10,0.8419974662040887,0.8562401729559749,False,False,down
IFNW1,0.058824999999999995,0.6688389814961317,0.84375,8,0.8419974662040887,0.9341218797010155,False,False,up
QPCT,0.022250000000000023,0.6695610559329926,0.083984375,10,0.8425453390210794,0.2725548169889503,False,False,up
TPPP3,-0.05898888888888888,0.6702700291151671,0.42578125,9,0.8428070635198043,0.6793829129823151,False,False,down
LAMB1,0.02622000000000001,0.670381573182391,0.556640625,10,0.8428070635198043,0.7765451147426982,False,False,up
DKK1,0.13466,0.6707508828700268,0.130859375,10,0.8428070635198043,0.347813560520362,False,False,up
GBP6,-0.12737499999999993,0.6709168929211108,0.7421875,8,0.8428070635198043,0.8768321349557522,False,False,down
CCAR2,0.036170000000000015,0.6717858798528304,0.322265625,10,0.8433384157984851,0.5871551740849876,False,False,up
MFAP5,0.03577999999999999,0.6722137573336023,0.76953125,10,0.8433384157984851,0.8933254076086956,False,False,up
GLI2,-0.07177999999999998,0.6728565497421399,0.921875,10,0.8433384157984851,0.9771010014435222,False,False,down
VNN1,0.03339999999999997,0.6728908344755571,0.359375,9,0.8433384157984851,0.6354511589403974,False,False,up
IL10,-0.12904444444444443,0.6730624819016682,0.734375,9,0.8433384157984851,0.8768321349557522,False,False,down
CD83,0.06540000000000001,0.6731630079304524,0.546875,8,0.8433384157984851,0.7765451147426982,False,False,up
IDI2,-0.06636666666666666,0.6733498757396825,0.8203125,9,0.8433384157984851,0.9312940906455354,False,False,down
AK1,-0.08007777777777779,0.6741779174741923,0.734375,9,0.8440155769913482,0.8768321349557522,False,False,down
GPA33,0.07040000000000005,0.6746889527446802,0.65234375,9,0.844295464086547,0.8251221333979328,False,False,up
PNLIPRP1,0.06885999999999999,0.6754782793351912,0.845703125,10,0.8445834122516259,0.9341218797010155,False,False,up
CLEC4M,0.02751999999999998,0.6757615829661752,0.625,10,0.8445834122516259,0.8251221333979328,False,False,up
ENTPD6,0.03805555555555555,0.6759186617109845,0.91015625,9,0.8445834122516259,0.9771010014435222,False,False,up
NEDD4L,0.07151,0.6760693231881418,1.0,10,0.8445834122516259,1.0,False,False,up
PREB,0.0770222222222222,0.676818468068566,0.65234375,9,0.8448701058600951,0.8251221333979328,False,False,up
SFTPA1,-0.052375000000000005,0.6774701924397624,0.640625,8,0.8448701058600951,0.8251221333979328,False,False,down
PTGR1,0.042610000000000016,0.6777812901570168,0.6953125,10,0.8448701058600951,0.8562401729559749,False,False,up
VEGFB,-0.08922000000000004,0.6781843465120891,0.625,10,0.8448701058600951,0.8251221333979328,False,False,down
BRDT,0.06595000000000004,0.6783431178517689,0.7421875,8,0.8448701058600951,0.8768321349557522,False,False,up
COL9A1,-0.056374999999999925,0.6783688993084253,0.7421875,8,0.8448701058600951,0.8768321349557522,False,False,down
IGLC2,0.017789999999999997,0.6783981286652954,0.921875,10,0.8448701058600951,0.9771010014435222,False,False,up
CYTH3,0.1261666666666667,0.6787703028607239,0.8203125,9,0.8448701058600951,0.9312940906455354,False,False,up
CNTN1,0.021970000000000017,0.6793168628600013,0.625,10,0.8448701058600951,0.8251221333979328,False,False,up
TNNI3,-0.23060000000000003,0.6794695343669366,0.42578125,9,0.8448701058600951,0.6793829129823151,False,False,down
GPIHBP1,0.13359999999999997,0.679553074076621,1.0,10,0.8448701058600951,1.0,False,False,up
MYLPF,-0.10412500000000002,0.6797507865670429,0.4609375,8,0.8448701058600951,0.717041015625,False,False,down
DYNLT1,-0.07636250000000003,0.6801271639859181,0.7421875,8,0.8449308568181217,0.8768321349557522,False,False,down
FCN1,0.11896666666666669,0.6804610688826193,0.734375,9,0.8449308568181217,0.8768321349557522,False,False,up
CCN4,-0.05862999999999998,0.6808461453996475,0.845703125,10,0.8449308568181217,0.9341218797010155,False,False,down
LPP,0.07839999999999998,0.6809607125413727,1.0,8,0.8449308568181217,1.0,False,False,up
CAPN3,0.052439999999999966,0.6813405226298103,1.0,10,0.8449308568181217,1.0,False,False,up
CRLF1,0.02065999999999999,0.681787861128286,0.921875,10,0.8449308568181217,0.9771010014435222,False,False,up
RBP1,-0.09283749999999999,0.6820759664058116,0.7421875,8,0.8449308568181217,0.8768321349557522,False,False,down
NT5C1A,0.06969000000000002,0.6825070745676358,0.6953125,10,0.8449308568181217,0.8562401729559749,False,False,up
CSRP3,-0.15238749999999995,0.6829710769906141,0.3828125,8,0.8449308568181217,0.6402735264806378,False,False,down
SEZ6L2,-0.0389777777777778,0.6831461332089629,0.42578125,9,0.8449308568181217,0.6793829129823151,False,False,down
VASH1,-0.06688750000000002,0.683426881308641,0.640625,8,0.8449308568181217,0.8251221333979328,False,False,down
DSG4,-0.043599999999999986,0.6835353041518872,0.8203125,9,0.8449308568181217,0.9312940906455354,False,False,down
CBX2,0.08666249999999999,0.6835839746703034,0.7421875,8,0.8449308568181217,0.8768321349557522,False,False,up
EREG,-0.19574444444444442,0.683844813399602,0.8203125,9,0.8449308568181217,0.9312940906455354,False,False,down
CHCHD6,-0.041400000000000006,0.6841149395687754,0.625,10,0.8449308568181217,0.8251221333979328,False,False,down
B3GAT3,0.11114999999999997,0.6858504265613388,0.3828125,8,0.8461453988258708,0.6402735264806378,False,False,up
FNDC1,0.058689999999999985,0.6859723183718772,0.625,10,0.8461453988258708,0.8251221333979328,False,False,up
GM2A,0.03315,0.686552255841872,0.921875,10,0.8461453988258708,0.9771010014435222,False,False,up
CYB5A,-0.13591111111111118,0.6867077136127139,0.359375,9,0.8461453988258708,0.6354511589403974,False,False,down
ZNF75D,-0.15146666666666672,0.6867450394948231,0.5703125,9,0.8461453988258708,0.7765451147426982,False,False,down
GAST,-0.08463999999999998,0.6869176440844608,0.556640625,10,0.8461453988258708,0.7765451147426982,False,False,down
SLITRK2,0.03112999999999999,0.6872524011090341,0.4921875,10,0.8461453988258708,0.7318068024861878,False,False,up
TDO2,-0.06579999999999998,0.6874031057536696,0.7421875,8,0.8461453988258708,0.8768321349557522,False,False,down
TIGAR,0.09190000000000002,0.6882222715155797,0.734375,9,0.8467275290849864,0.8768321349557522,False,False,up
DDT,-0.05121000000000001,0.6884526181324302,0.6953125,10,0.8467275290849864,0.8562401729559749,False,False,down
CX3CL1,-0.07343333333333334,0.6891124913986304,1.0,9,0.8471843395721128,1.0,False,False,down
ADAMTS1,0.07590999999999996,0.6897059795453099,0.76953125,10,0.8474816121727454,0.8933254076086956,False,False,up
CHIT1,-0.03633999999999996,0.6899314043939511,0.625,10,0.8474816121727454,0.8251221333979328,False,False,down
BTN1A1,-0.04715000000000001,0.6907502182998573,1.0,10,0.8478761900312467,1.0,False,False,down
FZD8,-0.12148888888888891,0.6909633688733655,0.734375,9,0.8478761900312467,0.8768321349557522,False,False,down
PHLDB2,0.08727777777777777,0.6911186921807302,1.0,9,0.8478761900312467,1.0,False,False,up
RNASEH2A,-0.06684444444444446,0.693182189940053,0.8203125,9,0.8500526479557142,0.9312940906455354,False,False,down
PNLIPRP2,-0.04182999999999999,0.6937922878662579,0.76953125,10,0.8504457218126875,0.8933254076086956,False,False,down
PFDN6,0.14932499999999999,0.6947702719273308,0.25,8,0.8512178936091869,0.5088357588357588,False,False,up
PTPRH,-0.05294,0.6950018756809091,0.76953125,10,0.8512178936091869,0.8933254076086956,False,False,down
HBEGF,0.12393000000000003,0.6956409102977842,0.193359375,10,0.8514976541338143,0.4478007903981265,False,False,up
SERPING1,-0.02085999999999999,0.695810136166549,0.6953125,10,0.8514976541338143,0.8562401729559749,False,False,down
SEMA4C,0.057955555555555566,0.696943618304859,0.359375,9,0.8525295322621286,0.6354511589403974,False,False,up
RNASET2,0.03653000000000001,0.697497282822519,0.232421875,10,0.8527062542451571,0.4942961961440985,False,False,up
OSBPL2,-0.037910000000000006,0.6983196223342044,0.921875,10,0.8527062542451571,0.9771010014435222,False,False,down
MAGED1,-0.10640000000000008,0.6985649406478189,0.9453125,8,0.8527062542451571,0.987685098719317,False,False,down
IVD,-0.08376666666666664,0.6988092988574142,0.734375,9,0.8527062542451571,0.8768321349557522,False,False,down
PRKD2,0.10297499999999998,0.6988283377036741,0.84375,8,0.8527062542451571,0.9341218797010155,False,False,up
ORM1,0.009910000000000002,0.6988917455069499,0.76953125,10,0.8527062542451571,0.8933254076086956,False,False,up
ANXA1,-0.047699999999999965,0.6991204154655561,0.6953125,10,0.8527062542451571,0.8562401729559749,False,False,down
TRAF3,-0.04678,0.6998202545337315,0.431640625,10,0.8527344572499045,0.6793829129823151,False,False,down
TGM2,0.08704444444444442,0.6998254518424354,0.91015625,9,0.8527344572499045,0.9771010014435222,False,False,up
AIDA,0.11478749999999999,0.700014564667865,0.7421875,8,0.8527344572499045,0.8768321349557522,False,False,up
TTN,-0.06806249999999996,0.7013429876544197,0.640625,8,0.853788648925496,0.8251221333979328,False,False,down
CD200R1,0.024862500000000023,0.7014613584804977,0.546875,8,0.853788648925496,0.7765451147426982,False,False,up
TDGF1,-0.1763,0.7019311351385654,0.91015625,9,0.8539050679540917,0.9771010014435222,False,False,down
DTNB,0.053099999999999994,0.7021384879499938,0.625,10,0.8539050679540917,0.8251221333979328,False,False,up
ITGB7,0.026179999999999974,0.7025896207681039,0.4921875,10,0.8541000480943383,0.7318068024861878,False,False,up
CPOX,0.047179999999999986,0.7036778517567295,0.6953125,10,0.854439107531307,0.8562401729559749,False,False,up
AKR1C4,0.11155555555555556,0.7037295076332746,0.91015625,9,0.854439107531307,0.9771010014435222,False,False,up
CD101,-0.025299999999999996,0.7037413010276581,0.845703125,10,0.854439107531307,0.9341218797010155,False,False,down
RAB6A,0.13348749999999995,0.7041504479863905,0.9453125,8,0.8545825891471194,0.987685098719317,False,False,up
APOD,0.02364,0.7047003446692057,0.6953125,10,0.8548890273212535,0.8562401729559749,False,False,up
C9,-0.1022666666666666,0.7049850950534817,1.0,9,0.8548890273212535,1.0,False,False,down
LGALS4,-0.034140000000000024,0.7053010929849095,0.845703125,10,0.8549192365235986,0.9341218797010155,False,False,down
SLC9A3R2,-0.08658000000000002,0.7078755043408593,0.921875,10,0.8576857905318086,0.9771010014435222,False,False,down
PROS1,-0.016949999999999986,0.7099186007516123,0.6953125,10,0.8598065692402002,0.8562401729559749,False,False,down
DDX53,-0.1119125,0.7103731522332186,0.9453125,8,0.8600024518173797,0.987685098719317,False,False,down
MRPL28,-0.06042222222222222,0.7118452111261973,0.65234375,9,0.8606979499919976,0.8251221333979328,False,False,down
PDE1C,0.02992222222222222,0.7119498759156502,0.65234375,9,0.8606979499919976,0.8251221333979328,False,False,up
ADH4,0.026077777777777773,0.7120323548868637,0.8203125,9,0.8606979499919976,0.9312940906455354,False,False,up
IL13RA1,0.021655555555555546,0.7121198564795894,0.734375,9,0.8606979499919976,0.8768321349557522,False,False,up
TFF3,0.1018,0.7132226996518481,1.0,10,0.8612333973713476,1.0,False,False,up
NEO1,-0.03601111111111111,0.713246871670355,0.65234375,9,0.8612333973713476,0.8251221333979328,False,False,down
SDC4,0.1710000000000001,0.7134425794363258,0.359375,9,0.8612333973713476,0.6354511589403974,False,False,up
GALNT5,0.044569999999999985,0.7143153783683461,0.845703125,10,0.8619327305948367,0.9341218797010155,False,False,up
LY75,-0.05548749999999998,0.7155636424226781,0.84375,8,0.8630843604909264,0.9341218797010155,False,False,down
TGFA,-0.15638750000000004,0.7168266959968317,0.3828125,8,0.8640835505998518,0.6402735264806378,False,False,down
STX5,-0.07012,0.7169804606100915,0.275390625,10,0.8640835505998518,0.5406565946691176,False,False,down
PI16,-0.029311111111111128,0.7176527489652595,0.91015625,9,0.8645390171086823,0.9771010014435222,False,False,down
GGA1,0.08866666666666667,0.7192827224790129,0.734375,9,0.8661473374009271,0.8768321349557522,False,False,up
MYBPC1,0.039920000000000025,0.7195960190861787,0.845703125,10,0.8661694705147979,0.9341218797010155,False,False,up
CDH2,-0.026333333333333337,0.7204017225621884,0.5703125,9,0.866784047179495,0.7765451147426982,False,False,down
BCL7A,-0.16363333333333335,0.721090070697047,0.734375,9,0.8671306909795055,0.8768321349557522,False,False,down
POLR2F,-0.027311111111111123,0.7216677793968702,0.65234375,9,0.8671306909795055,0.8251221333979328,False,False,down
HTR1B,0.0747222222222222,0.7217688613729278,0.5703125,9,0.8671306909795055,0.7765451147426982,False,False,up
HADH,-0.08187499999999999,0.7219075427813809,0.546875,8,0.8671306909795055,0.7765451147426982,False,False,down
FGF3,-0.06725999999999999,0.7221660436281478,0.921875,10,0.8671306909795055,0.9771010014435222,False,False,down
PLCB1,-0.07703999999999997,0.7225776475080561,0.921875,10,0.8671500146103428,0.9771010014435222,False,False,down
PIGR,0.045419999999999995,0.7227726373054543,0.76953125,10,0.8671500146103428,0.8933254076086956,False,False,up
SCN2B,-0.07780000000000004,0.7244745276601976,0.4609375,8,0.8688369488517764,0.717041015625,False,False,down
REST,-0.0946111111111111,0.7250652471355284,0.8203125,9,0.8691904615661417,0.9312940906455354,False,False,down
UPK3BL1,0.05129999999999995,0.7273387251541634,0.5703125,9,0.8715601125164333,0.7765451147426982,False,False,up
HSDL2,0.07004000000000002,0.7290004878986028,0.375,10,0.8728266946681444,0.6402735264806378,False,False,up
IL20RB,-0.05796,0.7291975341124814,0.845703125,10,0.8728266946681444,0.9341218797010155,False,False,down
SERPINA4,0.012739999999999996,0.7299081532702922,0.921875,10,0.8728266946681444,0.9771010014435222,False,False,up
GALNT10,0.026066666666666658,0.729913360414226,0.49609375,9,0.8728266946681444,0.7318068024861878,False,False,up
ATP6AP2,0.03492499999999999,0.7299830188632128,0.7421875,8,0.8728266946681444,0.8768321349557522,False,False,up
TGOLN2,0.029022222222222244,0.7301788181135958,0.734375,9,0.8728266946681444,0.8768321349557522,False,False,up
EFCAB2,-0.05765555555555557,0.7305688868171869,0.359375,9,0.8729376812783067,0.6354511589403974,False,False,down
PRAP1,-0.030730000000000014,0.7311912055453396,0.845703125,10,0.8733259742524042,0.9341218797010155,False,False,down
TIE1,0.08176000000000001,0.7316020833849242,0.322265625,10,0.8734615117485862,0.5871551740849876,False,False,up
FCRLB,0.06076249999999999,0.7324633625322579,0.546875,8,0.8740279851251065,0.7765451147426982,False,False,up
UGDH,0.063025,0.7328024444475921,0.7421875,8,0.8740279851251065,0.8768321349557522,False,False,up
DKKL1,-0.033944444444444416,0.7329693317545581,0.8203125,9,0.8740279851251065,0.9312940906455354,False,False,down
NID2,0.09198999999999999,0.7339138507509275,0.16015625,10,0.8746033340462501,0.39822443181818185,False,False,up
PSAPL1,-0.05188000000000004,0.7340474015743979,1.0,10,0.8746033340462501,1.0,False,False,down
IL22,0.048419999999999984,0.7345233813101775,0.625,10,0.8746556017187251,0.8251221333979328,False,False,up
IL17RB,0.04519999999999998,0.7346868809806247,0.1953125,8,0.8746556017187251,0.4478007903981265,False,False,up
ADAM12,-0.05405000000000001,0.735282541828967,0.76953125,10,0.8750100588945203,0.8933254076086956,False,False,down
TNFRSF21,0.01743999999999999,0.7359960366821341,0.921875,10,0.8754077672810123,0.9771010014435222,False,False,up
CD70,-0.07803749999999998,0.7364520078210338,1.0,8,0.8754077672810123,1.0,False,False,down
PAEP,-0.023722222222222224,0.7365109271199801,0.42578125,9,0.8754077672810123,0.6793829129823151,False,False,down
CHM,-0.084925,0.7369942144612698,1.0,8,0.8756278348999795,1.0,False,False,down
PRTG,-0.016450000000000013,0.7380129767831693,1.0,10,0.8764836687473386,1.0,False,False,down
NXPE4,0.0824125,0.7385780779057491,0.7421875,8,0.8765439547814261,0.8768321349557522,False,False,up
SNAP25,-0.07137777777777778,0.7386606360517636,0.65234375,9,0.8765439547814261,0.8251221333979328,False,False,down
GFOD2,-0.035912499999999986,0.7393532066950883,0.9453125,8,0.8766848054676203,0.987685098719317,False,False,down
CACNA1H,-0.079075,0.7393763238485855,0.84375,8,0.8766848054676203,0.9341218797010155,False,False,down
GAD2,-0.05746999999999998,0.7399427485415546,0.845703125,10,0.8770023617701962,0.9341218797010155,False,False,down
TGFB1,0.05699,0.740492971147706,0.10546875,10,0.8772324279677036,0.3125748927850656,False,False,up
SCP2,-0.0393125,0.7407342258630933,0.9453125,8,0.8772324279677036,0.987685098719317,False,False,down
B2M,0.03287999999999999,0.7414907925066554,1.0,10,0.877774469001228,1.0,False,False,up
GFRA2,0.030488888888888913,0.7428263322815483,0.5703125,9,0.8790011836869086,0.7765451147426982,False,False,up
APOC1,-0.021679999999999984,0.7434361162221705,0.845703125,10,0.8793684548306543,0.9341218797010155,False,False,down
VWF,0.03827000000000006,0.7442443524497738,0.6953125,10,0.8797279172813347,0.8562401729559749,False,False,up
TFAP2A,-0.14547777777777773,0.7443479589467983,0.8203125,9,0.8797279172813347,0.9312940906455354,False,False,down
GC,0.01605000000000001,0.7446386116313919,0.921875,10,0.8797279172813347,0.9771010014435222,False,False,up
ATP1B1,-0.1000375,0.7452497916037752,0.640625,8,0.87999547036897,0.8251221333979328,False,False,down
VSTM2B,0.021266666666666656,0.7454643276397676,0.8203125,9,0.87999547036897,0.9312940906455354,False,False,up
MYBPC2,-0.027529999999999964,0.7461422341547101,0.6953125,10,0.8802530725065645,0.8562401729559749,False,False,down
DDX4,-0.07286000000000001,0.7465478556338399,0.625,10,0.8802530725065645,0.8251221333979328,False,False,down
JAM2,-0.022050000000000014,0.7472982403762378,0.625,10,0.8802530725065645,0.8251221333979328,False,False,down
LRG1,0.01809999999999999,0.747459785046632,0.845703125,10,0.8802530725065645,0.9341218797010155,False,False,up
CEACAM5,-0.05990000000000001,0.747695315674964,0.9453125,8,0.8802530725065645,0.987685098719317,False,False,down
MEPE,0.014629999999999999,0.7477809550124079,0.6953125,10,0.8802530725065645,0.8562401729559749,False,False,up
SAFB2,0.049833333333333334,0.7480451111029094,0.91015625,9,0.8802530725065645,0.9771010014435222,False,False,up
CLIC5,-0.06225000000000003,0.7480802413947514,0.4609375,8,0.8802530725065645,0.717041015625,False,False,down
TIMP1,0.03771,0.7497715712525908,0.16015625,10,0.8818899097993027,0.39822443181818185,False,False,up
OPTC,0.0618111111111111,0.7507751464159436,0.734375,9,0.88271681546182,0.8768321349557522,False,False,up
KLRF1,0.04096,0.7513362701916754,0.921875,10,0.8830230594449582,0.9771010014435222,False,False,up
SIRT1,-0.07501,0.7525095136090394,1.0,10,0.8840481765878995,1.0,False,False,down
NID1,0.04894999999999998,0.7543177206691295,0.083984375,10,0.8858181309896974,0.2725548169889503,False,False,up
PAFAH2,-0.05532222222222219,0.757354500883161,1.0,9,0.8885283382088245,1.0,False,False,down
HIP1,0.047412499999999996,0.7574585277582168,1.0,8,0.8885283382088245,1.0,False,False,up
NPY,0.05332999999999997,0.75753318313752,0.6953125,10,0.8885283382088245,0.8562401729559749,False,False,up
WDR46,0.032389999999999995,0.758213725024246,0.845703125,10,0.8889715410763315,0.9341218797010155,False,False,up
VSNL1,-0.014680000000000002,0.7589271134590292,0.6953125,10,0.8894528859653507,0.8562401729559749,False,False,down
GOLM2,0.019319999999999997,0.7595900387233754,0.76953125,10,0.8894653533816088,0.8933254076086956,False,False,up
ITGAL,-0.3309000000000001,0.7602750349946654,0.6953125,10,0.8894653533816088,0.8562401729559749,False,False,down
H2AP,-0.08072222222222224,0.7603196874427909,0.91015625,9,0.8894653533816088,0.9771010014435222,False,False,down
TNFRSF13C,-0.04001111111111112,0.7603480744861721,0.65234375,9,0.8894653533816088,0.8251221333979328,False,False,down
LY6D,0.03926,0.7605778613527884,0.625,10,0.8894653533816088,0.8251221333979328,False,False,up
CCL7,-0.0644625,0.7607548408902286,0.9453125,8,0.8894653533816088,0.987685098719317,False,False,down
CA11,-0.020487500000000006,0.7615852330496109,0.84375,8,0.8895181174706653,0.9341218797010155,False,False,down
MEGF11,0.03745000000000001,0.7616923046540904,0.9453125,8,0.8895181174706653,0.987685098719317,False,False,up
CD163,0.029580000000000016,0.7623546801116352,0.4921875,10,0.8895181174706653,0.7318068024861878,False,False,up
SIT1,0.06176666666666667,0.762537816241761,0.91015625,9,0.8895181174706653,0.9771010014435222,False,False,up
IFI30,0.03550000000000001,0.7625551707024141,0.6953125,10,0.8895181174706653,0.8562401729559749,False,False,up
APP,-0.09893999999999997,0.7626171671062769,0.556640625,10,0.8895181174706653,0.7765451147426982,False,False,down
CREG1,-0.037999999999999985,0.7634650830919056,0.65234375,9,0.8895639634761069,0.8251221333979328,False,False,down
OXT,0.024960000000000048,0.7635524480021632,0.921875,10,0.8895639634761069,0.9771010014435222,False,False,up
RAC3,0.08091249999999997,0.763565118121643,0.7421875,8,0.8895639634761069,0.8768321349557522,False,False,up
GPNMB,-0.02729999999999999,0.7661986964840504,0.91015625,9,0.8922781806398319,0.9771010014435222,False,False,down
PDIA5,0.0928777777777778,0.7672177352958174,0.734375,9,0.893110776283716,0.8768321349557522,False,False,up
TYRP1,-0.04555000000000001,0.768077930888447,0.556640625,10,0.8937578775829512,0.7765451147426982,False,False,down
PPIE,0.08435555555555554,0.7686882943729162,0.8203125,9,0.8939414697832513,0.9312940906455354,False,False,up
SSH3,0.034133333333333335,0.7689157661290696,0.8203125,9,0.8939414697832513,0.9312940906455354,False,False,up
NXPH1,0.09583333333333334,0.7691488233375132,0.91015625,9,0.8939414697832513,0.9771010014435222,False,False,up
RNF4,-0.10202222222222222,0.7697998427378897,0.65234375,9,0.8943442002061637,0.8251221333979328,False,False,down
CXCL8__Oncology,0.07749999999999997,0.7711452643661683,0.232421875,10,0.895553041298314,0.4942961961440985,False,False,up
NPPB,-0.3445,0.771650030514577,0.734375,9,0.8957850354234438,0.8768321349557522,False,False,down
BTD,-0.01688,0.7721595110901884,0.845703125,10,0.8960223168992032,0.9341218797010155,False,False,down
RBFOX3,-0.036699999999999997,0.7726568970987834,0.49609375,9,0.8961789582948773,0.7318068024861878,False,False,down
IDUA,0.030489999999999996,0.7729047672321838,0.6953125,10,0.8961789582948773,0.8562401729559749,False,False,up
POF1B,-0.061389999999999965,0.7735475180860705,0.76953125,10,0.8965702685946285,0.8933254076086956,False,False,down
DDX25,-0.026624999999999996,0.7748205342615191,0.7421875,8,0.8973802469235406,0.8768321349557522,False,False,down
TCN1,-0.026911111111111104,0.7751685495311048,0.8203125,9,0.8973802469235406,0.9312940906455354,False,False,down
TPT1,-0.06962222222222218,0.7752244347429549,0.91015625,9,0.8973802469235406,0.9771010014435222,False,False,down
ENOPH1,-0.046329999999999996,0.7754685279850002,0.845703125,10,0.8973802469235406,0.9341218797010155,False,False,down
APOBR,0.024119999999999992,0.7764790926354034,0.845703125,10,0.8976464483287354,0.9341218797010155,False,False,up
KLK15,-0.04657,0.7765832768159902,0.921875,10,0.8976464483287354,0.9771010014435222,False,False,down
FGR,-0.04474444444444444,0.7766154665316025,0.8203125,9,0.8976464483287354,0.9312940906455354,False,False,down
LSP1,-0.08733750000000001,0.7773272760368923,1.0,8,0.8977864118778777,1.0,False,False,down
MYOM1,0.027788888888888887,0.7775818789452059,1.0,9,0.8977864118778777,1.0,False,False,up
MYH7B,0.05836666666666665,0.7776536029340555,0.8203125,9,0.8977864118778777,0.9312940906455354,False,False,up
LPO,-0.029511111111111116,0.7780786183172251,0.734375,9,0.8979241265216856,0.8768321349557522,False,False,down
KDR,0.015733333333333335,0.7785528230216745,0.734375,9,0.8981184765179332,0.8768321349557522,False,False,up
IL20,0.06420000000000001,0.779474744381095,0.91015625,9,0.8988115145563644,0.9771010014435222,False,False,up
PCDH1,0.01503000000000001,0.7797656585255759,0.556640625,10,0.8988115145563644,0.7765451147426982,False,False,up
IL2RB,0.05825555555555558,0.7801401232294315,0.734375,9,0.8988903656040959,0.8768321349557522,False,False,up
SLIRP,0.04721111111111114,0.780642431310665,0.91015625,9,0.899116400297813,0.9771010014435222,False,False,up
DDX1,0.0679,0.7832161638617554,0.625,10,0.9012465850509456,0.8251221333979328,False,False,up
LIFR,-0.03468749999999998,0.7833916060456965,0.84375,8,0.9012465850509456,0.9341218797010155,False,False,down
RGMA,0.01098999999999999,0.7834279635313925,1.0,10,0.9012465850509456,1.0,False,False,up
FGF21,-0.06498999999999988,0.7837193660946936,0.921875,10,0.9012465850509456,0.9771010014435222,False,False,down
TPRKB,-0.05997777777777776,0.7841337437027796,0.42578125,9,0.9013701781820209,0.6793829129823151,False,False,down
FOLR3,0.026022222222222318,0.7857781882576514,0.91015625,9,0.9024248421426238,0.9771010014435222,False,False,up
EPHB4,0.018329999999999985,0.785878849352466,0.6953125,10,0.9024248421426238,0.8562401729559749,False,False,up
SHH,0.06044000000000001,0.7859730153901368,0.845703125,10,0.9024248421426238,0.9341218797010155,False,False,up
APOL1,0.048788888888888916,0.7863438590823486,0.1640625,9,0.9024978171648527,0.39822443181818185,False,False,up
SAT2,0.049911111111111114,0.7868055782973912,0.91015625,9,0.9026749935388428,0.9771010014435222,False,False,up
CRISP2,0.01564999999999999,0.788183164915717,0.556640625,10,0.9036284574707047,0.7765451147426982,False,False,up
AKR7L,-0.032250000000000015,0.788251994565865,0.76953125,10,0.9036284574707047,0.8933254076086956,False,False,down
SDC1,-0.031733333333333294,0.7889408294854083,0.8203125,9,0.9038806979167202,0.9312940906455354,False,False,down
SLAMF7,-0.07437499999999998,0.7890875415248453,0.84375,8,0.9038806979167202,0.9341218797010155,False,False,down
CFHR4,-0.013680000000000003,0.789401984510297,0.625,10,0.9038883541936616,0.8251221333979328,False,False,down
GART,0.02604444444444445,0.789765933442203,1.0,9,0.9039526681682581,1.0,False,False,up
VSTM2L,0.0804333333333333,0.7901478801406822,0.42578125,9,0.9040375239474808,0.6793829129823151,False,False,up
IL6ST,0.02228888888888889,0.7912047020295182,0.734375,9,0.9048941627183392,0.8768321349557522,False,False,up
LTO1,0.0698111111111111,0.7920375880895788,0.5703125,9,0.9054941207548046,0.7765451147426982,False,False,up
NECAP2,0.057624999999999996,0.7923524029233809,1.0,8,0.9055015592941517,1.0,False,False,up
LETM1,0.039599999999999996,0.7940053813390201,1.0,9,0.9070376526614943,1.0,False,False,up
SLC34A3,0.06890000000000002,0.7946592014430522,0.734375,9,0.907431599781588,0.8768321349557522,False,False,up
UBQLN3,0.034312500000000024,0.7954095625592499,0.9453125,8,0.9079354392679817,0.987685098719317,False,False,up
MMP8,-0.1412299999999999,0.7960411223176463,0.193359375,10,0.9083033318752631,0.4478007903981265,False,False,down
CCDC80,-0.024577777777777792,0.7967113290092127,0.91015625,9,0.908407920429775,0.9771010014435222,False,False,down
CLEC12A,0.04581999999999999,0.7967513799887983,0.556640625,10,0.908407920429775,0.7765451147426982,False,False,up
ADAMTS4,-0.07695999999999996,0.7975479126702962,0.921875,10,0.9086945696284771,0.9771010014435222,False,False,down
DSCAM,-0.03297777777777776,0.7977676807913789,1.0,9,0.9086945696284771,1.0,False,False,down
CBLIF,-0.018844444444444435,0.7980059797024182,0.91015625,9,0.9086945696284771,0.9771010014435222,False,False,down
BEX3,-0.07548888888888886,0.7983974263311557,0.65234375,9,0.9086945696284771,0.8251221333979328,False,False,down
HCG22,-0.06308749999999999,0.7985497733098739,0.9453125,8,0.9086945696284771,0.987685098719317,False,False,down
CSNK2A1,-0.0639111111111111,0.7990319248057955,0.91015625,9,0.908891077906515,0.9771010014435222,False,False,down
CLASP1,0.047711111111111086,0.7998742756640934,0.8203125,9,0.909496998693551,0.9312940906455354,False,False,up
TRIM40,-0.14301250000000001,0.8005358581475688,1.0,8,0.9095096461879106,1.0,False,False,down
ICAM4,-0.02499999999999998,0.800705295578839,0.84375,8,0.9095096461879106,0.9341218797010155,False,False,down
S100A14,-0.04852222222222223,0.8008188997540846,0.91015625,9,0.9095096461879106,0.9771010014435222,False,False,down
ULBP2,-0.02552222222222221,0.8011240908029026,1.0,9,0.9095096461879106,1.0,False,False,down
TF,0.01166,0.801678918925939,1.0,10,0.9097878612385946,1.0,False,False,up
CD36,0.058050000000000004,0.8024314064936232,0.556640625,10,0.9100368305992429,0.7765451147426982,False,False,up
PZP,-0.014710000000000025,0.8025180085979023,0.76953125,10,0.9100368305992429,0.8933254076086956,False,False,down
NOTCH3,0.014739999999999998,0.8032458782183082,0.431640625,10,0.9104096869642363,0.6793829129823151,False,False,up
BRK1,0.052622222222222244,0.8034667717437183,0.734375,9,0.9104096869642363,0.8768321349557522,False,False,up
ITGAV,0.009360000000000007,0.805284820782005,0.76953125,10,0.9121178243874851,0.8933254076086956,False,False,up
ITGB6,0.045599999999999995,0.8064197126794932,0.8203125,9,0.9123847388158682,0.9312940906455354,False,False,up
SHD,-0.06175000000000003,0.8067453113944002,0.9453125,8,0.9123847388158682,0.987685098719317,False,False,down
IFNG,0.1840777777777778,0.8070798559556556,0.30078125,9,0.9123847388158682,0.5728888010700389,False,False,up
TSHB,-0.04302222222222217,0.8071346722933996,1.0,9,0.9123847388158682,1.0,False,False,down
FKBP7,-0.0208,0.8073236220600576,0.5703125,9,0.9123847388158682,0.7765451147426982,False,False,down
GSTA3,0.08078749999999998,0.8073843841274911,0.84375,8,0.9123847388158682,0.9341218797010155,False,False,up
BAP18,0.05748000000000002,0.8079770377264726,0.625,10,0.9127032922317884,0.8251221333979328,False,False,up
THPO,0.02703333333333333,0.8105491331263901,0.91015625,9,0.9152567489397184,0.9771010014435222,False,False,up
CD7,0.03232,0.8114553990775536,0.625,10,0.9159279427712431,0.8251221333979328,False,False,up
FCER1A,-0.0359888888888889,0.8118547858590293,0.65234375,9,0.9160267022927272,0.8251221333979328,False,False,down
CBS,0.03279999999999998,0.8128991757846318,0.845703125,10,0.9165035861662315,0.9341218797010155,False,False,up
RET,0.016077777777777733,0.8129015464634093,0.25,9,0.9165035861662315,0.5088357588357588,False,False,up
CD34,0.013649999999999973,0.8135925769104433,0.76953125,10,0.916930697768984,0.8933254076086956,False,False,up
CD302,0.02075555555555555,0.814304892449208,0.8203125,9,0.9173814611136647,0.9312940906455354,False,False,up
TGFBR2,0.014244444444444452,0.8148794137931761,0.65234375,9,0.9176767018061955,0.8251221333979328,False,False,up
LY9,0.011100000000000002,0.816279522990912,0.4921875,10,0.9189010958314714,0.7318068024861878,False,False,up
FUS,0.022925000000000015,0.8169250574001189,1.0,8,0.9192754381548465,1.0,False,False,up
CD2,-0.061399999999999996,0.8180749606943564,0.84375,8,0.9200348791460876,0.9341218797010155,False,False,down
KIRREL1,-0.060188888888888896,0.8183814059619388,0.8203125,9,0.9200348791460876,0.9312940906455354,False,False,down
ARSB,0.09036666666666665,0.8185397137244559,0.42578125,9,0.9200348791460876,0.6793829129823151,False,False,up
CSF3,0.036277777777777805,0.8191249301441619,0.8203125,9,0.9202797985520961,0.9312940906455354,False,False,up
THBS2,-0.012790000000000013,0.8196022745345847,0.845703125,10,0.9202797985520961,0.9341218797010155,False,False,down
ITIH4,-0.020059999999999995,0.819818200283466,0.6953125,10,0.9202797985520961,0.8562401729559749,False,False,down
PCDH12,0.01754444444444445,0.8200345217880313,0.65234375,9,0.9202797985520961,0.8251221333979328,False,False,up
HDAC8,-0.039100000000000024,0.8203304910388622,1.0,10,0.9202797985520961,1.0,False,False,down
CD28,0.035025,0.8206376548886414,0.9453125,8,0.9202797985520961,0.987685098719317,False,False,up
EFNA4,-0.026200000000000008,0.8212528877631694,0.91015625,9,0.9203876530899174,0.9771010014435222,False,False,down
FLT3,0.032125000000000015,0.8213605852055409,0.9453125,8,0.9203876530899174,0.987685098719317,False,False,up
TPBGL,0.0516875,0.8220285008915303,0.9453125,8,0.9207847853235792,0.987685098719317,False,False,up
NMRK2,-0.042755555555555574,0.8234100715655969,0.49609375,9,0.9214521086162001,0.7318068024861878,False,False,down
DAPK2,-0.06801999999999997,0.8234504692697011,0.921875,10,0.9214521086162001,0.9771010014435222,False,False,down
RABEPK,-0.050687500000000024,0.8235654699072268,0.9453125,8,0.9214521086162001,0.987685098719317,False,False,down
MICB_MICA,-0.03478750000000001,0.8246723292607028,0.9453125,8,0.9223391588113802,0.987685098719317,False,False,down
DLGAP5,-0.02386666666666668,0.8250527540228021,0.91015625,9,0.9224133759288046,0.9771010014435222,False,False,down
GLP1R,-0.07267777777777772,0.8255634825220505,0.8203125,9,0.9226331614030678,0.9312940906455354,False,False,down
BRD2,-0.028711111111111094,0.8266967211102929,0.8203125,9,0.9235482198177749,0.9312940906455354,False,False,down
SAA4,-0.010350000000000003,0.8289059976465749,1.0,10,0.9247464782955909,1.0,False,False,down
KLRB1,0.013600000000000001,0.8293181850294071,0.375,10,0.9247464782955909,0.6402735264806378,False,False,up
FLRT2,0.02735555555555556,0.8294025871261419,0.8203125,9,0.9247464782955909,0.9312940906455354,False,False,up
RFC4,0.017970000000000003,0.8294603161543428,0.845703125,10,0.9247464782955909,0.9341218797010155,False,False,up
CD207,0.03302222222222224,0.8295069873663852,1.0,9,0.9247464782955909,1.0,False,False,up
IL10RA,-0.04541111111111107,0.8298800753608808,0.91015625,9,0.9247464782955909,0.9771010014435222,False,False,down
PRDX6,-0.02570999999999999,0.8299733458587598,1.0,10,0.9247464782955909,1.0,False,False,down
CDNF,-0.02909999999999999,0.8305518214125264,0.91015625,9,0.9247760112118781,0.9771010014435222,False,False,down
CD55,-0.016270000000000007,0.8306295939996372,1.0,10,0.9247760112118781,1.0,False,False,down
IL18R1,0.015449999999999986,0.8322991445229331,0.322265625,10,0.9262300150101898,0.5871551740849876,False,False,up
BSND,0.031044444444444447,0.8325663056271368,1.0,9,0.9262300150101898,1.0,False,False,up
CTSE,-0.014870000000000005,0.8333077822897835,0.76953125,10,0.9264225803085121,0.8933254076086956,False,False,down
PDGFRB,0.011209999999999993,0.8337027024260895,0.431640625,10,0.9264225803085121,0.6793829129823151,False,False,up
NTRK3,0.02099,0.8337311570044468,0.921875,10,0.9264225803085121,0.9771010014435222,False,False,up
GPC1,0.015980000000000022,0.8340011243907749,0.76953125,10,0.9264225803085121,0.8933254076086956,False,False,up
HSD17B14,0.01578999999999998,0.835558468389771,0.76953125,10,0.9277334212691414,0.8933254076086956,False,False,up
SCPEP1,0.059819999999999915,0.8360990955132803,0.625,10,0.9277334212691414,0.8251221333979328,False,False,up
TSC22D1,0.03706666666666667,0.8370027389870606,0.91015625,9,0.9277334212691414,0.9771010014435222,False,False,up
WFIKKN1,0.0282111111111111,0.8375222301767937,0.5703125,9,0.9277334212691414,0.7765451147426982,False,False,up
CD300A,0.010670000000000004,0.8376167120177337,0.845703125,10,0.9277334212691414,0.9341218797010155,False,False,up
CD226,-0.06900999999999996,0.837701585551966,0.6953125,10,0.9277334212691414,0.8562401729559749,False,False,down
AMIGO2,0.023744444444444446,0.8377558520422455,0.5703125,9,0.9277334212691414,0.7765451147426982,False,False,up
MFAP4,-0.013250000000000007,0.8377844963568681,1.0,10,0.9277334212691414,1.0,False,False,down
NOTCH2,0.015260000000000013,0.8380240948679033,0.845703125,10,0.9277334212691414,0.9341218797010155,False,False,up
ASAH2,0.026011111111111124,0.8385766820153464,0.359375,9,0.9279953711676987,0.6354511589403974,False,False,up
PLB1,0.023340000000000007,0.839774913090421,0.845703125,10,0.9289713445373131,0.9341218797010155,False,False,up
SMAD3,0.03535,0.8413055810426273,0.556640625,10,0.9300828996083579,0.7765451147426982,False,False,up
CXCL8__Cardiometabolic,0.056877777777777805,0.8415942255763509,0.25,9,0.9300828996083579,0.5088357588357588,False,False,up
SORT1,-0.034033333333333374,0.8417297743135904,0.734375,9,0.9300828996083579,0.8768321349557522,False,False,down
TSPAN15,-0.03097499999999999,0.8421082272191758,0.9453125,8,0.930151133261647,0.987685098719317,False,False,down
CST3,0.014139999999999996,0.8426957341209311,0.6953125,10,0.9302290172558518,0.8562401729559749,False,False,up
PTTG1,-0.07492222222222224,0.8428899713284242,0.91015625,9,0.9302290172558518,0.9771010014435222,False,False,down
SBSN,-0.021339999999999987,0.8431289220071766,0.845703125,10,0.9302290172558518,0.9341218797010155,False,False,down
LYAR,0.02577500000000002,0.8434826052245861,0.640625,8,0.9302697752702251,0.8251221333979328,False,False,up
DHODH,0.05983749999999999,0.8439654089471336,0.9453125,8,0.9304528551342834,0.987685098719317,False,False,up
NENF,-0.033230000000000016,0.8445268909204378,0.76953125,10,0.930505811230581,0.8933254076086956,False,False,down
RBM19,-0.056000000000000064,0.8448328842594264,0.640625,8,0.930505811230581,0.8251221333979328,False,False,down
PGR,-0.026469999999999983,0.8451053274859309,0.845703125,10,0.930505811230581,0.9341218797010155,False,False,down
ADAMTS8,-0.009688888888888886,0.8452807301202554,1.0,9,0.930505811230581,1.0,False,False,down
CCL25,0.014690000000000009,0.8457455086267848,0.921875,10,0.9306686245173724,0.9771010014435222,False,False,up
C19orf12,0.03713333333333329,0.8463598876921773,0.734375,9,0.9309710347083469,0.8768321349557522,False,False,up
C7,0.010660000000000003,0.8466542845440908,0.921875,10,0.9309710347083469,0.9771010014435222,False,False,up
MAN2B2,0.014939999999999964,0.8484535260715822,0.375,10,0.9326003016737413,0.6402735264806378,False,False,up
CXCL10,0.022809999999999997,0.8489338455920715,0.556640625,10,0.932779163675239,0.7765451147426982,False,False,up
A1BG,0.00713,0.8494118490940125,0.845703125,10,0.9329553480886741,0.9341218797010155,False,False,up
MMP1,0.056910000000000016,0.8503281653603861,0.431640625,10,0.933484973097158,0.6793829129823151,False,False,up
LMNB1,0.05938000000000001,0.8505297201252962,0.556640625,10,0.933484973097158,0.7765451147426982,False,False,up
NELL2,0.006410000000000001,0.8524189311130497,0.4921875,10,0.934700538457974,0.7318068024861878,False,False,up
RRM2,-0.028412499999999993,0.8526177919863118,0.546875,8,0.934700538457974,0.7765451147426982,False,False,down
CA7,0.048677777777777806,0.8527613544012103,0.359375,9,0.934700538457974,0.6354511589403974,False,False,up
SIRPB1,-0.01351,0.8531057021422815,0.845703125,10,0.934700538457974,0.9341218797010155,False,False,down
RGL2,-0.05999999999999999,0.8532285133148887,0.734375,9,0.934700538457974,0.8768321349557522,False,False,down
ERBB2,0.010411111111111118,0.85405325305035,1.0,9,0.9352551842687837,1.0,False,False,up
IL17C,-0.0203888888888889,0.854731000445309,1.0,9,0.9353365667388683,1.0,False,False,down
VMO1,-0.0245222222222222,0.8547645029373927,0.49609375,9,0.9353365667388683,0.7318068024861878,False,False,down
CDH22,-0.04952222222222221,0.8553333190413396,0.8203125,9,0.9356104126720352,0.9312940906455354,False,False,down
SCN4B,0.014330000000000004,0.856132093457275,0.76953125,10,0.9359767513320085,0.8933254076086956,False,False,up
CPA2,-0.015220000000000039,0.8563055944259813,0.6953125,10,0.9359767513320085,0.8562401729559749,False,False,down
PSMD5,0.031749999999999994,0.857478089473004,0.84375,8,0.9363302919228755,0.9341218797010155,False,False,up
SH3GL3,0.07561111111111107,0.8575332518255644,0.91015625,9,0.9363302919228755,0.9771010014435222,False,False,up
STAU1,0.032666666666666656,0.8575854563406657,0.91015625,9,0.9363302919228755,0.9771010014435222,False,False,up
ABRAXAS2,0.033699999999999994,0.858014701140303,1.0,8,0.9364508276659494,1.0,False,False,up
UNG,-0.042910000000000004,0.8587064803191643,0.845703125,10,0.936711537346827,0.9341218797010155,False,False,down
ARHGAP25,0.05077499999999999,0.8588914436755211,0.9453125,8,0.936711537346827,0.987685098719317,False,False,up
CNGB3,-0.029922222222222197,0.860647877895418,0.8203125,9,0.9380388842627942,0.9312940906455354,False,False,down
PTX3,-0.049037500000000026,0.8607472908029384,1.0,8,0.9380388842627942,1.0,False,False,down
MARCO,-0.01012222222222222,0.8617018164450998,0.5703125,9,0.938730799294977,0.7765451147426982,False,False,down
ACTN4,-0.026199999999999987,0.8621806881338203,1.0,9,0.9389042198921135,1.0,False,False,down
RNF149,0.015080000000000005,0.8629797829523739,0.845703125,10,0.9391914396637688,0.9341218797010155,False,False,up
SPINK5,-0.013129999999999998,0.8630839957958842,0.76953125,10,0.9391914396637688,0.8933254076086956,False,False,down
GALNT2,0.01167,0.8640630467094266,0.4921875,10,0.9399085808094763,0.7318068024861878,False,False,up
PAFAH1B3,0.0130888888888889,0.8649380618852861,0.91015625,9,0.9405120650711164,0.9771010014435222,False,False,up
PTPRK,-0.012910000000000022,0.8654091052596009,1.0,10,0.9406759963536078,1.0,False,False,down
REG3G,0.02794,0.866012263618144,0.921875,10,0.9409833585817569,0.9771010014435222,False,False,up
FUT8,-0.048000000000000015,0.8664888396185977,0.734375,9,0.941153003683366,0.8768321349557522,False,False,down
GABARAPL1,0.030022222222222245,0.8673300458832311,1.0,9,0.9417184268979851,1.0,False,False,up
ZNF174,0.041589999999999974,0.8719156168549598,0.921875,10,0.9456340020185796,0.9771010014435222,False,False,up
PPL,0.019490000000000004,0.871991113147073,0.845703125,10,0.9456340020185796,0.9341218797010155,False,False,up
ATRAID,0.014410000000000001,0.8723014021892151,0.921875,10,0.9456340020185796,0.9771010014435222,False,False,up
CA12,-0.011255555555555562,0.8723411312950927,1.0,9,0.9456340020185796,1.0,False,False,down
CDHR5,-0.014177777777777777,0.8726181433677296,0.91015625,9,0.9456340020185796,0.9771010014435222,False,False,down
CLEC7A,-0.009330000000000015,0.8732807896453683,0.921875,10,0.9456340020185796,0.9771010014435222,False,False,down
ASAH1,0.03921,0.873457339551507,0.76953125,10,0.9456340020185796,0.8933254076086956,False,False,up
ADGRE5,-0.010300000000000004,0.873512103328705,0.921875,10,0.9456340020185796,0.9771010014435222,False,False,down
MCAM,0.012829999999999998,0.8741542217465513,1.0,10,0.9459804529364854,1.0,False,False,up
LMNB2,-0.010420000000000013,0.8747895164585973,0.4921875,10,0.9463192669756538,0.7318068024861878,False,False,down
SPARC,0.08353333333333335,0.8769510347637086,0.5703125,9,0.9479848722139855,0.7765451147426982,False,False,up
SERPINE1,0.06805999999999994,0.877350767544288,0.6953125,10,0.9479848722139855,0.8562401729559749,False,False,up
AIF1L,-0.015320000000000018,0.8774305031761841,1.0,10,0.9479848722139855,1.0,False,False,down
CHEK2,-0.033099999999999984,0.8790058181004915,0.8203125,9,0.9479848722139855,0.9312940906455354,False,False,down
CD248,-0.016779999999999986,0.879009462099042,0.6953125,10,0.9479848722139855,0.8562401729559749,False,False,down
FH,-0.02592222222222223,0.8792317072405584,1.0,9,0.9479848722139855,1.0,False,False,down
TOM1L2,0.05635555555555554,0.8798720833981485,0.65234375,9,0.9479848722139855,0.8251221333979328,False,False,up
VIM,0.16185555555555567,0.8798817063241806,0.91015625,9,0.9479848722139855,0.9771010014435222,False,False,up
CCL28,0.016712500000000012,0.8799343170863658,0.7421875,8,0.9479848722139855,0.8768321349557522,False,False,up
CTSZ,-0.011189999999999988,0.8799623060977749,1.0,10,0.9479848722139855,1.0,False,False,down
FMR1,0.03431249999999998,0.8801197866448137,0.84375,8,0.9479848722139855,0.9341218797010155,False,False,up
FABP9,0.02132500000000001,0.8804291524265265,0.9453125,8,0.9479848722139855,0.987685098719317,False,False,up
SPRING1,0.03024444444444445,0.8805252745657992,0.8203125,9,0.9479848722139855,0.9312940906455354,False,False,up
GBP1,0.01882000000000001,0.8810450703642865,0.625,10,0.9481969115646425,0.8251221333979328,False,False,up
IL7,0.060075,0.8818016844553602,0.7421875,8,0.9486101875008245,0.8768321349557522,False,False,up
FGFBP2,0.011979999999999996,0.8821114825924259,0.625,10,0.9486101875008245,0.8251221333979328,False,False,up
DYNC1H1,0.018429999999999995,0.8823980361771373,0.921875,10,0.9486101875008245,0.9771010014435222,False,False,up
MKI67,0.03860000000000001,0.8847428689326953,0.921875,10,0.9507829513557724,0.9771010014435222,False,False,up
BRSK2,0.037077777777777765,0.8861264937808805,0.8203125,9,0.9517153189833092,0.9312940906455354,False,False,up
CXCL8__Inflammation,0.039959999999999954,0.8864798152362965,0.193359375,10,0.9517153189833092,0.4478007903981265,False,False,up
CANT1,-0.014622222222222224,0.8865826056310295,0.42578125,9,0.9517153189833092,0.6793829129823151,False,False,down
TRIM26,0.02457777777777777,0.8886534973256703,1.0,9,0.9531962768941832,1.0,False,False,up
DUOX2,-0.027266666666666668,0.8890214625104012,0.65234375,9,0.9531962768941832,0.8251221333979328,False,False,down
ILKAP,0.03152222222222218,0.8894267469063475,1.0,9,0.9531962768941832,1.0,False,False,up
CEACAM6,-0.01621999999999999,0.8895229942855106,1.0,10,0.9531962768941832,1.0,False,False,down
UBAC1,-0.021211111111111108,0.8895849489162262,0.8203125,9,0.9531962768941832,0.9312940906455354,False,False,down
SIGLEC7,-0.012777777777777784,0.8915331053329096,0.65234375,9,0.9548927156904101,0.8251221333979328,False,False,down
PLAUR,-0.021920000000000002,0.891818426673066,0.232421875,10,0.9548927156904101,0.4942961961440985,False,False,down
CLMP,-0.008350000000000002,0.8930938226731715,0.845703125,10,0.9559098240492364,0.9341218797010155,False,False,down
AKT1S1,0.03046666666666669,0.8934711482376663,0.8203125,9,0.95596530505429,0.9312940906455354,False,False,up
DNAJA4,-0.025310000000000034,0.8939237166803999,0.625,10,0.956013341514855,0.8251221333979328,False,False,down
IL9,-0.02994444444444448,0.894222353845081,0.8203125,9,0.956013341514855,0.9312940906455354,False,False,down
GASK1A,-0.05408749999999997,0.8944925646860133,0.7421875,8,0.956013341514855,0.8768321349557522,False,False,down
IGF2R,-0.00731,0.8953056027654003,0.76953125,10,0.9561888090745263,0.8933254076086956,False,False,down
IDS,0.004330000000000003,0.8953078736652869,0.845703125,10,0.9561888090745263,0.9341218797010155,False,False,up
HPGDS,-0.013487499999999965,0.895674057930512,0.9453125,8,0.9562321730795762,0.987685098719317,False,False,down
AHSA1,0.044869999999999986,0.8978546979894133,0.921875,10,0.9582119360446609,0.9771010014435222,False,False,up
TCTN3,0.013740000000000035,0.8991631580110659,0.76953125,10,0.9589832975810789,0.8933254076086956,False,False,up
INSR,-0.011129999999999998,0.8993025549566559,0.921875,10,0.9589832975810789,0.9771010014435222,False,False,down
AMDHD2,0.01106000000000002,0.8995570258208623,0.76953125,10,0.9589832975810789,0.8933254076086956,False,False,up
FOXJ3,-0.017849999999999984,0.9000056469646946,1.0,10,0.9591134198604166,1.0,False,False,down
SATB1,0.016277777777777773,0.90078408219072,1.0,9,0.9593508401668661,1.0,False,False,up
CIT,-0.04372500000000004,0.9008817218863523,1.0,8,0.9593508401668661,1.0,False,False,down
TP73,0.020312499999999983,0.9015228330829312,0.84375,8,0.9593656819691183,0.9341218797010155,False,False,up
CLU,0.013869999999999976,0.9015489554765974,1.0,10,0.9593656819691183,1.0,False,False,up
FXYD5,0.01765555555555555,0.902743093464876,0.91015625,9,0.9602884699407247,0.9771010014435222,False,False,up
VCPKMT,-0.018055555555555554,0.9041122173245055,0.734375,9,0.9613966626654861,0.8768321349557522,False,False,down
CEBPA,-0.017879999999999993,0.9053613769939066,1.0,10,0.9621069764719766,1.0,False,False,down
CAPS,-0.011579999999999997,0.905435370435323,0.76953125,10,0.9621069764719766,0.8933254076086956,False,False,down
SMOC2,0.011139999999999988,0.9061926317371628,0.76953125,10,0.9623465505246569,0.8933254076086956,False,False,up
IL19,-0.009755555555555549,0.9063161589210762,0.8203125,9,0.9623465505246569,0.9312940906455354,False,False,down
ATP1B3,-0.021249999999999977,0.9067342634177501,0.9453125,8,0.9624425484849773,0.987685098719317,False,False,down
SERPINA5,-0.011779999999999985,0.9076356318569446,0.6953125,10,0.9627774454435202,0.8562401729559749,False,False,down
EP300,0.02467999999999998,0.9077053954487938,1.0,10,0.9627774454435202,1.0,False,False,up
FOS,-0.010666666666666639,0.9083228163817407,0.49609375,9,0.9630845168639612,0.7318068024861878,False,False,down
APOA4,0.007860000000000011,0.9097988569375175,0.845703125,10,0.9643014228890253,0.9341218797010155,False,False,up
IL31RA,0.02726999999999998,0.9104315105337186,1.0,10,0.9646238623512019,1.0,False,False,up
KIR2DL2,-0.02946000000000002,0.911673834941922,0.845703125,10,0.9655059252946248,0.9341218797010155,False,False,down
NADK,0.027688888888888874,0.9119528377067521,0.65234375,9,0.9655059252946248,0.8251221333979328,False,False,up
CDCP1,-0.009666666666666688,0.9122808110626961,1.0,9,0.9655059252946248,1.0,False,False,down
HAGH,-0.02259000000000002,0.9125789746741159,0.921875,10,0.9655059252946248,0.9771010014435222,False,False,down
STC1,0.011950000000000006,0.9129768014772246,1.0,10,0.9655789938561788,1.0,False,False,up
TMEM132A,-0.03671000000000009,0.9136802100946676,0.431640625,10,0.9659750817307555,0.6793829129823151,False,False,down
CNPY2,-0.013833333333333333,0.9153542304598565,0.734375,9,0.9663754008515066,0.8768321349557522,False,False,down
NFASC,-0.007190000000000018,0.915453219123334,0.275390625,10,0.9663754008515066,0.5406565946691176,False,False,down
SMNDC1,-0.03068000000000002,0.9155021103875607,0.921875,10,0.9663754008515066,0.9771010014435222,False,False,down
ARMCX2,0.018399999999999972,0.9156642497211422,0.734375,9,0.9663754008515066,0.8768321349557522,False,False,up
BAG3,0.011566666666666671,0.9157040315184688,0.91015625,9,0.9663754008515066,0.9771010014435222,False,False,up
CDC25A,0.021688888888888883,0.9160737156813635,0.1640625,9,0.9664182841078177,0.39822443181818185,False,False,up
DLK1,0.005430000000000005,0.9168490464835373,0.76953125,10,0.9665644203790071,0.8933254076086956,False,False,up
CRTAM,0.008788888888888895,0.9172769889614842,0.91015625,9,0.9665644203790071,0.9771010014435222,False,False,up
MDGA1,-0.014644444444444436,0.9176827217650922,0.8203125,9,0.9665644203790071,0.9312940906455354,False,False,down
WNT9A,-0.010311111111111123,0.9177557233597097,0.65234375,9,0.9665644203790071,0.8251221333979328,False,False,down
RRP15,-0.05438888888888892,0.9178577352526561,0.8203125,9,0.9665644203790071,0.9312940906455354,False,False,down
LILRA3,0.009000000000000041,0.919242309334269,0.845703125,10,0.9676755062776874,0.9341218797010155,False,False,up
SCN3A,-0.022012499999999963,0.9216189210326236,0.9453125,8,0.9696107349066255,0.987685098719317,False,False,down
HSP90B1,-0.01562222222222224,0.9219159641354434,0.65234375,9,0.9696107349066255,0.8251221333979328,False,False,down
LYPD3,-0.006666666666666648,0.9221528541795374,0.8203125,9,0.9696107349066255,0.9312940906455354,False,False,down
REG1B,-0.00615999999999999,0.922577288284901,0.921875,10,0.9696107349066255,0.9771010014435222,False,False,down
PPP1R12B,-0.016866666666666696,0.9227313599128425,1.0,9,0.9696107349066255,1.0,False,False,down
VNN2,-0.02328888888888889,0.9230921219415329,0.12890625,9,0.9696429049149793,0.347813560520362,False,False,down
CDH15,-0.010160000000000013,0.9237000174822766,0.921875,10,0.9699345553612608,0.9771010014435222,False,False,down
PGLYRP1,0.01226999999999998,0.9249361565160159,0.16015625,10,0.9708854509247816,0.39822443181818185,False,False,up
UNC5D,-0.01714,0.9256118899382482,1.0,10,0.9709027156081652,1.0,False,False,down
TXNDC15,-0.00581111111111111,0.9256137567936202,0.91015625,9,0.9709027156081652,0.9771010014435222,False,False,down
ZNRF4,-0.009060000000000007,0.9261346705443607,1.0,10,0.9711022946764682,1.0,False,False,down
CD1C,0.003644444444444444,0.9269912120565871,0.65234375,9,0.9716535295539601,0.8251221333979328,False,False,up
CD3G,0.013199999999999979,0.9273346888943629,0.6953125,10,0.9716667789092914,0.8562401729559749,False,False,up
PTEN,-0.023411111111111122,0.9279901358691319,1.0,9,0.9717986336165954,1.0,False,False,down
CLSTN2,0.0070700000000000094,0.9281222905327035,0.76953125,10,0.9717986336165954,0.8933254076086956,False,False,up
MAN1A2,0.00968,0.9285941647138866,0.625,10,0.9719462087543423,0.8251221333979328,False,False,up
IDO1__Neurology_II,0.021722222222222184,0.9290149469323425,0.8203125,9,0.9720312117215091,0.9312940906455354,False,False,up
ATP5PO,-0.02305555555555556,0.9293372974170915,0.65234375,9,0.9720312117215091,0.8251221333979328,False,False,down
TNFSF14,0.033733333333333365,0.9306210066486873,0.25,9,0.9730029115273632,0.5088357588357588,False,False,up
ANK2,0.01653750000000001,0.9309686790242256,0.7421875,8,0.9730029115273632,0.8768321349557522,False,False,up
CDKL5,-0.020422222222222244,0.9312601921359951,0.734375,9,0.9730029115273632,0.8768321349557522,False,False,down
ALMS1,-0.02067777777777777,0.9329546139048346,0.91015625,9,0.97364922215223,0.9771010014435222,False,False,down
AMBN,-0.014955555555555536,0.9330475673661736,1.0,9,0.97364922215223,1.0,False,False,down
MLLT1,0.0305888888888889,0.9331319113972698,0.5703125,9,0.97364922215223,0.7765451147426982,False,False,up
TNF__Inflammation,0.00943333333333333,0.9332048213682422,0.8203125,9,0.97364922215223,0.9312940906455354,False,False,up
ATXN2L,0.016411111111111105,0.9344202140599371,0.91015625,9,0.9738835535982426,0.9771010014435222,False,False,up
C3,0.017729999999999933,0.9346632623855211,0.556640625,10,0.9738835535982426,0.7765451147426982,False,False,up
TRIM24,0.020044444444444445,0.9352156517389076,1.0,9,0.9738835535982426,1.0,False,False,up
KHDC3L,-0.014255555555555514,0.9354661167053022,1.0,9,0.9738835535982426,1.0,False,False,down
PILRB,0.00552222222222221,0.9356098420781518,0.8203125,9,0.9738835535982426,0.9312940906455354,False,False,up
TNFRSF6B,-0.009933333333333337,0.9358459188783416,1.0,9,0.9738835535982426,1.0,False,False,down
GET3,-0.016570000000000064,0.9358989547541977,0.921875,10,0.9738835535982426,0.9771010014435222,False,False,down
FSTL1,-0.00643,0.9361465519514811,0.921875,10,0.9738835535982426,0.9771010014435222,False,False,down
TADA3,-0.030129999999999945,0.9364137403341632,0.556640625,10,0.9738835535982426,0.7765451147426982,False,False,down
DCC,0.012287500000000035,0.9371102531222387,0.546875,8,0.9741959549102258,0.7765451147426982,False,False,up
TMED1,0.022011111111111068,0.9382451878805491,0.91015625,9,0.9741959549102258,0.9771010014435222,False,False,up
MPO,0.02368,0.9382524543988688,0.130859375,10,0.9741959549102258,0.347813560520362,False,False,up
FABP6,0.015155555555555564,0.9385036907156968,1.0,9,0.9741959549102258,1.0,False,False,up
DUSP29,-0.018837500000000035,0.9391172386507891,0.640625,8,0.9741959549102258,0.8251221333979328,False,False,down
PRG2,0.00495000000000001,0.9392380543772247,1.0,10,0.9741959549102258,1.0,False,False,up
MME,-0.005500000000000036,0.9392885764543979,0.8203125,9,0.9741959549102258,0.9312940906455354,False,False,down
RETN,0.006959999999999997,0.9395977208493898,0.375,10,0.9741959549102258,0.6402735264806378,False,False,up
SCARB2,-0.007255555555555567,0.9401114042743801,0.734375,9,0.9741959549102258,0.8768321349557522,False,False,down
PDCD1LG2,0.006411111111111114,0.9404450272798379,0.65234375,9,0.9741959549102258,0.8251221333979328,False,False,up
LSM8,0.00674444444444443,0.9406256564973465,1.0,9,0.9741959549102258,1.0,False,False,up
HSD17B3,0.021525000000000044,0.9412635109491818,0.9453125,8,0.9741959549102258,0.987685098719317,False,False,up
FCRL6,-0.010975000000000013,0.9413004925571173,0.7421875,8,0.9741959549102258,0.8768321349557522,False,False,down
MSLNL,-0.015600000000000017,0.9413578890143754,1.0,8,0.9741959549102258,1.0,False,False,down
CHCHD10,-0.0116,0.9420237276719057,0.921875,10,0.9745416302121829,0.9771010014435222,False,False,down
ISLR2,-0.01951111111111113,0.943116854072563,0.65234375,9,0.9753289438067314,0.8251221333979328,False,False,down
SERPINA6,-0.0030900000000000346,0.9437415246309525,0.921875,10,0.9756314177547017,0.9771010014435222,False,False,down
MRC1,0.007077777777777782,0.9445595180854977,1.0,9,0.975914963905392,1.0,False,False,up
HNMT,-0.011355555555555515,0.9446803685335476,0.8203125,9,0.975914963905392,0.9312940906455354,False,False,down
RGS8,-0.006733333333333332,0.9455912969760187,0.8203125,9,0.9761950101324229,0.9312940906455354,False,False,down
BCL2L11,-0.018162500000000026,0.9456162083169027,0.84375,8,0.9761950101324229,0.9341218797010155,False,False,down
MAP1LC3B2,-0.0139875,0.9467273647797165,0.9453125,8,0.976781810964426,0.987685098719317,False,False,down
CKAP4,0.005780000000000016,0.9468497840707255,0.431640625,10,0.976781810964426,0.6793829129823151,False,False,up
GUCY2C,-0.016777777777777794,0.9471880928026691,1.0,9,0.9767877207027525,1.0,False,False,down
TDP1,-0.021249999999999936,0.9477403918909123,0.625,10,0.9770142263894733,0.8251221333979328,False,False,down
GALNT3,0.009411111111111141,0.9491436591440152,0.91015625,9,0.978117518212622,0.9771010014435222,False,False,up
TOP1MT,-0.01317777777777777,0.9507154968736573,1.0,9,0.9789976292432256,1.0,False,False,down
ASGR2,0.005455555555555559,0.9509279013685245,0.734375,9,0.9789976292432256,0.8768321349557522,False,False,up
ARSA,-0.011730000000000008,0.9512950829575221,0.4921875,10,0.9789976292432256,0.7318068024861878,False,False,down
MANEAL,-0.02116666666666673,0.9513310295744521,1.0,9,0.9789976292432256,1.0,False,False,down
IL18RAP,-0.005833333333333333,0.9522392441133849,0.91015625,9,0.9793112871273126,0.9771010014435222,False,False,down
LTBR,0.002910000000000007,0.9523027020890722,1.0,10,0.9793112871273126,1.0,False,False,up
ADGRE2,0.004959999999999987,0.9530372822184495,0.845703125,10,0.9794190375785764,0.9341218797010155,False,False,up
TNFRSF9,0.005177777777777772,0.9530744328905588,1.0,9,0.9794190375785764,1.0,False,False,up
GHRHR,0.009255555555555548,0.955158674883023,0.734375,9,0.9812175684265263,0.8768321349557522,False,False,up
PVR,-0.0036400000000000043,0.9557332360283509,1.0,10,0.9814645154598834,1.0,False,False,down
MCEE,0.010699999999999994,0.956441370879362,1.0,9,0.9818484118394569,1.0,False,False,up
PDGFRA,0.0036333333333333374,0.9568879308118168,0.91015625,9,0.9819636103404283,0.9771010014435222,False,False,up
NPR1,-0.007450000000000005,0.957225415520554,0.9453125,8,0.9819668338749099,0.987685098719317,False,False,down
FBP1,-0.03102222222222216,0.9579772696027409,1.0,9,0.9820199326884154,1.0,False,False,down
HAVCR2,0.00270999999999999,0.9582309406636098,1.0,10,0.9820199326884154,1.0,False,False,up
HMMR,0.014922222222222233,0.958851937388554,0.734375,9,0.9820199326884154,0.8768321349557522,False,False,up
SMPD3,-0.007629999999999993,0.9589593107111688,0.921875,10,0.9820199326884154,0.9771010014435222,False,False,down
GLRX,-0.008166666666666655,0.9590695289494111,0.91015625,9,0.9820199326884154,0.9771010014435222,False,False,down
IZUMO1,0.00981111111111111,0.9592833458914074,1.0,9,0.9820199326884154,1.0,False,False,up
CDON,-0.004270000000000005,0.9602412865794128,0.845703125,10,0.9825718086667315,0.9341218797010155,False,False,down
L1CAM,-0.0030777777777777687,0.9604915433034342,0.8203125,9,0.9825718086667315,0.9312940906455354,False,False,down
RARRES1,-0.006787500000000002,0.9609932093263985,0.84375,8,0.98274270744834,0.9341218797010155,False,False,down
MSTN,0.006911111111111114,0.9617950161314028,0.91015625,9,0.9828913188174516,0.9771010014435222,False,False,up
CD276,0.002820000000000003,0.9618078482401621,0.845703125,10,0.9828913188174516,0.9341218797010155,False,False,up
NUP50,0.0040374999999999925,0.9622369903783534,0.9453125,8,0.982987840257817,0.987685098719317,False,False,up
GAS2,-0.007088888888888879,0.9634213968196566,0.91015625,9,0.9832776885999029,0.9771010014435222,False,False,down
PRSS27,-0.007422222222222231,0.9635076926015909,0.8203125,9,0.9832776885999029,0.9312940906455354,False,False,down
ENSA,0.012520000000000014,0.9635250894758327,1.0,10,0.9832776885999029,1.0,False,False,up
CLEC10A,-0.003377777777777776,0.9659731463298142,1.0,9,0.98515395910804,1.0,False,False,down
LGALS3BP,-0.002080000000000004,0.9660345257852078,0.921875,10,0.98515395910804,0.9771010014435222,False,False,down
CD300E,0.0034599999999999965,0.9667689313976405,0.6953125,10,0.9855562476856388,0.8562401729559749,False,False,up
FOSB,0.008344444444444425,0.9672495673678263,1.0,9,0.9855562476856388,1.0,False,False,up
BTLA,0.020099999999999982,0.9676364880598636,0.91015625,9,0.9855562476856388,0.9771010014435222,False,False,up
YTHDF3,-0.017111111111111115,0.9681472912403353,1.0,9,0.9855562476856388,1.0,False,False,down
NEDD9,-0.009409999999999941,0.9685461974217131,1.0,10,0.9855562476856388,1.0,False,False,down
AGRP,0.007169999999999949,0.9689883765400018,0.625,10,0.9855562476856388,0.8251221333979328,False,False,up
APOA2,-0.026711111111110932,0.9689965785708164,0.65234375,9,0.9855562476856388,0.8251221333979328,False,False,down
BOC,0.0032444444444444387,0.9691135319428413,0.91015625,9,0.9855562476856388,0.9771010014435222,False,False,up
S100P,-0.005911111111111101,0.9714559939962839,0.49609375,9,0.9873327492982791,0.7318068024861878,False,False,down
TMED10,-0.007449999999999929,0.9715327359455317,0.9453125,8,0.9873327492982791,0.987685098719317,False,False,down
LMOD1__Oncology_II,-0.007929999999999993,0.9726243176423469,1.0,10,0.9877845199717508,1.0,False,False,down
NCF2,-0.018024999999999958,0.9729179343324967,0.84375,8,0.9877845199717508,0.9341218797010155,False,False,down
MRPL58,-0.005100000000000015,0.9729862500096271,1.0,9,0.9877845199717508,1.0,False,False,down
GNAS,-0.0034222222222222124,0.9736352471627672,0.5703125,9,0.9879135494619081,0.7765451147426982,False,False,down
EFNB2,0.014787499999999981,0.9742255655396239,0.84375,8,0.9879135494619081,0.9341218797010155,False,False,up
RNASE3,0.01471111111111112,0.9744533599104276,0.8203125,9,0.9879135494619081,0.9312940906455354,False,False,up
ITGA11,0.0033500000000000266,0.9744588194726413,0.9453125,8,0.9879135494619081,0.987685098719317,False,False,up
PRR4,-0.0026800000000000157,0.9753367516952267,0.921875,10,0.9884624015627608,0.9771010014435222,False,False,down
HSD11B1,0.004225,0.9757830925860085,0.9453125,8,0.9885736263970704,0.987685098719317,False,False,up
TNFRSF10C,0.001990000000000014,0.9762436925424558,0.6953125,10,0.9886629968516257,0.8562401729559749,False,False,up
FCRL2,0.0019000000000000128,0.9765445535807171,0.76953125,10,0.9886629968516257,0.8933254076086956,False,False,up
CSF2RB,-0.004179999999999984,0.9772354166865557,1.0,10,0.9890215088933197,1.0,False,False,down
GPR101,0.0042777777777777935,0.9780161126851534,0.91015625,9,0.9890788212656413,0.9771010014435222,False,False,up
PEPD,-0.002400000000000001,0.9780386635962455,0.65234375,9,0.9890788212656413,0.8251221333979328,False,False,down
VEGFA,-0.006120000000000012,0.9785878152937126,0.375,10,0.9890788212656413,0.6402735264806378,False,False,down
ROR1,0.001988888888888895,0.9786391060939577,1.0,9,0.9890788212656413,1.0,False,False,up
TMCO5A,-0.004712499999999981,0.9800723597081618,0.640625,8,0.9901866255462233,0.8251221333979328,False,False,down
IL36A,0.002780000000000016,0.9806912219490712,1.0,10,0.9903833256213073,1.0,False,False,up
TNFRSF10A,0.002600000000000007,0.9810633998204694,0.8203125,9,0.9903833256213073,0.9312940906455354,False,False,up
ARAF,-0.007033333333333373,0.9812786780926128,0.91015625,9,0.9903833256213073,0.9771010014435222,False,False,down
CDK5RAP3,0.003711111111111091,0.9833268324545625,1.0,9,0.9921095523596875,1.0,False,False,up
IL16,0.0025699999999999833,0.9843801197007791,0.556640625,10,0.9928311852888695,0.7765451147426982,False,False,up
CPXM1,-0.007177777777777752,0.9852463241608539,0.203125,9,0.9933636986132605,0.4526389415781487,False,False,down
NOS1,0.004833333333333344,0.9861311074986132,1.0,9,0.9936320260740299,1.0,False,False,up
TNFRSF19,0.0014400000000000107,0.9861890895491308,0.431640625,10,0.9936320260740299,0.6793829129823151,False,False,up
LAG3,-0.0009111111111111125,0.987095361758948,0.91015625,9,0.993803731808613,0.9771010014435222,False,False,down
MYO6,0.00331111111111111,0.9880919341643348,1.0,9,0.993803731808613,1.0,False,False,up
BGLAP,-0.0017100000000000505,0.9883341480509331,0.76953125,10,0.993803731808613,0.8933254076086956,False,False,down
GAMT,0.0031625000000000056,0.9886060850846097,0.640625,8,0.993803731808613,0.8251221333979328,False,False,up
CTHRC1,-0.00137000000000001,0.9886560563473565,0.4921875,10,0.993803731808613,0.7318068024861878,False,False,down
MAG,0.0036249999999999824,0.9890134821468608,0.9453125,8,0.993803731808613,0.987685098719317,False,False,up
IGSF9,-0.0018999999999999683,0.9893120602478576,0.431640625,10,0.993803731808613,0.6793829129823151,False,False,down
NECTIN1,-0.0028400000000000205,0.9894185038806694,1.0,10,0.993803731808613,1.0,False,False,down
CXCL8__Neurology,-0.004288888888888898,0.9896166624851161,0.49609375,9,0.993803731808613,0.7318068024861878,False,False,down
LRRC25,-0.0013333333333333268,0.9897432466939711,0.734375,9,0.993803731808613,0.8768321349557522,False,False,down
DNLZ,0.009844444444444593,0.9906101798420661,0.5703125,9,0.994334278262525,0.7765451147426982,False,False,up
RLN2,0.0016200000000000658,0.9918598806448293,0.6953125,10,0.9952485375653789,0.8562401729559749,False,False,up
EIF5A,-0.0020888888888889088,0.9926501686564733,1.0,9,0.9957013474535732,1.0,False,False,down
VWA5A,0.0022222222222221997,0.9931206815896556,1.0,9,0.9958331996684257,1.0,False,False,up
KCNIP4,0.001188888888888906,0.9958524202145969,0.91015625,9,0.9981644376110914,0.9771010014435222,False,False,up
ERBB4,-0.00031111111111111384,0.996354166563352,1.0,9,0.9981644376110914,1.0,False,False,down
OFD1,-0.0007000000000000154,0.9964651450717468,0.91015625,9,0.9981644376110914,0.9771010014435222,False,False,down
PSAP,0.00045999999999998267,0.9971753260266734,0.431640625,10,0.9985288751261333,0.6793829129823151,False,False,up
PRDX2,0.00029999999999998545,0.9976711865588884,0.91015625,9,0.9985288751261333,0.9771010014435222,False,False,up
ESAM,-0.0003199999999999981,0.9978489099404839,0.232421875,10,0.9985288751261333,0.4942961961440985,False,False,down
SPINK4,-0.00015000000000001124,0.9989082711965356,0.7421875,8,0.999248498809341,0.8768321349557522,False,False,down
EFCAB14,-6.000000000002115e-05,0.9995347960539984,0.76953125,10,0.9995347960539984,0.8933254076086956,False,False,down
