Protein,log2FC,t_p,w_p,n_pairs,t_fdr,w_fdr,changed,strict,direction
CALCA,0.7087111111111111,3.2510348293633293e-07,0.00390625,9,0.0009548289293840098,0.12890625,True,True,up
FGFBP3,0.43273,7.833723381288828e-07,0.001953125,10,0.0011503822785422643,0.12204953457446809,True,True,up
ANGPTL4,0.56794,6.309993302324168e-06,0.001953125,10,0.005638419547616034,0.12204953457446809,True,True,up
CRIM1,0.36297,7.679154984836273e-06,0.001953125,10,0.005638419547616034,0.12204953457446809,True,True,up
MYOC,-0.79078,1.3886835065687764e-05,0.001953125,10,0.0068198195049209015,0.12204953457446809,True,True,down
OBP2B,0.7474222222222222,1.3932215536099901e-05,0.00390625,9,0.0068198195049209015,0.12890625,True,True,up
TIMP4,0.47356999999999994,2.09680295823992e-05,0.001953125,10,0.008797586126215206,0.12204953457446809,True,True,up
CXCL17,0.4407,2.426015655010584e-05,0.001953125,10,0.008906509973457606,0.12204953457446809,True,True,up
PRL,2.03595,2.7455262899271638e-05,0.001953125,10,0.00895956745946231,0.12204953457446809,True,True,up
MMP3,-0.40984999999999994,3.6580992567534225e-05,0.001953125,10,0.010743837517084801,0.12204953457446809,True,False,down
PRND,0.17140000000000002,4.616506190754954e-05,0.001953125,10,0.012326071529315726,0.12204953457446809,True,False,up
CCL13,0.47925000000000006,9.349461266188751e-05,0.001953125,10,0.021578896605265095,0.12204953457446809,True,False,up
ESM1,0.26952,9.551435337706716e-05,0.001953125,10,0.021578896605265095,0.12204953457446809,True,False,up
MATN2,0.32145,0.00011041882792305833,0.001953125,10,0.02298175522388505,0.12204953457446809,True,False,up
MZT1,0.49092,0.0001173736221853169,0.001953125,10,0.02298175522388505,0.12204953457446809,True,False,up
RBM17,0.6409299999999999,0.00013000001438702414,0.001953125,10,0.02386312764091812,0.12204953457446809,True,False,up
CST6,0.27103,0.00016510601912961634,0.001953125,10,0.028524492834334305,0.12204953457446809,True,False,up
EDN1,0.7370222222222221,0.00019106858465103415,0.00390625,9,0.031063276246848827,0.12890625,True,False,up
HS6ST1,0.5679399999999999,0.0002009541194041974,0.001953125,10,0.031063276246848827,0.12204953457446809,True,False,up
CELSR2,0.19566249999999996,0.00023817134682756715,0.0078125,8,0.03497546228162823,0.13723273026315788,True,False,up
SMOC1,0.33542,0.0002810270063240905,0.001953125,10,0.035087806596207076,0.12204953457446809,True,False,up
GDF15,0.24852999999999997,0.00028983974691016324,0.001953125,10,0.035087806596207076,0.12204953457446809,True,False,up
FRZB,0.25585555555555556,0.0002909850894538382,0.00390625,9,0.035087806596207076,0.12890625,True,False,up
LAMA4,0.29139,0.0002922213866525496,0.001953125,10,0.035087806596207076,0.12204953457446809,True,False,up
KLK10,0.32477,0.00030175884921117513,0.001953125,10,0.035087806596207076,0.12204953457446809,True,False,up
CTRB1,-0.17703999999999995,0.0003253301114672234,0.001953125,10,0.035087806596207076,0.12204953457446809,True,False,down
TNC,0.37021,0.00033676578766502727,0.001953125,10,0.035087806596207076,0.12204953457446809,True,False,up
PTPRH,0.28773,0.0003399783569023529,0.00390625,10,0.035087806596207076,0.12890625,True,False,up
ITGB5,0.45420000000000005,0.00034645774303370964,0.001953125,10,0.035087806596207076,0.12204953457446809,True,False,up
CXCL13,0.38082999999999995,0.0003968951955395472,0.00390625,10,0.037635262617227265,0.12890625,True,False,up
SUMF2,0.5166700000000001,0.0003972397484283437,0.001953125,10,0.037635262617227265,0.12204953457446809,True,False,up
FST,0.4465199999999999,0.0004370110923541225,0.001953125,10,0.040109424320126805,0.12204953457446809,True,False,up
FLT3LG,-0.25764000000000004,0.0005659505050523703,0.001953125,10,0.04870033840876609,0.12204953457446809,True,False,down
AGER,0.21736,0.0005806343943111821,0.00390625,10,0.04870033840876609,0.12890625,True,False,up
SPOCK1,0.3218,0.000588212452131402,0.00390625,9,0.04870033840876609,0.12890625,True,False,up
SCGB3A2,0.15626999999999996,0.000596939796634518,0.00390625,10,0.04870033840876609,0.12890625,True,False,up
AREG,0.19458999999999999,0.0006507907473522083,0.00390625,10,0.05165871418847123,0.12890625,False,False,up
CD8A,0.25347,0.0006956110493033873,0.001953125,10,0.05349768408671137,0.12204953457446809,False,False,up
SPP1,0.22632000000000002,0.0007103880420094462,0.001953125,10,0.05349768408671137,0.12204953457446809,False,False,up
STXBP1,0.7979499999999999,0.0007514299528399996,0.001953125,10,0.05517374428727697,0.12204953457446809,False,False,up
SLC9A3R2,-0.47824,0.000956309566102785,0.005859375,10,0.06850441940594829,0.13723273026315788,False,False,down
PLAT,0.45515999999999995,0.0009935344777825537,0.00390625,10,0.06908548704929253,0.12890625,False,False,up
TNFSF13,0.16219,0.0010227169252134927,0.00390625,10,0.06908548704929253,0.12890625,False,False,up
TNFSF11,-0.6617375000000001,0.0010349885700268544,0.0078125,8,0.06908548704929253,0.13723273026315788,False,False,down
HEPACAM2,0.20554999999999998,0.0010929915673064325,0.007685794055213263,10,0.0713359162928665,0.13723273026315788,False,False,up
MB,-0.39685000000000004,0.0011793276621813555,0.001953125,10,0.0752975074744922,0.12204953457446809,False,False,down
CALCB,0.42955,0.0012104541241490482,0.00390625,10,0.07564050558778201,0.12890625,False,False,up
AHNAK2,-0.31666666666666665,0.0013422502374418942,0.00390625,9,0.08122401918486975,0.12890625,False,False,down
SPINK5,-0.15252,0.0013551164249433496,0.001953125,10,0.08122401918486975,0.12204953457446809,False,False,down
SPON1,0.28697,0.0015439959155031326,0.009765625,10,0.08953239794988373,0.13723273026315788,False,False,up
NDUFB7,0.67693,0.0015546994536752025,0.00390625,10,0.08953239794988373,0.12890625,False,False,up
KAZALD1,0.1721,0.001593161014442511,0.005859375,10,0.08998295960418567,0.13723273026315788,False,False,up
PTN,0.45199000000000006,0.0016461538630997538,0.00390625,10,0.0912217716212071,0.12890625,False,False,up
AGRN,0.33364000000000005,0.0017007193450685328,0.001953125,10,0.09219908468809675,0.12204953457446809,False,False,up
TPP1,0.26891,0.0017265746196272799,0.005859375,10,0.09219908468809675,0.13723273026315788,False,False,up
GDF2,0.26638999999999996,0.001763038609455773,0.005859375,10,0.09246507849949294,0.13723273026315788,False,False,up
DNM1,0.9300200000000001,0.0018436008208214858,0.00390625,10,0.09368995798469588,0.12890625,False,False,up
CLEC1B,1.0501900000000002,0.0018501932458673343,0.001953125,10,0.09368995798469588,0.12204953457446809,False,False,up
ADGRG1,0.37724,0.001931210102766703,0.001953125,10,0.0938176301654541,0.12204953457446809,False,False,up
NCR3LG1,0.27297,0.0019394123600876172,0.001953125,10,0.0938176301654541,0.12204953457446809,False,False,up
ADAM9,0.41963,0.0019485445829392916,0.005859375,10,0.0938176301654541,0.13723273026315788,False,False,up
RGS10,0.49827000000000005,0.0019841933191281904,0.00390625,10,0.09399315771418541,0.12890625,False,False,up
BSG,-0.059629999999999996,0.002188274533447052,0.005859375,10,0.1013369127548623,0.13723273026315788,False,False,down
ASGR1,0.2447888888888889,0.0022082269037491274,0.00390625,9,0.1013369127548623,0.12890625,False,False,up
SOST,0.45418000000000003,0.0022456002402277274,0.005859375,10,0.10146658316228978,0.13723273026315788,False,False,up
ALPI,-0.4241499999999999,0.0023185020983754073,0.0078125,8,0.10215088042685778,0.13723273026315788,False,False,down
THBS4,-0.22618999999999997,0.00234182935688314,0.005859375,10,0.10215088042685778,0.13723273026315788,False,False,down
TNFSF12,0.22409000000000004,0.002414990571037341,0.005859375,10,0.10215088042685778,0.13723273026315788,False,False,up
CTF1,0.5903499999999999,0.002427486907810116,0.005859375,10,0.10215088042685778,0.13723273026315788,False,False,up
IGSF9,0.29958,0.0024626796509574786,0.00390625,10,0.10215088042685778,0.12890625,False,False,up
MDK,0.36179999999999995,0.002469428842460641,0.009765625,10,0.10215088042685778,0.13723273026315788,False,False,up
WIF1,0.2783,0.0025237551180509587,0.005859375,10,0.10294817752382869,0.13723273026315788,False,False,up
GZMA,0.19648,0.0026094468389677716,0.009765625,10,0.10498555295956638,0.13723273026315788,False,False,up
UNC79,0.57047,0.0027550192371216323,0.005859375,10,0.10934447972197613,0.13723273026315788,False,False,up
FCRL1,0.22326000000000007,0.0029513869651758506,0.001953125,10,0.11557631355628632,0.12204953457446809,False,False,up
PPP1R12A,0.9276200000000001,0.0031717581686877623,0.00390625,10,0.12257175975573628,0.12890625,False,False,up
CD79B,0.15672000000000003,0.003379609364298357,0.005859375,10,0.126670263654372,0.13723273026315788,False,False,up
CTSO,0.22244000000000003,0.0033816742547422935,0.009765625,10,0.126670263654372,0.13723273026315788,False,False,up
INSL3,0.32675,0.0034149877828909335,0.005859375,10,0.126670263654372,0.13723273026315788,False,False,up
SNAP23,1.1754000000000002,0.003492226465855364,0.005859375,10,0.126670263654372,0.13723273026315788,False,False,up
CA3,-0.41228999999999993,0.0035401467701486004,0.00390625,10,0.126670263654372,0.12890625,False,False,down
PRSS8,0.16772000000000004,0.003577623457899153,0.009765625,10,0.126670263654372,0.13723273026315788,False,False,up
DOK2,1.14409,0.0035797180399430974,0.00390625,10,0.126670263654372,0.12890625,False,False,up
PRKD2,0.50862,0.0037668728762066494,0.009765625,10,0.1317060194930825,0.13723273026315788,False,False,up
SPINK2,0.12940000000000002,0.00386525959678296,0.0078125,8,0.1324106405109584,0.13723273026315788,False,False,up
PPIB,0.8086800000000001,0.0039015053099458728,0.00390625,10,0.1324106405109584,0.12890625,False,False,up
DIABLO,1.15157,0.003937579634078708,0.00390625,10,0.1324106405109584,0.12890625,False,False,up
GRAP2,0.9393900000000001,0.004049978307090548,0.009765625,10,0.1324106405109584,0.13723273026315788,False,False,up
SF3B4,0.5327599999999999,0.004180723341083646,0.001953125,10,0.1324106405109584,0.12204953457446809,False,False,up
CA13,1.0454499999999998,0.004197985823710309,0.00390625,10,0.1324106405109584,0.12890625,False,False,up
CNPY4,0.5339599999999999,0.004288830555262491,0.001953125,10,0.1324106405109584,0.12204953457446809,False,False,up
STK4,0.69458,0.0042957004298493995,0.009765625,10,0.1324106405109584,0.13723273026315788,False,False,up
VCAN,0.23462999999999998,0.004451303525946664,0.013671875,10,0.1324106405109584,0.14871961805555556,False,False,up
KLK7,0.277475,0.004469649517987661,0.015625,8,0.1324106405109584,0.16158670774647887,False,False,up
TNFRSF11B,0.21423,0.004474023340030104,0.02734375,10,0.1324106405109584,0.19492377123786409,False,False,up
EPGN,0.24476,0.004521439200851078,0.009765625,10,0.1324106405109584,0.13723273026315788,False,False,up
CXCL5,0.9041599999999999,0.004708678912990523,0.00390625,10,0.1324106405109584,0.12890625,False,False,up
IL1RN,0.21699000000000002,0.0047232022710807205,0.009765625,10,0.1324106405109584,0.13723273026315788,False,False,up
CNST,0.8293100000000001,0.004742390670094476,0.009765625,10,0.1324106405109584,0.13723273026315788,False,False,up
FSTL3,0.19710999999999998,0.0048216279459660375,0.01953125,10,0.1324106405109584,0.17021745178041542,False,False,up
GNLY,0.15179,0.004846849904132687,0.009765625,10,0.1324106405109584,0.13723273026315788,False,False,up
TFPI2,0.17320000000000002,0.0048629028946562194,0.009765625,10,0.1324106405109584,0.13723273026315788,False,False,up
P4HB,0.22458,0.004865573619352247,0.00390625,10,0.1324106405109584,0.12890625,False,False,up
ECI2,0.53128,0.004879258489472604,0.00390625,10,0.1324106405109584,0.12890625,False,False,up
LRRC37A2,0.17125,0.0048807475343308265,0.013671875,10,0.1324106405109584,0.14871961805555556,False,False,up
PCDH17,0.24054999999999999,0.004924316032581566,0.00390625,10,0.1324106405109584,0.12890625,False,False,up
COX5B,0.50716,0.004996600088980106,0.005859375,10,0.1324106405109584,0.13723273026315788,False,False,up
PLEKHO1,0.6450199999999999,0.005015484302064258,0.005859375,10,0.1324106405109584,0.13723273026315788,False,False,up
SNAP29,0.9856099999999998,0.005105317061765188,0.001953125,10,0.1324106405109584,0.12204953457446809,False,False,up
GSTT2B,0.49481,0.005122316013057459,0.009765625,10,0.1324106405109584,0.13723273026315788,False,False,up
TNN,0.24564000000000002,0.00515521798527632,0.001953125,10,0.1324106405109584,0.12204953457446809,False,False,up
RICTOR,0.5269375000000001,0.005161583201114661,0.015625,8,0.1324106405109584,0.16158670774647887,False,False,up
NUCB2,0.36043000000000003,0.005163975022680921,0.00390625,10,0.1324106405109584,0.12890625,False,False,up
WASF1,0.9936699999999998,0.005186197457770304,0.00390625,10,0.1324106405109584,0.12890625,False,False,up
LDLRAP1,0.60456,0.005196636818500318,0.009765625,10,0.1324106405109584,0.13723273026315788,False,False,up
AK2,1.01263,0.005229701838362674,0.005859375,10,0.1324106405109584,0.13723273026315788,False,False,up
MATN3,0.19282222222222226,0.005356039357153692,0.0078125,9,0.1343002289124173,0.13723273026315788,False,False,up
RSPO1,0.3665333333333333,0.005395787201792728,0.00390625,9,0.1343002289124173,0.12890625,False,False,up
SRC,1.3960700000000001,0.005520123923687939,0.005859375,10,0.13624036944429813,0.13723273026315788,False,False,up
CD69,0.88018,0.0057103979174638695,0.005859375,10,0.1397619890299282,0.13723273026315788,False,False,up
ENTPD2,0.22096999999999997,0.0059133980820861385,0.009765625,10,0.14353429890154537,0.13723273026315788,False,False,up
TIMP3,1.0676700000000001,0.006192578003336301,0.02734375,10,0.14703563124349625,0.19492377123786409,False,False,up
SLC39A5,0.52445,0.006197576574197052,0.015625,8,0.14703563124349625,0.16158670774647887,False,False,up
CD40,0.46768,0.006240123255230748,0.005859375,10,0.14703563124349625,0.13723273026315788,False,False,up
LY6D,0.20232,0.006284931255295995,0.009765625,10,0.14703563124349625,0.13723273026315788,False,False,up
IGFBP7,0.19314000000000003,0.00632202076853274,0.009765625,10,0.14703563124349625,0.13723273026315788,False,False,up
MCEMP1,0.8868499999999999,0.006358026955370794,0.015625,8,0.14703563124349625,0.16158670774647887,False,False,up
PLXNA4,1.0764375000000002,0.006611313029378481,0.015625,8,0.15169864349441092,0.16158670774647887,False,False,up
SCARF1,0.31882,0.006681145200750869,0.013671875,10,0.15194372481329166,0.14871961805555556,False,False,up
REN,0.33890999999999993,0.00672546279391485,0.009765625,10,0.15194372481329166,0.13723273026315788,False,False,up
CRELD2,0.33329,0.0068309468205388,0.013671875,10,0.15314878482383554,0.14871961805555556,False,False,up
CDAN1,0.24584,0.00695153089181637,0.00390625,10,0.15328650089859183,0.12890625,False,False,up
VSIR,0.44974,0.0069759387446323255,0.01953125,10,0.15328650089859183,0.17021745178041542,False,False,up
CIRBP,1.0091499999999998,0.007053292463352729,0.009765625,10,0.15328650089859183,0.13723273026315788,False,False,up
SFRP1,0.8644888888888889,0.007097839645151811,0.0078125,9,0.15328650089859183,0.13723273026315788,False,False,up
SIAE,0.38485,0.007142289525024811,0.013671875,10,0.15328650089859183,0.14871961805555556,False,False,up
SARG,0.9793500000000002,0.007191238578877524,0.013671875,10,0.15328650089859183,0.14871961805555556,False,False,up
ZBTB16,0.51617,0.007222579993680091,0.009765625,10,0.15328650089859183,0.13723273026315788,False,False,up
AHNAK,-0.29175555555555555,0.007254621595132538,0.0078125,9,0.15328650089859183,0.13723273026315788,False,False,down
FNTA,0.34936,0.0073366448486197455,0.01953125,10,0.15391232800282995,0.17021745178041542,False,False,up
FLT1,0.22141000000000002,0.007552346935919527,0.009765625,10,0.15731377979287697,0.13723273026315788,False,False,up
THBD,0.12742,0.0077875586266482775,0.013671875,10,0.15803095893544367,0.14871961805555556,False,False,up
FYB1,0.71293,0.007890553235303157,0.013671875,10,0.15803095893544367,0.14871961805555556,False,False,up
GZMH,0.3716,0.007950344882348515,0.013671875,10,0.15803095893544367,0.14871961805555556,False,False,up
CD4,0.3289875,0.008045477536569288,0.0390625,8,0.15803095893544367,0.22062800480769232,False,False,up
CLIP2,1.19785,0.00816710165752205,0.0078125,8,0.15803095893544367,0.13723273026315788,False,False,up
TFF2,0.18616000000000002,0.008168611047797756,0.009765625,10,0.15803095893544367,0.13723273026315788,False,False,up
SERPINB8,-0.17297,0.008216263828055782,0.013671875,10,0.15803095893544367,0.14871961805555556,False,False,down
SUSD1,0.5584399999999998,0.008223927559588983,0.009765625,10,0.15803095893544367,0.13723273026315788,False,False,up
DAG1,0.4388599999999999,0.00824185121828492,0.009765625,10,0.15803095893544367,0.13723273026315788,False,False,up
FABP1,0.47706,0.008266172599231214,0.009765625,10,0.15803095893544367,0.13723273026315788,False,False,up
GH1,3.4831900000000005,0.008321222267662678,0.013671875,10,0.15803095893544367,0.14871961805555556,False,False,up
HSPB1,0.8876299999999999,0.008330655336632513,0.009765625,10,0.15803095893544367,0.13723273026315788,False,False,up
KDR,0.12517999999999999,0.008401548668934807,0.01953125,10,0.15803095893544367,0.17021745178041542,False,False,up
ESYT2,0.88202,0.00846211031485845,0.00390625,10,0.15803095893544367,0.12890625,False,False,up
TNFRSF14,0.19657,0.008484457844506592,0.02734375,10,0.15803095893544367,0.19492377123786409,False,False,up
PDLIM7,1.34055,0.0085545368010977,0.009765625,10,0.15803095893544367,0.13723273026315788,False,False,up
PHACTR2,1.1614600000000002,0.00857204288715382,0.009765625,10,0.15803095893544367,0.13723273026315788,False,False,up
IL6__Oncology,0.5085000000000001,0.008599896833080366,0.005859375,10,0.15803095893544367,0.13723273026315788,False,False,up
ERBIN,1.02654,0.008609109101011573,0.005859375,10,0.15803095893544367,0.13723273026315788,False,False,up
CCL17,0.45188000000000006,0.00902488090602157,0.013671875,10,0.16052752465727857,0.14871961805555556,False,False,up
KLRF1,0.185375,0.009128825532740394,0.0078125,8,0.16052752465727857,0.13723273026315788,False,False,up
CETN3,0.5009300000000001,0.00920439817110897,0.013671875,10,0.16052752465727857,0.14871961805555556,False,False,up
LGALS8,0.47903,0.009213411067369068,0.009765625,10,0.16052752465727857,0.13723273026315788,False,False,up
DOK1,1.43348,0.009228002064001428,0.005859375,10,0.16052752465727857,0.13723273026315788,False,False,up
PROK1,0.301125,0.00924505735054026,0.0234375,8,0.16052752465727857,0.19492377123786409,False,False,up
LAT2,1.07673,0.009261344151535685,0.009765625,10,0.16052752465727857,0.13723273026315788,False,False,up
GIPC3,1.07684,0.009290476848971253,0.005859375,10,0.16052752465727857,0.13723273026315788,False,False,up
CDHR5,0.28309,0.009308068624486533,0.009765625,10,0.16052752465727857,0.13723273026315788,False,False,up
IMMT,0.36522000000000004,0.009370755309750484,0.009765625,10,0.16052752465727857,0.13723273026315788,False,False,up
COLEC12,0.13013999999999998,0.009459211569831786,0.009765625,10,0.16052752465727857,0.13723273026315788,False,False,up
OTUD7B,0.52014,0.009482620344768003,0.009765625,10,0.16052752465727857,0.13723273026315788,False,False,up
CMC1,0.6112,0.00953859843066979,0.009765625,10,0.16052752465727857,0.13723273026315788,False,False,up
CTSL,0.19923,0.009543525826404862,0.005859375,10,0.16052752465727857,0.13723273026315788,False,False,up
FCER2,0.12994,0.009624888243434023,0.013671875,10,0.16052752465727857,0.14871961805555556,False,False,up
WASHC3,0.76565,0.009646110731651206,0.005859375,10,0.16052752465727857,0.13723273026315788,False,False,up
PLXNB3,0.34342,0.009773181151425848,0.02734375,10,0.16052752465727857,0.19492377123786409,False,False,up
SYTL4,0.55135,0.009793577110790451,0.001953125,10,0.16052752465727857,0.12204953457446809,False,False,up
SMPDL3A,0.13145,0.009830501146170682,0.013671875,10,0.16052752465727857,0.14871961805555556,False,False,up
AZI2,0.7379200000000001,0.009874960676682127,0.009765625,10,0.16052752465727857,0.13723273026315788,False,False,up
BANK1,0.9280124999999999,0.009948263802751812,0.015625,8,0.16052752465727857,0.16158670774647887,False,False,up
ATP5IF1,0.9746900000000001,0.009949090678180823,0.013671875,10,0.16052752465727857,0.14871961805555556,False,False,up
CXCL3,0.8455499999999999,0.010002225744733395,0.005859375,10,0.16052752465727857,0.13723273026315788,False,False,up
DKK1,0.39855999999999997,0.010122924143340728,0.013671875,10,0.16072888397446275,0.14871961805555556,False,False,up
MSRA,0.50078,0.010172111084800553,0.009765625,10,0.16072888397446275,0.13723273026315788,False,False,up
KLK13,0.17877999999999994,0.010305142244901335,0.009765625,10,0.16072888397446275,0.13723273026315788,False,False,up
KLK15,0.36361999999999994,0.010360420326820616,0.013671875,10,0.16072888397446275,0.14871961805555556,False,False,up
SDC1,0.41807,0.01043449477806517,0.009765625,10,0.16072888397446275,0.13723273026315788,False,False,up
MESD,0.7159800000000001,0.010447378934161656,0.009765625,10,0.16072888397446275,0.13723273026315788,False,False,up
ANXA3,0.59503,0.010490165814284339,0.009765625,10,0.16072888397446275,0.13723273026315788,False,False,up
FKBP14,0.6048800000000001,0.010537414221740145,0.009765625,10,0.16072888397446275,0.13723273026315788,False,False,up
VAV3,1.2892625,0.01058450296002321,0.0078125,8,0.16072888397446275,0.13723273026315788,False,False,up
IRAK1,0.71803,0.010607345547078494,0.005859375,10,0.16072888397446275,0.13723273026315788,False,False,up
GCNT1,-0.25199000000000005,0.010652400454005336,0.013671875,10,0.16072888397446275,0.14871961805555556,False,False,down
SKAP2,1.0774400000000002,0.010686102195797336,0.009765625,10,0.16072888397446275,0.13723273026315788,False,False,up
GSAP,0.2878799999999999,0.010803127774745926,0.02734375,10,0.16072888397446275,0.19492377123786409,False,False,up
MPIG6B,0.8502600000000001,0.010940482294634513,0.013671875,10,0.16072888397446275,0.14871961805555556,False,False,up
ST3GAL1,0.18683999999999998,0.011033204060256417,0.013671875,10,0.16072888397446275,0.14871961805555556,False,False,up
LGMN,0.22047000000000003,0.011044310808847992,0.013671875,10,0.16072888397446275,0.14871961805555556,False,False,up
IL36A,0.8016625,0.011063231403595601,0.015625,8,0.16072888397446275,0.16158670774647887,False,False,up
CTSH,0.62275,0.011069731006754775,0.005859375,10,0.16072888397446275,0.13723273026315788,False,False,up
LDLR,0.18135,0.011078501291766107,0.013671875,10,0.16072888397446275,0.14871961805555556,False,False,up
KIFBP,0.8562800000000002,0.011109282753427286,0.01953125,10,0.16072888397446275,0.17021745178041542,False,False,up
CCL4,0.19371,0.01117631405279595,0.013671875,10,0.1609060508483417,0.14871961805555556,False,False,up
COL1A1,0.11393999999999997,0.011280842435810278,0.009765625,10,0.16161870358036481,0.13723273026315788,False,False,up
CDKN1A,0.68458,0.011430718352342668,0.037109375,10,0.1622402921836582,0.22062800480769232,False,False,up
PDLIM5,1.0693899999999998,0.011585318178704462,0.013671875,10,0.1622402921836582,0.14871961805555556,False,False,up
PFDN6,-0.6874666666666667,0.01158765354675481,0.01953125,9,0.1622402921836582,0.17021745178041542,False,False,down
TMPRSS11D,0.17573000000000003,0.011610276823032667,0.009765625,10,0.1622402921836582,0.13723273026315788,False,False,up
METAP1D,0.7146625,0.011616757779174577,0.0234375,8,0.1622402921836582,0.19492377123786409,False,False,up
DLG4,0.6954100000000001,0.011696247670205188,0.00390625,10,0.1622402921836582,0.12890625,False,False,up
AXIN1,0.6409500000000001,0.01174632276116561,0.015625,8,0.1622402921836582,0.16158670774647887,False,False,up
SMAD5,0.23307000000000003,0.011775802709667032,0.013671875,10,0.1622402921836582,0.14871961805555556,False,False,up
ACAN,0.23047000000000004,0.011821390033130015,0.001953125,10,0.1622402921836582,0.12204953457446809,False,False,up
ASRGL1,0.9680444444444443,0.011878380097561314,0.01171875,9,0.1622641969606399,0.14871961805555556,False,False,up
PSCA,0.30194999999999994,0.011990320965189157,0.01953125,10,0.163035058679447,0.17021745178041542,False,False,up
GPNMB,0.27493,0.012354223416995446,0.01953125,10,0.16720900541804437,0.17021745178041542,False,False,up
MAP2,0.14738,0.012433377251542099,0.01953125,10,0.16732594189368216,0.17021745178041542,False,False,up
ANGPTL7,-0.17727,0.012488294910930698,0.00390625,10,0.16732594189368216,0.12890625,False,False,down
CDKN2D,1.01731,0.01253377841900241,0.02734375,10,0.16732594189368216,0.19492377123786409,False,False,up
SMTN,1.11943,0.012841225414550891,0.009765625,10,0.17065465630106774,0.13723273026315788,False,False,up
VPS4B,0.73471,0.013007409057593023,0.009765625,10,0.17140910703840365,0.13723273026315788,False,False,up
PLSCR3,0.5799,0.013014719397195782,0.009765625,10,0.17140910703840365,0.13723273026315788,False,False,up
ARF6,1.0690000000000002,0.013189980802660439,0.013671875,10,0.1729418465063112,0.14871961805555556,False,False,up
ANXA4,0.40361,0.01335536960703449,0.013671875,10,0.17433209127049018,0.14871961805555556,False,False,up
UNG,0.59625,0.013470542094388614,0.01953125,10,0.1746176492375077,0.17021745178041542,False,False,up
ALDH1A1,-0.39611,0.01349615470783597,0.001953125,10,0.1746176492375077,0.12204953457446809,False,False,down
MGLL,0.8390099999999998,0.013759527881641828,0.009765625,10,0.1768035485593396,0.13723273026315788,False,False,up
LTO1,-0.5115799999999999,0.013829031607729664,0.013671875,10,0.1768035485593396,0.14871961805555556,False,False,down
DRG2,0.29409,0.013845698389052813,0.037109375,10,0.1768035485593396,0.22062800480769232,False,False,up
DYNLT3,0.41868999999999995,0.014004009692951765,0.013671875,10,0.17789045896123193,0.14871961805555556,False,False,up
MZB1,0.18856,0.014051953176372424,0.013671875,10,0.17789045896123193,0.14871961805555556,False,False,up
SFTPD,0.20964,0.014114911894181379,0.009765625,10,0.17792058469189145,0.13723273026315788,False,False,up
YES1,0.9780300000000001,0.01434739026575072,0.009765625,10,0.1800781419252558,0.13723273026315788,False,False,up
EFCAB14,0.16997,0.014476170146969463,0.02734375,10,0.1806437521461935,0.19492377123786409,False,False,up
TBC1D23,0.89968,0.014515466634832028,0.005859375,10,0.1806437521461935,0.13723273026315788,False,False,up
RAB2B,0.59595,0.014998974861027038,0.02734375,10,0.18164572359328598,0.19492377123786409,False,False,up
CEACAM6,0.40166,0.014999689101173726,0.013671875,10,0.18164572359328598,0.14871961805555556,False,False,up
CCL15,-0.19124999999999998,0.015017960468611917,0.02734375,10,0.18164572359328598,0.19492377123786409,False,False,down
IRAG2,1.0242799999999999,0.015087038987694805,0.009765625,10,0.18164572359328598,0.13723273026315788,False,False,up
STX6,0.71021,0.015119051443692145,0.009765625,10,0.18164572359328598,0.13723273026315788,False,False,up
TACC3,0.9592499999999999,0.015138986669288534,0.01953125,10,0.18164572359328598,0.17021745178041542,False,False,up
TSC1,0.5206375,0.015151501574869573,0.0390625,8,0.18164572359328598,0.22062800480769232,False,False,up
HHEX,0.65339,0.015238273229667166,0.01953125,10,0.18164572359328598,0.17021745178041542,False,False,up
RNF43,0.41559999999999997,0.015260542091252473,0.015625,8,0.18164572359328598,0.16158670774647887,False,False,up
ISM2,0.21494999999999997,0.015318016486374356,0.01953125,10,0.18164572359328598,0.17021745178041542,False,False,up
TRIM25,1.0464099999999998,0.015330408734296117,0.013671875,10,0.18164572359328598,0.14871961805555556,False,False,up
GIP,-0.3733333333333333,0.015338147582953668,0.02734375,9,0.18164572359328598,0.19492377123786409,False,False,down
IGHMBP2,0.64181,0.015919663510089565,0.01953125,10,0.18596109776885922,0.17021745178041542,False,False,up
PTPRN2,-0.3843444444444445,0.015969523589929452,0.01171875,9,0.18596109776885922,0.14871961805555556,False,False,down
ITGB1BP2,0.7426400000000001,0.016024278001708962,0.009765625,10,0.18596109776885922,0.13723273026315788,False,False,up
HPSE,0.98044,0.016044424771905076,0.009765625,10,0.18596109776885922,0.13723273026315788,False,False,up
SORT1,0.24534000000000003,0.01610017092416244,0.013671875,10,0.18596109776885922,0.14871961805555556,False,False,up
FGFR4,0.20145000000000002,0.01611580538116096,0.0234375,8,0.18596109776885922,0.19492377123786409,False,False,up
CTSF,-0.23221000000000003,0.01614575414744947,0.048828125,10,0.18596109776885922,0.2502760962041885,False,False,down
STX4,0.74455,0.01632216391857414,0.01953125,10,0.18725857589395412,0.17021745178041542,False,False,up
TBC1D5,0.8660625,0.016488157568847698,0.0078125,8,0.1878600040799987,0.13723273026315788,False,False,up
BMP6,0.15423,0.016512365587157442,0.01953125,10,0.1878600040799987,0.17021745178041542,False,False,up
GMFG,0.91927,0.01660772197522981,0.009765625,10,0.1878600040799987,0.13723273026315788,False,False,up
PPP1CC,0.41752,0.01674918853000794,0.013671875,10,0.1878600040799987,0.14871961805555556,False,False,up
OPHN1,0.63809,0.016791795017737015,0.02734375,10,0.1878600040799987,0.19492377123786409,False,False,up
TINAGL1,0.23137,0.01685893897306537,0.02734375,10,0.1878600040799987,0.19492377123786409,False,False,up
BIN2,0.8168399999999998,0.016934122665809563,0.013671875,10,0.1878600040799987,0.14871961805555556,False,False,up
AP1G2,0.6889000000000001,0.01693534865568228,0.013671875,10,0.1878600040799987,0.14871961805555556,False,False,up
MGMT,1.3209874999999998,0.016960785266041202,0.0234375,8,0.1878600040799987,0.19492377123786409,False,False,up
SULT1A1,1.1408299999999998,0.01709393266211647,0.013671875,10,0.1878600040799987,0.14871961805555556,False,False,up
INPPL1,0.62438,0.017131290394059667,0.037109375,10,0.1878600040799987,0.22062800480769232,False,False,up
LYN,0.5224500000000001,0.017169683966257787,0.01953125,10,0.1878600040799987,0.17021745178041542,False,False,up
IL10RB,0.13165,0.01720610864743604,0.02734375,10,0.1878600040799987,0.19492377123786409,False,False,up
DNAJB14,0.6103600000000001,0.017467990997956328,0.02734375,10,0.19001292429999161,0.19492377123786409,False,False,up
CD101,0.08688,0.017561602989198205,0.037109375,10,0.19002734878753644,0.22062800480769232,False,False,up
TWF2,0.65131,0.0175987193974157,0.005859375,10,0.19002734878753644,0.13723273026315788,False,False,up
PMM2,0.7713000000000001,0.01789128028844322,0.02734375,10,0.1911888944236935,0.19492377123786409,False,False,up
TNF__Cardiometabolic,0.22918999999999995,0.017892448992323867,0.01953125,10,0.1911888944236935,0.17021745178041542,False,False,up
ACADSB,0.58951,0.017901581874877667,0.01953125,10,0.1911888944236935,0.17021745178041542,False,False,up
ZNF174,0.5199374999999999,0.017982351438763998,0.0390625,8,0.19125931720212175,0.22062800480769232,False,False,up
CHAD,0.12420000000000003,0.018038417046301575,0.0390625,8,0.19125931720212175,0.22062800480769232,False,False,up
F2R,0.44347999999999993,0.01815617945079032,0.01953125,10,0.191815464197738,0.17021745178041542,False,False,up
SDCCAG8,0.8289100000000001,0.018362584727919226,0.009765625,10,0.19330075751218195,0.13723273026315788,False,False,up
GFER,0.4472600000000001,0.018464542767223438,0.00390625,10,0.19367986466905443,0.12890625,False,False,up
GP6,0.5574999999999999,0.018685791039379476,0.009765625,10,0.1945933245835958,0.13723273026315788,False,False,up
CHGB,-0.28942999999999997,0.01874315595432773,0.037109375,10,0.1945933245835958,0.22062800480769232,False,False,down
TDRKH,0.6339666666666667,0.018792225025430674,0.01953125,9,0.1945933245835958,0.17021745178041542,False,False,up
FADD,0.49677000000000004,0.018816651066306166,0.013671875,10,0.1945933245835958,0.14871961805555556,False,False,up
EDEM2,0.47287,0.01893656432898392,0.037109375,10,0.19514627871658163,0.22062800480769232,False,False,up
EGF,0.77071,0.019037961928035006,0.01953125,10,0.19550522441482102,0.17021745178041542,False,False,up
PLA2G2A,0.18871000000000002,0.019141414328559873,0.02734375,10,0.19550689307683153,0.19492377123786409,False,False,up
DAB2,0.7625,0.019196772072512823,0.037109375,10,0.19550689307683153,0.22062800480769232,False,False,up
DBNL,1.1085800000000001,0.01925552636621194,0.013671875,10,0.19550689307683153,0.14871961805555556,False,False,up
BCL2L15,0.6425124999999999,0.01937917197168394,0.0390625,8,0.19550689307683153,0.22062800480769232,False,False,up
CDC42BPB,0.8727599999999999,0.0193993054066819,0.013671875,10,0.19550689307683153,0.14871961805555556,False,False,up
CD244,0.1348,0.019468412500522128,0.02734375,10,0.19550689307683153,0.19492377123786409,False,False,up
SCIN,0.6403749999999999,0.019504092499663478,0.015625,8,0.19550689307683153,0.16158670774647887,False,False,up
PLA2G4A,0.46617999999999993,0.019745593575119676,0.013671875,10,0.1968607072835657,0.14871961805555556,False,False,up
STX8,0.8412,0.019815018064544766,0.0390625,8,0.1968607072835657,0.22062800480769232,False,False,up
FLI1,0.476,0.019840234714312375,0.01953125,10,0.1968607072835657,0.17021745178041542,False,False,up
PTX3,0.22984999999999997,0.020208804929128996,0.0234375,8,0.19939772649252402,0.19492377123786409,False,False,up
TJAP1,0.7586299999999999,0.020258989174870727,0.01953125,10,0.19939772649252402,0.17021745178041542,False,False,up
EPN1,0.6069374999999999,0.020299598304822843,0.0390625,8,0.19939772649252402,0.22062800480769232,False,False,up
LAT,0.81511,0.020508916050148013,0.013671875,10,0.20078228813094906,0.14871961805555556,False,False,up
EP300,0.38925,0.020635169304608007,0.0078125,8,0.2013471503243645,0.13723273026315788,False,False,up
CXCL11,0.23472999999999997,0.020810324898609837,0.01953125,10,0.20201720720664584,0.17021745178041542,False,False,up
CORO1A,0.85351,0.020841407485057434,0.02734375,10,0.20201720720664584,0.19492377123786409,False,False,up
CAPG,-0.18003,0.020939419338673625,0.037109375,10,0.20225224420759944,0.22062800480769232,False,False,down
CDH2,0.30648,0.021003382527517135,0.009765625,10,0.20225224420759944,0.13723273026315788,False,False,up
NELL1,0.17079,0.02116649753484732,0.02734375,10,0.20233721152039058,0.19492377123786409,False,False,up
TRDMT1,0.4968,0.021257517165903676,0.0390625,8,0.20233721152039058,0.22062800480769232,False,False,up
HNMT,-0.19318888888888888,0.021318917653080777,0.0546875,9,0.20233721152039058,0.2663634950248756,False,False,down
MANF,1.31913,0.021391050040099505,0.02734375,10,0.20233721152039058,0.19492377123786409,False,False,up
PALM2,0.21902000000000005,0.02140868374096008,0.037109375,10,0.20233721152039058,0.22062800480769232,False,False,up
SIRPB1,0.13204,0.021477617660381098,0.02734375,10,0.20233721152039058,0.19492377123786409,False,False,up
SPON2,0.21269,0.021595521405305882,0.013671875,10,0.20233721152039058,0.14871961805555556,False,False,up
NRP2,0.19144999999999998,0.021644274860279835,0.01953125,10,0.20233721152039058,0.17021745178041542,False,False,up
CRIP2,-0.24368888888888898,0.021710643373088413,0.01953125,9,0.20233721152039058,0.17021745178041542,False,False,down
IL2RG,0.41590000000000005,0.021896673843316183,0.037109375,10,0.20233721152039058,0.22062800480769232,False,False,up
PTPN6,0.8625299999999999,0.02190018094373216,0.01953125,10,0.20233721152039058,0.17021745178041542,False,False,up
MEP1B,0.05987999999999993,0.021912651117000075,0.01953125,10,0.20233721152039058,0.17021745178041542,False,False,up
CSH1,-0.36799,0.02192305837746433,0.02734375,10,0.20233721152039058,0.19492377123786409,False,False,down
RAB27B,1.10704,0.021976700876746542,0.01953125,10,0.20233721152039058,0.17021745178041542,False,False,up
CAMSAP1,0.9187399999999997,0.0221087425930879,0.02734375,10,0.2024556447350735,0.19492377123786409,False,False,up
NT5C3A,0.9801000000000001,0.022220112486209673,0.0390625,8,0.2024556447350735,0.22062800480769232,False,False,up
COL18A1,0.11349000000000001,0.022276778115030628,0.048828125,10,0.2024556447350735,0.2502760962041885,False,False,up
DNAJA2,0.7889099999999999,0.022329128764869283,0.02734375,10,0.2024556447350735,0.19492377123786409,False,False,up
ICAM1,0.13765,0.022442309390413372,0.013671875,10,0.2024556447350735,0.14871961805555556,False,False,up
SCGB1A1,0.11118999999999998,0.022564481987825753,0.013671875,10,0.2024556447350735,0.14871961805555556,False,False,up
MINK1,0.9806299999999999,0.022618767597439592,0.001953125,10,0.2024556447350735,0.12204953457446809,False,False,up
MAP3K5,1.06179,0.02262907568653688,0.009765625,10,0.2024556447350735,0.13723273026315788,False,False,up
FMR1,0.35629000000000005,0.022637452603451003,0.009765625,10,0.2024556447350735,0.13723273026315788,False,False,up
MAP2K6,1.233275,0.022678892447340542,0.015625,8,0.2024556447350735,0.16158670774647887,False,False,up
NTRK2,0.31271,0.02312784577396406,0.00390625,10,0.2044288264779295,0.12890625,False,False,up
APOA2,-0.6325799999999999,0.023187471353560255,0.02734375,10,0.2044288264779295,0.19492377123786409,False,False,down
ART5,0.37958749999999997,0.023228386071217168,0.0390625,8,0.2044288264779295,0.22062800480769232,False,False,up
CUZD1,-0.32704444444444447,0.023298074918046283,0.02734375,9,0.2044288264779295,0.19492377123786409,False,False,down
MAVS,0.9284799999999999,0.02336565837260131,0.02734375,10,0.2044288264779295,0.19492377123786409,False,False,up
ENAH,-0.69872,0.023434323388299223,0.02734375,10,0.2044288264779295,0.19492377123786409,False,False,down
PCBP2,0.45018,0.023455435080983238,0.037109375,10,0.2044288264779295,0.22062800480769232,False,False,up
CALB1,-0.19038000000000002,0.023456763542070904,0.013671875,10,0.2044288264779295,0.14871961805555556,False,False,down
ENOPH1,0.24067000000000002,0.023697255948539102,0.02734375,10,0.20584951691440764,0.19492377123786409,False,False,up
PLA2G7,0.08667,0.023801644752041606,0.01953125,10,0.20584951691440764,0.17021745178041542,False,False,up
ACY1,0.21714000000000003,0.023830042816104395,0.009765625,10,0.20584951691440764,0.13723273026315788,False,False,up
CHL1,0.11343,0.023911757751211914,0.037109375,10,0.2059496554701155,0.22062800480769232,False,False,up
MIA,0.14221999999999999,0.02412420290417284,0.037109375,10,0.20717188283495802,0.22062800480769232,False,False,up
PMVK,1.0817666666666665,0.02431016545808632,0.0078125,9,0.20779053501621325,0.13723273026315788,False,False,up
PDZD2,0.63502,0.02439407493880358,0.01953125,10,0.20779053501621325,0.17021745178041542,False,False,up
SCAMP3,0.82168,0.024408489812936182,0.02734375,10,0.20779053501621325,0.19492377123786409,False,False,up
ENDOU,0.27581,0.02480779718288586,0.037109375,10,0.21057948071137503,0.22062800480769232,False,False,up
UMOD,0.094,0.024931777783594913,0.037109375,10,0.21102199236431776,0.22062800480769232,False,False,up
IL6ST,0.20162,0.02523821256684119,0.037109375,10,0.21300181123222006,0.22062800480769232,False,False,up
TEX101,0.45087777777777777,0.02547704807014553,0.01953125,9,0.21381853611832488,0.17021745178041542,False,False,up
CSF3R,0.32868749999999997,0.02548058823337205,0.0390625,8,0.21381853611832488,0.22062800480769232,False,False,up
CRKL,1.10695,0.025640921803450307,0.037109375,10,0.21455096107331498,0.22062800480769232,False,False,up
PKD2,0.53191,0.025972330658894576,0.048828125,10,0.21475443344365788,0.2502760962041885,False,False,up
DSG2,0.08373000000000003,0.026001759210184976,0.037109375,10,0.21475443344365788,0.22062800480769232,False,False,up
LACTB2,0.5114000000000001,0.026052894622979546,0.048828125,10,0.21475443344365788,0.2502760962041885,False,False,up
TARS1,0.39089,0.026152295362067916,0.013671875,10,0.21475443344365788,0.14871961805555556,False,False,up
GP1BB,0.47578000000000004,0.026203458336720522,0.01953125,10,0.21475443344365788,0.17021745178041542,False,False,up
PLAU,0.1223,0.026252215392597564,0.02734375,10,0.21475443344365788,0.19492377123786409,False,False,up
TMED10,-0.39184,0.026394533946149667,0.02734375,10,0.21475443344365788,0.19492377123786409,False,False,down
CDH23,0.14779000000000006,0.02643712937681695,0.001953125,10,0.21475443344365788,0.12204953457446809,False,False,up
EVI5,0.6962875000000001,0.026465306130691094,0.0234375,8,0.21475443344365788,0.19492377123786409,False,False,up
PSIP1,0.312425,0.026496849545290652,0.0390625,8,0.21475443344365788,0.22062800480769232,False,False,up
ISM1,-0.20287500000000003,0.02653675231081252,0.0390625,8,0.21475443344365788,0.22062800480769232,False,False,down
ABL1,0.5997800000000001,0.026599928307058512,0.02734375,10,0.21475443344365788,0.19492377123786409,False,False,up
AP3B1,0.9927300000000002,0.026632361273325418,0.013671875,10,0.21475443344365788,0.14871961805555556,False,False,up
LELP1,0.5293875,0.02668892346167352,0.015625,8,0.21475443344365788,0.16158670774647887,False,False,up
HDGFL2,0.45937,0.0269461840151029,0.01953125,10,0.2153037832678467,0.17021745178041542,False,False,up
AIFM1,0.72529,0.02696394056515872,0.048828125,10,0.2153037832678467,0.2502760962041885,False,False,up
FABP2,0.30865,0.027025006731342373,0.02734375,10,0.2153037832678467,0.19492377123786409,False,False,up
VEGFA,0.18486999999999998,0.027148044401325032,0.064453125,10,0.2153037832678467,0.27961422175036926,False,False,up
CD48,0.10317000000000001,0.02717040144866512,0.02734375,10,0.2153037832678467,0.19492377123786409,False,False,up
BAG6,0.36472,0.02719703901681005,0.037109375,10,0.2153037832678467,0.22062800480769232,False,False,up
OPTC,-0.26212,0.027546498613400795,0.013671875,10,0.21699302251146424,0.14871961805555556,False,False,down
ERMAP,0.20375000000000004,0.027607411716772876,0.0390625,8,0.21699302251146424,0.22062800480769232,False,False,up
RAB33A,0.5769799999999999,0.02769148249653994,0.01953125,10,0.21699302251146424,0.17021745178041542,False,False,up
MTIF3,0.6247199999999999,0.02774834543384372,0.009765625,10,0.21699302251146424,0.13723273026315788,False,False,up
GALNT7,-0.09859000000000001,0.027779901937830722,0.037109375,10,0.21699302251146424,0.22062800480769232,False,False,down
F11R,0.43974,0.02785371790494451,0.013671875,10,0.21699302251146424,0.14871961805555556,False,False,up
EDAR,0.5702375,0.028076489258587974,0.015625,8,0.217935430214159,0.16158670774647887,False,False,up
ARAF,0.45859999999999995,0.028191657657728266,0.0390625,8,0.217935430214159,0.22062800480769232,False,False,up
HPCAL1,0.54898,0.028224228003822485,0.02734375,10,0.217935430214159,0.19492377123786409,False,False,up
FOLR3,0.14941000000000004,0.02849468375090014,0.037109375,10,0.217935430214159,0.22062800480769232,False,False,up
RAB11FIP3,1.02515,0.028551470532176663,0.02734375,10,0.217935430214159,0.19492377123786409,False,False,up
IL31,0.5059124999999999,0.028582244027825138,0.0234375,8,0.217935430214159,0.19492377123786409,False,False,up
RILPL2,0.87813,0.028634862316743212,0.01953125,10,0.217935430214159,0.17021745178041542,False,False,up
ITGBL1,0.3778,0.028739253394653528,0.001953125,10,0.217935430214159,0.12204953457446809,False,False,up
CD63,0.4229,0.02879252372156506,0.0390625,9,0.217935430214159,0.22062800480769232,False,False,up
RHOC,1.0311666666666666,0.02887154440222043,0.01953125,9,0.217935430214159,0.17021745178041542,False,False,up
HTRA2,0.39212,0.02892130272404082,0.037109375,10,0.217935430214159,0.22062800480769232,False,False,up
TYMP,0.42309,0.028979239737754802,0.037109375,10,0.217935430214159,0.22062800480769232,False,False,up
VAMP8,0.908075,0.02898581767343483,0.0390625,8,0.217935430214159,0.22062800480769232,False,False,up
VPS53,0.5613300000000001,0.029036531309258765,0.048828125,10,0.217935430214159,0.2502760962041885,False,False,up
CRYBB2,0.15319,0.02911004616348655,0.064453125,10,0.217935430214159,0.27961422175036926,False,False,up
ARHGEF12,0.9027375,0.02916194214305907,0.078125,8,0.217935430214159,0.3162334735576923,False,False,up
GCC1,0.86808,0.029274594428953495,0.01953125,10,0.21822204019755434,0.17021745178041542,False,False,up
LEPR,0.28680000000000005,0.029470827888393353,0.037109375,10,0.2191286620461045,0.22062800480769232,False,False,up
TNIP1,0.79123,0.029645651212511545,0.02734375,10,0.2196137572119311,0.19492377123786409,False,False,up
LGALS7_LGALS7B,0.24253999999999998,0.029685618526774482,0.037109375,10,0.2196137572119311,0.22062800480769232,False,False,up
ERP44,0.2116,0.029884731522153415,0.048828125,10,0.2202501464835136,0.2502760962041885,False,False,up
CCL24,0.1781,0.02992162357743341,0.048828125,10,0.2202501464835136,0.2502760962041885,False,False,up
CCL5,0.61971,0.030334406069901166,0.037109375,10,0.22183728266778222,0.22062800480769232,False,False,up
MORN4,0.40745999999999993,0.0304304128421371,0.064453125,10,0.22183728266778222,0.27961422175036926,False,False,up
EIF4G1,1.00221,0.030458492072812104,0.02734375,10,0.22183728266778222,0.19492377123786409,False,False,up
CD40LG,0.6365800000000001,0.030484612977266755,0.037109375,10,0.22183728266778222,0.22062800480769232,False,False,up
CEACAM19,0.52098,0.030514900305680628,0.037109375,10,0.22183728266778222,0.22062800480769232,False,False,up
KAZN,0.7048599999999999,0.03061920248240586,0.037109375,10,0.22204592022426176,0.22062800480769232,False,False,up
CLPP,0.5252333333333333,0.030744302765480114,0.02734375,9,0.22240398330594852,0.19492377123786409,False,False,up
ERBB3,0.12366999999999999,0.03106277027431233,0.037109375,10,0.2241556665740917,0.22062800480769232,False,False,up
VSIG2,0.21776,0.031330722575148504,0.037109375,10,0.22427285933299113,0.22062800480769232,False,False,up
TMED8,0.6711099999999999,0.0314163509881798,0.009765625,10,0.22427285933299113,0.13723273026315788,False,False,up
DNER,0.14046999999999998,0.031439119631777666,0.037109375,10,0.22427285933299113,0.22062800480769232,False,False,up
IL12B,0.08787,0.031451074077385704,0.037109375,10,0.22427285933299113,0.22062800480769232,False,False,up
RNASEH2A,0.23382999999999993,0.03148852996639075,0.02734375,10,0.22427285933299113,0.19492377123786409,False,False,up
FGFBP1,0.15031,0.03163028950587669,0.02734375,10,0.22427285933299113,0.19492377123786409,False,False,up
CHRDL1,0.16834000000000002,0.03173893538620877,0.037109375,10,0.22427285933299113,0.22062800480769232,False,False,up
CA12,-0.15655999999999998,0.03176959509638672,0.037109375,10,0.22427285933299113,0.22062800480769232,False,False,down
PRKAR1A,0.7039799999999998,0.03190083851728056,0.01953125,10,0.22427285933299113,0.17021745178041542,False,False,up
EHBP1,0.78413,0.03190219638460339,0.013671875,10,0.22427285933299113,0.14871961805555556,False,False,up
SEMA3F,0.15581000000000003,0.031918983725294614,0.064453125,10,0.22427285933299113,0.27961422175036926,False,False,up
MOG,-0.28724000000000005,0.03207441015954805,0.01953125,10,0.22482707073649794,0.17021745178041542,False,False,down
ARHGAP30,-0.27849999999999997,0.03217306285051928,0.0546875,8,0.22484576179220742,0.2663634950248756,False,False,down
ADAMTS1,0.5588124999999999,0.032230189211617064,0.0390625,8,0.22484576179220742,0.22062800480769232,False,False,up
GRSF1,0.2908,0.032454475885724275,0.064453125,10,0.22543753468697406,0.27961422175036926,False,False,up
STX7,0.7240249999999999,0.03258483360624053,0.0546875,8,0.22543753468697406,0.2663634950248756,False,False,up
SPINT2,0.1834,0.03261315917309724,0.064453125,10,0.22543753468697406,0.27961422175036926,False,False,up
NCK2,0.37248000000000003,0.03262204706910588,0.064453125,10,0.22543753468697406,0.27961422175036926,False,False,up
NCR1,-0.18922500000000003,0.03286303241715898,0.0390625,8,0.22656977983379326,0.22062800480769232,False,False,down
CLUL1,0.16275,0.03321455963286806,0.02734375,10,0.228457053025137,0.19492377123786409,False,False,up
CABP2,0.8860222222222222,0.033407252482754196,0.0390625,9,0.22924556201366605,0.22062800480769232,False,False,up
NPDC1,0.28502,0.03358870138385152,0.037109375,10,0.2299534171663681,0.22062800480769232,False,False,up
VTI1A,0.396,0.03398891671041325,0.0546875,8,0.2318796830320307,0.2663634950248756,False,False,up
SELP,0.23115999999999998,0.03403830637514224,0.048828125,10,0.2318796830320307,0.2502760962041885,False,False,up
SFRP4,-0.16262500000000002,0.034106919669675606,0.0546875,8,0.2318796830320307,0.2663634950248756,False,False,down
AP3S2,0.2876,0.034297673018855744,0.01953125,10,0.23189180051258448,0.17021745178041542,False,False,up
SCRIB__Oncology_II,0.45596000000000003,0.03433756927365488,0.01953125,10,0.23189180051258448,0.17021745178041542,False,False,up
VEGFC,0.28522,0.034355900923625546,0.037109375,10,0.23189180051258448,0.22062800480769232,False,False,up
NME3,0.10190999999999999,0.03442452333111571,0.048828125,10,0.23189180051258448,0.2502760962041885,False,False,up
NRCAM,0.27888999999999997,0.03478376899826967,0.037109375,10,0.23348027171563604,0.22062800480769232,False,False,up
VPS28,0.49105,0.0348193255061112,0.0546875,8,0.23348027171563604,0.2663634950248756,False,False,up
SERPINB1,0.56378,0.035005137182503664,0.02734375,10,0.2335480823984258,0.19492377123786409,False,False,up
NACC1,0.3019,0.035160058465668824,0.037109375,10,0.2335480823984258,0.22062800480769232,False,False,up
CCL23,0.17117,0.0351990211592693,0.083984375,10,0.2335480823984258,0.3162334735576923,False,False,up
MRC1,0.24164000000000002,0.03524521233454206,0.037109375,10,0.2335480823984258,0.22062800480769232,False,False,up
UFD1,0.5943099999999999,0.03526837829655493,0.064453125,10,0.2335480823984258,0.27961422175036926,False,False,up
HARS1,0.67362,0.03535008212763692,0.037109375,10,0.2335480823984258,0.22062800480769232,False,False,up
CSF1,0.11328,0.03540954933322529,0.037109375,10,0.2335480823984258,0.22062800480769232,False,False,up
NUDC,0.5024000000000001,0.03546559235604287,0.02734375,10,0.2335480823984258,0.19492377123786409,False,False,up
ATG16L1,0.56477,0.03555436569171239,0.037109375,10,0.2336088859878284,0.22062800480769232,False,False,up
NUDT16,0.5400499999999999,0.03564761528880558,0.037109375,10,0.23369876362326333,0.22062800480769232,False,False,up
MYDGF,0.74916,0.03577504186710229,0.037109375,10,0.2340117994736736,0.22062800480769232,False,False,up
TNFAIP2,0.33548000000000006,0.03604407082581531,0.048828125,10,0.23524763558982126,0.2502760962041885,False,False,up
FKBP5,0.8219333333333333,0.036569335354961874,0.02734375,9,0.23814664731158097,0.19492377123786409,False,False,up
IGSF8,0.1875,0.03698773097740246,0.048828125,10,0.24023121778805326,0.2502760962041885,False,False,up
CASP4,0.5422250000000001,0.03713236229697188,0.0078125,8,0.24023121778805326,0.13723273026315788,False,False,up
DPP6,-0.28813999999999995,0.03713482222532386,0.01953125,10,0.24023121778805326,0.17021745178041542,False,False,down
CES1,0.12682,0.03735247211662158,0.037109375,10,0.2405509001043382,0.22062800480769232,False,False,up
CLEC12A,0.26392499999999997,0.037354545712904606,0.0390625,8,0.2405509001043382,0.22062800480769232,False,False,up
ARL13B,0.48468,0.03754217683700962,0.02734375,10,0.2405509001043382,0.19492377123786409,False,False,up
GAL,0.17625,0.03764502717183434,0.048828125,10,0.2405509001043382,0.2502760962041885,False,False,up
ACOT13,0.6166400000000001,0.03767474024291384,0.037109375,10,0.2405509001043382,0.22062800480769232,False,False,up
SLA2,0.54191,0.03770526784251501,0.037109375,10,0.2405509001043382,0.22062800480769232,False,False,up
MAPKAPK2,0.5367375,0.03784824029223253,0.0078125,8,0.2405509001043382,0.13723273026315788,False,False,up
CELA3A,-0.15525,0.03787824197955019,0.02734375,10,0.2405509001043382,0.19492377123786409,False,False,down
CRYBB1,0.59975,0.03792137104130357,0.02734375,10,0.2405509001043382,0.19492377123786409,False,False,up
TIMM10,0.2713,0.03800707627578002,0.048828125,10,0.2405749634094093,0.2502760962041885,False,False,up
FKBP1B,0.14781,0.03830237152044327,0.064453125,10,0.2416738684381717,0.27961422175036926,False,False,up
CCN3,-0.09990000000000002,0.03839054192922719,0.037109375,10,0.2416738684381717,0.22062800480769232,False,False,down
DMP1,0.1171666666666667,0.03842754394301198,0.0390625,9,0.2416738684381717,0.22062800480769232,False,False,up
IL12A_IL12B,0.21145,0.0387143193059209,0.01953125,10,0.24295717051600357,0.17021745178041542,False,False,up
TRIM5,0.5964,0.03886171234750502,0.0390625,8,0.2433621517369344,0.22062800480769232,False,False,up
MMP10,0.13974,0.03923151625882504,0.048828125,10,0.24446383280297687,0.2502760962041885,False,False,up
FAM172A,0.42971111111111104,0.03928089632995113,0.0546875,9,0.24446383280297687,0.2663634950248756,False,False,up
F12,0.25695999999999997,0.03928734391658328,0.013671875,10,0.24446383280297687,0.14871961805555556,False,False,up
LBR,0.49090999999999996,0.03938519124249191,0.064453125,10,0.244554559575473,0.27961422175036926,False,False,up
EEF1D,0.9771899999999999,0.03963564703653506,0.037109375,10,0.2449782441340826,0.22062800480769232,False,False,up
APOM,0.13984000000000002,0.039784684096255914,0.037109375,10,0.2449782441340826,0.22062800480769232,False,False,up
PGF,0.11764999999999999,0.039824401312630035,0.01953125,10,0.2449782441340826,0.17021745178041542,False,False,up
FCAMR,0.26735,0.03985303968994957,0.00390625,10,0.2449782441340826,0.12890625,False,False,up
LRPAP1,0.12481,0.040010946343927045,0.048828125,10,0.2449782441340826,0.2502760962041885,False,False,up
EIF2AK3,0.6362999999999999,0.04004960589159545,0.048828125,10,0.2449782441340826,0.2502760962041885,False,False,up
EHD3,0.6392444444444445,0.040116116524645126,0.0390625,9,0.2449782441340826,0.22062800480769232,False,False,up
NEXN,0.73308,0.04012071345879936,0.02734375,10,0.2449782441340826,0.19492377123786409,False,False,up
CEP170,0.6970666666666667,0.04022881994525483,0.02734375,9,0.24512872236351338,0.19492377123786409,False,False,up
PPP1R14A,0.52565,0.040314951975257765,0.02734375,10,0.24514495642097733,0.19492377123786409,False,False,up
PPIE,0.3136625,0.04050625814752684,0.0546875,8,0.24579933921340152,0.2663634950248756,False,False,up
MITD1,0.778988888888889,0.040672363459475704,0.02734375,9,0.24629841542367037,0.19492377123786409,False,False,up
CHMP6,0.43773,0.040769791920896165,0.048828125,10,0.24638040920097126,0.2502760962041885,False,False,up
GIT1,0.8735499999999999,0.04089810494104274,0.0390625,8,0.24654941681310746,0.22062800480769232,False,False,up
TNFRSF17,0.14576250000000002,0.04109084128120994,0.0390625,8,0.24654941681310746,0.22062800480769232,False,False,up
DSG3,-0.15207,0.04109136498554543,0.048828125,10,0.24654941681310746,0.2502760962041885,False,False,down
HTR1A,0.48128750000000003,0.04116225233067719,0.0546875,8,0.24654941681310746,0.2663634950248756,False,False,up
KRT6C,0.5640499999999999,0.041217488476416674,0.037109375,10,0.24654941681310746,0.22062800480769232,False,False,up
MINDY1,0.9120999999999999,0.04139299877060524,0.02734375,10,0.24660696212588687,0.19492377123786409,False,False,up
F9,0.10488,0.04143521317536336,0.064453125,10,0.24660696212588687,0.27961422175036926,False,False,up
FAM20A,0.2621,0.0415991001092842,0.037109375,10,0.24660696212588687,0.22062800480769232,False,False,up
DECR1,0.8550750000000001,0.04160885784347617,0.0546875,8,0.24660696212588687,0.2663634950248756,False,False,up
LEO1,0.34426999999999996,0.041701644289032114,0.037109375,10,0.24660696212588687,0.22062800480769232,False,False,up
SCRIB__Inflammation_II,0.8257625,0.04173090234135709,0.015625,8,0.24660696212588687,0.16158670774647887,False,False,up
CASP3,0.69725,0.0418449234791896,0.048828125,10,0.24677420819831186,0.2502760962041885,False,False,up
PAG1,0.28462999999999994,0.04201781482890806,0.02734375,10,0.24677420819831186,0.19492377123786409,False,False,up
IL6__Neurology,0.4890333333333333,0.04204064748280498,0.0390625,9,0.24677420819831186,0.22062800480769232,False,False,up
KIF1C,0.25082,0.042095293941897934,0.037109375,10,0.24677420819831186,0.22062800480769232,False,False,up
NPC2,0.33773000000000003,0.04222595555743766,0.00390625,10,0.2470470746458056,0.12890625,False,False,up
CACNB3,0.7182099999999999,0.04240630205111011,0.064453125,10,0.24716119102514397,0.27961422175036926,False,False,up
WFIKKN1,0.11648888888888886,0.0424959713278347,0.0390625,9,0.24716119102514397,0.22062800480769232,False,False,up
SCRIB__Cardiometabolic_II,0.37520000000000003,0.04256378277044477,0.02734375,9,0.24716119102514397,0.19492377123786409,False,False,up
NAGK,0.25225555555555557,0.04267680619140912,0.07421875,9,0.24716119102514397,0.31591372282608693,False,False,up
CD36,0.39405,0.042711617881982925,0.0234375,8,0.24716119102514397,0.19492377123786409,False,False,up
EIF2AK2,0.79055,0.04275038646263982,0.064453125,10,0.24716119102514397,0.27961422175036926,False,False,up
AKR7L,-0.536725,0.04291474246194052,0.0390625,8,0.2475802157346623,0.22062800480769232,False,False,down
TRIAP1,0.41454,0.04299862634748062,0.083984375,10,0.2475802157346623,0.3162334735576923,False,False,up
NTF3,0.1235125,0.04315885097268428,0.109375,8,0.2475802157346623,0.3561356707317073,False,False,up
IST1,0.8305399999999998,0.043160051227833535,0.048828125,10,0.2475802157346623,0.2502760962041885,False,False,up
BRAP,0.62601,0.04363495349870174,0.083984375,10,0.24779652748481126,0.3162334735576923,False,False,up
EFNA1,0.20828999999999995,0.04370193525711778,0.10546875,10,0.24779652748481126,0.3561356707317073,False,False,up
CDH6,0.15083,0.0437050885467969,0.02734375,10,0.24779652748481126,0.19492377123786409,False,False,up
GYS1,0.4669600000000001,0.043825035721264054,0.048828125,10,0.24779652748481126,0.2502760962041885,False,False,up
BLVRB,-0.5307499999999999,0.043852062667803726,0.005859375,10,0.24779652748481126,0.13723273026315788,False,False,down
GP5,0.51325,0.043857292588985304,0.0390625,8,0.24779652748481126,0.22062800480769232,False,False,up
VMO1,0.57386,0.04398471196900919,0.048828125,10,0.24779652748481126,0.2502760962041885,False,False,up
EIF4G3,0.74995,0.0440123223827299,0.01953125,10,0.24779652748481126,0.17021745178041542,False,False,up
FEN1,0.23896,0.04411157450387027,0.064453125,10,0.24779652748481126,0.27961422175036926,False,False,up
C7,0.1951,0.04424825287017239,0.013671875,10,0.24779652748481126,0.14871961805555556,False,False,up
CD38,0.11424000000000001,0.0443533334378742,0.048828125,10,0.24779652748481126,0.2502760962041885,False,False,up
CRACR2A,0.8072299999999999,0.044480831717297,0.048828125,10,0.24779652748481126,0.2502760962041885,False,False,up
ARHGEF1,0.5267299999999999,0.04449121296651,0.083984375,10,0.24779652748481126,0.3162334735576923,False,False,up
GOPC,0.5147,0.04457927094033783,0.0546875,8,0.24779652748481126,0.2663634950248756,False,False,up
TADA3,0.36506999999999995,0.044675893947081304,0.083984375,10,0.24779652748481126,0.3162334735576923,False,False,up
PLCB2,0.85788,0.04468952447440425,0.064453125,10,0.24779652748481126,0.27961422175036926,False,False,up
ADAMTS16,-0.11828999999999998,0.04474234541793799,0.064453125,10,0.24779652748481126,0.27961422175036926,False,False,down
PSPN,0.15932500000000005,0.04475237960238818,0.0546875,8,0.24779652748481126,0.2663634950248756,False,False,up
CLSTN3,0.18941000000000002,0.04484408542677084,0.064453125,10,0.24779652748481126,0.27961422175036926,False,False,up
TARBP2,0.9616111111111112,0.04488517283688103,0.0546875,9,0.24779652748481126,0.2663634950248756,False,False,up
PTPRR,-0.28240000000000004,0.04502610406836403,0.037109375,10,0.24810819446301155,0.22062800480769232,False,False,down
RP2,0.31975999999999993,0.04524766022105599,0.064453125,10,0.2488621312158079,0.27961422175036926,False,False,up
CHCHD6,0.19029999999999997,0.04581098855218401,0.064453125,10,0.2511543056443191,0.27961422175036926,False,False,up
PPP1R9B,0.5701599999999999,0.04590520086513626,0.048828125,10,0.2511543056443191,0.2502760962041885,False,False,up
LRRC59,0.53766,0.04592096088900217,0.048828125,10,0.2511543056443191,0.2502760962041885,False,False,up
MOCS2,0.33596250000000005,0.04612698658736752,0.0390625,8,0.2518121925782498,0.22062800480769232,False,False,up
MTSS1,0.6521,0.046377309677196485,0.037109375,10,0.2524012738140841,0.22062800480769232,False,False,up
CEACAM18,0.41771250000000004,0.04644700032608453,0.0546875,8,0.2524012738140841,0.2663634950248756,False,False,up
COL4A1,0.14754,0.046492709953496594,0.064453125,10,0.2524012738140841,0.27961422175036926,False,False,up
REEP4,0.51437,0.04684801632326112,0.064453125,10,0.25298039122960314,0.27961422175036926,False,False,up
HMOX1,0.17973,0.04688204339193225,0.048828125,10,0.25298039122960314,0.2502760962041885,False,False,up
IGFBPL1,0.19155999999999998,0.046933442909241646,0.10546875,10,0.25298039122960314,0.3561356707317073,False,False,up
PDP1,0.27898000000000006,0.04694392687100228,0.064453125,10,0.25298039122960314,0.27961422175036926,False,False,up
GP2,0.26354,0.04704843330547625,0.083984375,10,0.25307920992341343,0.3162334735576923,False,False,up
MMP7,0.07393000000000001,0.04732179810182267,0.048828125,10,0.2538372153762532,0.2502760962041885,False,False,up
ELAC1,0.58372,0.04736220429900809,0.037109375,10,0.2538372153762532,0.22062800480769232,False,False,up
GZMB,0.3438625,0.047580877474597355,0.109375,8,0.2545446942493487,0.3561356707317073,False,False,up
ELOA,0.20335,0.04788780583130224,0.10546875,10,0.254989396635324,0.3561356707317073,False,False,up
CA4,0.10247000000000002,0.04792259204840104,0.048828125,10,0.254989396635324,0.2502760962041885,False,False,up
SLC13A1,0.29171,0.047924462697548124,0.048828125,10,0.254989396635324,0.2502760962041885,False,False,up
KITLG,0.13907,0.04801665746692636,0.01953125,10,0.25501794390662336,0.17021745178041542,False,False,up
SHISA5,0.25848,0.04832315119429888,0.009765625,10,0.25592341470012997,0.13723273026315788,False,False,up
CD248,0.27630000000000005,0.048361421572547546,0.013671875,10,0.25592341470012997,0.14871961805555556,False,False,up
HLA-A,0.11354000000000002,0.04868160525895256,0.064453125,10,0.25715445080133753,0.27961422175036926,False,False,up
NCAM2,0.09032,0.0489896255392717,0.048828125,10,0.25807167805526154,0.2502760962041885,False,False,up
TRIM21,0.580875,0.04911759812884406,0.0546875,8,0.25807167805526154,0.2663634950248756,False,False,up
SHMT1,0.5940900000000001,0.04921120517739854,0.064453125,10,0.25807167805526154,0.27961422175036926,False,False,up
RTBDN,-0.27205,0.04930417096552213,0.064453125,10,0.25807167805526154,0.27961422175036926,False,False,down
GLIPR1,0.37851,0.04942054123924366,0.048828125,10,0.25807167805526154,0.2502760962041885,False,False,up
DNMBP,0.5503555555555555,0.04955337758943518,0.02734375,9,0.25807167805526154,0.19492377123786409,False,False,up
SERPINE2,0.5524100000000001,0.04967134821527205,0.064453125,10,0.25807167805526154,0.27961422175036926,False,False,up
IKBKG,0.6067250000000001,0.04970731413101408,0.078125,8,0.25807167805526154,0.3162334735576923,False,False,up
USP8,0.6385099999999999,0.049723700625613744,0.02734375,10,0.25807167805526154,0.19492377123786409,False,False,up
CFD,0.17827,0.04973393591395234,0.02734375,10,0.25807167805526154,0.19492377123786409,False,False,up
HMBS,-0.9145599999999998,0.05015994693474628,0.01953125,10,0.25982321719109314,0.17021745178041542,False,False,down
FIS1,0.45083,0.05030429816627547,0.048828125,10,0.260112189637942,0.2502760962041885,False,False,up
SERPINB6,0.38837,0.05048734125343376,0.048828125,10,0.2602342393937598,0.2502760962041885,False,False,up
PRKG1,0.9195875,0.05051199556158771,0.0234375,8,0.2602342393937598,0.19492377123786409,False,False,up
YARS1,1.2892400000000002,0.05059371831591312,0.048828125,10,0.2602342393937598,0.2502760962041885,False,False,up
ROBO1,0.10518000000000001,0.05082508822780743,0.083984375,10,0.26059401003117094,0.3162334735576923,False,False,up
DPP7,0.19665,0.0508411194238546,0.064453125,10,0.26059401003117094,0.27961422175036926,False,False,up
EPS8L2,-0.1243,0.05113637539881385,0.10546875,10,0.2616507570493315,0.3561356707317073,False,False,down
SH2B3,0.37469,0.05142833257854451,0.048828125,10,0.2626869787533656,0.2502760962041885,False,False,up
PPP1R2,0.3905,0.05161917276184239,0.048828125,10,0.2627402406223967,0.2502760962041885,False,False,up
DTNB,0.4441699999999999,0.05163666482692621,0.064453125,10,0.2627402406223967,0.27961422175036926,False,False,up
MCFD2,0.27691,0.05170713622054658,0.048828125,10,0.2627402406223967,0.2502760962041885,False,False,up
PDE5A,0.6868624999999999,0.05196549970852248,0.0390625,8,0.263597016656184,0.22062800480769232,False,False,up
ASAH1,0.38095999999999997,0.05235027682056643,0.048828125,10,0.2650909707275924,0.2502760962041885,False,False,up
TREML2,0.13486,0.05257777518553369,0.048828125,10,0.2657105060875501,0.2502760962041885,False,False,up
CLEC5A,0.18971999999999997,0.052653563004070196,0.01953125,10,0.2657105060875501,0.17021745178041542,False,False,up
BCAN,-0.22060000000000002,0.05291405624356774,0.0546875,9,0.26656703805721865,0.2663634950248756,False,False,down
AMOTL2,0.21833999999999998,0.053147891310482386,0.064453125,10,0.26705004424657763,0.27961422175036926,False,False,up
BOLA1,0.49709999999999993,0.05323426928946382,0.109375,8,0.26705004424657763,0.3561356707317073,False,False,up
ANKMY2,0.6822625000000001,0.05328271226710742,0.0546875,8,0.26705004424657763,0.2663634950248756,False,False,up
C1QTNF9,0.12761250000000002,0.05346185682380087,0.078125,8,0.2672438299139225,0.3162334735576923,False,False,up
BOC,-0.12422,0.05353382327795969,0.10546875,10,0.2672438299139225,0.3561356707317073,False,False,down
SAMD9L,0.6325375,0.05367734627926894,0.0546875,8,0.2672438299139225,0.2663634950248756,False,False,up
GIGYF2,0.5873600000000001,0.053749704981814805,0.064453125,10,0.2672438299139225,0.27961422175036926,False,False,up
VASP,0.45284,0.05387994279572177,0.037109375,10,0.2672438299139225,0.22062800480769232,False,False,up
NOS3,0.34884444444444446,0.053949141481748314,0.0546875,9,0.2672438299139225,0.2663634950248756,False,False,up
ATP1B2,0.32728,0.053965444430794395,0.064453125,10,0.2672438299139225,0.27961422175036926,False,False,up
PRR4,0.305975,0.054049313915175326,0.078125,8,0.2672438299139225,0.3162334735576923,False,False,up
CEACAM1,0.1571,0.0541651385111358,0.064453125,10,0.26736640639866527,0.27961422175036926,False,False,up
HEG1,0.11945,0.05435261569644991,0.109375,8,0.26784166493368017,0.3561356707317073,False,False,up
MYL4,-0.44192222222222216,0.054939028533052006,0.0546875,9,0.2697375432140788,0.2663634950248756,False,False,down
APPL2,0.7705875,0.05499061305047131,0.0390625,8,0.2697375432140788,0.22062800480769232,False,False,up
TYRO3,0.17592,0.05507888717824187,0.037109375,10,0.2697375432140788,0.22062800480769232,False,False,up
CDC37,0.5405300000000001,0.05510470750032253,0.083984375,10,0.2697375432140788,0.3162334735576923,False,False,up
PSAPL1,0.16768000000000002,0.05537632095031253,0.064453125,10,0.2706160642779832,0.27961422175036926,False,False,up
PDGFB,0.73868,0.055540151759524585,0.083984375,10,0.27096582345136827,0.3162334735576923,False,False,up
CRHBP,0.14738,0.05581938733455898,0.083984375,10,0.27106975463485095,0.3162334735576923,False,False,up
DCTD,0.69775,0.05587806656895104,0.0546875,8,0.27106975463485095,0.2663634950248756,False,False,up
FAM13A,0.5980599999999999,0.05588655430843719,0.048828125,10,0.27106975463485095,0.2502760962041885,False,False,up
S100A14,0.21903,0.05593063374488243,0.083984375,10,0.27106975463485095,0.3162334735576923,False,False,up
CTSV,0.18952999999999998,0.05632348907307782,0.037109375,10,0.2725240319730306,0.22062800480769232,False,False,up
RCOR1,0.23424000000000006,0.05653821324524043,0.064453125,10,0.27311304654814333,0.27961422175036926,False,False,up
HSPB6,-0.10871999999999997,0.05666724629900582,0.064453125,10,0.27328686761934334,0.27961422175036926,False,False,down
SYNGAP1,0.1594875,0.056848954006422536,0.078125,8,0.27336524447123334,0.3162334735576923,False,False,up
PLXNB2,0.08437999999999998,0.05686965079057663,0.037109375,10,0.27336524447123334,0.22062800480769232,False,False,up
DGKA,0.636175,0.05707748614661456,0.0546875,8,0.2738069459430155,0.2663634950248756,False,False,up
CSDE1,0.5544100000000001,0.05714799382467432,0.048828125,10,0.2738069459430155,0.2502760962041885,False,False,up
REG3A,0.14248999999999998,0.05726299448559563,0.10546875,10,0.2739110990296325,0.3561356707317073,False,False,up
TSC22D1,0.31629999999999997,0.05751178211516884,0.01953125,10,0.2740006843575798,0.17021745178041542,False,False,up
TNR,0.16043333333333332,0.05753649354943226,0.07421875,9,0.2740006843575798,0.31591372282608693,False,False,up
RBPMS2,0.7775888888888889,0.0576394399839902,0.0546875,9,0.2740006843575798,0.2663634950248756,False,False,up
OMD,0.08916000000000003,0.05767462748193129,0.10546875,10,0.2740006843575798,0.3561356707317073,False,False,up
KHDC3L,-0.37482999999999994,0.05774818645466187,0.083984375,10,0.2740006843575798,0.3162334735576923,False,False,down
SUGP1,0.20163999999999996,0.058032325149295724,0.083984375,10,0.2749047402636799,0.3162334735576923,False,False,up
HS6ST2,0.2416125,0.05814060854535578,0.0546875,8,0.2749741824439773,0.2663634950248756,False,False,up
PRDX5,0.58181,0.05832513287678491,0.064453125,10,0.2749855743925646,0.27961422175036926,False,False,up
NOS2,-0.43427999999999994,0.058384549492597186,0.048828125,10,0.2749855743925646,0.2502760962041885,False,False,down
ERP29,0.716175,0.058423901403118934,0.078125,8,0.2749855743925646,0.3162334735576923,False,False,up
CTSS,0.13266000000000003,0.05854328574320616,0.037109375,10,0.27510660836447437,0.22062800480769232,False,False,up
COCH,0.3854,0.05889695375851217,0.009765625,10,0.27632644279353075,0.13723273026315788,False,False,up
FXN,0.62615,0.05908241735553338,0.10546875,10,0.2767544812969721,0.3561356707317073,False,False,up
CASP2,0.4501125000000001,0.05932816594182826,0.0390625,8,0.2771340428295255,0.22062800480769232,False,False,up
PRSS22,0.26449999999999996,0.05945676148114371,0.078125,8,0.2771340428295255,0.3162334735576923,False,False,up
ULBP2,0.0954111111111111,0.05948649143599895,0.0546875,9,0.2771340428295255,0.2663634950248756,False,False,up
STAM,0.4191,0.05954088560620721,0.16015625,10,0.2771340428295255,0.4351331232654949,False,False,up
CCL8,0.11533999999999997,0.05969347869608837,0.16015625,10,0.2774046628645752,0.4351331232654949,False,False,up
AHSP,-0.95373,0.05991076384144339,0.009765625,10,0.2779745867335217,0.13723273026315788,False,False,down
F11,0.20798999999999998,0.06042234882299776,0.001953125,10,0.2799060544055906,0.12204953457446809,False,False,up
CCN2,0.2729500000000001,0.06053456483409776,0.083984375,10,0.27998427861062225,0.3162334735576923,False,False,up
HCLS1,0.6089699999999999,0.0608601085681406,0.130859375,10,0.28087042468739315,0.389396134118541,False,False,up
PTPN1,0.7137555555555555,0.06091964457719067,0.0546875,9,0.28087042468739315,0.2663634950248756,False,False,up
COL5A1,0.11343749999999997,0.061013051055688404,0.078125,8,0.28087042468739315,0.3162334735576923,False,False,up
HSD17B3,0.49573,0.06136037985352402,0.10546875,10,0.28115691054446307,0.3561356707317073,False,False,up
LHB,0.42843,0.061400084076204064,0.048828125,10,0.28115691054446307,0.2502760962041885,False,False,up
ADAMTSL2,0.26359,0.0614478713647277,0.064453125,10,0.28115691054446307,0.27961422175036926,False,False,up
CNTN2,-0.23569,0.06145820107917783,0.083984375,10,0.28115691054446307,0.3162334735576923,False,False,down
CEP290,0.370075,0.06166831756811032,0.078125,8,0.28131262372685273,0.3162334735576923,False,False,up
USO1,0.8718999999999999,0.061945117671778974,0.064453125,10,0.28131262372685273,0.27961422175036926,False,False,up
EPHX2,0.35343,0.06195624096663485,0.10546875,10,0.28131262372685273,0.3561356707317073,False,False,up
DBN1,0.49342500000000006,0.062002995289447194,0.078125,8,0.28131262372685273,0.3162334735576923,False,False,up
CD46,0.1199,0.062018084970095776,0.064453125,10,0.28131262372685273,0.27961422175036926,False,False,up
DTX2,0.3403333333333334,0.0620905676254193,0.12890625,9,0.28131262372685273,0.389396134118541,False,False,up
DKK4,0.24166666666666664,0.06216271460630828,0.07421875,9,0.28131262372685273,0.31591372282608693,False,False,up
DDI2,-1.0589250000000001,0.06245954069012537,0.0078125,8,0.2822210323183049,0.13723273026315788,False,False,down
GPKOW,-0.2670444444444444,0.06289877843770406,0.0390625,9,0.28376914327425007,0.22062800480769232,False,False,down
PRKAR2A,0.6058300000000001,0.06299821399558969,0.048828125,10,0.28378183206295543,0.2502760962041885,False,False,up
ANXA10,-0.44323333333333337,0.0631733844827445,0.09765625,9,0.2841351152003378,0.3561356707317073,False,False,down
DTD1,0.8508125,0.06343336459563269,0.109375,8,0.28486818320699264,0.3561356707317073,False,False,up
MICALL2,0.7275111111111112,0.06392878241407379,0.09765625,9,0.2857320367982433,0.3561356707317073,False,False,up
SELPLG,-0.08358750000000001,0.06398301110912663,0.1484375,8,0.2857320367982433,0.43121754451038574,False,False,down
ALDH2,-0.14026,0.06407905797365258,0.083984375,10,0.2857320367982433,0.3162334735576923,False,False,down
APCS,0.22879,0.06412242870417598,0.013671875,10,0.2857320367982433,0.14871961805555556,False,False,up
CD302,0.16838,0.06436605964595506,0.10546875,10,0.2857320367982433,0.3561356707317073,False,False,up
IQGAP2,0.5281999999999999,0.06442707121458002,0.10546875,10,0.2857320367982433,0.3561356707317073,False,False,up
ALCAM,0.10343,0.0644548679689733,0.048828125,10,0.2857320367982433,0.2502760962041885,False,False,up
CD3G,0.3058,0.06452168014110059,0.078125,8,0.2857320367982433,0.3162334735576923,False,False,up
MTHFSD,0.7475375000000001,0.06452278516261642,0.0390625,8,0.2857320367982433,0.22062800480769232,False,False,up
TGFA,0.2461375,0.06459859463194878,0.078125,8,0.2857320367982433,0.3162334735576923,False,False,up
CACYBP,0.711475,0.06518037114083367,0.078125,8,0.28787180457237366,0.3162334735576923,False,False,up
LAIR2,0.1967222222222222,0.06563821906342798,0.09765625,9,0.28934623163896217,0.3561356707317073,False,False,up
CPXM1,0.23201999999999998,0.06577326484010045,0.064453125,10,0.28934623163896217,0.27961422175036926,False,False,up
CD74,0.14737,0.06581290534206777,0.064453125,10,0.28934623163896217,0.27961422175036926,False,False,up
ENPP7,0.11371000000000002,0.06590828361132642,0.10546875,10,0.28934623163896217,0.3561356707317073,False,False,up
VNN2,0.13395999999999997,0.06601150834727458,0.064453125,10,0.28936686569544096,0.27961422175036926,False,False,up
CA1,-0.9347899999999999,0.06620885668780951,0.02734375,10,0.289799421895822,0.19492377123786409,False,False,down
OPLAH,0.2821222222222222,0.06658031714757655,0.07421875,9,0.2904249010140945,0.31591372282608693,False,False,up
SERPINH1,0.485475,0.06658503784931774,0.0234375,8,0.2904249010140945,0.19492377123786409,False,False,up
NT5C,0.56821,0.06664841106009524,0.064453125,10,0.2904249010140945,0.27961422175036926,False,False,up
TAX1BP1,0.5424900000000001,0.06718238488470056,0.083984375,10,0.29196192602253584,0.3162334735576923,False,False,up
MARS1,0.594825,0.06722060298865683,0.078125,8,0.29196192602253584,0.3162334735576923,False,False,up
PLAUR,0.08571,0.06729936122480652,0.083984375,10,0.29196192602253584,0.3162334735576923,False,False,up
GUCY2C,0.12817499999999998,0.06767820319289677,0.109375,8,0.2927990702851077,0.3561356707317073,False,False,up
TGFB1,0.19237999999999997,0.06769171560217505,0.064453125,10,0.2927990702851077,0.27961422175036926,False,False,up
CALCOCO1,0.7430199999999999,0.06833506239277387,0.10546875,10,0.2949873963642727,0.3561356707317073,False,False,up
UBE2L6,0.5431,0.06839850763502543,0.064453125,10,0.2949873963642727,0.27961422175036926,False,False,up
FGD3,0.58951,0.06862110940031853,0.083984375,10,0.295344519024943,0.3162334735576923,False,False,up
PLA2G1B,0.12222999999999998,0.06868243326320603,0.083984375,10,0.295344519024943,0.3162334735576923,False,False,up
ENO2,0.43548,0.06920374896578023,0.083984375,10,0.2969371729475544,0.3162334735576923,False,False,up
EPCAM,0.07883,0.06927237767169073,0.064453125,10,0.2969371729475544,0.27961422175036926,False,False,up
SLIT2,0.45376666666666665,0.06937337032231111,0.09765625,9,0.2969371729475544,0.3561356707317073,False,False,up
TPD52L2,0.6320625,0.06964341483137602,0.078125,8,0.2969371729475544,0.3162334735576923,False,False,up
SUOX,0.28956,0.06967046397841002,0.064453125,10,0.2969371729475544,0.27961422175036926,False,False,up
NFE2,0.6185333333333333,0.06968439483137798,0.07421875,9,0.2969371729475544,0.31591372282608693,False,False,up
CIAPIN1,0.55456,0.06976052071290859,0.083984375,10,0.2969371729475544,0.3162334735576923,False,False,up
MAP4K5,0.5201555555555555,0.07010529168761692,0.12890625,9,0.2977111916828933,0.389396134118541,False,False,up
OTUD6B,0.35688,0.07023588335673563,0.064453125,10,0.2977111916828933,0.27961422175036926,False,False,up
HGF,0.14427000000000004,0.07024646095888493,0.083984375,10,0.2977111916828933,0.3162334735576923,False,False,up
IL36G,-0.32695,0.07046698635058415,0.109375,8,0.29821547393611764,0.3561356707317073,False,False,down
USP25,0.54364,0.0707399611662882,0.083984375,10,0.2985319793573575,0.3162334735576923,False,False,up
ENPP5,0.08637999999999998,0.07081351437938378,0.10546875,10,0.2985319793573575,0.3561356707317073,False,False,up
PROC,0.12979,0.07084671079743894,0.064453125,10,0.2985319793573575,0.27961422175036926,False,False,up
TAB2,0.5343500000000001,0.07124008629188525,0.109375,8,0.2997595034946518,0.3561356707317073,False,False,up
TNFSF13B,0.07926000000000001,0.07185076234295022,0.10546875,10,0.3013118554635239,0.3561356707317073,False,False,up
AMFR,0.34811111111111104,0.07189534840025377,0.0546875,9,0.3013118554635239,0.2663634950248756,False,False,up
DUT,0.4123799999999999,0.07191678947222685,0.064453125,10,0.3013118554635239,0.27961422175036926,False,False,up
POLR2A,0.5851124999999999,0.07205399148970616,0.109375,8,0.30145665670265953,0.3561356707317073,False,False,up
FGFR2,0.12654,0.07250755518118955,0.130859375,10,0.3022286585927161,0.389396134118541,False,False,up
COMP,-0.09859,0.0725337684372823,0.10546875,10,0.3022286585927161,0.3561356707317073,False,False,down
FBLN2,0.30373,0.07254722652634145,0.013671875,10,0.3022286585927161,0.14871961805555556,False,False,up
CANT1,0.19722000000000003,0.07279853616537842,0.064453125,10,0.3025171089375548,0.27961422175036926,False,False,up
IMPA1,0.33593333333333336,0.0729057626055723,0.07421875,9,0.3025171089375548,0.31591372282608693,False,False,up
NRGN,0.39583,0.07294242459359841,0.064453125,10,0.3025171089375548,0.27961422175036926,False,False,up
CEACAM16,0.10786000000000003,0.07311266193516465,0.037109375,10,0.3025171089375548,0.22062800480769232,False,False,up
TBL1X,0.5084599999999999,0.07313147679457402,0.10546875,10,0.3025171089375548,0.3561356707317073,False,False,up
DKKL1,0.14438,0.07328001636528066,0.193359375,10,0.3027052152810539,0.48002745815899583,False,False,up
CEP350,-0.55675,0.0737876987308974,0.130859375,10,0.30401188706823357,0.389396134118541,False,False,down
CCDC50,0.21309999999999998,0.07389299700276256,0.130859375,10,0.30401188706823357,0.389396134118541,False,False,up
SPART,0.6330125000000001,0.07393352808759919,0.0390625,8,0.30401188706823357,0.22062800480769232,False,False,up
DAAM1,0.5714624999999999,0.07414930179383923,0.078125,8,0.30401188706823357,0.3162334735576923,False,False,up
IGLC2,0.055920000000000004,0.07415920954476171,0.083984375,10,0.30401188706823357,0.3162334735576923,False,False,up
EPHB4,0.07724,0.07426560606163778,0.083984375,10,0.30401188706823357,0.3162334735576923,False,False,up
PKLR,-0.70667,0.07433025560131981,0.037109375,10,0.30401188706823357,0.22062800480769232,False,False,down
TPSAB1,-0.08099,0.07442442860131424,0.083984375,10,0.30401188706823357,0.3162334735576923,False,False,down
TCTN3,0.23804000000000003,0.07472723941206723,0.064453125,10,0.30482486410172427,0.27961422175036926,False,False,up
GNPDA1,-0.23197777777777778,0.07523447684470672,0.07421875,9,0.30641478395797983,0.31591372282608693,False,False,down
TNFRSF10C,0.10351999999999999,0.0753925826018772,0.10546875,10,0.30641478395797983,0.3561356707317073,False,False,up
ICAM4,0.1365,0.07542999278230146,0.109375,8,0.30641478395797983,0.3561356707317073,False,False,up
SART1,0.27665999999999996,0.0755577730870416,0.083984375,10,0.3065099165146978,0.3162334735576923,False,False,up
TPT1,-0.39893,0.0758721289640043,0.083984375,10,0.3073606107134905,0.3162334735576923,False,False,down
MEGF10,0.10206,0.07615154056022856,0.130859375,10,0.3076815178574532,0.389396134118541,False,False,up
LGALS3BP,0.11751,0.07621359296366907,0.10546875,10,0.3076815178574532,0.3561356707317073,False,False,up
SOD3,0.24820999999999996,0.07634284853035322,0.013671875,10,0.3076815178574532,0.14871961805555556,False,False,up
DEFB118,-0.23422500000000002,0.07637038696563955,0.078125,8,0.3076815178574532,0.3162334735576923,False,False,down
CCT5,0.48199000000000003,0.07671131155953828,0.064453125,10,0.308502798693958,0.27961422175036926,False,False,up
VSTM2B,0.2447375,0.0770046764285952,0.078125,8,0.308502798693958,0.3162334735576923,False,False,up
CST1,0.1327875,0.07703733422014752,0.078125,8,0.308502798693958,0.3162334735576923,False,False,up
HBQ1,-0.48352000000000006,0.07712447812941464,0.064453125,10,0.308502798693958,0.27961422175036926,False,False,down
IL1RL2,0.2049,0.07716802190807209,0.037109375,10,0.308502798693958,0.22062800480769232,False,False,up
OXCT1,0.31283333333333335,0.07720447975487203,0.12890625,9,0.308502798693958,0.389396134118541,False,False,up
LYSMD3,0.32959999999999995,0.07748676052179022,0.12890625,9,0.30908321416056567,0.389396134118541,False,False,up
PLA2G10,-0.1831888888888889,0.07756020729871872,0.09765625,9,0.30908321416056567,0.3561356707317073,False,False,down
ICAM3,0.07658000000000001,0.07780300375330021,0.10546875,10,0.30963065314829635,0.3561356707317073,False,False,up
GIMAP7,0.12811250000000002,0.0779701800969934,0.109375,8,0.30975709885406727,0.3561356707317073,False,False,up
RTN4IP1,0.46295000000000003,0.078078598529544,0.130859375,10,0.30975709885406727,0.389396134118541,False,False,up
TREM2,0.08985999999999998,0.07815117815827846,0.16015625,10,0.30975709885406727,0.4351331232654949,False,False,up
MED18,0.48612,0.07835149153985864,0.037109375,10,0.31013252109510087,0.22062800480769232,False,False,up
SLC16A1,0.3171555555555555,0.07867427069092664,0.07421875,9,0.310991026943811,0.31591372282608693,False,False,up
PGLYRP1,0.07113,0.07922841717803364,0.064453125,10,0.31262572368004254,0.27961422175036926,False,False,up
CYB5A,-0.39896000000000004,0.07941925984279236,0.10546875,10,0.31262572368004254,0.3561356707317073,False,False,down
LAIR1,0.08781999999999998,0.07948045178298177,0.10546875,10,0.31262572368004254,0.3561356707317073,False,False,up
IL2,-0.35216000000000003,0.07972588603803427,0.10546875,10,0.31262572368004254,0.3561356707317073,False,False,down
XG,0.11006,0.07975587044072167,0.10546875,10,0.31262572368004254,0.3561356707317073,False,False,up
RALY,0.31587,0.07981534134598019,0.064453125,10,0.31262572368004254,0.27961422175036926,False,False,up
LILRA5,0.1331,0.0798971764659831,0.10546875,10,0.31262572368004254,0.3561356707317073,False,False,up
AMPD3,-0.5810799999999999,0.08000037505450727,0.02734375,10,0.31262572368004254,0.19492377123786409,False,False,down
CD33,-0.09980000000000001,0.08004581008082805,0.10546875,10,0.31262572368004254,0.3561356707317073,False,False,down
RGCC,0.5136000000000001,0.08025873897617845,0.048828125,10,0.3130410576003136,0.2502760962041885,False,False,up
COL15A1,0.24308000000000002,0.08038656550449191,0.048828125,10,0.31312379693195325,0.2502760962041885,False,False,up
IL1RL1,0.08414999999999999,0.0807749656800591,0.130859375,10,0.3142199658309054,0.389396134118541,False,False,up
PPP3R1,0.29775555555555555,0.08095663027281959,0.12890625,9,0.31451008348051734,0.389396134118541,False,False,up
MAP2K1,0.5256900000000001,0.08132307304824916,0.10546875,10,0.3147669036573476,0.3561356707317073,False,False,up
PDCD6,0.14821,0.08133584449207046,0.083984375,10,0.3147669036573476,0.3162334735576923,False,False,up
BCL2L11,0.20803750000000004,0.08163235245880529,0.078125,8,0.3147669036573476,0.3162334735576923,False,False,up
MORF4L1,0.3675875,0.08168032587746454,0.109375,8,0.3147669036573476,0.3561356707317073,False,False,up
MFAP4,-0.1870375,0.08172293237758405,0.109375,8,0.3147669036573476,0.3561356707317073,False,False,down
BLOC1S2,0.6633249999999999,0.08180715958820013,0.078125,8,0.3147669036573476,0.3162334735576923,False,False,up
AKT1S1,-0.4795222222222222,0.08189876649685754,0.01953125,9,0.3147669036573476,0.17021745178041542,False,False,down
XIAP,0.6532250000000001,0.08194107674296512,0.0546875,8,0.3147669036573476,0.2663634950248756,False,False,up
HEXIM1,0.7196,0.08200000000014065,0.109375,8,0.3147669036573476,0.3561356707317073,False,False,up
COL28A1,0.33737777777777783,0.08209446653099363,0.09765625,9,0.3147669036573476,0.3561356707317073,False,False,up
CCL2,-0.19634444444444446,0.08222609789297176,0.12890625,9,0.314860559989124,0.389396134118541,False,False,down
BMPER,0.11515,0.08265801262502775,0.109375,8,0.3161023217183679,0.3561356707317073,False,False,up
SLAMF7,0.29847500000000005,0.08297464944632876,0.078125,8,0.316663872918147,0.3162334735576923,False,False,up
EGFLAM,0.15372999999999998,0.08302049102722955,0.10546875,10,0.316663872918147,0.3561356707317073,False,False,up
OGA,0.34317,0.08326563885484355,0.064453125,10,0.3167783103445365,0.27961422175036926,False,False,up
FABP6,0.21985000000000002,0.08326620891589451,0.083984375,10,0.3167783103445365,0.3162334735576923,False,False,up
TBCB,0.8964444444444442,0.08357484034418212,0.0546875,9,0.31754114630124564,0.2663634950248756,False,False,up
SDC4,0.41892000000000007,0.0839461762421205,0.064453125,10,0.3182717599911349,0.27961422175036926,False,False,up
STAT2,0.435975,0.08398386584716701,0.109375,8,0.3182717599911349,0.3561356707317073,False,False,up
BLOC1S3,0.24275000000000002,0.08423257659470258,0.10546875,10,0.3188029348693834,0.3561356707317073,False,False,up
CXCL16,0.06583000000000001,0.08442399749273803,0.10546875,10,0.3191161912949441,0.3561356707317073,False,False,up
GRN,0.07259,0.0849101426912751,0.16015625,10,0.32054124560960795,0.4351331232654949,False,False,up
SIGLEC5,0.17889999999999998,0.08513492580052437,0.193359375,10,0.320977249134968,0.48002745815899583,False,False,up
POMC,0.44534444444444443,0.0854068823453115,0.09765625,9,0.32128563743867006,0.3561356707317073,False,False,up
SPESP1,0.22871000000000002,0.08548787436610783,0.083984375,10,0.32128563743867006,0.3162334735576923,False,False,up
NT5E,0.10881,0.08555947750386217,0.10546875,10,0.32128563743867006,0.3561356707317073,False,False,up
ARHGEF10,0.4673800000000001,0.08565429149284258,0.10546875,10,0.32128563743867006,0.3561356707317073,False,False,up
B4GALT1,0.11495000000000002,0.08595493869119726,0.064453125,10,0.3220021108878142,0.27961422175036926,False,False,up
F7,0.08069,0.08610777356329426,0.083984375,10,0.32216373370114043,0.3162334735576923,False,False,up
MLN,-0.3437875,0.08647189883235062,0.1484375,8,0.3229415009461174,0.43121754451038574,False,False,down
ACP1,-0.2349625,0.08653556732876894,0.078125,8,0.3229415009461174,0.3162334735576923,False,False,down
CEACAM8,0.23129999999999998,0.08670331023831057,0.064453125,10,0.3231568809262921,0.27961422175036926,False,False,up
C1QTNF5,0.1675375,0.0872458333720276,0.109375,8,0.32476680939625485,0.3561356707317073,False,False,up
ANG,0.10538,0.08741927826557788,0.232421875,10,0.32500053198228135,0.531637886974299,False,False,up
DDX4,-0.36145,0.08761792309089116,0.1484375,8,0.32532723150182974,0.43121754451038574,False,False,down
NXPE4,-0.30846000000000007,0.08783443755622769,0.130859375,10,0.3254227468141359,0.389396134118541,False,False,down
TMEM106A,0.36697,0.08786524965053107,0.083984375,10,0.3254227468141359,0.3162334735576923,False,False,up
TCN2,0.08492,0.08808072666233752,0.130859375,10,0.3258099423265558,0.389396134118541,False,False,up
ADGRG2,0.16555,0.08835767617180995,0.130859375,10,0.3264232640460451,0.389396134118541,False,False,up
NAA10,0.6158999999999999,0.0884715305022915,0.10546875,10,0.32643327272013833,0.3561356707317073,False,False,up
TGFBI,0.09861,0.08927685469867934,0.130859375,10,0.3289913704517205,0.389396134118541,False,False,up
AKT2,0.67547,0.08944455335802225,0.083984375,10,0.3290742212798324,0.3162334735576923,False,False,up
IL18,0.15923999999999996,0.08952342621810899,0.083984375,10,0.3290742212798324,0.3162334735576923,False,False,up
CFI,0.1439,0.0899122120345243,0.083984375,10,0.3295116117562386,0.3162334735576923,False,False,up
SCRIB__Neurology_II,0.5055899999999999,0.08998502099181169,0.16015625,10,0.3295116117562386,0.4351331232654949,False,False,up
CAPN3,0.15384000000000003,0.09013250504258861,0.10546875,10,0.3295116117562386,0.3561356707317073,False,False,up
XRCC4,0.23734444444444447,0.09027149779428154,0.1640625,9,0.3295116117562386,0.4388447745901639,False,False,up
ING1,-0.24684444444444445,0.09029577759165779,0.07421875,9,0.3295116117562386,0.31591372282608693,False,False,down
ENG,0.06232000000000002,0.09035902338163071,0.083984375,10,0.3295116117562386,0.3162334735576923,False,False,up
GFRAL,0.23012000000000002,0.09043586235790527,0.130859375,10,0.3295116117562386,0.389396134118541,False,False,up
NAA80,0.5985555555555556,0.09053996278082552,0.07421875,9,0.3295116117562386,0.31591372282608693,False,False,up
COL9A1,-0.14828750000000002,0.0906845225367263,0.109375,8,0.3296292607554024,0.3561356707317073,False,False,down
AFM,0.14669000000000001,0.09087146583305676,0.064453125,10,0.3299004884446078,0.27961422175036926,False,False,up
ICAM5,0.17282999999999998,0.09142957898834572,0.10546875,10,0.33093111894070937,0.3561356707317073,False,False,up
NFATC1,0.5300374999999999,0.09145851326830794,0.1484375,8,0.33093111894070937,0.43121754451038574,False,False,up
ICAM2,0.08010999999999999,0.09153871228819213,0.083984375,10,0.33093111894070937,0.3162334735576923,False,False,up
AKR1B1,0.44061000000000006,0.09160606050350585,0.064453125,10,0.33093111894070937,0.27961422175036926,False,False,up
PLIN1,0.21815555555555552,0.09190394681566484,0.12890625,9,0.3315366380808716,0.389396134118541,False,False,up
MYL3,-0.17384444444444444,0.09214449468758552,0.1640625,9,0.3315366380808716,0.4388447745901639,False,False,down
ADIPOQ,0.21898999999999996,0.09226666378120818,0.037109375,10,0.3315366380808716,0.22062800480769232,False,False,up
MYO9B,0.5050699999999999,0.09229432925514894,0.16015625,10,0.3315366380808716,0.4351331232654949,False,False,up
MYBPC1,0.16414999999999996,0.09261360216595581,0.130859375,10,0.3315366380808716,0.389396134118541,False,False,up
PDGFA,0.41894,0.09267414763733793,0.10546875,10,0.3315366380808716,0.3561356707317073,False,False,up
C9orf40,-0.89772,0.09276582707367659,0.02734375,10,0.3315366380808716,0.19492377123786409,False,False,down
CMIP,0.6132199999999999,0.09277254931184666,0.083984375,10,0.3315366380808716,0.3162334735576923,False,False,up
ENO1,0.6115999999999999,0.09278962087248091,0.130859375,10,0.3315366380808716,0.389396134118541,False,False,up
DOC2B,0.3877,0.09297105862793312,0.07421875,9,0.33178128698692533,0.31591372282608693,False,False,up
TFPI,0.09978000000000001,0.09311572168839921,0.10546875,10,0.3318942652898404,0.3561356707317073,False,False,up
PCBD1,-0.0576,0.09408135653487966,0.078125,8,0.3349296292641716,0.3162334735576923,False,False,down
IL3RA,-0.20746999999999996,0.09423799756091072,0.083984375,10,0.33508111239272975,0.3162334735576923,False,False,down
B3GAT3,-0.23598999999999998,0.09443485958671341,0.130859375,10,0.3351801906662401,0.389396134118541,False,False,down
EIF5A,-0.37256,0.09449410891101356,0.130859375,10,0.3351801906662401,0.389396134118541,False,False,down
TNFRSF11A,0.1065,0.09480433968901388,0.130859375,10,0.3358749646159635,0.389396134118541,False,False,up
CD27,0.13976000000000002,0.09522807611029087,0.130859375,10,0.3367016512872292,0.389396134118541,False,False,up
SH2D1A,0.15416249999999998,0.09532682614893369,0.109375,8,0.3367016512872292,0.3561356707317073,False,False,up
BNIP3L,0.48633750000000003,0.09547818840822055,0.1484375,8,0.3367016512872292,0.43121754451038574,False,False,up
CCER2,-0.21944444444444444,0.0955483660824926,0.09765625,9,0.3367016512872292,0.3561356707317073,False,False,down
REG4,0.14139000000000002,0.09561088769954006,0.083984375,10,0.3367016512872292,0.3162334735576923,False,False,up
ACSL1,0.20265999999999998,0.0959814685496886,0.130859375,10,0.33717542936016637,0.389396134118541,False,False,up
STX16,0.50485,0.09602484135546768,0.16015625,10,0.33717542936016637,0.4351331232654949,False,False,up
TRIM58,0.57289,0.09608983124768786,0.130859375,10,0.33717542936016637,0.389396134118541,False,False,up
REXO2,-0.22071000000000002,0.09631861271769815,0.10546875,10,0.33757489922658646,0.3561356707317073,False,False,down
DPT,0.09487000000000001,0.09666072918326533,0.130859375,10,0.3383701568668061,0.389396134118541,False,False,up
MYH9,0.82027,0.09729692158133996,0.083984375,10,0.34009300457092856,0.3162334735576923,False,False,up
SPRY2,0.29705,0.09745210151307221,0.16015625,10,0.34009300457092856,0.4351331232654949,False,False,up
OLFM4,0.23305000000000006,0.09750027574011638,0.109375,8,0.34009300457092856,0.3561356707317073,False,False,up
SELL,0.14806,0.09776300069073623,0.00390625,10,0.3406049027623871,0.12890625,False,False,up
PSAP,0.23535000000000003,0.09843320161519545,0.037109375,10,0.34253354637894434,0.22062800480769232,False,False,up
CALB2,0.2211777777777778,0.09907028073816052,0.09765625,9,0.3443425023999733,0.3561356707317073,False,False,up
NFAT5,0.761375,0.09924121746431663,0.109375,8,0.3445289074381772,0.3561356707317073,False,False,up
SUGT1,0.74341,0.09991348343110319,0.048828125,10,0.34632267803104216,0.2502760962041885,False,False,up
MAN1A2,0.11307777777777776,0.09999374564873127,0.09765625,9,0.34632267803104216,0.3561356707317073,False,False,up
PPBP,0.6119900000000001,0.10055669037149967,0.10546875,10,0.3478621903664247,0.3561356707317073,False,False,up
LGALS9,0.08897999999999999,0.1007499588950074,0.083984375,10,0.3481207403231021,0.3162334735576923,False,False,up
CCL22,0.18488,0.10130581192363995,0.10546875,10,0.3490306428077032,0.3561356707317073,False,False,up
CEP152,0.30263000000000007,0.10136171437076746,0.10546875,10,0.3490306428077032,0.3561356707317073,False,False,up
GP1BA,0.11673999999999998,0.10136981216035779,0.10546875,10,0.3490306428077032,0.3561356707317073,False,False,up
CD209,0.048649999999999985,0.1017384796166798,0.10546875,10,0.3498898297824222,0.3561356707317073,False,False,up
EFCAB2,0.31413749999999996,0.10195113017532914,0.1484375,8,0.35011852258347487,0.43121754451038574,False,False,up
AGXT,0.12161,0.10204339643563312,0.16015625,10,0.35011852258347487,0.4351331232654949,False,False,up
NRP1,0.14743,0.10514145775323246,0.130859375,10,0.3603272595347068,0.389396134118541,False,False,up
TNFRSF10A,0.07697777777777778,0.10544523865645174,0.203125,9,0.36087057569097,0.4914152594728171,False,False,up
CD28,0.29182,0.10554573528040287,0.064453125,10,0.36087057569097,0.27961422175036926,False,False,up
SLC27A4,0.46163333333333334,0.10594834145103568,0.12890625,9,0.3616561277647545,0.389396134118541,False,False,up
VWF,-0.10075000000000008,0.10602176574921811,0.16015625,10,0.3616561277647545,0.4351331232654949,False,False,down
CPB2,0.19690000000000002,0.10622836002789136,0.10546875,10,0.3617810789950141,0.3561356707317073,False,False,up
CTSE,-0.16947500000000001,0.10630475695359114,0.1484375,8,0.3617810789950141,0.43121754451038574,False,False,down
TXNDC9,0.23479999999999998,0.10667839401703984,0.10546875,10,0.36263245743986805,0.3561356707317073,False,False,up
BCAT2,0.4726375,0.10691604339719588,0.1484375,8,0.3630201381012304,0.43121754451038574,False,False,up
SH3GL3,0.5759750000000001,0.10722261924823723,0.109375,8,0.3631098800811209,0.3561356707317073,False,False,up
COMT,0.5100100000000001,0.10724857492243878,0.10546875,10,0.3631098800811209,0.3561356707317073,False,False,up
PLIN3,0.23138999999999993,0.10731337279891487,0.10546875,10,0.3631098800811209,0.3561356707317073,False,False,up
SPTLC1,0.18056999999999998,0.10768803762123805,0.16015625,10,0.36395830436545007,0.4351331232654949,False,False,up
RPE,0.37617500000000004,0.10803043850021672,0.1484375,8,0.36469585962659373,0.43121754451038574,False,False,up
NIT2,0.70623,0.1085939701527998,0.083984375,10,0.3660157235957292,0.3162334735576923,False,False,up
RBM19,0.36312,0.1086706540604276,0.16015625,10,0.3660157235957292,0.4351331232654949,False,False,up
RNASE4,0.27244999999999997,0.10919738454343153,0.013671875,10,0.367368520508658,0.14871961805555556,False,False,up
GLRX5,0.3867625,0.10981842292559418,0.1484375,8,0.3690351351630093,0.43121754451038574,False,False,up
HAVCR1,0.06920000000000003,0.11048939467810898,0.064453125,10,0.370603247315231,0.27961422175036926,False,False,up
DNAJB6,0.530875,0.11053743433712712,0.109375,8,0.370603247315231,0.3561356707317073,False,False,up
DMD,0.3698666666666666,0.11100942436865066,0.09765625,9,0.37139715673497026,0.3561356707317073,False,False,up
PFKFB2,0.38861999999999997,0.1110798187779883,0.16015625,10,0.37139715673497026,0.4351331232654949,False,False,up
NOTCH1,0.06360000000000002,0.11115359236296864,0.232421875,10,0.37139715673497026,0.531637886974299,False,False,up
EPHA1,0.15095999999999998,0.11164169286067145,0.10546875,10,0.37253265610920516,0.3561356707317073,False,False,up
DDX25,0.26809999999999995,0.11185193793751753,0.12890625,9,0.37253265610920516,0.389396134118541,False,False,up
TSHB,-0.22220999999999994,0.11196045979789232,0.130859375,10,0.37253265610920516,0.389396134118541,False,False,down
HMCN2,-0.09406249999999997,0.11209975408721287,0.1484375,8,0.37253265610920516,0.43121754451038574,False,False,down
ANGPT2,0.12351999999999999,0.11212763636381932,0.10546875,10,0.37253265610920516,0.3561356707317073,False,False,up
CCL11,-0.10447999999999999,0.11263348330615781,0.275390625,10,0.37362224245966835,0.5707990583098095,False,False,down
PAMR1,0.06484,0.1127100125363521,0.10546875,10,0.37362224245966835,0.3561356707317073,False,False,up
TF,0.18067,0.11298782578923956,0.083984375,10,0.37412090681284843,0.3162334735576923,False,False,up
GRHPR,0.48301,0.11312590913379143,0.130859375,10,0.3741563008175061,0.389396134118541,False,False,up
DARS1,0.6599444444444446,0.11330227717730834,0.12890625,9,0.37431809681637185,0.389396134118541,False,False,up
CASP9,0.5135625,0.11389471109148981,0.109375,8,0.37585254660191636,0.3561356707317073,False,False,up
MET,0.08801999999999999,0.11419746985153333,0.16015625,10,0.3759066651145576,0.4351331232654949,False,False,up
MNAT1,0.38593749999999993,0.11423872728615558,0.109375,8,0.3759066651145576,0.3561356707317073,False,False,up
ANGPT1,0.40578000000000003,0.11467501454276638,0.130859375,10,0.3759066651145576,0.389396134118541,False,False,up
CD5L,0.22178,0.11471406405140808,0.10546875,10,0.3759066651145576,0.3561356707317073,False,False,up
DCTN2,0.6487,0.11484104443978613,0.10546875,10,0.3759066651145576,0.3561356707317073,False,False,up
BCL7B,0.40523,0.11496055246649614,0.232421875,10,0.3759066651145576,0.531637886974299,False,False,up
PTGR1,0.21771,0.11501593819604822,0.064453125,10,0.3759066651145576,0.27961422175036926,False,False,up
AHCY,0.29308999999999996,0.11516480446476711,0.16015625,10,0.3759066651145576,0.4351331232654949,False,False,up
LILRA3,0.24496,0.11536928844431527,0.048828125,10,0.3759066651145576,0.2502760962041885,False,False,up
BRK1,-0.41888888888888887,0.11538332976294204,0.203125,9,0.3759066651145576,0.4914152594728171,False,False,down
BTN1A1,0.16927000000000003,0.11554119882769161,0.130859375,10,0.3759066651145576,0.389396134118541,False,False,up
NEB,-0.1256,0.11566601986551045,0.16015625,10,0.3759066651145576,0.4351331232654949,False,False,down
CHMP1A,0.5769555555555556,0.11572516822172087,0.09765625,9,0.3759066651145576,0.3561356707317073,False,False,up
CACNA1H,-0.19638999999999998,0.11588055507284342,0.10546875,10,0.3759066651145576,0.3561356707317073,False,False,down
TEK,0.08813000000000001,0.11598996622383302,0.130859375,10,0.3759066651145576,0.389396134118541,False,False,up
PLTP,0.08401,0.1160601472507517,0.10546875,10,0.3759066651145576,0.3561356707317073,False,False,up
ATXN10,0.4714777777777777,0.11608694084402578,0.0546875,9,0.3759066651145576,0.2663634950248756,False,False,up
MSR1,0.09431000000000003,0.1168590260737985,0.083984375,10,0.37717305018198294,0.3162334735576923,False,False,up
CD14,0.12170999999999998,0.11686054661747185,0.193359375,10,0.37717305018198294,0.48002745815899583,False,False,up
TERF1,0.22362500000000002,0.11709641098084692,0.109375,8,0.37717305018198294,0.3561356707317073,False,False,up
TNFRSF1B,-0.0926,0.1172255897196822,0.10546875,10,0.37717305018198294,0.3561356707317073,False,False,down
APOA1,0.19517,0.11727441286848309,0.083984375,10,0.37717305018198294,0.3162334735576923,False,False,up
ABRAXAS2,0.20031000000000004,0.11743869250087607,0.10546875,10,0.37717305018198294,0.3561356707317073,False,False,up
MORC3,0.12377,0.11761467333980853,0.16015625,10,0.37717305018198294,0.4351331232654949,False,False,up
TOMM20,0.32869999999999994,0.11776899622893958,0.130859375,10,0.37717305018198294,0.389396134118541,False,False,up
ZNRD2,0.18894,0.11779913776887842,0.130859375,10,0.37717305018198294,0.389396134118541,False,False,up
SERPINB9,0.2894111111111111,0.11789648658771071,0.09765625,9,0.37717305018198294,0.3561356707317073,False,False,up
FOSB,-0.2724,0.11807304669950916,0.07421875,9,0.37717305018198294,0.31591372282608693,False,False,down
LPA,0.36406000000000005,0.11811633402843526,0.02734375,10,0.37717305018198294,0.19492377123786409,False,False,up
MUC13,0.3852555555555556,0.11814749954627998,0.12890625,9,0.37717305018198294,0.389396134118541,False,False,up
PODXL2,0.06567,0.11857648367994028,0.193359375,10,0.378131522875119,0.48002745815899583,False,False,up
MTSS2,0.5416099999999999,0.11927785561075026,0.083984375,10,0.3796126194984915,0.3162334735576923,False,False,up
CRYGD,0.4470599999999999,0.11929943745219873,0.16015625,10,0.3796126194984915,0.4351331232654949,False,False,up
NUMB,0.3668875,0.11951036896126312,0.1484375,8,0.3798722441983006,0.43121754451038574,False,False,up
IL6__Cardiometabolic,0.50768,0.11968286335539118,0.16015625,10,0.3800092645132799,0.4351331232654949,False,False,up
ADAM8,0.08922000000000001,0.11998281785648705,0.10546875,10,0.38055025490767,0.3561356707317073,False,False,up
ADAMTS15,0.12355000000000005,0.12022777158426379,0.10546875,10,0.3806761635071492,0.3561356707317073,False,False,up
ANXA11,0.417725,0.12028174318509856,0.078125,8,0.3806761635071492,0.3162334735576923,False,False,up
HBEGF,0.22703000000000007,0.12051608062598933,0.16015625,10,0.3810072430554689,0.4351331232654949,False,False,up
S100A11,0.16892000000000001,0.12079073904407565,0.275390625,10,0.38104998823701897,0.5707990583098095,False,False,up
DBH,0.19909,0.12091493400008684,0.02734375,10,0.38104998823701897,0.19492377123786409,False,False,up
SLK,0.30935,0.12091882500405232,0.1484375,8,0.38104998823701897,0.43121754451038574,False,False,up
PYY,-0.34637,0.1211132705322826,0.130859375,10,0.3812536715469604,0.389396134118541,False,False,down
C2orf69,0.35425555555555555,0.12128978621855556,0.203125,9,0.38140053760588616,0.4914152594728171,False,False,up
TRAF2,0.6594125000000001,0.12163123527499432,0.078125,8,0.3820651743343939,0.3162334735576923,False,False,up
BRSK2,0.5201100000000001,0.12199766585248599,0.193359375,10,0.38235954125000876,0.48002745815899583,False,False,up
KHK,0.21038888888888888,0.12202502078569744,0.12890625,9,0.38235954125000876,0.389396134118541,False,False,up
AMY1A_AMY1B_AMY1C,0.12678000000000003,0.12211550891811652,0.083984375,10,0.38235954125000876,0.3162334735576923,False,False,up
TRIM24,0.33666250000000003,0.12319811912426158,0.1953125,8,0.3850603980210754,0.48002745815899583,False,False,up
HIF1A,0.17968750000000003,0.12329147931008388,0.109375,8,0.3850603980210754,0.3561356707317073,False,False,up
DDHD2,0.44956000000000007,0.12347041135879262,0.16015625,10,0.3850603980210754,0.4351331232654949,False,False,up
VCAM1,0.0798,0.12350251785354206,0.130859375,10,0.3850603980210754,0.389396134118541,False,False,up
HSPG2,0.08107,0.12412611678989934,0.375,10,0.38654457339648873,0.6675,False,False,up
CFP,0.14751,0.12425984621298299,0.048828125,10,0.38654457339648873,0.2502760962041885,False,False,up
MMUT,0.4627,0.12437338163421241,0.130859375,10,0.38654457339648873,0.389396134118541,False,False,up
DXO,0.24788999999999994,0.12473738201221075,0.16015625,10,0.38689515725578977,0.4351331232654949,False,False,up
THBS2,-0.06156999999999998,0.12474964723228903,0.083984375,10,0.38689515725578977,0.3162334735576923,False,False,down
ARHGAP45,0.5333375,0.12518750190477954,0.109375,8,0.38784355811638976,0.3561356707317073,False,False,up
RSPO3,0.12017,0.12547580027019628,0.193359375,10,0.3883271078962766,0.48002745815899583,False,False,up
GGT5,0.09067777777777777,0.12561902193649624,0.12890625,9,0.3883611236078836,0.389396134118541,False,False,up
NFU1,0.5129399999999998,0.12662783117826185,0.083984375,10,0.3910682861940642,0.3162334735576923,False,False,up
CD3D,0.1876625,0.12705363003556808,0.078125,8,0.39172530572987435,0.3162334735576923,False,False,up
PENK,-0.16459999999999997,0.12710732596546484,0.1953125,8,0.39172530572987435,0.48002745815899583,False,False,down
TTR,0.17861,0.12733562405464463,0.005859375,10,0.3920175344323808,0.13723273026315788,False,False,up
SORBS1,0.13355999999999998,0.1276163307454959,0.193359375,10,0.39216527193543055,0.48002745815899583,False,False,up
PEAR1,0.10242,0.12765066393267674,0.083984375,10,0.39216527193543055,0.3162334735576923,False,False,up
NELL2,0.10871,0.12838369513731965,0.16015625,10,0.39373589844991785,0.4351331232654949,False,False,up
MYOM2,0.34587,0.12843002748213186,0.16015625,10,0.39373589844991785,0.4351331232654949,False,False,up
MEGF9,0.06111,0.12898653517379194,0.130859375,10,0.3946347498497375,0.389396134118541,False,False,up
BID,0.8519375000000001,0.1289919509212625,0.1953125,8,0.3946347498497375,0.48002745815899583,False,False,up
CRYZL1,0.577677777777778,0.12932562628276068,0.1640625,9,0.3951479504374705,0.4388447745901639,False,False,up
TNFRSF13B,0.10139000000000001,0.12950067688088404,0.10546875,10,0.3951479504374705,0.3561356707317073,False,False,up
RAPGEF2,0.5543125,0.12956332184926253,0.078125,8,0.3951479504374705,0.3162334735576923,False,False,up
DNAJB8,0.25820999999999994,0.12989958374550986,0.193359375,10,0.39576252848606064,0.48002745815899583,False,False,up
FGF23,-0.11059000000000001,0.1308066363717463,0.193359375,10,0.39770100560442184,0.48002745815899583,False,False,down
ACE,0.13483,0.13087695406786304,0.064453125,10,0.39770100560442184,0.27961422175036926,False,False,up
CR2,0.08106000000000001,0.1309420743682247,0.16015625,10,0.39770100560442184,0.4351331232654949,False,False,up
KLRK1,0.13362000000000002,0.13110123334475976,0.130859375,10,0.39777306026194154,0.389396134118541,False,False,up
KIT,0.07493999999999998,0.13153273433035464,0.193359375,10,0.39830615451303186,0.48002745815899583,False,False,up
BRD1,0.30756249999999996,0.1315932731873757,0.1953125,8,0.39830615451303186,0.48002745815899583,False,False,up
PTPRB,0.18170000000000003,0.13168378482538437,0.10546875,10,0.39830615451303186,0.3561356707317073,False,False,up
FUT3_FUT5,0.08118,0.13214469442380125,0.130859375,10,0.3992890612373501,0.389396134118541,False,False,up
ADAMTS13,0.08089999999999994,0.13237066935134187,0.083984375,10,0.39956079741509876,0.3162334735576923,False,False,up
NOTCH2,0.24579000000000004,0.13278509574633382,0.009765625,10,0.40040023224536186,0.13723273026315788,False,False,up
NT5C1A,0.20578999999999997,0.13305972453597745,0.130859375,10,0.4008168317560674,0.389396134118541,False,False,up
PPP2R5A,0.3830699999999999,0.13342357086376996,0.193359375,10,0.401096419622776,0.48002745815899583,False,False,up
RIPK4,-0.22194000000000003,0.13364780946418212,0.10546875,10,0.401096419622776,0.3561356707317073,False,False,down
FCGR3B,0.08329000000000002,0.13381010993598838,0.130859375,10,0.401096419622776,0.389396134118541,False,False,up
RRM2,0.17210999999999999,0.13388624282205297,0.193359375,10,0.401096419622776,0.48002745815899583,False,False,up
DENND2B,-0.25198,0.13391446506561416,0.130859375,10,0.401096419622776,0.389396134118541,False,False,down
KLF4,-0.365725,0.13397193995571782,0.1484375,8,0.401096419622776,0.43121754451038574,False,False,down
FGL1,0.23898000000000003,0.1346931408469783,0.01953125,10,0.4024903490230004,0.17021745178041542,False,False,up
PLB1,0.23339,0.13471236401060055,0.064453125,10,0.4024903490230004,0.27961422175036926,False,False,up
MAX,0.3538555555555555,0.13486622646846494,0.203125,9,0.4024903490230004,0.4914152594728171,False,False,up
HLA-E,0.11652499999999999,0.1349856975783641,0.3125,8,0.4024903490230004,0.6122213070019404,False,False,up
BTN2A1,0.06438000000000002,0.13525733284614877,0.16015625,10,0.4028912642689036,0.4351331232654949,False,False,up
CPE,0.12823,0.1355836799021761,0.16015625,10,0.40324655732465436,0.4351331232654949,False,False,up
LTBP3,0.13135000000000002,0.13565120825221605,0.322265625,10,0.40324655732465436,0.6122213070019404,False,False,up
CDH5,0.061389999999999986,0.13604982580546224,0.193359375,10,0.4039875489834496,0.48002745815899583,False,False,up
TARM1,-0.41425555555555554,0.13622499075212705,0.203125,9,0.4039875489834496,0.4914152594728171,False,False,down
PTPN9,-0.3269875,0.1363673964717427,0.078125,8,0.4039875489834496,0.3162334735576923,False,False,down
CD84,0.192375,0.13666464535238848,0.1484375,8,0.4039875489834496,0.43121754451038574,False,False,up
COL6A3,0.09920999999999999,0.13675815786755113,0.232421875,10,0.4039875489834496,0.531637886974299,False,False,up
IFI30,0.13360999999999998,0.13677326488009006,0.16015625,10,0.4039875489834496,0.4351331232654949,False,False,up
CTSC,0.12279999999999998,0.13686333375503312,0.16015625,10,0.4039875489834496,0.4351331232654949,False,False,up
CEP20,0.28036,0.13718385619422857,0.193359375,10,0.4044787702468399,0.48002745815899583,False,False,up
PPY,-0.26215,0.13745988770893736,0.037109375,10,0.4044787702468399,0.22062800480769232,False,False,down
IDUA,0.09891000000000003,0.13758955493100739,0.232421875,10,0.4044787702468399,0.531637886974299,False,False,up
PI3,0.24859,0.13781512659838244,0.037109375,10,0.4044787702468399,0.22062800480769232,False,False,up
MPRIP,0.37205,0.1378427773914379,0.193359375,10,0.4044787702468399,0.48002745815899583,False,False,up
LCN2,0.07944,0.13785606027139488,0.130859375,10,0.4044787702468399,0.389396134118541,False,False,up
ADGRD1,0.06456249999999998,0.13829300691555765,0.109375,8,0.405199129680211,0.3561356707317073,False,False,up
C1QTNF6,0.24706000000000006,0.13837750325817216,0.16015625,10,0.405199129680211,0.4351331232654949,False,False,up
HRC,-0.08880000000000002,0.13865048998823448,0.1640625,9,0.4055941126448652,0.4388447745901639,False,False,down
HK2,-0.21567000000000003,0.13892639407089888,0.556640625,10,0.40577590614538894,0.7943894633746356,False,False,down
EBAG9,0.49863333333333326,0.13907215521098887,0.203125,9,0.40577590614538894,0.4914152594728171,False,False,up
DNM3,0.13601000000000002,0.13941221005668647,0.10546875,10,0.40577590614538894,0.3561356707317073,False,False,up
GC,0.11193,0.1396164912624662,0.064453125,10,0.40577590614538894,0.27961422175036926,False,False,up
EPHA4,0.211725,0.1396699969412591,0.1484375,8,0.40577590614538894,0.43121754451038574,False,False,up
GAPDH,0.31186250000000004,0.13986515201567964,0.1953125,8,0.40577590614538894,0.48002745815899583,False,False,up
PRG3,0.19926000000000005,0.1400830471350801,0.193359375,10,0.40577590614538894,0.48002745815899583,False,False,up
ADH1B,0.19031249999999997,0.14023622095932375,0.1953125,8,0.40577590614538894,0.48002745815899583,False,False,up
SERPINC1,0.12123999999999999,0.14031161853658256,0.064453125,10,0.40577590614538894,0.27961422175036926,False,False,up
RBP5,0.17674,0.14040159176038403,0.083984375,10,0.40577590614538894,0.3162334735576923,False,False,up
TNFRSF10B,0.0871111111111111,0.1407592103582773,0.07421875,9,0.40577590614538894,0.31591372282608693,False,False,up
PTPRZ1,0.22319999999999998,0.1408613877421119,0.10546875,10,0.40577590614538894,0.3561356707317073,False,False,up
RALB,0.36995,0.14087141974550438,0.109375,8,0.40577590614538894,0.3561356707317073,False,False,up
SMOC2,0.11331,0.1409949185456753,0.130859375,10,0.40577590614538894,0.389396134118541,False,False,up
BGLAP,0.22993999999999998,0.14143766509062888,0.193359375,10,0.40577590614538894,0.48002745815899583,False,False,up
ITM2A,-0.37875,0.14144582515727433,0.1953125,8,0.40577590614538894,0.48002745815899583,False,False,down
SHBG,0.19624,0.1414784096520578,0.083984375,10,0.40577590614538894,0.3162334735576923,False,False,up
SERPING1,0.15616999999999998,0.14148125573107564,0.064453125,10,0.40577590614538894,0.27961422175036926,False,False,up
IRAK4,0.5420375,0.14149451514690428,0.1484375,8,0.40577590614538894,0.43121754451038574,False,False,up
THPO,-0.18725999999999998,0.14155996176896773,0.16015625,10,0.40577590614538894,0.4351331232654949,False,False,down
DCDC2C,0.8363399999999999,0.14162112037856792,0.130859375,10,0.40577590614538894,0.389396134118541,False,False,up
CD177,0.07317000000000003,0.1417521551600848,0.275390625,10,0.40577590614538894,0.5707990583098095,False,False,up
ADGRF5,0.2433,0.14226767661486592,0.130859375,10,0.40644854347393866,0.389396134118541,False,False,up
FGR,0.23606666666666667,0.1423286323278439,0.12890625,9,0.40644854347393866,0.389396134118541,False,False,up
MANSC1,0.10268,0.14240229868392335,0.16015625,10,0.40644854347393866,0.4351331232654949,False,False,up
PSTPIP2,0.5885625,0.14285478240087798,0.1953125,8,0.40734417078774626,0.48002745815899583,False,False,up
RELT,0.06861999999999999,0.14304557327548803,0.130859375,10,0.4074925787682913,0.389396134118541,False,False,up
RBP1,-0.18469999999999998,0.14319717330262127,0.25,9,0.4075291647187972,0.5508252063015754,False,False,down
CNP,0.511511111111111,0.1434553216718543,0.12890625,9,0.4078686154406932,0.389396134118541,False,False,up
IKZF2,-0.22901000000000002,0.14375224195026357,0.193359375,10,0.4083175383055359,0.48002745815899583,False,False,down
IL17D,-0.16179000000000004,0.14416215719681336,0.16015625,10,0.40908623737878336,0.4351331232654949,False,False,down
BRD3,-0.3725299999999999,0.14469999667017394,0.10546875,10,0.41021611025125565,0.3561356707317073,False,False,down
TP53,0.5994300000000001,0.14494882563847522,0.193359375,10,0.4105252660561251,0.48002745815899583,False,False,up
CST7,0.153,0.14552803508980186,0.16015625,10,0.411768631077792,0.4351331232654949,False,False,up
DNAJA4,-0.51851,0.14579806084443603,0.232421875,10,0.41213561568826623,0.531637886974299,False,False,down
CNTNAP4,0.26934444444444444,0.1460408192996586,0.1640625,9,0.41242489065682436,0.4388447745901639,False,False,up
DPP4,0.08131000000000001,0.1465865765180297,0.275390625,10,0.4132946183888419,0.5707990583098095,False,False,up
NUP50,-0.11450999999999997,0.14668563227208425,0.275390625,10,0.4132946183888419,0.5707990583098095,False,False,down
DRAXIN,0.11032222222222227,0.14684293821970001,0.1640625,9,0.4132946183888419,0.4388447745901639,False,False,up
TPK1,0.25788,0.14691167231799487,0.130859375,10,0.4132946183888419,0.389396134118541,False,False,up
SRPX,0.21297000000000002,0.14733662023468713,0.10546875,10,0.41409344844906804,0.3561356707317073,False,False,up
RNF41,0.34265,0.14787201764922042,0.130859375,10,0.4148267459120642,0.389396134118541,False,False,up
TBCC,0.4298444444444445,0.147880014630552,0.25,9,0.4148267459120642,0.5508252063015754,False,False,up
DBI,0.34443999999999997,0.14922168925073842,0.16015625,10,0.4181909363830331,0.4351331232654949,False,False,up
VEGFD,0.05329999999999998,0.14955321926740017,0.193359375,10,0.4184250606194755,0.48002745815899583,False,False,up
TNFSF10,-0.07943,0.14969955967953985,0.130859375,10,0.4184250606194755,0.389396134118541,False,False,down
LEG1,0.06643750000000002,0.14978896793789756,0.25,8,0.4184250606194755,0.5508252063015754,False,False,up
ARG1,-0.55273,0.14993473477803418,0.275390625,10,0.4184250606194755,0.5707990583098095,False,False,down
C4BPB,0.13521999999999998,0.15001756514549122,0.193359375,10,0.4184250606194755,0.48002745815899583,False,False,up
SLMAP,0.5494799999999997,0.15116529483446944,0.322265625,10,0.4212262532531658,0.6122213070019404,False,False,up
PRTFDC1,0.5828000000000001,0.15165635048172102,0.25,9,0.4213333557480625,0.5508252063015754,False,False,up
MECR,0.4040222222222222,0.15166252622147136,0.12890625,9,0.4213333557480625,0.389396134118541,False,False,up
SH3BP1,0.15490999999999996,0.1518340799564845,0.232421875,10,0.4213333557480625,0.531637886974299,False,False,up
GTPBP2,0.5057555555555555,0.1519117759479423,0.12890625,9,0.4213333557480625,0.389396134118541,False,False,up
QSOX1,0.12012999999999999,0.1519210159132442,0.16015625,10,0.4213333557480625,0.4351331232654949,False,False,up
MMP8,0.2736599999999999,0.15224665471601648,0.130859375,10,0.4215277562659302,0.389396134118541,False,False,up
RLN2,0.2545749999999999,0.1524852226811551,0.25,8,0.4215277562659302,0.5508252063015754,False,False,up
LCP1,0.27893,0.15256660474516553,0.375,10,0.4215277562659302,0.6675,False,False,up
FCGR2B,0.6510800000000001,0.15270400853604477,0.16015625,10,0.4215277562659302,0.4351331232654949,False,False,up
TIMP1,0.0864,0.15270872749981262,0.130859375,10,0.4215277562659302,0.389396134118541,False,False,up
UXS1,0.20463999999999993,0.1533201949677342,0.193359375,10,0.42253358617255476,0.48002745815899583,False,False,up
PTPRS,0.09201,0.15338083939076405,0.16015625,10,0.42253358617255476,0.4351331232654949,False,False,up
SEMA4D,0.15108000000000002,0.15350471108141503,0.16015625,10,0.42253358617255476,0.4351331232654949,False,False,up
NAMPT,0.4301499999999999,0.15377715979920645,0.556640625,10,0.4228871894478177,0.7943894633746356,False,False,up
VPS37A,0.3798,0.15404866803208644,0.193359375,10,0.4232189493272939,0.48002745815899583,False,False,up
HDAC8,0.243775,0.1542213077062521,0.1953125,8,0.4232189493272939,0.48002745815899583,False,False,up
FCRL3,0.30735999999999997,0.1543300969457037,0.16015625,10,0.4232189493272939,0.4351331232654949,False,False,up
CFH,0.21083,0.15583311431787522,0.064453125,10,0.42673782742320554,0.27961422175036926,False,False,up
TPPP3,0.2691222222222222,0.1559038777068776,0.1640625,9,0.42673782742320554,0.4388447745901639,False,False,up
CYB5R2,0.09588999999999999,0.15620463850864982,0.193359375,10,0.4271629639663916,0.48002745815899583,False,False,up
QDPR,0.22158000000000003,0.1563919922897034,0.16015625,10,0.42727747102777575,0.4351331232654949,False,False,up
GGACT,0.30571,0.15679932006233518,0.130859375,10,0.4277910459808804,0.389396134118541,False,False,up
TGFBR3,-0.10402,0.1569130020616575,0.064453125,10,0.4277910459808804,0.27961422175036926,False,False,down
HYOU1,0.05554999999999999,0.15733323533640914,0.193359375,10,0.4277910459808804,0.48002745815899583,False,False,up
LAYN,-0.0694,0.15738854431408578,0.30078125,9,0.4277910459808804,0.6122213070019404,False,False,down
MPI,0.19221000000000002,0.15764372408243763,0.193359375,10,0.4277910459808804,0.48002745815899583,False,False,up
SMNDC1,0.26017,0.15781758094676854,0.232421875,10,0.4277910459808804,0.531637886974299,False,False,up
KRT8,-0.693975,0.15797731634278328,0.1484375,8,0.4277910459808804,0.43121754451038574,False,False,down
SCT,-0.3876666666666667,0.1581437112371772,0.12890625,9,0.4277910459808804,0.389396134118541,False,False,down
CD300LF,0.08319,0.15822475024429916,0.130859375,10,0.4277910459808804,0.389396134118541,False,False,up
NFKB1,0.44627000000000006,0.1583205341986345,0.16015625,10,0.4277910459808804,0.4351331232654949,False,False,up
IL13,-0.15277,0.1583298696140927,0.16015625,10,0.4277910459808804,0.4351331232654949,False,False,down
BCHE,0.19654,0.15841589400915113,0.064453125,10,0.4277910459808804,0.27961422175036926,False,False,up
CALCOCO2,0.30561111111111106,0.1584852088851187,0.203125,9,0.4277910459808804,0.4914152594728171,False,False,up
SERPINA4,0.18708999999999998,0.15861915188055117,0.048828125,10,0.4277910459808804,0.2502760962041885,False,False,up
PIKFYVE,0.421675,0.15913512899134988,0.25,8,0.42878887508953634,0.5508252063015754,False,False,up
MAN2B2,0.20566,0.1594184907345279,0.193359375,10,0.4291586684576613,0.48002745815899583,False,False,up
CDC27,0.31238,0.15992404390400095,0.16015625,10,0.4299535199814291,0.4351331232654949,False,False,up
CFB,0.23087999999999997,0.16000653637715423,0.10546875,10,0.4299535199814291,0.3561356707317073,False,False,up
BCL2,0.18673,0.16021334097453369,0.10546875,10,0.43011570607148575,0.3561356707317073,False,False,up
LEP,0.29419,0.16054317753395483,0.083984375,10,0.43015680994637145,0.3162334735576923,False,False,up
AFAP1,-0.21182500000000004,0.1605734701744415,0.1484375,8,0.43015680994637145,0.43121754451038574,False,False,down
CEP112,-0.13237000000000002,0.16066803558432735,0.232421875,10,0.43015680994637145,0.531637886974299,False,False,down
FKBP7,-0.27237777777777783,0.16088941392681574,0.203125,9,0.430276642412273,0.4914152594728171,False,False,down
CTAG1A_CTAG1B,-0.5277,0.1611025583135735,0.109375,8,0.430276642412273,0.3561356707317073,False,False,down
COMMD1,0.3459666666666667,0.1611523005289412,0.12890625,9,0.430276642412273,0.389396134118541,False,False,up
HTR1B,-0.3792875,0.1625890035457827,0.3125,8,0.4337183500580961,0.6122213070019404,False,False,down
SCARB1,-0.28404444444444443,0.163142964559572,0.25,9,0.4348011677962459,0.5508252063015754,False,False,down
CLASP1,0.5609400000000001,0.16337655477244825,0.130859375,10,0.43502895862799684,0.389396134118541,False,False,up
GRPEL1,0.15603,0.16360141826735852,0.193359375,10,0.43523312087973914,0.48002745815899583,False,False,up
RGMB,0.08576999999999999,0.1640473291262561,0.232421875,10,0.4359244995418135,0.531637886974299,False,False,up
TFAP2A,-0.29061250000000005,0.16415815338551099,0.109375,8,0.4359244995418135,0.3561356707317073,False,False,down
UROS,-0.44956666666666656,0.16450603471242556,0.12890625,9,0.43609232482384336,0.389396134118541,False,False,down
METAP2,0.4378,0.16451831661723473,0.193359375,10,0.43609232482384336,0.48002745815899583,False,False,up
TGM2,-0.45226,0.16485704210330268,0.16015625,10,0.43659615208061314,0.4351331232654949,False,False,down
C1QA,0.03762,0.1654694701080289,0.232421875,10,0.4377961609044235,0.531637886974299,False,False,up
SOX2,0.19871,0.1659580972000271,0.193359375,10,0.4377961609044235,0.48002745815899583,False,False,up
ATRAID,0.11604,0.16603551130852512,0.322265625,10,0.4377961609044235,0.6122213070019404,False,False,up
FBN2,0.4963777777777778,0.16605812784705687,0.1640625,9,0.4377961609044235,0.4388447745901639,False,False,up
MRPL24,-0.40655,0.16620162646798747,0.16015625,10,0.4377961609044235,0.4351331232654949,False,False,down
APEX1,0.31151,0.16627117347248288,0.16015625,10,0.4377961609044235,0.4351331232654949,False,False,up
CC2D1A,0.5717444444444444,0.16635359740188516,0.203125,9,0.4377961609044235,0.4914152594728171,False,False,up
SSC4D,0.08410999999999999,0.1672095297122503,0.275390625,10,0.4391016447755551,0.5707990583098095,False,False,up
GSTA3,-0.31337000000000004,0.16723506114566553,0.16015625,10,0.4391016447755551,0.4351331232654949,False,False,down
CLIC5,0.17672222222222222,0.16729817518006337,0.1640625,9,0.4391016447755551,0.4388447745901639,False,False,up
ATOX1,0.3687000000000001,0.16755285216365362,0.232421875,10,0.4393774346470095,0.531637886974299,False,False,up
CD164,0.23196999999999995,0.16842243907083443,0.275390625,10,0.44126378550494266,0.5707990583098095,False,False,up
CEP85,0.46731,0.1693063817204739,0.275390625,10,0.44318435215065227,0.5707990583098095,False,False,up
NHLRC3,0.08700000000000002,0.16964837426194568,0.1953125,8,0.4436841275221144,0.48002745815899583,False,False,up
COPB2,0.5199400000000001,0.16987970961987572,0.232421875,10,0.44382853766869096,0.531637886974299,False,False,up
FOLR1,0.12104,0.17010555290867277,0.16015625,10,0.44382853766869096,0.4351331232654949,False,False,up
TNFAIP8L2,0.2748,0.17015694021618863,0.1484375,8,0.44382853766869096,0.43121754451038574,False,False,up
L3HYPDH,0.36011000000000004,0.17047872285576166,0.16015625,10,0.4442732999355563,0.4351331232654949,False,False,up
ITGB1BP1,0.38167999999999996,0.17069731877748362,0.16015625,10,0.4443034728291039,0.4351331232654949,False,False,up
NMRK2,-0.11231,0.1707928569370304,0.193359375,10,0.4443034728291039,0.48002745815899583,False,False,down
NPPC,-0.11606250000000001,0.17106417747672362,0.25,8,0.44461547721162586,0.5508252063015754,False,False,down
SLC4A1,-0.4270899999999999,0.17165130070802126,0.193359375,10,0.44574701165292524,0.48002745815899583,False,False,down
RET,0.04733999999999997,0.17194551154041393,0.375,10,0.44611657897013757,0.6675,False,False,up
NPHS2,0.18921249999999998,0.17215252938698805,0.3125,8,0.44625946938180394,0.6122213070019404,False,False,up
SPRED2,0.3675625,0.1728202345643814,0.25,8,0.44750421537947455,0.5508252063015754,False,False,up
FGF19,-0.21029,0.17293783887063882,0.130859375,10,0.44750421537947455,0.389396134118541,False,False,down
XPNPEP2,0.07342000000000005,0.17323774255771315,0.16015625,10,0.44750421537947455,0.4351331232654949,False,False,up
CD99,0.05298999999999998,0.17324218348194162,0.16015625,10,0.44750421537947455,0.4351331232654949,False,False,up
PPM1F,0.32427,0.17342190259156537,0.322265625,10,0.44757480484308215,0.6122213070019404,False,False,up
LMOD1__Inflammation_II,-0.6023749999999999,0.17366913915560614,0.25,8,0.4476365324172538,0.5508252063015754,False,False,down
TPPP2,0.5332875,0.1738631969126282,0.1953125,8,0.4476365324172538,0.48002745815899583,False,False,up
MAGED1,-0.37612,0.1740328867657209,0.275390625,10,0.4476365324172538,0.5707990583098095,False,False,down
ITGB6,0.15314,0.1741826938216558,0.275390625,10,0.4476365324172538,0.5707990583098095,False,False,up
ADAM15,0.10612999999999999,0.17428922457087634,0.10546875,10,0.4476365324172538,0.3561356707317073,False,False,up
LAMTOR5,0.17936,0.17440587111763356,0.232421875,10,0.4476365324172538,0.531637886974299,False,False,up
PDGFC,0.20741,0.17451271011840502,0.193359375,10,0.4476365324172538,0.48002745815899583,False,False,up
B2M,0.16596,0.17473794480157417,0.16015625,10,0.44782316220089297,0.4351331232654949,False,False,up
GOLM2,0.09556,0.17514932577463535,0.232421875,10,0.4484861114211892,0.531637886974299,False,False,up
PSMD9,-0.45583000000000007,0.17545219981437016,0.4921875,10,0.44887030562265257,0.7553278090979783,False,False,down
ADAMTSL4,0.13113333333333335,0.17603176227952327,0.42578125,9,0.4499610842601913,0.7054694021285476,False,False,up
PCDHB15,0.13334,0.17641958951425252,0.232421875,10,0.4505602907855301,0.531637886974299,False,False,up
OGN,0.07008,0.17726958355464192,0.193359375,10,0.4522123518747707,0.48002745815899583,False,False,up
GTF2IRD1,0.1163124999999999,0.17737440563831658,0.25,8,0.4522123518747707,0.5508252063015754,False,False,up
KRT5,0.25403333333333333,0.17806800204725176,0.1640625,9,0.45358692282114343,0.4388447745901639,False,False,up
HRG,0.21698,0.17825476202286206,0.130859375,10,0.4536691820287226,0.389396134118541,False,False,up
BCR,0.17515,0.17848331299409922,0.1953125,8,0.45385756732785226,0.48002745815899583,False,False,up
LONP1,0.3239666666666667,0.17943271691040666,0.25,9,0.45582409021840453,0.5508252063015754,False,False,up
LRP2BP,0.47276666666666667,0.17969492643104756,0.25,9,0.45582409021840453,0.5508252063015754,False,False,up
CENPJ,0.5151,0.17996193352777354,0.1484375,8,0.45582409021840453,0.43121754451038574,False,False,up
FCRL6,-0.12542499999999998,0.18007797320673627,0.1953125,8,0.45582409021840453,0.48002745815899583,False,False,down
MCAM,0.11265,0.18009906530159261,0.275390625,10,0.45582409021840453,0.5707990583098095,False,False,up
JPT2,0.32763000000000003,0.18029692384877916,0.193359375,10,0.45582409021840453,0.48002745815899583,False,False,up
PXN,-0.2326,0.18048135427846554,0.25,9,0.45582409021840453,0.5508252063015754,False,False,down
VNN1,0.18537,0.18049826929656262,0.193359375,10,0.45582409021840453,0.48002745815899583,False,False,up
HPGDS,-0.17127999999999996,0.18085391041550258,0.232421875,10,0.4563298409710749,0.531637886974299,False,False,down
CXCL12,0.27289,0.18106795255749297,0.193359375,10,0.4564777482071733,0.48002745815899583,False,False,up
MMP13,-0.21224444444444446,0.18155705231943842,0.1640625,9,0.45731823555934015,0.4388447745901639,False,False,down
FUS,-0.14267,0.1824603027537666,0.232421875,10,0.4591995794240038,0.531637886974299,False,False,down
GPHA2,0.06305000000000001,0.1828113847547895,0.193359375,10,0.4596892440280965,0.48002745815899583,False,False,up
ITIH3,0.17472999999999997,0.1830098168787167,0.16015625,10,0.4597945527568785,0.4351331232654949,False,False,up
PHLDB1,0.39444,0.1833318443291939,0.16015625,10,0.4602099374314893,0.4351331232654949,False,False,up
VSNL1,0.12671000000000002,0.18462841028175878,0.10546875,10,0.46184673156550365,0.3561356707317073,False,False,up
EDF1,0.30294000000000004,0.18466659517022158,0.275390625,10,0.46184673156550365,0.5707990583098095,False,False,up
IL18BP,0.08320999999999999,0.1847253990879363,0.193359375,10,0.46184673156550365,0.48002745815899583,False,False,up
DDX1,0.40508999999999995,0.1847398894257168,0.193359375,10,0.46184673156550365,0.48002745815899583,False,False,up
FABP5,0.3431100000000001,0.18477014286328458,0.232421875,10,0.46184673156550365,0.531637886974299,False,False,up
TXLNA,0.2767888888888888,0.18535338803048962,0.25,9,0.4626231690143824,0.5508252063015754,False,False,up
KLK3,0.11417000000000002,0.1854826895909477,0.232421875,10,0.4626231690143824,0.531637886974299,False,False,up
PNMA1,0.29440000000000005,0.18555331736429775,0.09765625,9,0.4626231690143824,0.3561356707317073,False,False,up
OMG,-0.36876,0.18594119012170898,0.193359375,10,0.4631970105067509,0.48002745815899583,False,False,down
IGFBP4,0.059780000000000014,0.18624000842268415,0.193359375,10,0.46354822435374865,0.48002745815899583,False,False,up
DPEP2,0.10805000000000002,0.1864815753296168,0.275390625,10,0.46375646633622736,0.5707990583098095,False,False,up
TRAF3IP2,0.19758,0.18695136321726225,0.130859375,10,0.464531432968781,0.389396134118541,False,False,up
NPTX2,0.15579000000000004,0.1873474238536928,0.193359375,10,0.4651220489081113,0.48002745815899583,False,False,up
SNX15,-0.30862500000000004,0.1878097045846412,0.25,8,0.46581722980550716,0.5508252063015754,False,False,down
TXN,0.21545,0.18794464328209942,0.193359375,10,0.46581722980550716,0.48002745815899583,False,False,up
PDIA2,0.40854999999999997,0.1882627551945623,0.322265625,10,0.46621223609311085,0.6122213070019404,False,False,up
LAMP1,0.13372,0.18854465293314382,0.375,10,0.46624763696636323,0.6675,False,False,up
CAPS,0.05660999999999998,0.18859454978414691,0.375,10,0.46624763696636323,0.6675,False,False,up
DCBLD2,0.09629999999999998,0.18897663564352118,0.16015625,10,0.4666241164370771,0.4351331232654949,False,False,up
GUSB,0.07716,0.18906458922714392,0.193359375,10,0.4666241164370771,0.48002745815899583,False,False,up
LATS1,0.6214875,0.18946996495426463,0.1484375,8,0.46674154593471306,0.43121754451038574,False,False,up
DNAJC6,0.4306888888888889,0.18957811885314177,0.30078125,9,0.46674154593471306,0.6122213070019404,False,False,up
APOBR,-0.15396666666666667,0.189588922131465,0.203125,9,0.46674154593471306,0.4914152594728171,False,False,down
MUC2,-0.10633999999999999,0.19025135465974732,0.232421875,10,0.4674203737919094,0.531637886974299,False,False,down
BDNF,0.48617999999999995,0.19027470109536146,0.232421875,10,0.4674203737919094,0.531637886974299,False,False,up
DDAH1,0.11979000000000002,0.19034210659009998,0.275390625,10,0.4674203737919094,0.5707990583098095,False,False,up
ANXA2,0.20907777777777778,0.19067079982750706,0.203125,9,0.46774005062036017,0.4914152594728171,False,False,up
CARHSP1,-0.6335999999999999,0.1908574784717946,0.203125,9,0.46774005062036017,0.4914152594728171,False,False,down
KCNIP4,0.1723777777777778,0.1909500581184242,0.30078125,9,0.46774005062036017,0.6122213070019404,False,False,up
CRTAM,0.08807777777777781,0.19145259077859458,0.25,9,0.4685285368513475,0.5508252063015754,False,False,up
MTPN,0.15491,0.19178028136519298,0.375,10,0.4685285368513475,0.6675,False,False,up
HGFAC,0.18511,0.19193670936554016,0.232421875,10,0.4685285368513475,0.531637886974299,False,False,up
PREB,-0.18981,0.192266445178477,0.275390625,10,0.4685285368513475,0.5707990583098095,False,False,down
RABEP1,0.45832499999999987,0.1922707420576557,0.1953125,8,0.4685285368513475,0.48002745815899583,False,False,up
CD207,-0.061060000000000024,0.19246554266252067,0.232421875,10,0.4685285368513475,0.531637886974299,False,False,down
NAAA,0.11217777777777778,0.19254712352654138,0.12890625,9,0.4685285368513475,0.389396134118541,False,False,up
PLPBP,0.44776999999999995,0.19254815933931782,0.193359375,10,0.4685285368513475,0.48002745815899583,False,False,up
AIF1L,-0.1585888888888889,0.19272658847390875,0.65234375,9,0.46857449532108447,0.8526629255674232,False,False,down
SNAPIN,0.27998,0.19288929746087125,0.10546875,10,0.46858218911710414,0.3561356707317073,False,False,up
F13B,0.19163000000000002,0.19359199984517506,0.10546875,10,0.46990058144237945,0.3561356707317073,False,False,up
RWDD1,0.39546000000000003,0.19391586682121353,0.275390625,10,0.47018846002197373,0.5707990583098095,False,False,up
ITGAV,-0.04597,0.19406919345191043,0.193359375,10,0.47018846002197373,0.48002745815899583,False,False,down
CGA,0.20965999999999996,0.19419087572579302,0.275390625,10,0.47018846002197373,0.5707990583098095,False,False,up
TTN,-0.22754,0.19548959562458207,0.275390625,10,0.47294311560905894,0.5707990583098095,False,False,down
CTSD,0.03195,0.19625051636761653,0.193359375,10,0.47439322351579405,0.48002745815899583,False,False,up
APP,0.19207000000000002,0.1965815512531865,0.193359375,10,0.4746355919090028,0.48002745815899583,False,False,up
HMGCL,0.2278222222222222,0.19667399228915777,0.25,9,0.4746355919090028,0.5508252063015754,False,False,up
RPA2,0.39947499999999997,0.1971326824701859,0.4609375,8,0.47535196093180293,0.7405762787199125,False,False,up
CLSPN,-0.14126666666666665,0.1977572639308923,0.09765625,9,0.47646684509026305,0.3561356707317073,False,False,down
OCLN,0.13999999999999999,0.1981216502679218,0.232421875,10,0.47664548848904964,0.531637886974299,False,False,up
LILRB1,0.06858,0.19815598959657119,0.232421875,10,0.47664548848904964,0.531637886974299,False,False,up
SNX2,0.13777999999999999,0.19856977845246038,0.375,10,0.4769034224785291,0.6675,False,False,up
SFTPA1,0.29825999999999997,0.19861980046860164,0.130859375,10,0.4769034224785291,0.389396134118541,False,False,up
CXCL1,0.24312999999999993,0.1989420634781616,0.193359375,10,0.4769034224785291,0.48002745815899583,False,False,up
PKD1,0.15338000000000002,0.19907140120081668,0.322265625,10,0.4769034224785291,0.6122213070019404,False,False,up
IL33,-0.36268,0.19915289926160207,0.275390625,10,0.4769034224785291,0.5707990583098095,False,False,down
IL1R2,0.06415,0.19927142256526473,0.232421875,10,0.4769034224785291,0.531637886974299,False,False,up
NCAM1,0.07889000000000002,0.1993998647611964,0.232421875,10,0.4769034224785291,0.531637886974299,False,False,up
ITGB2,0.05034999999999999,0.19999994595721177,0.130859375,10,0.4779494233330601,0.389396134118541,False,False,up
SERPINA6,0.20177,0.20051139337593882,0.232421875,10,0.4787645086433544,0.531637886974299,False,False,up
IL9,0.18710000000000002,0.2007685022922747,0.1953125,8,0.4787645086433544,0.48002745815899583,False,False,up
TIE1,0.05081,0.2008824902722009,0.275390625,10,0.4787645086433544,0.5707990583098095,False,False,up
SRPK2,0.27178749999999996,0.20104479753235321,0.109375,8,0.4787645086433544,0.3561356707317073,False,False,up
CRLF1,0.07930999999999999,0.20115607887841314,0.232421875,10,0.4787645086433544,0.531637886974299,False,False,up
EFHD1,-0.16115000000000004,0.20145720175342846,0.275390625,10,0.47909295672050156,0.5707990583098095,False,False,down
IDS,-0.036,0.20259235418454166,0.275390625,10,0.481402705695792,0.5707990583098095,False,False,down
AFP,0.0941111111111111,0.20297189067201735,0.203125,9,0.48191466685829826,0.4914152594728171,False,False,up
FCN2,0.05997999999999999,0.2034514427812816,0.232421875,10,0.4826630754835412,0.531637886974299,False,False,up
IL5RA,0.1102,0.2038766991711111,0.1953125,8,0.4830359940613614,0.48002745815899583,False,False,up
TOP1MT,0.28448000000000007,0.20397060029450198,0.232421875,10,0.4830359940613614,0.531637886974299,False,False,up
MFAP3L,0.2620555555555556,0.2041020322200032,0.203125,9,0.4830359940613614,0.4914152594728171,False,False,up
LETM1,0.29303,0.20435654521145732,0.275390625,10,0.4832489317923109,0.5707990583098095,False,False,up
EFNA4,0.0968222222222222,0.20471214148535255,0.203125,9,0.4833600678178068,0.4914152594728171,False,False,up
PON1,0.17534,0.2047326947107088,0.232421875,10,0.4833600678178068,0.531637886974299,False,False,up
GAGE2A,-0.19950000000000004,0.2054142594591431,0.16015625,10,0.4845796626759063,0.4351331232654949,False,False,down
CRISP3,0.12174,0.20587503219086334,0.10546875,10,0.4849928477692933,0.3561356707317073,False,False,up
ANGPTL1,0.05956999999999999,0.2059566479355439,0.232421875,10,0.4849928477692933,0.531637886974299,False,False,up
TALDO1,0.25343,0.20620883915094812,0.275390625,10,0.4849928477692933,0.5707990583098095,False,False,up
MRPL58,0.30166,0.20653408313564325,0.322265625,10,0.4849928477692933,0.6122213070019404,False,False,up
RAD23B,0.17922,0.20658826137887423,0.375,10,0.4849928477692933,0.6675,False,False,up
LAMA1,0.15092,0.20689489598969693,0.083984375,10,0.4849928477692933,0.3162334735576923,False,False,up
C1GALT1C1,0.4114999999999999,0.2071146200905694,0.130859375,10,0.4849928477692933,0.389396134118541,False,False,up
GGT1,0.07751000000000001,0.207171815505255,0.232421875,10,0.4849928477692933,0.531637886974299,False,False,up
MIF,0.54728,0.2074701803821866,0.130859375,10,0.4849928477692933,0.389396134118541,False,False,up
OSBPL2,0.15133,0.20748411530352168,0.275390625,10,0.4849928477692933,0.5707990583098095,False,False,up
IGDCC4,0.17057000000000003,0.20772671743988547,0.275390625,10,0.4849928477692933,0.5707990583098095,False,False,up
C2CD2L,0.29066666666666663,0.20789281222789846,0.30078125,9,0.4849928477692933,0.6122213070019404,False,False,up
C3,0.36633000000000004,0.20794258529357046,0.193359375,10,0.4849928477692933,0.48002745815899583,False,False,up
PGLYRP2,0.14256,0.2080264715668993,0.16015625,10,0.4849928477692933,0.4351331232654949,False,False,up
BTLA,-1.53586,0.20806639025853235,0.431640625,10,0.4849928477692933,0.7054694021285476,False,False,down
SCARF2,0.1135,0.20829930211965425,0.193359375,10,0.48515071397733905,0.48002745815899583,False,False,up
BAIAP2,0.33734000000000003,0.20848569108689224,0.275390625,10,0.4852000592093522,0.5707990583098095,False,False,up
SYAP1,0.178475,0.20872761685029978,0.1484375,8,0.48537847243810806,0.43121754451038574,False,False,up
PHOSPHO1,-0.1485777777777778,0.20907166861812526,0.25,9,0.4857939008951217,0.5508252063015754,False,False,down
ERBB2,0.08177000000000001,0.20997754268293758,0.275390625,10,0.487513077359516,0.5707990583098095,False,False,up
ECHDC3,0.14314999999999997,0.21016412747293006,0.322265625,10,0.48756085496682117,0.6122213070019404,False,False,up
CLEC4M,0.16682000000000002,0.21045734539860922,0.275390625,10,0.487855740675387,0.5707990583098095,False,False,up
FAP,0.04525,0.21111642807999828,0.232421875,10,0.48899759406226734,0.531637886974299,False,False,up
YTHDF3,0.6230300000000002,0.21142666643197683,0.322265625,10,0.48903155662899483,0.6122213070019404,False,False,up
OMP,-0.2844375,0.2114641051817581,0.25,8,0.48903155662899483,0.5508252063015754,False,False,down
CCDC134,0.33065,0.21200972416784256,0.322265625,10,0.48990760022104923,0.6122213070019404,False,False,up
TIGIT,0.1880375,0.21217921737581394,0.25,8,0.48991380615783453,0.5508252063015754,False,False,up
PDCD1,-0.07611000000000001,0.21246175439288228,0.275390625,10,0.49018081119551865,0.5707990583098095,False,False,down
CDON,0.07487999999999999,0.21275408136555746,0.16015625,10,0.4904699662249939,0.4351331232654949,False,False,up
CD86,0.11941000000000002,0.21400009935226533,0.275390625,10,0.4929555229785124,0.5707990583098095,False,False,up
FGF2,0.3183125,0.2144306790983827,0.1953125,8,0.49356026999369124,0.48002745815899583,False,False,up
SHC1,0.31915,0.21491096609781518,0.16015625,10,0.49427839266192886,0.4351331232654949,False,False,up
ARHGAP1,0.18872,0.2152976684050356,0.232421875,10,0.49478032246133774,0.531637886974299,False,False,up
DCTN6,-0.21898888888888887,0.21554394490029222,0.25,9,0.49480458784889786,0.5508252063015754,False,False,down
S100A12,0.13506,0.21564650530714075,0.232421875,10,0.49480458784889786,0.531637886974299,False,False,up
PRSS2,-0.11536999999999997,0.21581364556841612,0.193359375,10,0.49480458784889786,0.48002745815899583,False,False,down
TEX33,0.26675000000000004,0.21613917901617816,0.3828125,8,0.49516440621725055,0.6680453431372549,False,False,up
PCDH9,0.13648,0.21655746689452876,0.193359375,10,0.49559456347383696,0.48002745815899583,False,False,up
HSPA1A,0.3088000000000001,0.21666442611522188,0.275390625,10,0.49559456347383696,0.5707990583098095,False,False,up
PECAM1,0.15635,0.21730655684707711,0.322265625,10,0.4960010501332485,0.6122213070019404,False,False,up
ENTR1,0.21511111111111111,0.21732273955725198,0.25,9,0.4960010501332485,0.5508252063015754,False,False,up
MST1,0.19715999999999995,0.21734877477749093,0.232421875,10,0.4960010501332485,0.531637886974299,False,False,up
DPP10,-0.1943125,0.21786921429673345,0.4609375,8,0.49680270371856067,0.7405762787199125,False,False,down
ARHGAP25,-0.25914000000000004,0.21901974352347178,0.130859375,10,0.49903877946348846,0.389396134118541,False,False,down
ATP5PO,-0.2825555555555555,0.21931362358216558,0.1640625,9,0.49932101741148865,0.4388447745901639,False,False,down
LTA,0.090475,0.22007545741151688,0.3125,8,0.5003324403029424,0.6122213070019404,False,False,up
TPSG1,0.38144999999999996,0.2201321510073364,0.1953125,8,0.5003324403029424,0.48002745815899583,False,False,up
CETN2,0.35564444444444443,0.22026892928556507,0.49609375,9,0.5003324403029424,0.7553278090979783,False,False,up
ANGPTL3,0.04948,0.22072282588263115,0.375,10,0.5009759966130507,0.6675,False,False,up
ZBTB17,-0.15325,0.22093023300609974,0.193359375,10,0.5010595323080425,0.48002745815899583,False,False,down
REG3G,-0.18549000000000002,0.2213841040710558,0.232421875,10,0.5017014765869529,0.531637886974299,False,False,down
PPL,-0.10571250000000001,0.22212550481507723,0.3125,8,0.5029935294077732,0.6122213070019404,False,False,down
FN1,0.12201,0.22337888161997888,0.275390625,10,0.5054420456994437,0.5707990583098095,False,False,up
PI16,0.06486999999999998,0.22378790969094725,0.232421875,10,0.505977745005629,0.531637886974299,False,False,up
UPK3A,-0.7346000000000001,0.2254034737818099,0.546875,8,0.508680787436566,0.7943894633746356,False,False,down
ARSA,0.14148,0.2254926327968515,0.322265625,10,0.508680787436566,0.6122213070019404,False,False,up
HADH,-0.25523,0.22565434605988544,0.275390625,10,0.508680787436566,0.5707990583098095,False,False,down
TNPO1,0.29191249999999996,0.22567622268636212,0.25,8,0.508680787436566,0.5508252063015754,False,False,up
STAU1,-0.27231,0.22588888137905616,0.431640625,10,0.508769666112184,0.7054694021285476,False,False,down
PIBF1,0.3458799999999999,0.22641868073586585,0.322265625,10,0.509572157334282,0.6122213070019404,False,False,up
LRRC25,0.07312999999999999,0.2274596060745524,0.625,10,0.5115228660344261,0.8447422917625402,False,False,up
COX6B1,0.18486000000000002,0.22770791917728875,0.375,10,0.5116894863226451,0.6675,False,False,up
WFIKKN2,0.075,0.22818375175133307,0.193359375,10,0.5119834281560429,0.48002745815899583,False,False,up
ROR1,0.0709,0.2283307797221674,0.275390625,10,0.5119834281560429,0.5707990583098095,False,False,up
PBXIP1,-0.13282999999999998,0.22839171139981168,0.556640625,10,0.5119834281560429,0.7943894633746356,False,False,down
NFKB2,0.2172125,0.22860196500702293,0.3125,8,0.5119834281560429,0.6122213070019404,False,False,up
GNGT1,0.27455555555555555,0.22880110393575406,0.12890625,9,0.5119834281560429,0.389396134118541,False,False,up
PRDX2,-0.33104999999999996,0.22888465821208182,0.625,10,0.5119834281560429,0.8447422917625402,False,False,down
CD59,0.07214999999999999,0.22967756613424628,0.375,10,0.5132744257563071,0.6675,False,False,up
FUT8,0.18061111111111108,0.22989958655015202,0.359375,9,0.5132744257563071,0.6675,False,False,up
RARRES2,0.1264,0.22998608930721828,0.275390625,10,0.5132744257563071,0.5707990583098095,False,False,up
SIGLEC7,0.13268,0.23042067430880292,0.10546875,10,0.5138538499961687,0.3561356707317073,False,False,up
CPXM2,0.09627,0.23074747344356394,0.275390625,10,0.514192207514224,0.5707990583098095,False,False,up
CDHR2,0.06505999999999998,0.23135644498678834,0.322265625,10,0.5151583615816507,0.6122213070019404,False,False,up
IL1R1,0.05361999999999999,0.23170932689135965,0.232421875,10,0.5152360598973971,0.531637886974299,False,False,up
CCL20,0.10874999999999997,0.23177599576647565,0.232421875,10,0.5152360598973971,0.531637886974299,False,False,up
DHPS,0.13302000000000003,0.23191762723335338,0.232421875,10,0.5152360598973971,0.531637886974299,False,False,up
TREML1,0.24575,0.23221406156114238,0.431640625,10,0.5155046854157787,0.7054694021285476,False,False,up
MAMDC4,0.08700000000000001,0.2324460261491696,0.275390625,10,0.5156214545390632,0.5707990583098095,False,False,up
OGT,0.38955,0.23261778252102783,0.3125,8,0.5156214545390632,0.6122213070019404,False,False,up
MYLPF,-0.23947777777777782,0.2330393766663608,0.25,9,0.5161664021637267,0.5508252063015754,False,False,down
TFF1,0.07678999999999997,0.236069322914426,0.232421875,10,0.5224834976636542,0.531637886974299,False,False,up
CD83,-0.1653,0.236359920803353,0.3125,8,0.5227327465357288,0.6122213070019404,False,False,down
ALPP,-0.062270000000000006,0.23676256893164166,0.556640625,10,0.5232292437563819,0.7943894633746356,False,False,down
MEPE,0.05474,0.23761131854724574,0.375,10,0.5247101071979404,0.6675,False,False,up
XCL1,0.09237999999999999,0.23836970241442537,0.275390625,10,0.5259893433442279,0.5707990583098095,False,False,up
BLMH,0.0659,0.23879311425201882,0.232421875,10,0.5261818547629457,0.531637886974299,False,False,up
PON2,0.14032,0.2388709504342216,0.275390625,10,0.5261818547629457,0.5707990583098095,False,False,up
PLG,0.16579000000000002,0.23913414778538644,0.193359375,10,0.5261818547629457,0.48002745815899583,False,False,up
PGA4,0.16204999999999997,0.23917357034679348,0.322265625,10,0.5261818547629457,0.6122213070019404,False,False,up
CD300A,0.06948750000000001,0.2393927665522945,0.3125,8,0.5262698767695276,0.6122213070019404,False,False,up
CCDC80,-0.09166000000000003,0.23973361034037788,0.375,10,0.5266249914507778,0.6675,False,False,down
CHEK2,-0.15526,0.24058060079661098,0.556640625,10,0.527933619808426,0.7943894633746356,False,False,down
IFIT3,0.1504625,0.24086255589232944,0.25,8,0.527933619808426,0.5508252063015754,False,False,up
MMP15,0.14177999999999996,0.2409795016546529,0.322265625,10,0.527933619808426,0.6122213070019404,False,False,up
NECTIN4,-0.08254000000000002,0.24104834326288707,0.322265625,10,0.527933619808426,0.6122213070019404,False,False,down
ADAMTS8,0.06561,0.24151643215764376,0.275390625,10,0.5281713349936258,0.5707990583098095,False,False,up
PEPD,0.24094000000000002,0.24153401431751872,0.232421875,10,0.5281713349936258,0.531637886974299,False,False,up
CALY,-0.29184,0.2417109633205373,0.232421875,10,0.5281713349936258,0.531637886974299,False,False,down
OSMR,0.04889,0.24199659830442471,0.322265625,10,0.5281713349936258,0.6122213070019404,False,False,up
EPO,0.17900000000000005,0.2420560493365408,0.3828125,8,0.5281713349936258,0.6680453431372549,False,False,up
KLK14,0.09744,0.2428244086442032,0.193359375,10,0.5290806744423702,0.48002745815899583,False,False,up
SESTD1,0.31049999999999994,0.24283307768073376,0.25,9,0.5290806744423702,0.5508252063015754,False,False,up
VGF,-0.23966000000000004,0.24309215316559155,0.275390625,10,0.5291947359028476,0.5707990583098095,False,False,down
RABEPK,0.29651999999999995,0.2433197271723963,0.232421875,10,0.5291947359028476,0.531637886974299,False,False,up
S100G,0.22126,0.24342597487393497,0.322265625,10,0.5291947359028476,0.6122213070019404,False,False,up
GCG,-0.5294500000000001,0.24390335536685817,0.375,10,0.5298403511186852,0.6675,False,False,down
CCL14,0.06724,0.24410416961942824,0.232421875,10,0.5298846608811979,0.531637886974299,False,False,up
STC2,-0.03832000000000002,0.24552819937457385,0.275390625,10,0.5324333213942145,0.5707990583098095,False,False,down
RNASE6,0.13619999999999996,0.2456408411607629,0.193359375,10,0.5324333213942145,0.48002745815899583,False,False,up
CCL27,0.5570700000000001,0.24595070947436154,0.431640625,10,0.5327118242818583,0.7054694021285476,False,False,up
TLR4,0.1786375,0.246769620949602,0.3828125,8,0.5335626292845879,0.6680453431372549,False,False,up
FHIT,0.49211111111111117,0.24698760897934308,0.203125,9,0.5335626292845879,0.4914152594728171,False,False,up
DTYMK,0.50978,0.24713261033716305,0.193359375,10,0.5335626292845879,0.48002745815899583,False,False,up
TOM1L2,0.48990999999999996,0.2472244734190321,0.16015625,10,0.5335626292845879,0.4351331232654949,False,False,up
C1QTNF1,0.06870000000000002,0.247440850399323,0.322265625,10,0.5335626292845879,0.6122213070019404,False,False,up
CEACAM5,0.28363,0.2476186811016463,0.193359375,10,0.5335626292845879,0.48002745815899583,False,False,up
CR1,0.17832999999999996,0.24768447106713684,0.16015625,10,0.5335626292845879,0.4351331232654949,False,False,up
CFHR5,0.20672000000000001,0.24779687652168125,0.16015625,10,0.5335626292845879,0.4351331232654949,False,False,up
FRMD4B,0.37354999999999994,0.24814620386084743,0.232421875,10,0.5339233705049882,0.531637886974299,False,False,up
PF4,0.38054,0.24837926068510177,0.193359375,10,0.5340335934349516,0.48002745815899583,False,False,up
FURIN,0.13879999999999998,0.24856575985951346,0.275390625,10,0.5340436259746826,0.5707990583098095,False,False,up
CPM,0.08009999999999999,0.24877747922554583,0.431640625,10,0.5341077898285294,0.7054694021285476,False,False,up
C1R,0.11204,0.2510908227143905,0.232421875,10,0.5386806035881408,0.531637886974299,False,False,up
GRP,0.3170333333333334,0.25211155171347865,0.30078125,9,0.5404756404251728,0.6122213070019404,False,False,up
NUDT5,0.26355,0.25246177184139257,0.232421875,10,0.5408316731569438,0.531637886974299,False,False,up
APOL1,0.16537,0.2531243629742519,0.275390625,10,0.5417018526960418,0.5707990583098095,False,False,up
ITIH1,-0.062240000000000004,0.25341098667765416,0.275390625,10,0.5417018526960418,0.5707990583098095,False,False,down
AMN,0.25039,0.2534212957454414,0.322265625,10,0.5417018526960418,0.6122213070019404,False,False,up
DEFB4A_DEFB4B,0.4814,0.25443670240001753,0.275390625,10,0.5434767963264374,0.5707990583098095,False,False,up
HNRNPK,0.13018999999999997,0.25463185319702897,0.275390625,10,0.543498366889298,0.5707990583098095,False,False,up
ITGA6,0.14193749999999988,0.2556217794067514,0.3125,8,0.5450656100342424,0.6122213070019404,False,False,up
CTRL,0.12093999999999998,0.25573728656015865,0.275390625,10,0.5450656100342424,0.5707990583098095,False,False,up
CD22,0.04406000000000001,0.25637123827276614,0.375,10,0.545703198164763,0.6675,False,False,up
ADA2,0.09289,0.25640803999570067,0.275390625,10,0.545703198164763,0.5707990583098095,False,False,up
OLR1,0.17483999999999997,0.2572231941621569,0.16015625,10,0.5467358123057486,0.4351331232654949,False,False,up
FGF3,-0.24477499999999996,0.2575860534804762,0.25,8,0.5467358123057486,0.5508252063015754,False,False,down
IL6__Inflammation,0.45711250000000003,0.2577197807715125,0.25,8,0.5467358123057486,0.5508252063015754,False,False,up
RNASET2,0.04624000000000001,0.25792408583709003,0.322265625,10,0.5467358123057486,0.6122213070019404,False,False,up
TFF3,-0.24813999999999997,0.2580040188612134,0.6953125,10,0.5467358123057486,0.8749497911311054,False,False,down
PILRB,0.06707999999999997,0.258010158616196,0.275390625,10,0.5467358123057486,0.5707990583098095,False,False,up
IGFBP3,0.06447,0.25865621772759123,0.322265625,10,0.5476795660983999,0.6122213070019404,False,False,up
ZFYVE19,0.3572,0.2589911794375444,0.275390625,10,0.5476795660983999,0.5707990583098095,False,False,up
GM2A,0.19913999999999998,0.25901495311905937,0.322265625,10,0.5476795660983999,0.6122213070019404,False,False,up
CRADD,0.49327777777777776,0.25947571949211984,0.203125,9,0.5482591281642849,0.4914152594728171,False,False,up
LRP1,0.0659,0.260687955996107,0.193359375,10,0.5504245339759642,0.48002745815899583,False,False,up
NCLN,-0.21151,0.26119263252110003,0.275390625,10,0.5510069523181309,0.5707990583098095,False,False,down
SMPD1,0.1232,0.2613390141570161,0.275390625,10,0.5510069523181309,0.5707990583098095,False,False,up
RBP2,0.15503,0.26192157340354233,0.232421875,10,0.5516031121779039,0.531637886974299,False,False,up
BMP10,0.09032500000000002,0.26199739240319236,0.25,8,0.5516031121779039,0.5508252063015754,False,False,up
SLC34A3,0.25417000000000006,0.2627445290828047,0.130859375,10,0.5527798581061586,0.389396134118541,False,False,up
CLEC3B,0.1558,0.2633901539016135,0.322265625,10,0.5534172142526742,0.6122213070019404,False,False,up
CTBS,0.15787,0.2634243328312014,0.375,10,0.5534172142526742,0.6675,False,False,up
CDK5RAP3,0.20894000000000004,0.26389078298366075,0.193359375,10,0.5537534239177774,0.48002745815899583,False,False,up
CLSTN1,0.4461666666666667,0.2641468597280931,0.65234375,9,0.5537534239177774,0.8526629255674232,False,False,up
CNTN5,0.06519,0.2641499989474995,0.232421875,10,0.5537534239177774,0.531637886974299,False,False,up
AKR1B10,-0.3452111111111111,0.2645129124034604,0.25,9,0.5538827193301596,0.5508252063015754,False,False,down
KIAA0319,0.08101000000000001,0.2645888509432121,0.322265625,10,0.5538827193301596,0.6122213070019404,False,False,up
ENSA,0.36634,0.2652254131333728,0.322265625,10,0.5545949446769453,0.6122213070019404,False,False,up
APOF,0.16841,0.2653067406438911,0.130859375,10,0.5545949446769453,0.389396134118541,False,False,up
SCARB2,0.05938888888888889,0.26552366808833094,0.25,9,0.5546536366823812,0.5508252063015754,False,False,up
IMPG1,0.19455,0.2657442384166969,0.25,8,0.5546538549116669,0.5508252063015754,False,False,up
COL3A1,0.16879000000000002,0.2659014735157055,0.431640625,10,0.5546538549116669,0.7054694021285476,False,False,up
IPCEF1,0.20752222222222227,0.2663747331500325,0.1640625,9,0.5548072568862548,0.4388447745901639,False,False,up
PTPRF,0.07619000000000001,0.2667043349063381,0.16015625,10,0.5548072568862548,0.4351331232654949,False,False,up
DENR,0.17233749999999998,0.26695028244719815,0.25,8,0.5548072568862548,0.5508252063015754,False,False,up
CSF1R,0.16390000000000002,0.2669573240743458,0.322265625,10,0.5548072568862548,0.6122213070019404,False,False,up
CLPS,-0.09884999999999997,0.267039342707187,0.431640625,10,0.5548072568862548,0.7054694021285476,False,False,down
NID1,0.09041000000000002,0.26710843079236096,0.232421875,10,0.5548072568862548,0.531637886974299,False,False,up
SSC5D,0.06253,0.26766315933448265,0.322265625,10,0.5555665717069792,0.6122213070019404,False,False,up
AGT,0.11340000000000003,0.2684270856557224,0.431640625,10,0.5567587221545598,0.7054694021285476,False,False,up
NUB1,0.4079,0.2686815015149124,0.1484375,8,0.5568931333445996,0.43121754451038574,False,False,up
RBKS,-0.24694444444444447,0.26898673030964565,0.5703125,9,0.5571326000842237,0.8045186419308358,False,False,down
KLKB1,0.09511999999999997,0.27000256526203564,0.275390625,10,0.5586400563196036,0.5707990583098095,False,False,up
APRT,0.5045444444444445,0.27009495402582123,0.25,9,0.5586400563196036,0.5508252063015754,False,False,up
HEBP1,0.16505999999999998,0.27052921556804327,0.322265625,10,0.5591444800305018,0.6122213070019404,False,False,up
BATF,0.21723333333333328,0.2725648621298924,0.359375,9,0.5628519163270057,0.6675,False,False,up
AKT3,0.12983,0.27274224963169946,0.232421875,10,0.5628519163270057,0.531637886974299,False,False,up
MICB_MICA,-0.15640000000000004,0.27289789882521487,0.3125,8,0.5628519163270057,0.6122213070019404,False,False,down
PSMG4,-0.352975,0.27368096133357295,0.3828125,8,0.563804683317889,0.6680453431372549,False,False,down
NAGPA,0.0554625,0.27383254070068125,0.3125,8,0.563804683317889,0.6122213070019404,False,False,up
ZCCHC8,0.17791,0.2739357450100877,0.6953125,10,0.563804683317889,0.8749497911311054,False,False,up
PAEP,0.16760000000000005,0.27438379810723573,0.359375,9,0.5638207557825852,0.6675,False,False,up
PMCH,-0.11015,0.2745279552991023,0.322265625,10,0.5638207557825852,0.6122213070019404,False,False,down
THTPA,0.35840999999999995,0.27474947687909884,0.16015625,10,0.5638207557825852,0.4351331232654949,False,False,up
SMAD1,0.2634600000000001,0.2750106051041057,0.431640625,10,0.5638207557825852,0.7054694021285476,False,False,up
FETUB,0.05904999999999998,0.2752900941471506,0.375,10,0.5638207557825852,0.6675,False,False,up
CASQ2,0.16741999999999999,0.27552358838180124,0.193359375,10,0.5638207557825852,0.48002745815899583,False,False,up
DHODH,-0.3712,0.27555528350676173,0.193359375,10,0.5638207557825852,0.48002745815899583,False,False,down
POLR2F,-0.07245999999999998,0.27576059634253214,0.322265625,10,0.5638207557825852,0.6122213070019404,False,False,down
ENPP6,-0.18217777777777777,0.27577947399002184,0.42578125,9,0.5638207557825852,0.7054694021285476,False,False,down
B4GAT1,0.07995000000000001,0.27586327070465605,0.232421875,10,0.5638207557825852,0.531637886974299,False,False,up
SCGB2A2,0.18241000000000004,0.27700620445860774,0.275390625,10,0.565377556878841,0.5707990583098095,False,False,up
TXNRD1,0.12199999999999996,0.27703334571480603,0.556640625,10,0.565377556878841,0.7943894633746356,False,False,up
SCPEP1,0.1624,0.27720247936858394,0.203125,9,0.565377556878841,0.4914152594728171,False,False,up
SERPIND1,0.12596000000000002,0.2775224946950869,0.431640625,10,0.5656374510197573,0.7054694021285476,False,False,up
KIRREL2,0.18606666666666666,0.27852038557615116,0.42578125,9,0.5672776507885964,0.7054694021285476,False,False,up
LUZP2,0.11635,0.2794211096257806,0.375,10,0.5687178094046553,0.6675,False,False,up
FABP4,-0.08692000000000003,0.2800309189557931,0.193359375,10,0.5693708760847254,0.48002745815899583,False,False,down
ACVRL1,0.0833,0.28012969558816075,0.49609375,9,0.5693708760847254,0.7553278090979783,False,False,up
KIR3DL2,-0.15102,0.2806541213603234,0.322265625,10,0.5700422921405739,0.6122213070019404,False,False,down
HAVCR2,-0.05266000000000002,0.2810359719820833,0.322265625,10,0.5702388583012967,0.6122213070019404,False,False,down
HBZ,-0.3386,0.2811392124005031,0.76953125,10,0.5702388583012967,0.9120715420702179,False,False,down
NDUFS6,0.45854000000000017,0.28138337177368966,0.275390625,10,0.570340209040253,0.5707990583098095,False,False,up
RNF168,0.3376875,0.2816718293951909,0.25,8,0.5705311468508109,0.5508252063015754,False,False,up
FGA,0.17451000000000003,0.2821677974627255,0.275390625,10,0.5709338862748119,0.5707990583098095,False,False,up
GAMT,0.25466,0.2823025719466505,0.375,10,0.5709338862748119,0.6675,False,False,up
LIFR,-0.08745,0.28245384295447795,0.1953125,8,0.5709338862748119,0.48002745815899583,False,False,down
SNX5,0.10647777777777777,0.2833824762403124,0.359375,9,0.5724170101222816,0.6675,False,False,up
BAX,-0.2915111111111111,0.2837462976694313,0.49609375,9,0.572757990553347,0.7553278090979783,False,False,down
EGLN1,0.127975,0.2840206425169725,0.1953125,8,0.5729180130991403,0.48002745815899583,False,False,up
ACE2,0.05802,0.28493355466240394,0.275390625,10,0.5742932882599237,0.5707990583098095,False,False,up
SPARC,0.19907,0.2850935016285219,0.322265625,10,0.5742932882599237,0.6122213070019404,False,False,up
LYPLA2,-0.32305,0.28601070505687776,0.25,8,0.5757460183358807,0.5508252063015754,False,False,down
IDO1__Cardiometabolic_II,-0.11940000000000002,0.28677258935605193,0.359375,9,0.5764061592607208,0.6675,False,False,down
TTF2,0.4407333333333333,0.28684111623914893,0.359375,9,0.5764061592607208,0.6675,False,False,up
ESAM,0.06624,0.28692741056832616,0.322265625,10,0.5764061592607208,0.6122213070019404,False,False,up
CLEC4D,-0.17345000000000002,0.2884147015551408,0.3828125,8,0.5783433539890317,0.6680453431372549,False,False,down
VWA1,-0.08270999999999996,0.28844212298797633,0.4921875,10,0.5783433539890317,0.7553278090979783,False,False,down
PTEN,0.2465444444444444,0.2884824697289518,0.359375,9,0.5783433539890317,0.6675,False,False,up
GIPR,-0.3044,0.2887204454671251,0.3828125,8,0.5784256127810002,0.6680453431372549,False,False,down
DEFB104A_DEFB104B,-0.1808875,0.28937545403784404,0.3125,8,0.5793426779203463,0.6122213070019404,False,False,down
ACRV1,0.1835125,0.28993877162479614,0.25,8,0.5795064644431175,0.5508252063015754,False,False,up
HIP1R,0.13455,0.2906244352966135,0.375,10,0.5795064644431175,0.6675,False,False,up
PDAP1,0.29361999999999994,0.29066688056625856,0.375,10,0.5795064644431175,0.6675,False,False,up
FDX1,0.2823,0.2908718354695489,0.4921875,10,0.5795064644431175,0.7553278090979783,False,False,up
ECHS1,0.21788888888888894,0.2911296405107421,0.30078125,9,0.5795064644431175,0.6122213070019404,False,False,up
SIGLEC9,0.05218999999999999,0.29128807714647764,0.322265625,10,0.5795064644431175,0.6122213070019404,False,False,up
HEPH,0.16790999999999995,0.29141363508531226,0.375,10,0.5795064644431175,0.6675,False,False,up
ELOB,0.2112,0.2915139139610974,0.275390625,10,0.5795064644431175,0.5707990583098095,False,False,up
AMIGO1,-0.27449999999999997,0.29184550473530113,0.359375,9,0.5795064644431175,0.6675,False,False,down
SCN2B,-0.29912222222222223,0.2919430801197762,0.42578125,9,0.5795064644431175,0.7054694021285476,False,False,down
CXCL6,0.11428,0.29199829160510477,0.375,10,0.5795064644431175,0.6675,False,False,up
CKB,0.12875,0.292009897570476,0.322265625,10,0.5795064644431175,0.6122213070019404,False,False,up
DNAJA1,0.31133,0.2920223246087211,0.375,10,0.5795064644431175,0.6675,False,False,up
SUMF1,0.1898125,0.2924399422484452,0.4609375,8,0.5799433560997188,0.7405762787199125,False,False,up
DEFA1_DEFA1B,-0.21744000000000002,0.2927802428240037,0.625,10,0.5802264326410924,0.8447422917625402,False,False,down
ANGPTL2,0.08002000000000001,0.2934578988501113,0.375,10,0.5811772413504902,0.6675,False,False,up
PTPRC,0.14526,0.2944051439172896,0.322265625,10,0.5824341034886112,0.6122213070019404,False,False,up
STK11,0.15827,0.29477896298208695,0.322265625,10,0.5824341034886112,0.6122213070019404,False,False,up
LMOD1__Neurology_II,0.09293,0.29481597693429346,0.275390625,10,0.5824341034886112,0.5707990583098095,False,False,up
RCC1,0.15011999999999998,0.29496808821366416,0.232421875,10,0.5824341034886112,0.531637886974299,False,False,up
CD274,0.16317777777777775,0.29519017072642856,0.49609375,9,0.5824341034886112,0.7553278090979783,False,False,up
DCTN1,0.3012600000000001,0.2954079471325073,0.322265625,10,0.5824341034886112,0.6122213070019404,False,False,up
HIP1,-0.10969999999999999,0.29594154096739395,0.322265625,10,0.5824341034886112,0.6122213070019404,False,False,down
FLRT2,-0.1048888888888889,0.29600452239764774,0.1640625,9,0.5824341034886112,0.4388447745901639,False,False,down
VAMP5,0.09874999999999998,0.2961334603579257,0.431640625,10,0.5824341034886112,0.7054694021285476,False,False,up
CXCL14,0.16222999999999996,0.296206472140907,0.322265625,10,0.5824341034886112,0.6122213070019404,False,False,up
PECR,0.1426777777777778,0.2962739361974754,0.203125,9,0.5824341034886112,0.4914152594728171,False,False,up
SCN3A,0.1738777777777778,0.2968930553276277,0.42578125,9,0.583097974385134,0.7054694021285476,False,False,up
GSTA1,0.17422000000000004,0.29709069322138243,0.275390625,10,0.583097974385134,0.5707990583098095,False,False,up
SELENOP,-0.11852999999999998,0.29720724128517045,0.375,10,0.583097974385134,0.6675,False,False,down
PRCP,0.053439999999999974,0.29742827836189906,0.275390625,10,0.583142091821694,0.5707990583098095,False,False,up
GAST,-0.18727,0.2979181629123841,0.431640625,10,0.5837129049190608,0.7054694021285476,False,False,down
TNFRSF6B,-0.06950000000000003,0.29844039099041475,0.25,9,0.5843462855592321,0.5508252063015754,False,False,down
PRKAG3,0.3767333333333333,0.29872160712089485,0.359375,9,0.5845072352525438,0.6675,False,False,up
IDO1__Inflammation_II,-0.14748749999999994,0.29905340505023487,0.546875,8,0.5847668779178028,0.7943894633746356,False,False,down
SLC12A2,0.2850599999999999,0.2995847901454969,0.845703125,10,0.5852134936684933,0.9419150846131968,False,False,up
TGFBR2,0.04372000000000001,0.299680318174128,0.322265625,10,0.5852134936684933,0.6122213070019404,False,False,up
GPI,0.27257999999999993,0.30027331624191356,0.375,10,0.5859818802674419,0.6675,False,False,up
MMP12,0.04054999999999999,0.30054796976241405,0.322265625,10,0.5861284111502059,0.6122213070019404,False,False,up
GSR,0.12942,0.3012160169570642,0.4921875,10,0.587041434507563,0.7553278090979783,False,False,up
CIT,-0.24167777777777774,0.3018084058040773,0.49609375,9,0.5878058937974636,0.7553278090979783,False,False,down
TBR1,-0.20864444444444444,0.30201277791663195,0.42578125,9,0.5878141343546375,0.7054694021285476,False,False,down
ANP32C,-0.1103666666666667,0.30255518576075374,0.359375,9,0.5884798546883004,0.6675,False,False,down
APOC1,0.21079999999999996,0.30339185775280175,0.322265625,10,0.5890232124089175,0.6122213070019404,False,False,up
ARSB,0.14428000000000002,0.3034042202530588,0.375,10,0.5890232124089175,0.6675,False,False,up
CWC15,0.06998999999999997,0.30363220929382684,0.322265625,10,0.5890232124089175,0.6122213070019404,False,False,up
ATP6V1D,-0.11662999999999998,0.3038069248572587,0.275390625,10,0.5890232124089175,0.5707990583098095,False,False,down
LRP11,0.11371999999999997,0.30399888795386953,0.556640625,10,0.5890232124089175,0.7943894633746356,False,False,up
CTNNA1,0.15331250000000002,0.3040378583629278,0.1953125,8,0.5890232124089175,0.48002745815899583,False,False,up
IL17F,-0.2146199999999999,0.30460415474477515,0.275390625,10,0.5897313134379727,0.5707990583098095,False,False,down
TSPYL1,0.20555,0.30544786293354953,0.3125,8,0.590715017986935,0.6122213070019404,False,False,up
CCN1,0.07871000000000002,0.30565666955413473,0.322265625,10,0.590715017986935,0.6122213070019404,False,False,up
EREG,0.21606666666666666,0.3057156375008993,0.359375,9,0.590715017986935,0.6675,False,False,up
PIK3IP1,-0.04819000000000001,0.3061871380058453,0.193359375,10,0.5912370968594133,0.48002745815899583,False,False,down
OSCAR,0.06656999999999999,0.3068428143746354,0.275390625,10,0.5921138934417242,0.5707990583098095,False,False,up
TP53INP1,-0.06807999999999999,0.30749184997738466,0.232421875,10,0.5926369384788943,0.531637886974299,False,False,down
TSPAN15,-0.2172,0.30753557415904753,0.625,10,0.5926369384788943,0.8447422917625402,False,False,down
SLC44A4,0.23258888888888885,0.3077667531914769,0.30078125,9,0.5926369384788943,0.6122213070019404,False,False,up
IL7R,-0.07142000000000001,0.3079209969760956,0.275390625,10,0.5926369384788943,0.5707990583098095,False,False,down
ATXN2,0.18911250000000004,0.3092625320829005,0.3828125,8,0.5947644071296142,0.6680453431372549,False,False,up
TAP1,0.14105,0.30943139737625147,0.3828125,8,0.5947644071296142,0.6680453431372549,False,False,up
LMOD1__Oncology_II,0.11925000000000001,0.3097497693421374,0.130859375,10,0.5949734697460434,0.389396134118541,False,False,up
PDIA4,0.26944,0.31008157410695086,0.193359375,10,0.5949734697460434,0.48002745815899583,False,False,up
CPQ,0.13540000000000002,0.31014789995954795,0.322265625,10,0.5949734697460434,0.6122213070019404,False,False,up
VIT,0.14555999999999997,0.31101845658592187,0.431640625,10,0.5959967204851276,0.7054694021285476,False,False,up
C2,0.07641999999999997,0.31108715441052115,0.431640625,10,0.5959967204851276,0.7054694021285476,False,False,up
CCL18,0.06366999999999999,0.31232144298282727,0.232421875,10,0.5979713676926752,0.531637886974299,False,False,up
NAP1L4,0.3848600000000001,0.31261740781401887,0.375,10,0.5981480956024583,0.6675,False,False,up
TMED1,0.3487125,0.3130469199842763,0.3828125,8,0.5982176654787794,0.6680453431372549,False,False,up
CYP24A1,-0.32498,0.31324161074195883,0.431640625,10,0.5982176654787794,0.7054694021285476,False,False,down
TBC1D17,-0.15747777777777774,0.3133006312108079,0.49609375,9,0.5982176654787794,0.7553278090979783,False,False,down
GPR37,0.16464,0.31346850090971795,0.375,10,0.5982176654787794,0.6675,False,False,up
FCGR2A,0.06080999999999999,0.31395800350401804,0.431640625,10,0.5987627638255202,0.7054694021285476,False,False,up
MNDA,-0.31656999999999996,0.31493376274327894,0.322265625,10,0.5996090199920251,0.6122213070019404,False,False,down
RTN4R,0.05344000000000002,0.31527795544576603,0.322265625,10,0.5996090199920251,0.6122213070019404,False,False,up
SEZ6,-0.31239999999999996,0.3153181740429523,0.42578125,9,0.5996090199920251,0.7054694021285476,False,False,down
VIPR1,-0.12305555555555554,0.31536636007605534,0.359375,9,0.5996090199920251,0.6675,False,False,down
LILRA6,0.14226999999999995,0.315422518177623,0.375,10,0.5996090199920251,0.6675,False,False,up
FGF9,0.6318299999999999,0.3162029674666743,0.431640625,10,0.6007038262934169,0.7054694021285476,False,False,up
CASP1,-0.5594555555555556,0.31830283288989764,0.359375,9,0.6041676211933364,0.6675,False,False,down
LILRB4,-0.09182999999999998,0.31843768389761146,0.322265625,10,0.6041676211933364,0.6122213070019404,False,False,down
KIAA1549,0.8355,0.3186625431598634,0.25,8,0.6042039310913614,0.5508252063015754,False,False,up
FOS,-0.25522999999999996,0.3189957697852202,0.6953125,10,0.6043878019353189,0.8749497911311054,False,False,down
OXT,0.07439999999999998,0.3191710864152808,0.431640625,10,0.6043878019353189,0.7054694021285476,False,False,up
GUCA2A,-0.04636,0.3193814774813479,0.375,10,0.6043965202079373,0.6675,False,False,down
CCL7,0.1160125,0.3199605813954556,0.3828125,8,0.6051025290138139,0.6680453431372549,False,False,up
LARP1,0.20605,0.32049780899422126,0.322265625,10,0.6057284845662985,0.6122213070019404,False,False,up
ITGAX,0.397675,0.32095974995260607,0.4609375,8,0.6059299456718444,0.7405762787199125,False,False,up
PHYKPL,0.108175,0.3210170226303677,0.25,8,0.6059299456718444,0.5508252063015754,False,False,up
TNFSF14,0.19444444444444445,0.3224926879508188,0.1640625,9,0.6083243574255329,0.4388447745901639,False,False,up
LRRFIP1,0.21926,0.3231459227771927,0.431640625,10,0.6091653242597015,0.7054694021285476,False,False,up
CNTF,-0.5311374999999999,0.3236068982476564,0.3828125,8,0.6093275622032082,0.6680453431372549,False,False,down
IL1B,-0.5104,0.3236469176155957,0.625,10,0.6093275622032082,0.8447422917625402,False,False,down
PROS1,0.09981000000000004,0.3245790972722229,0.556640625,10,0.6106911010176289,0.7943894633746356,False,False,up
B3GNT7,0.1074,0.3251720604883006,0.42578125,9,0.6110964247785612,0.7054694021285476,False,False,up
KLK1,0.07791000000000009,0.32523692140414373,0.375,10,0.6110964247785612,0.6675,False,False,up
CREG1,0.04955999999999998,0.3254187294360469,0.275390625,10,0.6110964247785612,0.5707990583098095,False,False,up
CD93,0.06449999999999999,0.3260395321261253,0.275390625,10,0.6118562132860151,0.5707990583098095,False,False,up
CD1C,0.044719999999999996,0.32623998297783446,0.375,10,0.6118562132860151,0.6675,False,False,up
GLOD4,0.24487999999999993,0.3265422108954227,0.275390625,10,0.6119490341473045,0.5707990583098095,False,False,up
CA2,-0.5418500000000002,0.3267061918770764,0.845703125,10,0.6119490341473045,0.9419150846131968,False,False,down
APOB,-0.15990000000000001,0.326982981846272,0.375,10,0.6120771304541115,0.6675,False,False,down
LYVE1,0.11803,0.32748457356629734,0.4921875,10,0.6124271824726797,0.7553278090979783,False,False,up
BTD,0.08438999999999999,0.3275870288268913,0.375,10,0.6124271824726797,0.6675,False,False,up
ACY3,0.05830999999999997,0.32820596319558576,0.322265625,10,0.6129074583704686,0.6122213070019404,False,False,up
PDGFRB,0.03976,0.3283747252787833,0.275390625,10,0.6129074583704686,0.5707990583098095,False,False,up
ERC2,0.42685555555555554,0.32846998279711187,0.49609375,9,0.6129074583704686,0.7553278090979783,False,False,up
FDX2,0.24078,0.3295220870102873,0.375,10,0.6144802346344215,0.6675,False,False,up
AOC3,0.06161000000000001,0.3299996734040381,0.4921875,10,0.6147691247042186,0.7553278090979783,False,False,up
KCNH2,-0.22887777777777776,0.3300956450999499,0.25,9,0.6147691247042186,0.5508252063015754,False,False,down
F3,-0.06974999999999999,0.33052023948011083,0.431640625,10,0.615169799336556,0.7054694021285476,False,False,down
SATB1,0.08775999999999998,0.3308392970273182,0.556640625,10,0.6153736639450497,0.7943894633746356,False,False,up
NDST1,0.17303,0.33150528175031174,0.322265625,10,0.6158717641133793,0.6122213070019404,False,False,up
GALNT3,0.15021,0.331620478135157,0.431640625,10,0.6158717641133793,0.7054694021285476,False,False,up
PARP1,-0.1710375,0.33193927188808453,0.4609375,8,0.6158717641133793,0.7405762787199125,False,False,down
S100A3,0.10177999999999998,0.33194586400799436,0.4921875,10,0.6158717641133793,0.7553278090979783,False,False,up
BHLHE40,-0.5201125,0.3322526164044736,0.546875,8,0.6160517262499615,0.7943894633746356,False,False,down
PROCR,-0.11532999999999997,0.33259350057207115,0.556640625,10,0.6160851814071886,0.7943894633746356,False,False,down
AHSA1,0.18133000000000005,0.3326901932964934,0.375,10,0.6160851814071886,0.6675,False,False,up
FOXJ3,-0.1211,0.33387129043461505,0.546875,8,0.6176879866976296,0.7943894633746356,False,False,down
TSPAN8,-0.05433000000000001,0.33397634418652905,0.322265625,10,0.6176879866976296,0.6122213070019404,False,False,down
LRRN1,-0.07373,0.3342402954527102,0.375,10,0.6177871288512334,0.6675,False,False,down
MANEAL,-0.18265,0.3349381848336438,0.431640625,10,0.6186877036832779,0.7054694021285476,False,False,down
MYL1,-0.14129000000000003,0.3352683803074033,0.556640625,10,0.6189083802406308,0.7943894633746356,False,False,down
CSPG4,0.12561999999999995,0.3358984110653669,0.556640625,10,0.6195599606945377,0.7943894633746356,False,False,up
MED21,-0.2272899999999999,0.33620606667021213,0.375,10,0.6195599606945377,0.6675,False,False,down
CDH1,0.05785999999999998,0.33636133282288494,0.375,10,0.6195599606945377,0.6675,False,False,up
RARRES1,0.12132000000000001,0.3364651471936628,0.375,10,0.6195599606945377,0.6675,False,False,up
IDO1__Neurology_II,0.15675,0.33684255952865405,0.4921875,10,0.6198662890574292,0.7553278090979783,False,False,up
PRG2,0.13948,0.33708510186143925,0.4921875,10,0.6199241979756087,0.7553278090979783,False,False,up
KIR2DS4,0.17048000000000002,0.33750555565149076,0.4921875,10,0.6203090218701054,0.7553278090979783,False,False,up
KLRC1,0.19711249999999997,0.33850520687223473,0.25,8,0.6217572186264875,0.5508252063015754,False,False,up
MPO,0.13091999999999998,0.33897238067701474,0.083984375,10,0.6222261762802451,0.3162334735576923,False,False,up
AHSG,0.14513000000000004,0.33969527133968574,0.375,10,0.6224194616787967,0.6675,False,False,up
KYAT1,0.21503,0.3398913921102909,0.322265625,10,0.6224194616787967,0.6122213070019404,False,False,up
BTN3A2,0.095825,0.34009180662130334,0.4609375,8,0.6224194616787967,0.7405762787199125,False,False,up
LSM1,0.1587,0.3401785936430642,0.431640625,10,0.6224194616787967,0.7054694021285476,False,False,up
SELE,0.04068000000000001,0.3402786521226353,0.4921875,10,0.6224194616787967,0.7553278090979783,False,False,up
PRDX1,0.1623888888888889,0.34045155663775895,0.42578125,9,0.6224194616787967,0.7054694021285476,False,False,up
SLC28A1,0.15021,0.3405646724048327,0.556640625,10,0.6224194616787967,0.7943894633746356,False,False,up
FOXO3,-0.77087,0.34077306584252814,0.76953125,10,0.6224194616787967,0.9120715420702179,False,False,down
PNLIPRP2,-0.09973999999999995,0.34112838748498625,0.322265625,10,0.6226812144458699,0.6122213070019404,False,False,down
C8B,0.16366999999999993,0.34220256492091866,0.232421875,10,0.6242539957594646,0.531637886974299,False,False,up
PRDX3,0.16465000000000002,0.3430060293205482,0.625,10,0.6245803333218656,0.8447422917625402,False,False,up
KIRREL1,-0.2824,0.3433556180427121,0.3125,8,0.6245803333218656,0.6122213070019404,False,False,down
SEPTIN7,0.2941125,0.343470526325547,0.4609375,8,0.6245803333218656,0.7405762787199125,False,False,up
LRIG1,0.05489999999999999,0.3435858570910063,0.375,10,0.6245803333218656,0.6675,False,False,up
INSR,0.0924375,0.3437663121040789,0.546875,8,0.6245803333218656,0.7943894633746356,False,False,up
LAP3,0.21404,0.3439492885329666,0.4921875,10,0.6245803333218656,0.7553278090979783,False,False,up
ADAMTSL5,0.18113,0.34444207112514724,0.275390625,10,0.6245803333218656,0.5707990583098095,False,False,up
KCTD5,0.10794999999999999,0.34463326713810305,0.375,10,0.6245803333218656,0.6675,False,False,up
CREBZF,0.17839000000000002,0.3446334023596014,0.431640625,10,0.6245803333218656,0.7054694021285476,False,False,up
NPM1,0.13467777777777779,0.3447183359329093,0.25,9,0.6245803333218656,0.5508252063015754,False,False,up
FUOM,0.079325,0.3447207083128172,0.4609375,8,0.6245803333218656,0.7405762787199125,False,False,up
DNLZ,0.2470874999999999,0.34510266773293613,0.3828125,8,0.6246439100024506,0.6680453431372549,False,False,up
IGFL4,0.1379375,0.34518115966427554,0.640625,8,0.6246439100024506,0.8479115029292474,False,False,up
PRSS27,0.07427999999999998,0.34558913742072883,0.322265625,10,0.6249971038206161,0.6122213070019404,False,False,up
IFNLR1,0.0784625,0.3459888500266876,0.4609375,8,0.6252271707027125,0.7405762787199125,False,False,up
VTA1,0.32115,0.34614211084869273,0.322265625,10,0.6252271707027125,0.6122213070019404,False,False,up
SNX9,0.23102999999999999,0.34691233492746876,0.16015625,10,0.6262257662504152,0.4351331232654949,False,False,up
NECTIN2,0.08451,0.34712139852082935,0.4921875,10,0.6262257662504152,0.7553278090979783,False,False,up
IL6R,0.062349999999999996,0.34836349560969804,0.375,10,0.6280807775357171,0.6675,False,False,up
VAT1,0.06938,0.34891246865386494,0.375,10,0.6286846137646633,0.6675,False,False,up
ITPR1,0.15446666666666667,0.34943538573274996,0.49609375,9,0.6292407896364726,0.7553278090979783,False,False,up
RBP7,0.09840999999999997,0.34977189285220966,0.431640625,10,0.6292578142337459,0.7054694021285476,False,False,up
BAG4,0.16978749999999998,0.34987334376700957,0.3828125,8,0.6292578142337459,0.6680453431372549,False,False,up
AMY2A,0.05839000000000001,0.35054516560885474,0.375,10,0.6297402311337085,0.6675,False,False,up
GFOD2,0.09944000000000007,0.35057040446156396,0.275390625,10,0.6297402311337085,0.5707990583098095,False,False,up
TIMD4,0.05058,0.35171516872323483,0.556640625,10,0.6313268228441309,0.7943894633746356,False,False,up
TNFSF9,0.17598750000000002,0.3518835577105353,0.4609375,8,0.6313268228441309,0.7405762787199125,False,False,up
IL20,-0.18325,0.3524183432250627,0.4921875,10,0.631770574631835,0.7553278090979783,False,False,down
ATRN,0.042249999999999996,0.35276277074578755,0.4921875,10,0.631770574631835,0.7553278090979783,False,False,up
A1BG,0.06771,0.35277621463949926,0.431640625,10,0.631770574631835,0.7054694021285476,False,False,up
GABARAPL1,0.20115000000000002,0.3535449368211198,0.3828125,8,0.6323319957926153,0.6680453431372549,False,False,up
GGH,0.04727,0.35356697207848853,0.375,10,0.6323319957926153,0.6675,False,False,up
THOP1,0.07675999999999997,0.3537356040474181,0.556640625,10,0.6323319957926153,0.7943894633746356,False,False,up
CPA2,-0.12913000000000002,0.3539533259053985,0.322265625,10,0.632336324929535,0.6122213070019404,False,False,down
FUT1,0.18555000000000002,0.3545519181349653,0.1953125,8,0.6323535352802238,0.48002745815899583,False,False,up
SERPINF2,0.05083,0.3545883259507209,0.6953125,10,0.6323535352802238,0.8749497911311054,False,False,up
ATXN3,0.31589,0.3546088772919743,0.275390625,10,0.6323535352802238,0.5707990583098095,False,False,up
FARSA,0.3010555555555556,0.3551777887037404,0.65234375,9,0.6326347622595822,0.8526629255674232,False,False,up
SIRT2,0.37311999999999995,0.3555525531925122,0.322265625,10,0.6326347622595822,0.6122213070019404,False,False,up
SCRG1,0.14355,0.3556255966693507,0.625,10,0.6326347622595822,0.8447422917625402,False,False,up
SEMA4C,0.09228000000000001,0.3556281894758495,0.431640625,10,0.6326347622595822,0.7054694021285476,False,False,up
FH,-0.197425,0.3565476947111357,0.4609375,8,0.6338017878805269,0.7405762787199125,False,False,down
ILKAP,0.2707333333333333,0.35671581728515867,0.359375,9,0.6338017878805269,0.6675,False,False,up
GNPDA2,0.0858875,0.35744704680039174,0.25,8,0.634717035340236,0.5508252063015754,False,False,up
NFATC3,-0.09884000000000001,0.357813435514705,0.232421875,10,0.6349837221188451,0.531637886974299,False,False,down
ARHGAP5,-0.20362,0.35968521373363804,0.556640625,10,0.6375280775050722,0.7943894633746356,False,False,down
ATP1B1,0.19832,0.35985462631820964,0.431640625,10,0.6375280775050722,0.7054694021285476,False,False,up
TOP2B,0.19262500000000007,0.3598983835558086,0.25,8,0.6375280775050722,0.5508252063015754,False,False,up
PDCD1LG2,-0.08467,0.3603269135116005,0.322265625,10,0.6379024382058894,0.6122213070019404,False,False,down
NPTXR,-0.13587,0.3605730575136902,0.16015625,10,0.6379536565769325,0.4351331232654949,False,False,down
CDH22,0.1504875,0.36092295902152965,0.4609375,8,0.6381882785347577,0.7405762787199125,False,False,up
FGFBP2,0.13940000000000002,0.36154613820463466,0.375,10,0.6389055402569266,0.6675,False,False,up
CHI3L1,0.06022000000000001,0.3619747306907961,0.556640625,10,0.6392782826451402,0.7943894633746356,False,False,up
NFASC,-0.045279999999999994,0.3632779849184079,0.322265625,10,0.6403721715011991,0.6122213070019404,False,False,down
KRT18,0.0784,0.36332274984079904,0.4921875,10,0.6403721715011991,0.7553278090979783,False,False,up
BGN,-0.23503999999999992,0.3638778917074449,0.375,10,0.6403721715011991,0.6675,False,False,down
TP73,-0.19565555555555558,0.3639018925585498,0.42578125,9,0.6403721715011991,0.7054694021285476,False,False,down
STIP1,0.23326000000000008,0.36428825817237576,0.232421875,10,0.6403721715011991,0.531637886974299,False,False,up
REPS1,-0.22169999999999995,0.3643437812411455,0.4609375,8,0.6403721715011991,0.7405762787199125,False,False,down
CORO6,-0.1737125,0.364449356034692,0.3828125,8,0.6403721715011991,0.6680453431372549,False,False,down
ARL2BP,0.11987,0.364485589651222,0.431640625,10,0.6403721715011991,0.7054694021285476,False,False,up
MARCO,0.06404000000000001,0.3645564422029298,0.431640625,10,0.6403721715011991,0.7054694021285476,False,False,up
BRD2,0.12974999999999998,0.36573661083478826,0.3125,8,0.642039413750936,0.6122213070019404,False,False,up
TMEM132A,0.16939999999999994,0.3661859542276139,0.359375,9,0.642039413750936,0.6675,False,False,up
GBP4,0.22617777777777784,0.36686878849642857,0.49609375,9,0.642039413750936,0.7553278090979783,False,False,up
CEACAM21,0.10005,0.3669387669035221,0.3828125,8,0.642039413750936,0.6680453431372549,False,False,up
HJV,0.15699000000000002,0.3670117835546097,0.322265625,10,0.642039413750936,0.6122213070019404,False,False,up
CLNS1A,0.12842222222222222,0.36703373315137017,0.49609375,9,0.642039413750936,0.7553278090979783,False,False,up
PSMD5,-0.14624444444444443,0.3670358105848899,0.359375,9,0.642039413750936,0.6675,False,False,down
MTUS1,0.25735,0.36759315410342125,0.25,8,0.6421189959806177,0.5508252063015754,False,False,up
RABGAP1L,-0.21731000000000003,0.36780044026593395,0.322265625,10,0.6421189959806177,0.6122213070019404,False,False,down
ITPA,0.25199999999999995,0.36780821306901124,0.322265625,10,0.6421189959806177,0.6122213070019404,False,False,up
LAG3,0.07881999999999999,0.36802896393613227,0.322265625,10,0.6421189959806177,0.6122213070019404,False,False,up
ART3,0.03653999999999999,0.36817446007196464,0.625,10,0.6421189959806177,0.8447422917625402,False,False,up
GGCT,0.23703,0.368478476794465,0.625,10,0.6422678257242396,0.8447422917625402,False,False,up
SERPINA5,0.08885999999999995,0.37052591755217246,0.921875,10,0.6449249154259445,0.9885165662650602,False,False,up
PDE1C,-0.16498999999999997,0.37057801792224576,0.322265625,10,0.6449249154259445,0.6122213070019404,False,False,down
PTPRM,-0.04433749999999999,0.37066164699999815,0.3828125,8,0.6449249154259445,0.6680453431372549,False,False,down
IL19,0.07943000000000003,0.371087492815501,0.4921875,10,0.6452835798692281,0.7553278090979783,False,False,up
ANKRA2,-0.31866000000000005,0.3714292263204668,0.322265625,10,0.6454257910168235,0.6122213070019404,False,False,down
LACRT,0.12674999999999997,0.371608788767262,0.431640625,10,0.6454257910168235,0.7054694021285476,False,False,up
HSD11B1,0.0811,0.3719256800852611,0.3828125,8,0.6455234279440071,0.6680453431372549,False,False,up
SIT1,-0.13178000000000004,0.372104584102555,0.556640625,10,0.6455234279440071,0.7943894633746356,False,False,down
BNIP2,0.11597000000000002,0.3726655572642743,0.625,10,0.6461149596724756,0.8447422917625402,False,False,up
CNDP1,0.04189000000000007,0.3729648387289719,0.431640625,10,0.6462523488772804,0.7054694021285476,False,False,up
CCL19,0.07640999999999999,0.37333984787823493,0.431640625,10,0.6465207153410236,0.7054694021285476,False,False,up
MDH1,0.11420999999999999,0.3745892307440075,0.275390625,10,0.6480678798976476,0.5707990583098095,False,False,up
EFEMP1,0.05217000000000001,0.3748514400687498,0.556640625,10,0.6480678798976476,0.7943894633746356,False,False,up
DLL1,0.07456000000000002,0.374895242746375,0.322265625,10,0.6480678798976476,0.6122213070019404,False,False,up
IFNW1,0.08368,0.3752901642730979,0.431640625,10,0.6483689485118168,0.7054694021285476,False,False,up
ZP3,0.11655555555555537,0.3758414278441552,0.65234375,9,0.6486949778730134,0.8526629255674232,False,False,up
SMC3,-0.1929,0.3759708289326099,0.4921875,10,0.6486949778730134,0.7553278090979783,False,False,down
GFRA1,-0.04416000000000002,0.3761414869995716,0.375,10,0.6486949778730134,0.6675,False,False,down
SMAD2,0.09349999999999999,0.3772970561599761,0.375,10,0.6499919504964271,0.6675,False,False,up
CSNK2A1,-0.21294,0.3773361510372517,0.322265625,10,0.6499919504964271,0.6122213070019404,False,False,down
DPY30,0.15903,0.37766492001854146,0.431640625,10,0.6501769461280518,0.7054694021285476,False,False,up
CYTL1,0.12422000000000002,0.37826853700413887,0.76953125,10,0.6508281357342536,0.9120715420702179,False,False,up
WDR46,0.1841,0.37853589943413257,0.556640625,10,0.6508281357342536,0.7943894633746356,False,False,up
PTRHD1,0.3888125,0.3787079618555803,0.3125,8,0.6508281357342536,0.6122213070019404,False,False,up
FKBPL,0.14821000000000004,0.379135646288675,0.193359375,10,0.6511821012572155,0.48002745815899583,False,False,up
SBSN,-0.11956,0.3799244050601325,0.083984375,10,0.6521554515848095,0.3162334735576923,False,False,down
CD300E,0.05077,0.3809386220962605,0.4921875,10,0.6526343402851347,0.7553278090979783,False,False,up
PGR,0.10446249999999999,0.38122542703537676,0.546875,8,0.6526343402851347,0.7943894633746356,False,False,up
PIK3AP1,-0.38285,0.3812435147593234,0.3828125,8,0.6526343402851347,0.6680453431372549,False,False,down
LYPD3,0.055909999999999994,0.3812565750165221,0.322265625,10,0.6526343402851347,0.6122213070019404,False,False,up
SIGLEC6,0.03935000000000001,0.3813380144903994,0.556640625,10,0.6526343402851347,0.7943894633746356,False,False,up
SMAD3,0.33032999999999996,0.38153665722491525,0.4921875,10,0.6526343402851347,0.7553278090979783,False,False,up
LCAT,0.17618999999999999,0.38179257229841757,0.845703125,10,0.6526919585800072,0.9419150846131968,False,False,up
ROBO2,0.06502000000000001,0.3833780547423632,0.4921875,10,0.6548940147138987,0.7553278090979783,False,False,up
YWHAQ,0.248075,0.38359022421666344,0.4609375,8,0.6548940147138987,0.7405762787199125,False,False,up
PNMA2,0.1606125,0.3837496082133537,0.3828125,8,0.6548940147138987,0.6680453431372549,False,False,up
PNLIPRP1,0.11334999999999995,0.3843433024670687,0.431640625,10,0.6553526966518384,0.7054694021285476,False,False,up
CAT,-0.27547,0.3845103398134093,0.6953125,10,0.6553526966518384,0.8749497911311054,False,False,down
CKAP4,0.02919000000000001,0.3847654724645294,0.375,10,0.6553526966518384,0.6675,False,False,up
FKBP4,-0.23433333333333334,0.385170378536274,0.65234375,9,0.6553526966518384,0.8526629255674232,False,False,down
PAK4,-0.1104,0.38533877040156517,0.30078125,9,0.6553526966518384,0.6122213070019404,False,False,down
KLK6,-0.13630000000000003,0.38535720364920834,0.556640625,10,0.6553526966518384,0.7943894633746356,False,False,down
CSF3,0.18452,0.3858020694145212,0.4921875,10,0.655729558952806,0.7553278090979783,False,False,up
LYPD1,-0.10965555555555556,0.38680824441233175,0.30078125,9,0.6570594643371998,0.6122213070019404,False,False,down
NARS1,0.18474999999999997,0.3889986880606652,0.431640625,10,0.6603983507711987,0.7054694021285476,False,False,up
IL10,-0.19597000000000003,0.38925647167642874,0.556640625,10,0.6604542214405956,0.7943894633746356,False,False,down
CLEC14A,-0.043360000000000024,0.390058672812561,0.375,10,0.6614332113455494,0.6675,False,False,down
CDCP1,0.061777777777777786,0.3909170290817797,0.42578125,9,0.6619847525788083,0.7054694021285476,False,False,up
CA11,0.09523,0.3909729494797688,0.375,10,0.6619847525788083,0.6675,False,False,up
PM20D1,0.15661999999999993,0.3910601109037223,0.6953125,10,0.6619847525788083,0.8749497911311054,False,False,up
PPT1,0.20153333333333331,0.3919611245183179,0.5703125,9,0.6631277780589284,0.8045186419308358,False,False,up
GORASP2,0.11918,0.39258692332039136,0.556640625,10,0.6638041415037359,0.7943894633746356,False,False,up
STAB2,0.12854000000000002,0.3930167600694099,0.625,10,0.6641485755603319,0.8447422917625402,False,False,up
ZBP1,0.12328749999999997,0.39498246485913246,0.3125,8,0.6670865435832503,0.6122213070019404,False,False,up
PARD3,0.24829999999999994,0.3954474545743871,0.3828125,8,0.6674880310833189,0.6680453431372549,False,False,up
VSTM2L,0.10882,0.39636096919254427,0.556640625,10,0.668122347858081,0.7943894633746356,False,False,up
CD58,0.04442,0.396446241093928,0.431640625,10,0.668122347858081,0.7054694021285476,False,False,up
CELA2A,0.09357999999999998,0.39650570388717576,0.845703125,10,0.668122347858081,0.9419150846131968,False,False,up
REG1A,0.04828999999999999,0.39681998179875033,0.431640625,10,0.6682040400617015,0.7054694021285476,False,False,up
PPP1R14D,0.11276000000000001,0.39700921004687406,0.431640625,10,0.6682040400617015,0.7054694021285476,False,False,up
AMY2B,0.05451999999999999,0.39741738098321977,0.4921875,10,0.6685079312415328,0.7553278090979783,False,False,up
SEL1L,-0.07313333333333333,0.39784978422068784,0.30078125,9,0.6688522130830912,0.6122213070019404,False,False,down
CD200,-0.0962625,0.39814112809207225,0.3828125,8,0.6689590922233501,0.6680453431372549,False,False,down
SOWAHA,0.10417777777777777,0.39837364018787647,0.42578125,9,0.6689670561645472,0.7054694021285476,False,False,up
CDC123,0.23914999999999997,0.3986231046216814,0.556640625,10,0.6690034618707875,0.7943894633746356,False,False,up
DCN,-0.04407000000000001,0.39909134335015295,0.375,10,0.6691686310279273,0.6675,False,False,down
CD109,0.03688,0.39917720175721105,0.431640625,10,0.6691686310279273,0.7054694021285476,False,False,up
CXCL9,0.09647999999999997,0.39964544190250284,0.130859375,10,0.6695063989868706,0.389396134118541,False,False,up
SHD,0.21176,0.39983460123356174,0.625,10,0.6695063989868706,0.8447422917625402,False,False,up
IL12RB2,-0.22833749999999994,0.40012419822468165,0.3828125,8,0.6695685928631416,0.6680453431372549,False,False,down
YJU2,0.20664,0.4003276980141902,0.76953125,10,0.6695685928631416,0.9120715420702179,False,False,up
CNTNAP2,-0.19681249999999997,0.40079585569315507,0.4609375,8,0.6695793067297103,0.7405762787199125,False,False,down
TREH,0.09726000000000001,0.4008588267223774,0.76953125,10,0.6695793067297103,0.9120715420702179,False,False,up
MYCBP2,0.17791,0.40101804580781764,0.556640625,10,0.6695793067297103,0.7943894633746356,False,False,up
TPBGL,-0.23218888888888886,0.40158623185952236,0.359375,9,0.6700801685184788,0.6675,False,False,down
PTTG1,0.25837499999999997,0.4017743196326324,0.4609375,8,0.6700801685184788,0.7405762787199125,False,False,up
PTH,0.33442222222222223,0.4020722783102385,0.42578125,9,0.6701965274671796,0.7054694021285476,False,False,up
AIF1,0.24598,0.40280602158579226,0.4921875,10,0.6708331951636969,0.7553278090979783,False,False,up
CLEC4G,0.0760125,0.4029110508235482,0.4609375,8,0.6708331951636969,0.7405762787199125,False,False,up
IL32,-0.07247500000000004,0.40344073221989063,0.546875,8,0.6710414581054172,0.7943894633746356,False,False,down
IL25,-0.15558999999999995,0.4034930932972989,0.375,10,0.6710414581054172,0.6675,False,False,down
CD7,0.1464,0.4041999085353731,0.3828125,8,0.6715183817183048,0.6680453431372549,False,False,up
ANXA1,-0.10782500000000006,0.4042983772004775,0.84375,8,0.6715183817183048,0.9419150846131968,False,False,down
IL18R1,0.030430000000000002,0.40446578728623805,0.6953125,10,0.6715183817183048,0.8749497911311054,False,False,up
EGFR,0.03197,0.4047086290617953,0.431640625,10,0.6715419455110128,0.7054694021285476,False,False,up
INSL4,-0.12488999999999999,0.40542005834389605,0.625,10,0.6723425812286972,0.8447422917625402,False,False,down
AGRP,0.16644000000000003,0.40582167797904345,0.4921875,10,0.6724044128455348,0.7553278090979783,False,False,up
ACADM,0.26714999999999994,0.4060123745944187,0.7421875,8,0.6724044128455348,0.9120715420702179,False,False,up
CEACAM3,-0.22922999999999996,0.40614417037384365,0.431640625,10,0.6724044128455348,0.7054694021285476,False,False,down
C1S,0.12818,0.40641594413273197,0.625,10,0.6724752833339909,0.8447422917625402,False,False,up
PTPRK,0.08254999999999997,0.4079348728217679,0.4921875,10,0.6741326066086994,0.7553278090979783,False,False,up
RNASE1,0.07866,0.4080191064944978,1.0,10,0.6741326066086994,1.0,False,False,up
FBP1,0.33165999999999995,0.4081061540858929,0.193359375,10,0.6741326066086994,0.48002745815899583,False,False,up
MBL2,0.11278999999999999,0.4084502967761011,0.431640625,10,0.6743218221649292,0.7054694021285476,False,False,up
SSH3,-0.07288,0.40891704561050846,0.431640625,10,0.6746831186870839,0.7054694021285476,False,False,down
NUDT15,0.19193999999999994,0.4091388472719393,0.625,10,0.6746831186870839,0.8447422917625402,False,False,up
PRSS53,0.06552,0.4095784721179442,0.556640625,10,0.6746831186870839,0.7943894633746356,False,False,up
SH3BGRL2,-0.29836250000000003,0.4095880151920567,0.3125,8,0.6746831186870839,0.6122213070019404,False,False,down
CD300C,0.06217000000000002,0.4103791084052082,0.375,10,0.6753193711593002,0.6675,False,False,up
GET3,0.14425999999999997,0.41043414283941126,0.4921875,10,0.6753193711593002,0.7553278090979783,False,False,up
LAMP3,0.042510000000000006,0.4112012936536358,0.431640625,10,0.6761661217310899,0.7054694021285476,False,False,up
IMPACT,0.27391999999999994,0.41148406914068114,0.322265625,10,0.6761661217310899,0.6122213070019404,False,False,up
UGDH,0.14653,0.4116394367229107,0.556640625,10,0.6761661217310899,0.7943894633746356,False,False,up
HSP90B1,0.1490111111111111,0.412616571208252,0.49609375,9,0.6771229795847546,0.7553278090979783,False,False,up
CPB1,-0.09127,0.4128954367032295,0.375,10,0.6771229795847546,0.6675,False,False,down
AP2B1,0.1466222222222222,0.41297275157922475,0.5703125,9,0.6771229795847546,0.8045186419308358,False,False,up
DUSP13,0.10426000000000002,0.41314415369965285,0.322265625,10,0.6771229795847546,0.6122213070019404,False,False,up
AMBN,-0.09900000000000002,0.41365689665017735,0.4921875,10,0.6775679682895588,0.7553278090979783,False,False,down
EIF2S2,0.24601111111111112,0.414079319431524,0.42578125,9,0.6775679682895588,0.7054694021285476,False,False,up
SKAP1,0.16793333333333335,0.41410776407210015,0.49609375,9,0.6775679682895588,0.7553278090979783,False,False,up
AMDHD2,-0.10099,0.41435534948675734,0.625,10,0.6775955798678209,0.8447422917625402,False,False,down
LILRA2,0.03629999999999999,0.41534455752172195,0.375,10,0.6788352617925973,0.6675,False,False,up
CGN,0.2018777777777777,0.4166883228459958,0.42578125,9,0.680652727585478,0.7054694021285476,False,False,up
SLAMF1,-0.6211899999999999,0.4171069637159732,0.556640625,10,0.680674139492075,0.7943894633746356,False,False,down
MYBPC2,-0.09647777777777772,0.41716494759473444,0.30078125,9,0.680674139492075,0.6122213070019404,False,False,down
TMED4,0.3051299999999999,0.4184479804728518,0.625,10,0.6820942661793021,0.8447422917625402,False,False,up
TIMP2,0.07343999999999999,0.41849978469700455,0.431640625,10,0.6820942661793021,0.7054694021285476,False,False,up
GID8,0.1337,0.41881287204614315,0.431640625,10,0.6822259596225859,0.7054694021285476,False,False,up
IFNG,-0.38404999999999995,0.41930583669750066,0.6953125,10,0.6824774199504885,0.8749497911311054,False,False,down
MRPL28,0.15586000000000005,0.41943198604379694,0.4921875,10,0.6824774199504885,0.7553278090979783,False,False,up
MME,-0.07880000000000001,0.4198138079470979,0.556640625,10,0.6827204617611442,0.7943894633746356,False,False,down
MAPRE3,0.14509,0.4208128392848849,0.275390625,10,0.6835406796314872,0.5707990583098095,False,False,up
RYR1,-0.1782,0.4208366807158104,0.083984375,10,0.6835406796314872,0.3162334735576923,False,False,down
STXBP3,-0.05201,0.4210163736647464,0.232421875,10,0.6835406796314872,0.531637886974299,False,False,down
NAPRT,-0.11662000000000002,0.4215489200408965,0.625,10,0.6837102868460114,0.8447422917625402,False,False,down
CHP1,-0.30142499999999994,0.42158642474570196,0.4609375,8,0.6837102868460114,0.7405762787199125,False,False,down
RPS10,-0.14992,0.4220521304649556,0.556640625,10,0.684087807492039,0.7943894633746356,False,False,down
RANBP2,-0.18021250000000005,0.4226217610784103,0.3125,8,0.6844290151822848,0.6122213070019404,False,False,down
PRKRA,-0.13995000000000002,0.42297304610819153,0.375,10,0.6844290151822848,0.6675,False,False,down
TRIM26,-0.38574,0.42309626184545523,0.375,10,0.6844290151822848,0.6675,False,False,down
APOD,0.10737000000000001,0.42346857087342127,1.0,10,0.6844290151822848,1.0,False,False,up
DNPEP,0.08328000000000005,0.4234836678235333,0.275390625,10,0.6844290151822848,0.5707990583098095,False,False,up
SUSD5,0.0369375,0.42386614809186507,0.546875,8,0.6844290151822848,0.7943894633746356,False,False,up
WWP2,0.16200000000000003,0.423893898064888,0.734375,9,0.6844290151822848,0.9120715420702179,False,False,up
IFNGR1,-0.03051000000000001,0.424902137827725,0.556640625,10,0.6850792186442112,0.7943894633746356,False,False,down
JAM2,0.04783,0.4251006939102313,0.4921875,10,0.6850792186442112,0.7553278090979783,False,False,up
CD82,-0.18835,0.4251220523251412,0.640625,8,0.6850792186442112,0.8479115029292474,False,False,down
GJA8,0.20217999999999994,0.42563055393218385,0.431640625,10,0.6850792186442112,0.7054694021285476,False,False,up
CNTN4,0.05614000000000001,0.42574577053356677,0.556640625,10,0.6850792186442112,0.7943894633746356,False,False,up
DEFB103A_DEFB103B,-0.28653749999999995,0.42586299849350784,0.640625,8,0.6850792186442112,0.8479115029292474,False,False,down
CASP8,0.19983,0.4259858324095699,0.4921875,10,0.6850792186442112,0.7553278090979783,False,False,up
SERPINB5,0.21635,0.426236639980081,0.275390625,10,0.6850792186442112,0.5707990583098095,False,False,up
KLRD1,0.029830000000000002,0.42649799195564686,0.232421875,10,0.6850792186442112,0.531637886974299,False,False,up
IGLON5,-0.23789000000000002,0.42663335343650366,0.6953125,10,0.6850792186442112,0.8749497911311054,False,False,down
BCL7A,0.32977,0.42705190643868807,0.4921875,10,0.6850792186442112,0.7553278090979783,False,False,up
TEF,0.17131000000000005,0.4271912483046587,0.556640625,10,0.6850792186442112,0.7943894633746356,False,False,up
TXNDC15,0.046560000000000004,0.4273289508192696,0.4921875,10,0.6850792186442112,0.7553278090979783,False,False,up
CNGB3,-0.18003750000000002,0.42788124231607727,0.546875,8,0.6855629491735385,0.7943894633746356,False,False,down
NFX1,0.2767,0.4282640426920864,0.375,10,0.6855629491735385,0.6675,False,False,up
KIR2DL2,0.14988999999999997,0.42869049376590995,0.4921875,10,0.6855629491735385,0.7553278090979783,False,False,up
MYO6,0.13487,0.42901871874274444,0.556640625,10,0.6855629491735385,0.7943894633746356,False,False,up
FXYD5,0.16372,0.42929569133424206,0.4921875,10,0.6855629491735385,0.7553278090979783,False,False,up
MVK,0.13723000000000002,0.4293962511861652,0.556640625,10,0.6855629491735385,0.7943894633746356,False,False,up
CLEC11A,0.03963000000000001,0.42954773138237745,0.375,10,0.6855629491735385,0.6675,False,False,up
NIT1,0.26207777777777785,0.42957005373175206,0.42578125,9,0.6855629491735385,0.7054694021285476,False,False,up
PARK7,0.21067,0.4303787938671262,0.275390625,10,0.6855629491735385,0.5707990583098095,False,False,up
PAGR1,-0.13933333333333334,0.43045848813932586,0.734375,9,0.6855629491735385,0.9120715420702179,False,False,down
CPVL,0.09785,0.43123836835712603,0.556640625,10,0.6855629491735385,0.7943894633746356,False,False,up
NMT1,0.08874999999999998,0.4315401645035417,0.4921875,10,0.6855629491735385,0.7553278090979783,False,False,up
C5,0.059840000000000004,0.43167535008007796,0.431640625,10,0.6855629491735385,0.7054694021285476,False,False,up
MSLN,-0.05125000000000002,0.43207305125202455,0.375,10,0.6855629491735385,0.6675,False,False,down
SOX9,-0.3884111111111111,0.4322676704785626,0.734375,9,0.6855629491735385,0.9120715420702179,False,False,down
HMMR,0.16609999999999997,0.432370529069093,0.4921875,10,0.6855629491735385,0.7553278090979783,False,False,up
RUVBL1,0.1329,0.4324779599874936,0.4921875,10,0.6855629491735385,0.7553278090979783,False,False,up
CXCL8__Cardiometabolic,0.09127999999999999,0.4326213776175758,0.375,10,0.6855629491735385,0.6675,False,False,up
CD6,-0.04664999999999999,0.4330019090653263,0.6953125,10,0.6855629491735385,0.8749497911311054,False,False,down
LGALS3,0.047349999999999996,0.4332053697284376,0.322265625,10,0.6855629491735385,0.6122213070019404,False,False,up
ITIH4,0.08141999999999999,0.4333075396032823,0.76953125,10,0.6855629491735385,0.9120715420702179,False,False,up
ITGB1,0.05502,0.43339257136472187,0.322265625,10,0.6855629491735385,0.6122213070019404,False,False,up
DDX39A,-0.13086250000000002,0.43346839298164186,0.1953125,8,0.6855629491735385,0.48002745815899583,False,False,down
IL20RB,0.15076249999999997,0.4334912005022419,0.3828125,8,0.6855629491735385,0.6680453431372549,False,False,up
CEP164,0.23026999999999997,0.4338116071359158,0.625,10,0.6855629491735385,0.8447422917625402,False,False,up
SERPINA7,0.08022,0.4338486060170226,0.4921875,10,0.6855629491735385,0.7553278090979783,False,False,up
PGD,0.21846000000000002,0.4339331026604045,0.431640625,10,0.6855629491735385,0.7054694021285476,False,False,up
GPR101,0.19968750000000005,0.4341910440820015,0.4609375,8,0.6856016647681927,0.7405762787199125,False,False,up
LGALS4,-0.040950000000000014,0.4346378623555922,0.4921875,10,0.685938421138299,0.7553278090979783,False,False,down
EIF1AX,-0.12305000000000006,0.43578626460197,0.625,10,0.6870795728343417,0.8447422917625402,False,False,down
LCN15,0.06680000000000001,0.4358288199490564,0.232421875,10,0.6870795728343417,0.531637886974299,False,False,up
COMMD9,-0.16161,0.43641850064213394,0.556640625,10,0.6875687546380216,0.7943894633746356,False,False,down
GPA33,-0.10360999999999998,0.4366073297241778,0.6953125,10,0.6875687546380216,0.8749497911311054,False,False,down
LEFTY2,0.07544000000000002,0.43719208289462796,0.556640625,10,0.6881206578036025,0.7943894633746356,False,False,up
SIRT5,0.20085555555555556,0.4380918150405513,0.5703125,9,0.6891674669384569,0.8045186419308358,False,False,up
ZNF830,0.06765000000000002,0.44073176705022343,0.431640625,10,0.6929492504424551,0.7054694021285476,False,False,up
BPIFB1,0.037129999999999996,0.44204519408315435,0.556640625,10,0.6944706365414024,0.7943894633746356,False,False,up
TNFRSF9,0.04748888888888888,0.44225452181773317,0.42578125,9,0.6944706365414024,0.7054694021285476,False,False,up
NXPH1,-0.2698888888888889,0.4424087711845297,0.42578125,9,0.6944706365414024,0.7054694021285476,False,False,down
CRH,0.15303,0.444132457828574,0.275390625,10,0.6968039682919455,0.5707990583098095,False,False,up
ACTA2,-0.0663,0.44449829494918724,0.375,10,0.6970056018503806,0.6675,False,False,down
FGF21,0.14428000000000013,0.44483418439269184,0.625,10,0.6971600851447898,0.8447422917625402,False,False,up
ECM1,0.08213,0.4462898103756874,0.76953125,10,0.6983236014631784,0.9120715420702179,False,False,up
TXK,-0.10562499999999996,0.4463874261294196,0.7421875,8,0.6983236014631784,0.9120715420702179,False,False,down
BAP18,0.10419,0.4464008489960344,0.556640625,10,0.6983236014631784,0.7943894633746356,False,False,up
CCDC28A,-0.25274444444444444,0.4467167814677315,0.42578125,9,0.6983236014631784,0.7054694021285476,False,False,down
ELAVL4,0.22852500000000003,0.4468292873246197,0.3125,8,0.6983236014631784,0.6122213070019404,False,False,up
MKI67,0.23266250000000002,0.44700319058589555,0.4609375,8,0.6983236014631784,0.7405762787199125,False,False,up
ARID3A,0.15915,0.4478831461735354,0.4609375,8,0.6989717905885884,0.7405762787199125,False,False,up
NUDT2,0.11073,0.448070689329256,0.556640625,10,0.6989717905885884,0.7943894633746356,False,False,up
GPIHBP1,0.17883999999999997,0.4482215738637072,0.6953125,10,0.6989717905885884,0.8749497911311054,False,False,up
GSN,0.10028000000000001,0.4484237553412813,0.76953125,10,0.6989717905885884,0.9120715420702179,False,False,up
VASH1,-0.07048750000000001,0.4486080440107215,0.7421875,8,0.6989717905885884,0.9120715420702179,False,False,down
RBFOX3,-0.08621999999999999,0.4489673697481543,0.322265625,10,0.6991607449365478,0.6122213070019404,False,False,down
SEC31A,0.15004444444444445,0.44973007906962403,0.42578125,9,0.6999773408730714,0.7054694021285476,False,False,up
CES3,0.12686999999999996,0.45036225675336417,0.4921875,10,0.700590014875334,0.7553278090979783,False,False,up
DSG4,0.06359000000000001,0.4510507895689062,0.556640625,10,0.7009539454252052,0.7943894633746356,False,False,up
DDT,0.09415999999999998,0.45107352974247117,0.431640625,10,0.7009539454252052,0.7054694021285476,False,False,up
IL2RB,-0.20712000000000003,0.45160328632435554,0.322265625,10,0.7014060560204295,0.6122213070019404,False,False,down
SCP2,0.10027999999999997,0.4519026763369218,0.556640625,10,0.7014352086902557,0.7943894633746356,False,False,up
TLR2,0.15735000000000005,0.4520997106062833,0.546875,8,0.7014352086902557,0.7943894633746356,False,False,up
IFNGR2,-0.045077777777777786,0.4527888897840514,0.65234375,9,0.7021335635141283,0.8526629255674232,False,False,down
SPINK1,0.03970999999999999,0.4530493555082671,0.431640625,10,0.7021667319935516,0.7054694021285476,False,False,up
TLR3,0.021689999999999994,0.4534613292417613,0.625,10,0.7021849809665377,0.8447422917625402,False,False,up
SH3GLB2,-0.3064699999999999,0.45353929482244537,1.0,10,0.7021849809665377,1.0,False,False,down
SLITRK6,-0.07266999999999998,0.45548870350459714,0.625,10,0.7045126221513832,0.8447422917625402,False,False,down
POF1B,-0.16896249999999996,0.45673657971850923,0.546875,8,0.7045126221513832,0.7943894633746356,False,False,down
CEACAM20,-0.24818749999999998,0.4568097884176694,0.640625,8,0.7045126221513832,0.8479115029292474,False,False,down
TNFSF8,0.12789999999999999,0.4568193712007852,0.6953125,10,0.7045126221513832,0.8749497911311054,False,False,up
ATP2B4,-0.15819,0.45683278900958213,0.431640625,10,0.7045126221513832,0.7054694021285476,False,False,down
ACP6,0.07051000000000003,0.4568360209333029,0.375,10,0.7045126221513832,0.6675,False,False,up
CXCL8__Oncology,0.11198999999999999,0.45684883634309925,0.431640625,10,0.7045126221513832,0.7054694021285476,False,False,up
CILP,0.11398000000000001,0.45696171099706673,0.6953125,10,0.7045126221513832,0.8749497911311054,False,False,up
EDNRB,0.16171250000000004,0.4574406031212185,0.25,8,0.7048809293635985,0.5508252063015754,False,False,up
IL7,0.1365875,0.4577182022905887,0.640625,8,0.7048859070501862,0.8479115029292474,False,False,up
JCHAIN,-0.25477999999999995,0.45792383747080534,0.431640625,10,0.7048859070501862,0.7054694021285476,False,False,down
HNF1A,0.14373333333333335,0.4582801523016967,0.1640625,9,0.7050648545364502,0.4388447745901639,False,False,up
SERPINA9,0.04667,0.45867431433342953,0.375,10,0.7051313159213416,0.6675,False,False,up
IL15,0.024374999999999997,0.45880352220826826,0.3828125,8,0.7051313159213416,0.6680453431372549,False,False,up
OSTN,0.14830000000000002,0.45908878714583345,0.5703125,9,0.7052007154013142,0.8045186419308358,False,False,up
IL3,-0.2676,0.4593414529264954,0.4921875,10,0.7052199933325233,0.7553278090979783,False,False,down
FLT3,-0.10712999999999999,0.459734587674685,0.431640625,10,0.705454798328396,0.7054694021285476,False,False,down
PRTN3,0.035760000000000014,0.4603911656535733,0.232421875,10,0.706093396096368,0.531637886974299,False,False,up
GBP2,-0.33122,0.4607354096800719,0.4921875,10,0.7062525564876675,0.7553278090979783,False,False,down
TNFRSF1A,0.03075999999999999,0.4610724865574418,0.4921875,10,0.7063139776488687,0.7553278090979783,False,False,up
MTHFD2,0.07282,0.4612564552708649,0.275390625,10,0.7063139776488687,0.5707990583098095,False,False,up
LILRB2,0.021060000000000002,0.46162333973567515,0.431640625,10,0.7065074251191652,0.7054694021285476,False,False,up
GMPR2,0.29882500000000006,0.4622014059210471,0.3828125,8,0.7065074724891375,0.6680453431372549,False,False,up
RLN1,0.14026999999999995,0.46235174572811666,0.556640625,10,0.7065074724891375,0.7943894633746356,False,False,up
TXNDC5,0.17247000000000004,0.4625548770928778,0.275390625,10,0.7065074724891375,0.5707990583098095,False,False,up
PTGDS,-0.06556999999999999,0.4625855871966671,0.4921875,10,0.7065074724891375,0.7553278090979783,False,False,down
NEO1,-0.045320000000000006,0.46345976894247387,0.322265625,10,0.7074747096590674,0.6122213070019404,False,False,down
PRTG,-0.05103,0.4648108212434835,0.556640625,10,0.7089260069095561,0.7943894633746356,False,False,down
MPHOSPH8,0.20423,0.4650636632035643,0.322265625,10,0.7089260069095561,0.6122213070019404,False,False,up
GABARAP,0.35508,0.46513463238498964,1.0,10,0.7089260069095561,1.0,False,False,up
CX3CL1,0.08031111111111114,0.46556704084271394,0.5703125,9,0.7092170119061467,0.8045186419308358,False,False,up
CSTB,-0.08737000000000002,0.46619560800923876,0.845703125,10,0.7092183753362038,0.9419150846131968,False,False,down
LAMP2,0.045149999999999996,0.46628284287922994,0.375,10,0.7092183753362038,0.6675,False,False,up
CDH15,-0.06987000000000002,0.46629236730480406,0.6953125,10,0.7092183753362038,0.8749497911311054,False,False,down
IL17RA,0.034549999999999984,0.4667360480402709,0.431640625,10,0.7095257624711572,0.7054694021285476,False,False,up
SERPINE1,0.175,0.46862754559982966,0.625,10,0.7115471820810728,0.8447422917625402,False,False,up
FABP9,0.051950000000000024,0.46873416993896533,0.640625,8,0.7115471820810728,0.8479115029292474,False,False,up
CINP,0.18823750000000006,0.4687925765498385,0.7421875,8,0.7115471820810728,0.9120715420702179,False,False,up
ALMS1,0.1616625,0.4694138778323099,0.3828125,8,0.7118872589483486,0.6680453431372549,False,False,up
NPHS1,-0.1052125,0.46950140299044985,0.25,8,0.7118872589483486,0.5508252063015754,False,False,down
ATF2,0.1562222222222222,0.47030153456639845,0.359375,9,0.7127325113630094,0.6675,False,False,up
TGOLN2,-0.07744999999999999,0.4707708702570029,0.8589549227374824,10,0.7130758359694779,0.9563118302046951,False,False,down
USP47,0.2572399999999999,0.4717323981680994,0.4921875,10,0.7139052691652815,0.7553278090979783,False,False,up
ESR1,0.0835,0.4718046058732759,0.546875,8,0.7139052691652815,0.7943894633746356,False,False,up
VSIG10L,-0.15404000000000004,0.47319821284036623,0.4921875,10,0.7156452889351985,0.7553278090979783,False,False,down
CPOX,-0.13635000000000003,0.47378839671841977,0.640625,8,0.7161690793422536,0.8479115029292474,False,False,down
ADGRE5,-0.04812,0.47433300738336426,0.375,10,0.7163227159152136,0.6675,False,False,down
PPCDC,0.14091000000000004,0.47437782855127353,0.375,10,0.7163227159152136,0.6675,False,False,up
PCNA,-0.09256,0.4750280953486692,0.4921875,10,0.7169360308525393,0.7553278090979783,False,False,down
IL16,-0.047830000000000004,0.47535941921695846,0.625,10,0.7170675984798187,0.8447422917625402,False,False,down
LYZL2,0.07246999999999999,0.47580982297473107,0.431640625,10,0.7173785678012244,0.7054694021285476,False,False,up
CNTN1,0.04736000000000001,0.47699698713804173,0.625,10,0.71879946189042,0.8447422917625402,False,False,up
LTBR,0.038189999999999995,0.47751675204517763,0.4921875,10,0.7192136926957369,0.7553278090979783,False,False,up
ZHX2,0.051550000000000006,0.4813126667506682,0.431640625,10,0.7245593553289146,0.7054694021285476,False,False,up
KDM3A,0.172175,0.4824555355448845,0.546875,8,0.7259077397004743,0.7943894633746356,False,False,up
TCOF1,0.13731000000000002,0.48288929623968857,1.0,10,0.7261883579395624,1.0,False,False,up
KLK8,-0.05671,0.484012324297196,0.625,10,0.7275047064794599,0.8447422917625402,False,False,down
IFT20,0.08213333333333332,0.4843811095019771,0.5703125,9,0.7276234761211533,0.8045186419308358,False,False,up
PRKAB1,0.17007999999999995,0.48471249242778514,0.6953125,10,0.7276234761211533,0.8749497911311054,False,False,up
USP28,0.07851,0.4849098853125724,0.921875,10,0.7276234761211533,0.9885165662650602,False,False,up
MILR1,0.07665,0.48521653494004247,0.76953125,10,0.7276234761211533,0.9120715420702179,False,False,up
WNT9A,-0.08802999999999998,0.4853300611921483,0.556640625,10,0.7276234761211533,0.7943894633746356,False,False,down
CDSN,0.04464000000000001,0.4855879232012892,0.556640625,10,0.7276386379807073,0.7943894633746356,False,False,up
TPSD1,0.12658000000000003,0.48643807124179994,0.322265625,10,0.7285408542769845,0.6122213070019404,False,False,up
RTKN2,-0.17356000000000002,0.48755567043612846,0.6953125,10,0.7296979507350998,0.8749497911311054,False,False,down
TFRC,-0.04357999999999999,0.4877075510020432,0.556640625,10,0.7296979507350998,0.7943894633746356,False,False,down
LPP,-0.18676,0.4887445868495911,0.625,10,0.7308772156706971,0.8447422917625402,False,False,down
VIM,-0.4707699999999999,0.48911363818685083,0.4921875,10,0.731056872954087,0.7553278090979783,False,False,down
SPINK4,0.0834375,0.48971164319063876,0.546875,8,0.7315783804938485,0.7943894633746356,False,False,up
CDA,0.11637999999999997,0.49063636091120255,0.76953125,10,0.7322183481954205,0.9120715420702179,False,False,up
CCNE1,0.08015000000000001,0.4907990996304008,0.640625,8,0.7322183481954205,0.8479115029292474,False,False,up
TIGAR,0.11374444444444443,0.4909292196804078,0.359375,9,0.7322183481954205,0.6675,False,False,up
DYNC1H1,0.10794,0.49113726453693507,0.193359375,10,0.7322183481954205,0.48002745815899583,False,False,up
CBLN1,-0.20597500000000002,0.4914476083842084,0.546875,8,0.7323092977292847,0.7943894633746356,False,False,down
ERI1,0.14893749999999994,0.4920994756166498,1.0,8,0.7329088031876777,1.0,False,False,up
APOH,0.04878,0.4928372000010174,0.625,10,0.7332929481127832,0.8447422917625402,False,False,up
ERVV-1,0.18332,0.49285675164270826,0.4921875,10,0.7332929481127832,0.7553278090979783,False,False,up
YOD1,-0.34140999999999994,0.49378806243862283,0.76953125,10,0.7343066022188532,0.9120715420702179,False,False,down
NLGN2,0.14001249999999998,0.4946705536549584,0.84375,8,0.735003113891487,0.9419150846131968,False,False,up
CEP43,-0.13986000000000004,0.49475694796168534,0.322265625,10,0.735003113891487,0.6122213070019404,False,False,down
EIF4EBP1,-0.23412999999999995,0.4952135928638557,0.625,10,0.7352799989843356,0.8447422917625402,False,False,down
SMPD3,-0.08537500000000002,0.495444030640109,0.640625,8,0.7352799989843356,0.8479115029292474,False,False,down
SLC39A14,0.14024444444444442,0.4964926203316474,0.30078125,9,0.7361367205774427,0.6122213070019404,False,False,up
GGA1,0.17886666666666667,0.4965225888539033,0.5703125,9,0.7361367205774427,0.8045186419308358,False,False,up
GATA3,-0.16692,0.4970089288355951,0.431640625,10,0.7364859858678824,0.7054694021285476,False,False,down
IL18RAP,-0.054477777777777674,0.49765611764713324,0.49609375,9,0.7368757815229617,0.7553278090979783,False,False,down
MAPT,0.20752222222222227,0.49777376593175215,0.42578125,9,0.7368757815229617,0.7054694021285476,False,False,up
IL10RA,-0.10761000000000003,0.4987838160489457,0.4921875,10,0.73743474501032,0.7553278090979783,False,False,down
CTRC,0.04062999999999999,0.4989216991425477,0.322265625,10,0.73743474501032,0.6122213070019404,False,False,up
HCG22,0.12135,0.4990089542956446,0.431640625,10,0.73743474501032,0.7054694021285476,False,False,up
ICOSLG,0.042449999999999995,0.4992679463699943,0.556640625,10,0.73743474501032,0.7943894633746356,False,False,up
ERN1,0.09223999999999996,0.4994067782858449,0.375,10,0.73743474501032,0.6675,False,False,up
CLMP,0.03211000000000002,0.50001759270267,0.76953125,10,0.7376345425153985,0.9120715420702179,False,False,up
ACP5,0.0378,0.5000443902445211,0.375,10,0.7376345425153985,0.6675,False,False,up
COL9A2,-0.23298750000000001,0.5008315143711728,0.640625,8,0.738424777965931,0.8479115029292474,False,False,down
GRIN2B,0.10843749999999999,0.5018321016302029,0.640625,8,0.7393865664355612,0.8479115029292474,False,False,up
VSIG10,-0.08684,0.5020536396641517,0.556640625,10,0.7393865664355612,0.7943894633746356,False,False,down
TK1,0.15137499999999998,0.502239087517516,0.640625,8,0.7393865664355612,0.8479115029292474,False,False,up
ENTPD6,0.04135000000000001,0.5028691161273526,0.6953125,10,0.739943183399817,0.8749497911311054,False,False,up
GART,0.07746,0.5038112990933243,0.625,10,0.740937153018299,0.8447422917625402,False,False,up
PKN3,0.13491249999999996,0.5042746274834786,0.9453125,8,0.740937153018299,1.0,False,False,up
SEPTIN9,0.05210999999999999,0.5043014534843648,0.6953125,10,0.740937153018299,0.8749497911311054,False,False,up
SLIRP,-0.10188000000000001,0.5048553791755066,0.625,10,0.741106222963682,0.8447422917625402,False,False,down
GLP1R,-0.178325,0.5050017327346235,0.640625,8,0.741106222963682,0.8479115029292474,False,False,down
STAMBP,0.22754444444444444,0.5053857957138141,0.49609375,9,0.741106222963682,0.7553278090979783,False,False,up
TGFBR1,-0.13505,0.5054258646905874,0.4609375,8,0.741106222963682,0.7405762787199125,False,False,down
TNF__Oncology,-0.07813000000000002,0.5099137347148646,0.845703125,10,0.7473112539042263,0.9419150846131968,False,False,down
BAMBI,0.13779000000000002,0.5101821005619707,0.845703125,10,0.7473112539042263,0.9419150846131968,False,False,up
BCAM,0.034510000000000006,0.5104209653836833,0.4921875,10,0.7473112539042263,0.7553278090979783,False,False,up
SAFB2,-0.055279999999999996,0.5110077080278637,0.845703125,10,0.7477975278912982,0.9419150846131968,False,False,down
IGF2BP3,0.11475000000000002,0.511948392492354,0.6953125,10,0.7484020090298755,0.8749497911311054,False,False,up
CD163,0.0507,0.5121055418268327,0.4921875,10,0.7484020090298755,0.7553278090979783,False,False,up
ENPP2,-0.032580000000000005,0.5121852360061456,0.625,10,0.7484020090298755,0.8447422917625402,False,False,down
SPACA5_SPACA5B,-0.13143,0.513442706202109,0.625,10,0.7497730046351823,0.8447422917625402,False,False,down
TCL1A,0.12218888888888887,0.5136538019121495,0.42578125,9,0.7497730046351823,0.7054694021285476,False,False,up
DDC,0.06068,0.5138893627274845,0.556640625,10,0.7497730046351823,0.7943894633746356,False,False,up
MRPS16,-0.10603749999999999,0.5146149063943044,0.546875,8,0.750153185002894,0.7943894633746356,False,False,down
WAS,0.31338,0.5147957369341952,0.431640625,10,0.750153185002894,0.7054694021285476,False,False,up
MAD1L1,-0.1139111111111111,0.5149161801041315,0.49609375,9,0.750153185002894,0.7553278090979783,False,False,down
NGF,0.045122222222222216,0.5158629670354212,0.734375,9,0.7511599078745821,0.9120715420702179,False,False,up
NXPH3,0.07844999999999999,0.5163857447727986,0.4609375,8,0.7515485294339493,0.7405762787199125,False,False,up
LTB,-0.10085000000000002,0.5178185689083816,0.193359375,10,0.7525310551815055,0.48002745815899583,False,False,down
NFIC,0.09022,0.5178228495412717,0.6953125,10,0.7525310551815055,0.8749497911311054,False,False,up
CFHR2,0.08619999999999998,0.5178295071575835,0.625,10,0.7525310551815055,0.8447422917625402,False,False,up
TNXB,0.02863999999999997,0.5186898891306603,0.76953125,10,0.7528015661374275,0.9120715420702179,False,False,up
IGSF21,-0.04766666666666666,0.5187470275039139,0.49609375,9,0.7528015661374275,0.7553278090979783,False,False,down
SUSD2,0.04448000000000002,0.5187845998849688,0.4921875,10,0.7528015661374275,0.7553278090979783,False,False,up
SLC9A3R1,0.18398750000000003,0.5200431697658847,0.4609375,8,0.754079864539954,0.7405762787199125,False,False,up
ATP5F1D,0.08281999999999999,0.5201790281096176,0.556640625,10,0.754079864539954,0.7943894633746356,False,False,up
SERPINA3,0.04131,0.5210429215314709,0.4921875,10,0.7549595759930587,0.7553278090979783,False,False,up
MAP1LC3A,0.13296249999999998,0.5214473130131095,1.0,8,0.7551060872284746,1.0,False,False,up
CA7,-0.1534375,0.521658240036287,0.7421875,8,0.7551060872284746,0.9120715420702179,False,False,down
NEDD9,0.14216249999999991,0.5220983500286063,0.640625,8,0.7553361966904265,0.8479115029292474,False,False,up
PPP1R12B,0.1899375,0.5223315680892939,0.546875,8,0.7553361966904265,0.7943894633746356,False,False,up
PMS1,0.15312222222222222,0.5235389457287367,0.8203125,9,0.7567095883884349,0.9419150846131968,False,False,up
VCPKMT,0.05666,0.5239655195057444,0.4921875,10,0.7569536304910828,0.7553278090979783,False,False,up
KIAA1549L,-0.29495000000000005,0.5244028515359385,0.3828125,8,0.7572129670408315,0.6680453431372549,False,False,down
ITPRIP,-0.16923749999999999,0.5253784035781623,0.640625,8,0.7582488311101045,0.8479115029292474,False,False,down
GPR15L,0.1383,0.5265002587238063,0.6953125,10,0.7594947248879269,0.8749497911311054,False,False,up
GRIK2,-0.12228999999999998,0.5267662168477283,0.625,10,0.7595053406390663,0.8447422917625402,False,False,down
DEFB116,0.13736250000000003,0.527535044034953,0.3828125,8,0.7602406400052292,0.6680453431372549,False,False,up
SLAMF6,0.14027999999999996,0.5286378401084717,0.4921875,10,0.7614562709164205,0.7553278090979783,False,False,up
NPTN,0.12122000000000002,0.5291959104745714,0.625,10,0.7618864652273608,0.8447422917625402,False,False,up
CD276,0.034580000000000014,0.5316630460083654,0.4921875,10,0.7650633836974862,0.7553278090979783,False,False,up
TCL1B,-0.14334000000000002,0.5319929913591837,0.4921875,10,0.7651632789529492,0.7553278090979783,False,False,down
IDO1__Oncology_II,-0.07125000000000001,0.5331836505568757,0.556640625,10,0.7663360716225831,0.7943894633746356,False,False,down
SPINT3,0.11749000000000007,0.5333302452831324,0.556640625,10,0.7663360716225831,0.7943894633746356,False,False,up
SAA4,0.035559999999999994,0.5342267863082975,0.625,10,0.7672489346637993,0.8447422917625402,False,False,up
CSF2RA,0.04837777777777777,0.5355144393022044,0.91015625,9,0.7685098119009898,0.9885165662650602,False,False,up
RASSF2,0.08710000000000011,0.5356280507188717,0.4921875,10,0.7685098119009898,0.7553278090979783,False,False,up
ST6GAL1,0.036200000000000024,0.536158810261741,0.625,10,0.7688957156927408,0.8447422917625402,False,False,up
PAPPA,0.14942000000000003,0.5365430682093535,0.4921875,10,0.7690712500394686,0.7553278090979783,False,False,up
CAMLG,0.15206666666666668,0.5374936012351705,0.734375,9,0.7697790111960572,0.9120715420702179,False,False,up
BST2,0.054690000000000016,0.5375610323333719,0.556640625,10,0.7697790111960572,0.7943894633746356,False,False,up
HNRNPUL1,0.08505,0.5378400691768663,0.431640625,10,0.7698032569066552,0.7054694021285476,False,False,up
TP53BP1,0.060624999999999984,0.5381830952084475,0.546875,8,0.7699190212504678,0.7943894633746356,False,False,up
CLSTN2,-0.028709999999999996,0.5389565396423321,0.4921875,10,0.7706501250874048,0.7553278090979783,False,False,down
DGKZ,0.11087000000000002,0.5396914136632219,0.625,10,0.771325392666123,0.8447422917625402,False,False,up
SPINK8,0.12447000000000005,0.5410315190214994,0.625,10,0.7728645775127159,0.8447422917625402,False,False,up
ABHD14B,0.12346666666666661,0.5418728669093023,0.49609375,9,0.7736901361753139,0.7553278090979783,False,False,up
GMPR,0.22393999999999997,0.5423136889312082,0.431640625,10,0.7739032743511052,0.7054694021285476,False,False,up
HSBP1,0.049955555555555566,0.5425491460295967,0.5703125,9,0.7739032743511052,0.8045186419308358,False,False,up
PPM1B,0.07218749999999999,0.5431876244874965,0.7421875,8,0.7744378898639694,0.9120715420702179,False,False,up
CCL26,0.11773749999999998,0.5438697833138109,0.546875,8,0.7750342326990114,0.7943894633746356,False,False,up
EVPL,0.12242499999999999,0.5445416159572826,0.84375,8,0.7756152890720363,0.9419150846131968,False,False,up
TPM3,0.12006000000000006,0.5448477155742095,1.0,10,0.7756751045280919,1.0,False,False,up
LRRC38,-0.21284444444444445,0.5474963617326181,0.42578125,9,0.7790682240352225,0.7054694021285476,False,False,down
ADD1,-0.24085,0.5488960965590431,0.84375,8,0.7806817605781644,0.9419150846131968,False,False,down
ZNRF4,-0.09879,0.5500997266333236,0.625,10,0.7820080173479351,0.8447422917625402,False,False,down
DIPK1C,0.10805555555555552,0.5503611072040115,0.734375,9,0.7820080173479351,0.9120715420702179,False,False,up
F10,0.06954,0.5506301592796423,0.431640625,10,0.7820119815301303,0.7054694021285476,False,False,up
LRTM1,0.15486666666666668,0.5511333640384286,0.5703125,9,0.782348327781955,0.8045186419308358,False,False,up
UBAC1,-0.13033,0.5520599340770418,0.921875,10,0.7825649111567076,0.9885165662650602,False,False,down
SEMA7A,0.038520000000000006,0.5521914952979907,0.6953125,10,0.7825649111567076,0.8749497911311054,False,False,up
NME1,0.14167499999999997,0.5522183687013837,0.640625,8,0.7825649111567076,0.8479115029292474,False,False,up
COL24A1,0.22736000000000006,0.5523517401524871,0.625,10,0.7825649111567076,0.8447422917625402,False,False,up
DAPK2,-0.2371125,0.5529932432705036,0.640625,8,0.7828779033216964,0.8479115029292474,False,False,down
ENO3,-0.08475555555555556,0.5531438687881345,0.65234375,9,0.7828779033216964,0.8526629255674232,False,False,down
FCAR,-0.06751250000000003,0.5533723279863267,0.7421875,8,0.7828779033216964,0.9120715420702179,False,False,down
STX3,0.06639999999999999,0.5542192963803516,0.625,10,0.7833269845490768,0.8447422917625402,False,False,up
IGSF3,-0.03238999999999999,0.5542231780364255,0.6953125,10,0.7833269845490768,0.8749497911311054,False,False,down
APBB1IP,-0.09590000000000001,0.5545695512469497,0.6953125,10,0.783439524777437,0.8749497911311054,False,False,down
TET2,-0.18882500000000002,0.555088386829388,0.546875,8,0.7837954769797656,0.7943894633746356,False,False,down
ATP1B3,0.07954000000000001,0.5553974199909295,0.625,10,0.7838549843889283,0.8447422917625402,False,False,up
SULT2A1,-0.11257499999999997,0.5567582960908712,0.84375,8,0.7853982303644998,0.9419150846131968,False,False,down
RILP,0.23993000000000003,0.5576378759830416,0.431640625,10,0.7862613738656713,0.7054694021285476,False,False,up
EDA2R,0.04477,0.5581486022665892,0.6953125,10,0.7866038602960521,0.8749497911311054,False,False,up
NEK7,0.04093749999999999,0.5584576262460592,0.4609375,8,0.786661893661715,0.7405762787199125,False,False,up
ASAH2,0.026277777777777764,0.558828242856169,0.65234375,9,0.7866626458756231,0.8526629255674232,False,False,up
BLNK,-0.22000000000000003,0.5593992506887819,0.9453125,8,0.7866626458756231,1.0,False,False,down
PEBP1,0.17068,0.5594803417691034,0.322265625,10,0.7866626458756231,0.6122213070019404,False,False,up
FNDC1,0.06364,0.5595295428104108,0.4921875,10,0.7866626458756231,0.7553278090979783,False,False,up
ZPR1,-0.20499999999999996,0.5598090618055074,0.640625,8,0.7866790500108972,0.8479115029292474,False,False,down
GPR158,0.06822000000000002,0.5603870784121843,0.845703125,10,0.7867608363985688,0.9419150846131968,False,False,up
ADM,0.041749999999999975,0.5604030200019768,0.625,10,0.7867608363985688,0.8447422917625402,False,False,up
CA8,-0.0674875,0.5608256174561201,0.546875,8,0.7867919820961011,0.7943894633746356,False,False,down
ARFIP1,0.12560000000000002,0.5610780653904052,0.556640625,10,0.7867919820961011,0.7943894633746356,False,False,up
LAMB1,0.04647777777777778,0.5612288738479169,0.42578125,9,0.7867919820961011,0.7054694021285476,False,False,up
ARMCX2,0.19488750000000005,0.5619261785364456,0.640625,8,0.7871480380071779,0.8479115029292474,False,False,up
NFKBIE,0.08417000000000001,0.5620188749407736,0.556640625,10,0.7871480380071779,0.7943894633746356,False,False,up
SLC51B,-0.02527999999999999,0.5634682225860305,0.6953125,10,0.7881048417544543,0.8749497911311054,False,False,down
CFC1,-0.13872,0.5636481864773233,0.625,10,0.7881048417544543,0.8447422917625402,False,False,down
BTC,-0.15898999999999994,0.5637716515309167,0.556640625,10,0.7881048417544543,0.7943894633746356,False,False,down
CASP7,0.13505999999999999,0.5637753736895159,0.625,10,0.7881048417544543,0.8447422917625402,False,False,up
F2,0.04364,0.5660066072451744,0.275390625,10,0.7905377491150624,0.5707990583098095,False,False,up
NSFL1C,0.20348000000000002,0.5660540981916841,0.375,10,0.7905377491150624,0.6675,False,False,up
SEZ6L2,0.03231,0.5669819709839561,0.6953125,10,0.7914572475189539,0.8749497911311054,False,False,up
WASL,0.13725000000000004,0.5673881814716062,0.546875,8,0.7916480232694096,0.7943894633746356,False,False,up
CHRM1,-0.22618888888888888,0.5679529546195163,0.734375,9,0.7920597472542827,0.9120715420702179,False,False,down
PGLYRP4,-0.07021,0.5686042703539287,0.76953125,10,0.7925881449068578,0.9120715420702179,False,False,down
MYOM3,0.031624999999999986,0.569191218758236,1.0,8,0.7925881449068578,1.0,False,False,up
PADI2,0.17523000000000002,0.569211211008045,0.76953125,10,0.7925881449068578,0.9120715420702179,False,False,up
PSG1,-0.05183333333333332,0.5695138593678846,0.49609375,9,0.7925881449068578,0.7553278090979783,False,False,down
ATP6V1G2,0.1743,0.5696811623760221,0.921875,10,0.7925881449068578,0.9885165662650602,False,False,up
GABRA4,-0.22678749999999998,0.5712870527496576,0.9453125,8,0.7942058696083524,1.0,False,False,down
DOCK9,0.129125,0.5713847471850353,0.640625,8,0.7942058696083524,0.8479115029292474,False,False,up
TMPRSS5,0.03006666666666667,0.5720004033402022,0.5703125,9,0.7946855177909999,0.8045186419308358,False,False,up
CDC26,0.12325999999999997,0.5728449448115088,0.625,10,0.7954825545680385,0.8447422917625402,False,False,up
FMNL1,0.1569222222222222,0.5747399111191345,1.0,9,0.797736823703638,1.0,False,False,up
NECAP2,-0.06682000000000003,0.5761108594049296,0.76953125,10,0.7992619716921484,0.9120715420702179,False,False,down
MMP1,0.09707999999999999,0.576535577760807,0.625,10,0.7994735561300709,0.8447422917625402,False,False,up
IL1A,-0.44632999999999995,0.5772590296799176,0.625,10,0.8000989948890599,0.8447422917625402,False,False,down
MSTN,0.04362000000000002,0.5780365997636319,0.625,10,0.8007988176914089,0.8447422917625402,False,False,up
KLK11,0.047830000000000004,0.5783355301626714,0.6953125,10,0.8008351966467542,0.8749497911311054,False,False,up
CD34,-0.04436000000000001,0.5788536835762645,0.845703125,10,0.8011749616698817,0.9419150846131968,False,False,down
DSCAM,0.07269999999999999,0.5795359849899955,0.375,10,0.8016121951853971,0.6675,False,False,up
GALNT10,0.044669999999999994,0.5797154588266201,0.76953125,10,0.8016121951853971,0.9120715420702179,False,False,up
DFFA,0.10559,0.5803105479490351,0.322265625,10,0.8016141597464534,0.6122213070019404,False,False,up
IFNAR1,0.03827,0.5804600421652404,1.0,10,0.8016141597464534,1.0,False,False,up
EPB41L5,-0.09758888888888888,0.5805633815986718,0.49609375,9,0.8016141597464534,0.7553278090979783,False,False,down
PALLD,0.1797875,0.5808086251074065,0.3828125,8,0.8016141597464534,0.6680453431372549,False,False,up
CEND1,0.10887499999999997,0.5812551917490736,0.640625,8,0.8018536863161245,0.8479115029292474,False,False,up
GADD45GIP1,0.0838888888888889,0.58199700532579,0.5703125,9,0.8025000960759836,0.8045186419308358,False,False,up
CDH4,-0.1166625,0.582941022080196,1.0,8,0.8034245808773044,1.0,False,False,down
SERPINA12,-0.03935000000000011,0.5833727793820733,0.625,10,0.8036425201900326,0.8447422917625402,False,False,down
SUSD4,-0.13191,0.583894557699838,0.921875,10,0.8036438893750828,0.9885165662650602,False,False,down
TNFRSF8,0.032219999999999985,0.5839210282350789,0.6953125,10,0.8036438893750828,0.8749497911311054,False,False,up
SAG,-0.6093875000000001,0.5842306616612376,0.84375,8,0.8036934207489719,0.9419150846131968,False,False,down
RAB39B,0.10329000000000006,0.5855781498626713,0.6953125,10,0.805169956061173,0.8749497911311054,False,False,up
BAG3,-0.06821111111111115,0.5869025469995952,0.5703125,9,0.8063913415125499,0.8045186419308358,False,False,down
MCEE,0.10980999999999999,0.5870155560619107,0.431640625,10,0.8063913415125499,0.7054694021285476,False,False,up
HAGH,-0.04298000000000002,0.5873836872025082,0.845703125,10,0.8065198173509895,0.9419150846131968,False,False,down
GPRC5C,0.05614,0.5888441865765426,0.76953125,10,0.8080415344310325,0.9120715420702179,False,False,up
HDGF,0.19083,0.5890421944899015,0.556640625,10,0.8080415344310325,0.7943894633746356,False,False,up
EPHA2,0.051880000000000016,0.5895553568747248,0.6953125,10,0.8083679193002179,0.8749497911311054,False,False,up
ACTN4,-0.09971999999999998,0.590776271378516,0.625,10,0.8093480390929656,0.8447422917625402,False,False,down
CLTA,0.08189000000000002,0.590821312841443,0.556640625,10,0.8093480390929656,0.7943894633746356,False,False,up
VWA5A,0.07079,0.5921579398009174,0.625,10,0.8108008714197177,0.8447422917625402,False,False,up
NAGA,0.1357625,0.5933516847037434,0.84375,8,0.8116093421652543,0.9419150846131968,False,False,up
PCYT2,0.12097999999999998,0.593548537553229,0.625,10,0.8116093421652543,0.8447422917625402,False,False,up
NPPB,-0.4912399999999999,0.5940178620730794,0.431640625,10,0.8116093421652543,0.7054694021285476,False,False,down
LGALS1,0.07342,0.5940355189220085,0.625,10,0.8116093421652543,0.8447422917625402,False,False,up
SPAG1,0.142,0.5941300938560765,1.0,10,0.8116093421652543,1.0,False,False,up
RGMA,0.04228,0.594857086851714,0.845703125,10,0.8122246694948787,0.9419150846131968,False,False,up
DKK3,-0.03479000000000001,0.5952035859207641,0.431640625,10,0.8123092999562093,0.7054694021285476,False,False,down
LMNB1,-0.09735999999999997,0.595472224312468,0.556640625,10,0.8123092999562093,0.7943894633746356,False,False,down
ABO,0.09414999999999998,0.5964326219372902,0.4921875,10,0.8131063278605807,0.7553278090979783,False,False,up
LRFN2,-0.12796666666666667,0.5969179675875047,0.65234375,9,0.8131063278605807,0.8526629255674232,False,False,down
SNX18,0.05385000000000002,0.5969876090087537,0.76953125,10,0.8131063278605807,0.9120715420702179,False,False,up
RAB44,0.06785,0.5971638914522548,1.0,10,0.8131063278605807,1.0,False,False,up
SGSH,0.07863999999999999,0.5987955054420496,0.625,10,0.8149501387781741,0.8447422917625402,False,False,up
EXOSC10,0.09093999999999997,0.5992206030440502,0.625,10,0.8151509546736339,0.8447422917625402,False,False,up
SSNA1,0.08502000000000001,0.5999841666154859,0.76953125,10,0.8158118043285565,0.9120715420702179,False,False,up
SV2A,0.14311111111111108,0.6007082398883872,0.734375,9,0.8164183713800061,0.9120715420702179,False,False,up
HSD17B14,0.040969999999999986,0.6012470513390651,0.6953125,10,0.8167727057274904,0.8749497911311054,False,False,up
GCLM,0.08286999999999999,0.6015720611872589,0.431640625,10,0.8168364048575957,0.7054694021285476,False,False,up
GHRL,0.08191999999999999,0.6019117066815676,0.431640625,10,0.8169199087448077,0.7054694021285476,False,False,up
CRX,-0.039270000000000006,0.6022743305512194,0.556640625,10,0.8170345075422316,0.7943894633746356,False,False,down
IL4,0.42219999999999996,0.6027597895944006,1.0,10,0.8173155595746788,1.0,False,False,up
GLA,-0.04391250000000001,0.6040100458659117,0.546875,8,0.8183952044577394,0.7943894633746356,False,False,down
TG,0.07438000000000003,0.6042744831889537,0.375,10,0.8183952044577394,0.6675,False,False,up
CD226,0.1954375,0.6043919640683816,0.3828125,8,0.8183952044577394,0.6680453431372549,False,False,up
PCDH7,0.03299999999999999,0.6064359644351331,0.845703125,10,0.8206787060206361,0.9419150846131968,False,False,up
HRAS,-0.08592500000000002,0.6066372048930204,0.640625,8,0.8206787060206361,0.8479115029292474,False,False,down
LIPF,0.048233333333333336,0.6077099613343333,0.65234375,9,0.8217514532407628,0.8526629255674232,False,False,up
CCND2,0.24296250000000003,0.6084300067300992,0.640625,8,0.8219716359042836,0.8479115029292474,False,False,up
CA6,0.023450000000000016,0.6084325285856018,0.625,10,0.8219716359042836,0.8447422917625402,False,False,up
AZU1,0.11593,0.608848243608121,0.375,10,0.822155076541173,0.6675,False,False,up
GOT1,0.07683000000000009,0.609580752668947,0.76953125,10,0.8227659331749527,0.9120715420702179,False,False,up
CCN4,0.03181,0.6106962956565232,0.625,10,0.8234991769930038,0.8447422917625402,False,False,up
SNRPB2,0.08906000000000003,0.6109181156973751,0.4921875,10,0.8234991769930038,0.7553278090979783,False,False,up
SLITRK1,0.07572499999999999,0.6109651708095865,0.4609375,8,0.8234991769930038,0.7405762787199125,False,False,up
CPA1,-0.052060000000000016,0.6115767414280215,0.6953125,10,0.8239453621899537,0.8749497911311054,False,False,down
IL34,0.09912222222222222,0.6119208773741464,0.65234375,9,0.8240217835595717,0.8526629255674232,False,False,up
CD164L2,-0.12700000000000003,0.6121945971150784,0.49609375,9,0.8240217835595717,0.7553278090979783,False,False,down
ARHGEF5,0.201225,0.6138371822983617,0.9453125,8,0.8256097934928605,1.0,False,False,up
MAG,0.09076666666666665,0.6139365982255387,0.49609375,9,0.8256097934928605,0.7553278090979783,False,False,up
SPRR3,-0.07891000000000001,0.6147844499356077,0.625,10,0.8263715924306085,0.8447422917625402,False,False,down
RGL2,-0.2911499999999999,0.6158050064807188,0.4609375,8,0.8271680719287677,0.7405762787199125,False,False,down
MDGA1,0.03623333333333334,0.6161042439011754,0.8203125,9,0.8271680719287677,0.9419150846131968,False,False,up
PFDN2,0.333088888888889,0.6162219071774409,0.1640625,9,0.8271680719287677,0.4388447745901639,False,False,up
PLCB1,-0.10301249999999999,0.6166728552344213,1.0,8,0.8272840782003672,1.0,False,False,down
ASS1,0.07732,0.6168716824170256,0.625,10,0.8272840782003672,0.8447422917625402,False,False,up
AKAP12,0.03212499999999998,0.6183030508179983,0.640625,8,0.8287945343877513,0.8479115029292474,False,False,up
PDXDC1,-0.09286,0.6188440466196294,0.625,10,0.8287945343877513,0.8447422917625402,False,False,down
MAPK9,-0.09287499999999999,0.6188445399769624,0.640625,8,0.8287945343877513,0.8479115029292474,False,False,down
EIF4E,0.2151500000000001,0.6193406984014277,0.640625,8,0.828832731428964,0.8479115029292474,False,False,up
CD2AP,0.12665999999999994,0.6195177761827975,0.431640625,10,0.828832731428964,0.7054694021285476,False,False,up
RNASE3,-0.15469,0.619719672529113,0.6953125,10,0.828832731428964,0.8749497911311054,False,False,down
PFDN4,-0.10103999999999994,0.620363706253914,0.6953125,10,0.8293164338951959,0.8749497911311054,False,False,down
ABCA2,-0.07890000000000001,0.6211421636479733,0.6953125,10,0.829664094681303,0.8749497911311054,False,False,down
TMSB10,-0.08190999999999997,0.6211887450473903,0.76953125,10,0.829664094681303,0.9120715420702179,False,False,down
KLRB1,-0.026880000000000008,0.6215115625030405,0.6953125,10,0.8297179359415591,0.8749497911311054,False,False,down
RNF5,0.0711888888888889,0.6221016916762565,0.5703125,9,0.8301284272844912,0.8045186419308358,False,False,up
CLINT1,-0.12425000000000001,0.6238383084248494,0.4921875,10,0.8320677165503101,0.7553278090979783,False,False,down
NMI,0.15701000000000004,0.6243681963446663,0.625,10,0.8323964560437064,0.8447422917625402,False,False,up
VWC2L,-0.029920000000000002,0.6260766286704,0.16015625,10,0.8342591460059131,0.4351331232654949,False,False,down
JMJD1C,0.15876000000000007,0.626961603459872,0.845703125,10,0.8342591460059131,0.9419150846131968,False,False,up
DHRS4L2,0.050469999999999994,0.6269771232670445,0.375,10,0.8342591460059131,0.6675,False,False,up
RAB6B,0.18858888888888886,0.6270616165633804,0.49609375,9,0.8342591460059131,0.7553278090979783,False,False,up
LIF,-0.17023333333333335,0.6271856296837099,0.8203125,9,0.8342591460059131,0.9419150846131968,False,False,down
TNFRSF19,0.025860000000000005,0.6279473379811771,0.76953125,10,0.8347909897163911,0.9120715420702179,False,False,up
HDAC9,-0.14161250000000003,0.6281539282510127,0.546875,8,0.8347909897163911,0.7943894633746356,False,False,down
UPK3BL1,0.134,0.6286881370851791,0.7421875,8,0.8350449557859654,0.9120715420702179,False,False,up
ARID4B,-0.11097777777777779,0.6290752436618039,0.65234375,9,0.8350449557859654,0.8526629255674232,False,False,down
UHRF2,0.12226000000000001,0.6291979867736948,0.556640625,10,0.8350449557859654,0.7943894633746356,False,False,up
AAMDC,0.06253333333333333,0.6305129155958056,0.8203125,9,0.8358677658661711,0.9419150846131968,False,False,up
SHH,0.1134375,0.6306759107798399,0.9453125,8,0.8358677658661711,1.0,False,False,up
SEMA6C,-0.0829625,0.6308605870005934,0.640625,8,0.8358677658661711,0.8479115029292474,False,False,down
RAB37,0.06993999999999997,0.6311117455496096,0.76953125,10,0.8358677658661711,0.9120715420702179,False,False,up
LXN,-0.08924444444444447,0.6312409617606971,1.0,9,0.8358677658661711,1.0,False,False,down
H2AP,-0.14667999999999995,0.6319390985203641,0.556640625,10,0.8364151114710723,0.7943894633746356,False,False,down
SMARCA2,0.14711111111111114,0.6323739100973392,0.65234375,9,0.8364527474762632,0.8526629255674232,False,False,up
CLC,0.05186999999999995,0.6326280040611558,0.6953125,10,0.8364527474762632,0.8749497911311054,False,False,up
APLP1,0.05546999999999998,0.6328219288022665,0.6953125,10,0.8364527474762632,0.8749497911311054,False,False,up
GHR,-0.02297499999999998,0.6339502894176453,0.546875,8,0.8375672514708161,0.7943894633746356,False,False,down
NINJ1,-0.05799000000000001,0.6354120804017426,0.845703125,10,0.839094925582137,0.9419150846131968,False,False,down
INPP5D,-0.10437777777777775,0.6358702577117217,0.8203125,9,0.839094925582137,0.9419150846131968,False,False,down
GAS2,-0.08377499999999999,0.6359636718916708,0.640625,8,0.839094925582137,0.8479115029292474,False,False,down
CTSB,0.02506,0.6379540543415952,0.6953125,10,0.8407419944650179,0.8749497911311054,False,False,up
RAC3,-0.04015555555555555,0.6383543941075067,0.42578125,9,0.8407419944650179,0.7054694021285476,False,False,down
PBK,-0.08064000000000002,0.639041142508703,0.6953125,10,0.8407419944650179,0.8749497911311054,False,False,down
ITGA5,0.031120000000000016,0.6393127520502535,0.76953125,10,0.8407419944650179,0.9120715420702179,False,False,up
BSND,0.09808000000000001,0.6393622062042054,0.6953125,10,0.8407419944650179,0.8749497911311054,False,False,up
RBPMS,0.08669999999999999,0.6393870801704169,0.84375,8,0.8407419944650179,0.9419150846131968,False,False,up
ITGAM,0.04440000000000002,0.6393957812086516,1.0,10,0.8407419944650179,1.0,False,False,up
BPIFA2,0.05964444444444447,0.6397410487123797,1.0,9,0.8407419944650179,1.0,False,False,up
CTLA4,0.11244000000000001,0.639861879389907,0.76953125,10,0.8407419944650179,0.9120715420702179,False,False,up
FCN1,0.10250999999999995,0.6400745998038065,0.76953125,10,0.8407419944650179,0.9120715420702179,False,False,up
FCRLB,-0.05074000000000001,0.6407986013902891,0.556640625,10,0.8413167153702634,0.7943894633746356,False,False,down
ST8SIA1,0.09234999999999993,0.6423822598598645,0.84375,8,0.8430190782879455,0.9419150846131968,False,False,up
VTCN1,0.06837,0.6426954842458065,0.6953125,10,0.8430534333318149,0.8749497911311054,False,False,up
ACHE,-0.04697499999999999,0.6441798322550212,0.9453125,8,0.8446232889879451,1.0,False,False,down
CD200R1,-0.022399999999999975,0.6449731444568155,0.640625,8,0.8449018164365443,0.8479115029292474,False,False,down
SOD2,0.031209999999999988,0.6453778595268345,0.845703125,10,0.8449018164365443,0.9419150846131968,False,False,up
IVD,-0.13757777777777777,0.6456785304546832,0.49609375,9,0.8449018164365443,0.7553278090979783,False,False,down
GLO1,0.12457000000000011,0.6457368876654512,0.431640625,10,0.8449018164365443,0.7054694021285476,False,False,up
PER3,0.14035,0.6458306359891188,0.640625,8,0.8449018164365443,0.8479115029292474,False,False,up
SMPDL3B,-0.06332,0.6466244719362232,0.845703125,10,0.845237626701999,0.9419150846131968,False,False,down
OGFR,0.056260000000000046,0.6471558779516657,0.845703125,10,0.845237626701999,0.9419150846131968,False,False,up
S100A4,0.13928000000000004,0.6471833975195083,0.845703125,10,0.845237626701999,0.9419150846131968,False,False,up
OTOA,0.10493750000000002,0.6472384822787864,0.7421875,8,0.845237626701999,0.9120715420702179,False,False,up
MEP1A,-0.04135999999999999,0.6476496232706191,0.76953125,10,0.8453986415759148,0.9120715420702179,False,False,down
CGB3_CGB5_CGB8,-0.19954,0.6481243031154688,0.921875,10,0.8456424159263135,0.9885165662650602,False,False,down
PALM3,0.073,0.6490801065023999,0.556640625,10,0.8465134426276859,0.7943894633746356,False,False,up
PCSK9,-0.03668000000000003,0.6500271215458627,0.6953125,10,0.8473319179809707,0.8749497911311054,False,False,down
MRPL46,-0.09307777777777776,0.6502846929278543,0.734375,9,0.8473319179809707,0.9120715420702179,False,False,down
CDC25A,-0.11904,0.6515369884530446,0.6953125,10,0.8485871995949411,0.8749497911311054,False,False,down
RAP1A,-0.1606125,0.6522254452105308,0.7421875,8,0.8491073282727523,0.9120715420702179,False,False,down
SIRPA,-0.025009999999999987,0.6528040246339136,0.625,10,0.8493586498191891,0.8447422917625402,False,False,down
TSNAX,0.061330000000000016,0.6529968782062407,0.625,10,0.8493586498191891,0.8447422917625402,False,False,up
NGFR,-0.09302000000000002,0.6541834313816762,0.556640625,10,0.8505253377458978,0.7943894633746356,False,False,down
GNAS,-0.05343,0.6550561563338636,0.845703125,10,0.8509184867535872,0.9419150846131968,False,False,down
CDH3,-0.025869999999999997,0.6552327661676882,0.6953125,10,0.8509184867535872,0.8749497911311054,False,False,down
CBLIF,0.04234999999999997,0.6553549938837637,0.845703125,10,0.8509184867535872,0.9419150846131968,False,False,up
MANSC4,-0.11604999999999999,0.6560447606984066,0.625,10,0.8514247307972838,0.8447422917625402,False,False,down
S100A16,-0.11505555555555559,0.6563246818267111,0.65234375,9,0.8514247307972838,0.8526629255674232,False,False,down
PADI4,-0.14341111111111107,0.6568799226741715,0.91015625,9,0.851588358429434,0.9885165662650602,False,False,down
DPEP1,0.027633333333333336,0.6574763374077504,0.359375,9,0.851588358429434,0.6675,False,False,up
FGF12,-0.11013749999999997,0.6574933045976042,0.7421875,8,0.851588358429434,0.9120715420702179,False,False,down
WFDC1,0.08284,0.6577583088133386,0.6953125,10,0.851588358429434,0.8749497911311054,False,False,up
AK1,0.16409999999999997,0.6579005738087796,0.4921875,10,0.851588358429434,0.7553278090979783,False,False,up
IGFBP1,0.17085,0.6585880458690064,0.375,10,0.8518785772954781,0.6675,False,False,up
ITGA2,0.0477375,0.6587048856104973,0.84375,8,0.8518785772954781,0.9419150846131968,False,False,up
CRYM,0.13128749999999997,0.659105770195153,0.640625,8,0.8520218517003364,0.8479115029292474,False,False,up
PZP,-0.017860000000000004,0.6596165279887642,0.76953125,10,0.8521417516796499,0.9120715420702179,False,False,down
NCAN,0.04471000000000002,0.6597788026283704,0.76953125,10,0.8521417516796499,0.9120715420702179,False,False,up
LY75,-0.03918750000000003,0.6606215128593484,0.84375,8,0.8528551135243545,0.9419150846131968,False,False,down
VSIG4,-0.030309999999999993,0.6610867215251952,0.845703125,10,0.853080712266915,0.9419150846131968,False,False,down
ARTN,-0.08296999999999999,0.6617001295568923,0.431640625,10,0.8534937504096584,0.7054694021285476,False,False,down
SORCS2,-0.040859999999999994,0.6620193701510388,0.625,10,0.8534937504096584,0.8447422917625402,False,False,down
ADCYAP1R1,-0.04827999999999999,0.6629894086623185,0.845703125,10,0.8534937504096584,0.9419150846131968,False,False,down
CRTAC1,-0.022160000000000006,0.6632995702930229,0.76953125,10,0.8534937504096584,0.9120715420702179,False,False,down
INHBB,-0.05406250000000002,0.6636586746018256,0.4609375,8,0.8534937504096584,0.7405762787199125,False,False,down
TBCA,0.22150000000000003,0.663816248796399,0.3828125,8,0.8534937504096584,0.6680453431372549,False,False,up
GPC5,0.04036666666666669,0.6641780502072772,0.734375,9,0.8534937504096584,0.9120715420702179,False,False,up
APOE,0.04540000000000001,0.6642853977026049,1.0,10,0.8534937504096584,1.0,False,False,up
HS1BP3,-0.0600777777777778,0.6644388761141675,0.65234375,9,0.8534937504096584,0.8526629255674232,False,False,down
RNF4,-0.1158875,0.6650122875561149,0.7421875,8,0.8534937504096584,0.9120715420702179,False,False,down
NRTN,0.13871000000000003,0.6652634901289984,0.921875,10,0.8534937504096584,0.9885165662650602,False,False,up
PRAP1,-0.06757000000000002,0.6653322081228285,0.6953125,10,0.8534937504096584,0.8749497911311054,False,False,down
INHBC,0.03952,0.6654096547591359,0.6953125,10,0.8534937504096584,0.8749497911311054,False,False,up
MSLNL,0.1331888888888889,0.6655612718876134,0.8203125,9,0.8534937504096584,0.9419150846131968,False,False,up
RGS8,-0.08238000000000002,0.665765809393438,0.6953125,10,0.8534937504096584,0.8749497911311054,False,False,down
ARNTL,-0.035169999999999986,0.6662747710151126,1.0,10,0.853537308314697,1.0,False,False,down
WFDC2,0.030920000000000003,0.6668126544414289,0.6953125,10,0.853537308314697,0.8749497911311054,False,False,up
TNNI3,-0.33103999999999995,0.6668723274702162,0.556640625,10,0.853537308314697,0.7943894633746356,False,False,down
LMOD1__Cardiometabolic_II,0.05487777777777776,0.6669622480702178,0.734375,9,0.853537308314697,0.9120715420702179,False,False,up
ATP6V1G1,0.1514777777777777,0.6680229144511941,0.65234375,9,0.8545223430937094,0.8526629255674232,False,False,up
TPMT,0.08038,0.6698025071938236,0.845703125,10,0.856134392470132,0.9419150846131968,False,False,up
DGCR6,0.117475,0.6698661334342402,0.84375,8,0.856134392470132,0.9419150846131968,False,False,up
PQBP1,-0.09332,0.6707166259486219,0.76953125,10,0.8568485125755122,0.9120715420702179,False,False,down
ROBO4,-0.0479777777777778,0.671792757738789,0.5703125,9,0.8578091185189235,0.8045186419308358,False,False,down
TST,0.1089222222222222,0.6720527006169706,1.0,9,0.8578091185189235,1.0,False,False,up
IZUMO1,0.05746000000000001,0.6732002282249724,0.625,10,0.858900551823086,0.8447422917625402,False,False,up
MDM1,0.08419999999999996,0.6739140345937036,0.5703125,9,0.8591793385471493,0.8045186419308358,False,False,up
CST5,0.04753333333333335,0.6740038120574164,0.5703125,9,0.8591793385471493,0.8045186419308358,False,False,up
LILRA4,-0.14166,0.6748409522647937,0.6953125,10,0.8597791559165575,0.8749497911311054,False,False,down
PGM2,-0.09857777777777775,0.6750598343696227,0.5703125,9,0.8597791559165575,0.8045186419308358,False,False,down
SAP18,-0.11476249999999998,0.6758411011238044,0.9453125,8,0.8604010897271839,1.0,False,False,down
BECN1,-0.11005555555555555,0.6762960935721705,0.734375,9,0.860607290650548,0.9120715420702179,False,False,down
RELB,0.11767500000000003,0.6779953183939136,0.1953125,8,0.8621227353783609,0.48002745815899583,False,False,up
IL11,0.09512000000000001,0.6780740615335423,0.845703125,10,0.8621227353783609,0.9419150846131968,False,False,up
ASPN,0.05408999999999999,0.6784366435073822,0.845703125,10,0.8621799023500201,0.9419150846131968,False,False,up
EPHA10,0.13052222222222218,0.678706140358613,0.65234375,9,0.8621799023500201,0.8526629255674232,False,False,up
STX1B,0.09784444444444446,0.6790434792509392,0.91015625,9,0.8622354944055377,0.9885165662650602,False,False,up
COQ7,-0.043633333333333336,0.6797819818069748,0.8203125,9,0.8627451188003623,0.9419150846131968,False,False,down
TNFRSF13C,0.04931,0.6800323289148242,1.0,10,0.8627451188003623,1.0,False,False,up
CHM,-0.06957777777777777,0.6808428535065341,0.91015625,9,0.8634004580089337,0.9885165662650602,False,False,down
OSM,0.11906249999999996,0.6817323960111296,0.7421875,8,0.8641553936489803,0.9120715420702179,False,False,up
NGRN,0.033979999999999996,0.6837466791853002,0.6953125,10,0.866334769959977,0.8749497911311054,False,False,up
CPPED1,0.10402999999999998,0.6842370648583896,0.625,10,0.8665822593743382,0.8447422917625402,False,False,up
CDHR1,0.07292222222222225,0.6849860707623301,0.65234375,9,0.8671569352711049,0.8526629255674232,False,False,up
LTA4H,0.06102999999999983,0.6858849576361472,0.76953125,10,0.8679207757765465,0.9120715420702179,False,False,up
GNE,0.04871999999999998,0.6874113318495392,0.76953125,10,0.8694776406727375,0.9120715420702179,False,False,up
SCRN1,-0.09710000000000002,0.6887480818444,0.7421875,8,0.8705202303949713,0.9120715420702179,False,False,down
PDCD5,-0.11568,0.6889781042990293,1.0,10,0.8705202303949713,1.0,False,False,down
NTproBNP,0.12011000000000001,0.6891247993422909,0.845703125,10,0.8705202303949713,0.9419150846131968,False,False,up
AGBL2,0.5790124999999999,0.689463698358426,0.84375,8,0.8705738959925612,0.9419150846131968,False,False,up
GBA,0.10872222222222222,0.6900290290517683,0.65234375,9,0.8708379575677704,0.8526629255674232,False,False,up
PPIF,-0.036570000000000005,0.6902882597265714,0.845703125,10,0.8708379575677704,0.9419150846131968,False,False,down
MELTF,0.07404999999999999,0.6906995404748456,0.4921875,10,0.8708379575677704,0.7553278090979783,False,False,up
DCXR,0.03918999999999996,0.6908588495515509,0.556640625,10,0.8708379575677704,0.7943894633746356,False,False,up
DDX58,-0.06547,0.6922260675276675,0.921875,10,0.870900283695707,0.9885165662650602,False,False,down
GKN1,0.0444888888888889,0.692385648910495,0.65234375,9,0.870900283695707,0.8526629255674232,False,False,up
CD5,0.034290000000000015,0.6927430711160614,1.0,10,0.870900283695707,1.0,False,False,up
NDUFA5,0.05834999999999997,0.6929241101557176,0.640625,8,0.870900283695707,0.8479115029292474,False,False,up
FAM3B,-0.031680000000000055,0.6929309519893538,0.375,10,0.870900283695707,0.6675,False,False,down
TPR,0.08267000000000004,0.6930558248419921,1.0,10,0.870900283695707,1.0,False,False,up
GOLGA3,0.10049000000000001,0.6932453624253736,0.431640625,10,0.870900283695707,0.7054694021285476,False,False,up
PHLDB2,-0.08134999999999999,0.6932805118422074,0.625,10,0.870900283695707,0.8447422917625402,False,False,down
LRTM2,0.05849,0.6940443469452378,0.625,10,0.8714870658307667,0.8447422917625402,False,False,up
WARS,0.031699999999999985,0.6957551863357304,0.921875,10,0.8732619582342052,0.9885165662650602,False,False,up
TNFAIP8,0.07848000000000001,0.6967243047096161,0.845703125,10,0.8737978440655992,0.9419150846131968,False,False,up
VEGFB,0.06255,0.696862430229322,0.7421875,8,0.8737978440655992,0.9120715420702179,False,False,up
NPY,0.10119999999999996,0.6970746845916578,0.556640625,10,0.8737978440655992,0.7943894633746356,False,False,up
RAB3GAP1,-0.07168749999999999,0.6980239834476698,0.546875,8,0.8744676285382473,0.7943894633746356,False,False,down
ACOX1,-0.10932999999999997,0.6984744969686436,0.845703125,10,0.8744676285382473,0.9419150846131968,False,False,down
KLB,-0.06043333333333337,0.6987378041919912,0.5703125,9,0.8744676285382473,0.8045186419308358,False,False,down
SERPINI2,0.019520000000000003,0.6987999741842923,0.76953125,10,0.8744676285382473,0.9120715420702179,False,False,up
SCGB3A1,-0.022425000000000007,0.7002057314997812,1.0,8,0.8753890266581855,1.0,False,False,down
CRHR1,-0.09269999999999994,0.7006167655438658,0.76953125,10,0.8753890266581855,0.9120715420702179,False,False,down
PXDNL,0.07031999999999998,0.700727120082269,0.76953125,10,0.8753890266581855,0.9120715420702179,False,False,up
COL2A1,-0.03463333333333334,0.700749948498196,0.30078125,9,0.8753890266581855,0.6122213070019404,False,False,down
BACH1,0.12481250000000003,0.7010265545454724,0.546875,8,0.8753890266581855,0.7943894633746356,False,False,up
ERBB4,0.02475,0.70212482117796,0.322265625,10,0.8763878452187287,0.6122213070019404,False,False,up
PODXL,-0.02684000000000001,0.7027254373527119,1.0,10,0.8767649148279162,1.0,False,False,down
CDK1,-0.16271999999999992,0.7044147887665924,0.76953125,10,0.877834099115457,0.9120715420702179,False,False,down
ESPL1,0.14129000000000003,0.7047033013567361,0.6953125,10,0.877834099115457,0.8749497911311054,False,False,up
RAD51,0.075075,0.7050222543063379,0.546875,8,0.877834099115457,0.7943894633746356,False,False,up
CDNF,-0.02054000000000001,0.7050962322736052,0.6953125,10,0.877834099115457,0.8749497911311054,False,False,down
VSTM1,0.08035555555555557,0.7056024515952062,0.91015625,9,0.877834099115457,0.9885165662650602,False,False,up
AMOT,0.04087500000000001,0.7060242407604478,0.640625,8,0.877834099115457,0.8479115029292474,False,False,up
BMP4,-0.03404444444444435,0.706214572504968,0.734375,9,0.877834099115457,0.9120715420702179,False,False,down
SCG2,0.05220000000000001,0.7062755319063287,0.921875,10,0.877834099115457,0.9885165662650602,False,False,up
DAND5,0.45818749999999997,0.706505848871329,0.546875,8,0.877834099115457,0.7943894633746356,False,False,up
ARG2,0.03999000000000001,0.7067905646386753,0.6953125,10,0.877834099115457,0.8749497911311054,False,False,up
GPC1,0.018349999999999988,0.7068701547184391,0.76953125,10,0.877834099115457,0.9120715420702179,False,False,up
ENTPD5,0.02080000000000001,0.7072480084523988,0.76953125,10,0.8779321220729903,0.9120715420702179,False,False,up
GFAP,-0.07879000000000001,0.7077951829263669,0.6953125,10,0.8782401572685845,0.8749497911311054,False,False,down
ADAM23,-0.01243,0.7087353216657357,0.921875,10,0.8790353208328825,0.9885165662650602,False,False,down
FAM3D,0.027479999999999987,0.709071934426653,0.625,10,0.8790815835420345,0.8447422917625402,False,False,up
PITHD1,-0.05116999999999999,0.7094326794684411,0.845703125,10,0.8791577129108911,0.9419150846131968,False,False,down
EGFL7,0.051469999999999974,0.7099075587721482,0.845703125,10,0.8793751582091098,0.9419150846131968,False,False,up
BST1,-0.019779999999999985,0.7105044165976839,0.921875,10,0.8795938052609518,0.9885165662650602,False,False,down
IL17A,-0.04550000000000003,0.7107320047382525,0.625,10,0.8795938052609518,0.8447422917625402,False,False,down
ACTN2,0.029600000000000005,0.7109825310485187,0.921875,10,0.8795938052609518,0.9885165662650602,False,False,up
TNFRSF21,0.026390000000000004,0.7117336631126949,0.6953125,10,0.8797026163567803,0.8749497911311054,False,False,up
BOLA2_BOLA2B,-0.16905555555555554,0.7122667466846297,0.91015625,9,0.8797026163567803,0.9885165662650602,False,False,down
TYRP1,0.047875000000000036,0.7127753353910287,0.9453125,8,0.8797026163567803,1.0,False,False,up
ITGB7,-0.01995999999999997,0.7127759292761731,0.76953125,10,0.8797026163567803,0.9120715420702179,False,False,down
TCP11,-0.13663750000000002,0.7128860566470856,1.0,8,0.8797026163567803,1.0,False,False,down
PRDX6,0.07019999999999997,0.7130003599665011,0.921875,10,0.8797026163567803,0.9885165662650602,False,False,up
ATP6V1F,-0.10743333333333331,0.7136193690374957,0.91015625,9,0.8797026163567803,0.9885165662650602,False,False,down
QPCT,0.02051999999999999,0.7136724981448683,0.556640625,10,0.8797026163567803,0.7943894633746356,False,False,up
MRI1,-0.12462222222222229,0.7137662018311908,0.734375,9,0.8797026163567803,0.9120715420702179,False,False,down
RRP15,-0.27015,0.7143471857071737,0.546875,8,0.8800493642709601,0.7943894633746356,False,False,down
CLU,0.0489,0.7147845754426279,0.76953125,10,0.8802189929035631,0.9120715420702179,False,False,up
ICA1,0.08308,0.7158091101563631,0.76953125,10,0.8809130910045568,0.9120715420702179,False,False,up
FGF6,-0.10036250000000004,0.7159480926890968,0.7421875,8,0.8809130910045568,0.9120715420702179,False,False,down
EBI3_IL27,0.020310000000000005,0.7168531115501421,0.431640625,10,0.8816572816678254,0.7054694021285476,False,False,up
RANBP1,-0.10548888888888892,0.7171900870985373,0.8203125,9,0.8817025055707007,0.9419150846131968,False,False,down
HAO1,-0.03024,0.718862404332899,0.625,10,0.8833886533580437,0.8447422917625402,False,False,down
PLXDC2,-0.06595000000000002,0.7201229192014444,1.0,10,0.8845675506878472,1.0,False,False,down
TSPAN7,0.0932625,0.7218645397291816,0.640625,8,0.886301627545885,0.8479115029292474,False,False,up
STX5,0.07502499999999998,0.722170389767498,1.0,8,0.886301627545885,1.0,False,False,up
CEBPA,0.07403750000000002,0.7224701310395922,0.7421875,8,0.886301627545885,0.9120715420702179,False,False,up
NRXN3,-0.057022222222222196,0.7227417085367364,0.65234375,9,0.886301627545885,0.8526629255674232,False,False,down
SWAP70,0.04733999999999997,0.72327817013068,1.0,10,0.8865893095466639,1.0,False,False,up
TNFRSF12A,0.039320000000000015,0.7242331821922354,0.845703125,10,0.8866745163133397,0.9419150846131968,False,False,up
PCDH1,-0.005540000000000001,0.7242391969473243,0.6953125,10,0.8866745163133397,0.8749497911311054,False,False,down
TRIM40,0.11836666666666666,0.7242533757697316,0.91015625,9,0.8866745163133397,0.9885165662650602,False,False,up
GAD2,0.09938750000000002,0.7257418924482084,0.7421875,8,0.8881266408834951,0.9120715420702179,False,False,up
FHIP2A,-0.07494999999999996,0.7263003679718896,0.6953125,10,0.8883416835479592,0.8749497911311054,False,False,down
BCAT1,-0.04441000000000001,0.7273999954760435,0.6953125,10,0.8883416835479592,0.8749497911311054,False,False,down
PRELP,0.02753,0.7281491973587795,0.431640625,10,0.8883416835479592,0.7054694021285476,False,False,up
KIR2DL3,-0.044009999999999994,0.7281934284694611,0.845703125,10,0.8883416835479592,0.9419150846131968,False,False,down
PSMG3,-0.15078749999999996,0.728499828774979,0.546875,8,0.8883416835479592,0.7943894633746356,False,False,down
TDO2,0.05278888888888887,0.7285774530957589,0.65234375,9,0.8883416835479592,0.8526629255674232,False,False,up
ADAMTS4,-0.13033749999999997,0.7289459660678792,0.84375,8,0.8883416835479592,0.9419150846131968,False,False,down
CSRP3,0.10838000000000006,0.7290257120086163,1.0,10,0.8883416835479592,1.0,False,False,up
NMNAT1,0.048511111111111095,0.729508013123723,0.49609375,9,0.8883416835479592,0.7553278090979783,False,False,up
MAMDC2,0.045539999999999935,0.7295238410535363,0.921875,10,0.8883416835479592,0.9885165662650602,False,False,up
MSMB,-0.05164000000000003,0.7295965039798895,0.4921875,10,0.8883416835479592,0.7553278090979783,False,False,down
CADPS,0.05867777777777778,0.7296260957777481,1.0,9,0.8883416835479592,1.0,False,False,up
IGFBP6,-0.016470000000000016,0.7298496705485957,0.6953125,10,0.8883416835479592,0.8749497911311054,False,False,down
ACAA1,-0.12064999999999997,0.730252603347513,0.921875,10,0.8884600105832573,0.9885165662650602,False,False,down
EFNB2,-0.0645888888888889,0.7309905271107446,0.5703125,9,0.8884600105832573,0.8045186419308358,False,False,down
PSMC3,-0.07949999999999999,0.7311398014745174,0.921875,10,0.8884600105832573,0.9885165662650602,False,False,down
CRTAP,-0.04602222222222222,0.731156910309749,0.8203125,9,0.8884600105832573,0.9419150846131968,False,False,down
SMS,-0.0759875,0.7317361655700088,0.640625,8,0.888796161405755,0.8479115029292474,False,False,down
SSBP1,0.0635,0.7325298067916679,0.640625,8,0.8892321365316717,0.8479115029292474,False,False,up
DNAJC9,-0.12977000000000005,0.7327006368425759,0.845703125,10,0.8892321365316717,0.9419150846131968,False,False,down
C1QBP,0.040739999999999985,0.7336895045765478,0.625,10,0.8899738434238089,0.8447422917625402,False,False,up
OFD1,-0.05662499999999999,0.7339279851615731,0.84375,8,0.8899738434238089,0.9419150846131968,False,False,down
FLT4,0.024670000000000004,0.7342277763295102,0.625,10,0.8899738434238089,0.8447422917625402,False,False,up
ID4,0.05040000000000003,0.7345238666868616,0.84375,8,0.8899738434238089,0.9419150846131968,False,False,up
FUCA1,0.01653,0.7348758533714932,0.845703125,10,0.8900331469493096,0.9419150846131968,False,False,up
CYTH3,-0.10312000000000002,0.7355801132134447,0.6953125,10,0.8901682916998241,0.8749497911311054,False,False,down
ECE1,-0.09077777777777779,0.7355936138765656,0.5703125,9,0.8901682916998241,0.8045186419308358,False,False,down
STOML2,-0.16724999999999995,0.7363675900444254,0.921875,10,0.8907378961945953,0.9885165662650602,False,False,down
PDIA3,0.039999999999999994,0.7367936109198967,1.0,8,0.8908863051756841,1.0,False,False,up
UBQLN3,-0.07395000000000003,0.7375498719308314,0.76953125,10,0.8913005929831769,0.9120715420702179,False,False,down
HDDC2,0.035809999999999995,0.737763436263321,0.845703125,10,0.8913005929831769,0.9419150846131968,False,False,up
BRME1,-0.09387499999999999,0.7380466605839584,0.84375,8,0.8913005929831769,0.9419150846131968,False,False,down
MFAP3,-0.08823,0.7383878967654643,0.76953125,10,0.8913461787094816,0.9120715420702179,False,False,down
NID2,0.03432000000000001,0.7387231317298896,1.0,10,0.8913844855754667,1.0,False,False,up
SPINK6,-0.05195000000000003,0.7393421584090453,0.76953125,10,0.8914041959120758,0.9120715420702179,False,False,down
SCLY,0.018800000000000008,0.739346483228402,0.322265625,10,0.8914041959120758,0.6122213070019404,False,False,up
TRAF3,-0.04706250000000001,0.7398819906426051,0.7421875,8,0.891435570443552,0.9120715420702179,False,False,down
DNAJC21,0.03926999999999999,0.740232463238548,0.845703125,10,0.891435570443552,0.9419150846131968,False,False,up
LTBP2,0.021329999999999988,0.7411659328066347,0.556640625,10,0.891435570443552,0.7943894633746356,False,False,up
IL24,-0.06783999999999998,0.7412260023010844,1.0,10,0.891435570443552,1.0,False,False,down
ENOX2,0.07008000000000002,0.7416710903164001,0.6953125,10,0.891435570443552,0.8749497911311054,False,False,up
LRCH4,0.08590999999999999,0.7417122713716122,0.6953125,10,0.891435570443552,0.8749497911311054,False,False,up
ENPEP,0.08049999999999999,0.7419602501207512,0.76953125,10,0.891435570443552,0.9120715420702179,False,False,up
TAGLN3,-0.10629,0.7420788113502723,0.375,10,0.891435570443552,0.6675,False,False,down
CFHR4,0.01806000000000001,0.7421041776419763,0.845703125,10,0.891435570443552,0.9419150846131968,False,False,up
TIMM8A,0.05583000000000003,0.7430385357682803,0.845703125,10,0.8920824825620772,0.9419150846131968,False,False,up
TMPRSS15,0.030249999999999992,0.7435230009462137,0.76953125,10,0.8920824825620772,0.9120715420702179,False,False,up
IL17RB,0.022362499999999993,0.743553938478708,0.9453125,8,0.8920824825620772,1.0,False,False,up
NTRK3,-0.02697,0.7451988011425463,0.76953125,10,0.8933492587065932,0.9120715420702179,False,False,down
SERPINI1,0.028375000000000004,0.7452181422646078,0.9453125,8,0.8933492587065932,1.0,False,False,up
PRR5,0.06662500000000002,0.7467017729384761,0.7421875,8,0.8938270323260096,0.9120715420702179,False,False,up
SOD1,-0.08003999999999997,0.7470676762763221,0.76953125,10,0.8938270323260096,0.9120715420702179,False,False,down
NOP56,0.05247999999999999,0.7473836949624284,0.76953125,10,0.8938270323260096,0.9120715420702179,False,False,up
LSP1,-0.07592499999999999,0.7475847686125343,0.7421875,8,0.8938270323260096,0.9120715420702179,False,False,down
C1QL2,0.04561249999999996,0.7476421436119299,0.7421875,8,0.8938270323260096,0.9120715420702179,False,False,up
EPHB6,-0.018966666666666663,0.7479568891320851,0.5703125,9,0.8938270323260096,0.8045186419308358,False,False,down
ERCC1,0.08297000000000002,0.7481823824922135,0.6953125,10,0.8938270323260096,0.8749497911311054,False,False,up
THRAP3,0.030889999999999966,0.7482047772001575,0.921875,10,0.8938270323260096,0.9885165662650602,False,False,up
CDH17,-0.09455999999999991,0.7489213289545191,0.6953125,10,0.8938270323260096,0.8749497911311054,False,False,down
MFGE8,-0.02704000000000001,0.7489399723801919,0.845703125,10,0.8938270323260096,0.9419150846131968,False,False,down
GLYR1,0.04159000000000001,0.748964360420262,0.845703125,10,0.8938270323260096,0.9419150846131968,False,False,up
CLGN,0.09921111111111107,0.7501223222114537,0.91015625,9,0.8948453535073271,0.9885165662650602,False,False,up
ADAM12,0.06697499999999998,0.7504998314622636,0.84375,8,0.8948728450854552,0.9419150846131968,False,False,up
IL21R,0.080725,0.7507547464387339,0.84375,8,0.8948728450854552,0.9419150846131968,False,False,up
SEMA3G,-0.03028750000000001,0.751831051525872,0.9453125,8,0.895792210276465,1.0,False,False,down
GSTM4,-0.06269000000000001,0.7523284379405726,0.845703125,10,0.8960213391044045,0.9419150846131968,False,False,down
MAPK13,-0.09310999999999993,0.7528361131069443,0.921875,10,0.8962625310884051,0.9885165662650602,False,False,down
RPGR,-0.08397777777777779,0.7541253048803969,0.734375,9,0.8970676782629069,0.9120715420702179,False,False,down
PVR,0.030689999999999995,0.7543232017371337,0.845703125,10,0.8970676782629069,0.9419150846131968,False,False,up
CXCL8__Inflammation,-0.031509999999999996,0.7544465011897965,0.4921875,10,0.8970676782629069,0.7553278090979783,False,False,down
C1RL,0.02289000000000001,0.7547341617254487,0.76953125,10,0.8970676782629069,0.9120715420702179,False,False,up
CCL16,-0.020409999999999973,0.7556303709725593,1.0,10,0.8975256266283645,1.0,False,False,down
ADGRE2,-0.024980000000000002,0.7557306348831957,0.845703125,10,0.8975256266283645,0.9419150846131968,False,False,down
BPIFB2,0.034089999999999974,0.7579093886471828,0.6953125,10,0.899533988023856,0.8749497911311054,False,False,up
PPME1,0.1479,0.7585104216582164,0.625,10,0.899533988023856,0.8447422917625402,False,False,up
FGF16,-0.06533749999999997,0.758661241823146,0.9453125,8,0.899533988023856,1.0,False,False,down
CHGA,0.05290999999999999,0.7586663161548175,1.0,10,0.899533988023856,1.0,False,False,up
IL31RA,-0.04728750000000001,0.759160175476389,1.0,8,0.899533988023856,1.0,False,False,down
LYPD8,-0.06916000000000003,0.7592593654447187,1.0,10,0.899533988023856,1.0,False,False,down
IL22RA1,-0.05074000000000001,0.7595929272868378,0.556640625,10,0.8995663013876786,0.7943894633746356,False,False,down
HSDL2,-0.02246666666666667,0.7606705366327869,0.91015625,9,0.900479389798668,0.9885165662650602,False,False,down
NADK,-0.03605999999999997,0.7621416280449407,0.556640625,10,0.9018573576019302,0.7943894633746356,False,False,down
SORD,0.03800999999999992,0.7637158091058687,0.625,10,0.9033561543874089,0.8447422917625402,False,False,up
MXRA8,-0.018299999999999993,0.7641255693654594,0.546875,8,0.9034769715081941,0.7943894633746356,False,False,down
TP53I3,0.067625,0.7650956784342389,0.546875,8,0.9042599628013519,0.7943894633746356,False,False,up
CGREF1,0.02352000000000002,0.7658172779563444,0.76953125,10,0.9044072689196156,0.9120715420702179,False,False,up
SPRING1,-0.05842999999999998,0.765836185836937,0.6953125,10,0.9044072689196156,0.8749497911311054,False,False,down
IGBP1,0.14204,0.7661980909357274,0.322265625,10,0.904464215419789,0.6122213070019404,False,False,up
CLEC2L,0.04335555555555556,0.7675056042700679,0.65234375,9,0.904464215419789,0.8526629255674232,False,False,up
SNED1,0.06682222222222228,0.7680452575767884,0.8203125,9,0.904464215419789,0.9419150846131968,False,False,up
DTX3,0.02322999999999998,0.7681197118887726,1.0,10,0.904464215419789,1.0,False,False,up
PAFAH2,0.0679,0.7684898704808569,1.0,8,0.904464215419789,1.0,False,False,up
STAT5B,-0.09348,0.7687399288792269,0.556640625,10,0.904464215419789,0.7943894633746356,False,False,down
CXCL10,-0.03854000000000003,0.7693789308467911,0.845703125,10,0.904464215419789,0.9419150846131968,False,False,down
SERPINF1,0.017039999999999993,0.7693919136332702,0.845703125,10,0.904464215419789,0.9419150846131968,False,False,up
CLEC1A,0.03155999999999999,0.7697516722292522,0.845703125,10,0.904464215419789,0.9419150846131968,False,False,up
ZNF75D,-0.12298750000000003,0.7698399066341469,0.9453125,8,0.904464215419789,1.0,False,False,down
DCC,-0.0583777777777778,0.7699349570260493,0.65234375,9,0.904464215419789,0.8526629255674232,False,False,down
CBX2,-0.08427000000000001,0.7702498791619559,0.921875,10,0.904464215419789,0.9885165662650602,False,False,down
CASP10,-0.29064444444444454,0.770254063563166,0.8203125,9,0.904464215419789,0.9419150846131968,False,False,down
CRISP2,0.022419999999999975,0.7707741221221004,0.556640625,10,0.904464215419789,0.7943894633746356,False,False,up
GLI2,0.058274999999999993,0.7708815986622084,1.0,8,0.904464215419789,1.0,False,False,up
RFC4,0.02672000000000001,0.7709129249336967,0.845703125,10,0.904464215419789,0.9419150846131968,False,False,up
FOLR2,0.028170000000000008,0.771119644334747,0.921875,10,0.904464215419789,0.9885165662650602,False,False,up
RRAS,0.09244444444444448,0.772180523072563,0.91015625,9,0.9048866558744402,0.9885165662650602,False,False,up
LYAR,-0.04058,0.7725531010891165,0.845703125,10,0.9048866558744402,0.9419150846131968,False,False,down
CD72,-0.020587499999999998,0.7726392489412957,0.7421875,8,0.9048866558744402,0.9120715420702179,False,False,down
MCTS1,-0.023920000000000007,0.7727122005219939,1.0,10,0.9048866558744402,1.0,False,False,down
CHIT1,0.01111999999999998,0.7735147115803582,0.76953125,10,0.9051278090155115,0.9120715420702179,False,False,up
RAB6A,0.08234999999999995,0.773797856223376,0.9453125,8,0.9051278090155115,1.0,False,False,up
KYNU,0.009330000000000022,0.773842672263517,0.76953125,10,0.9051278090155115,0.9120715420702179,False,False,up
PCSK7,-0.03641,0.7745537337545711,1.0,10,0.9055988519256271,1.0,False,False,down
INPP1,-0.04943999999999997,0.7751189049345146,0.921875,10,0.9056188288203779,0.9885165662650602,False,False,down
FAM3C,0.02914000000000001,0.7751875163957883,1.0,10,0.9056188288203779,1.0,False,False,up
SPTBN2,-0.045887500000000005,0.775560478234134,1.0,8,0.9056942841247123,1.0,False,False,down
PLXDC1,0.03291000000000001,0.7759226218744428,0.845703125,10,0.9057570510513667,0.9419150846131968,False,False,up
NCS1,0.020179999999999983,0.7764750593573466,0.4921875,10,0.9058463802210561,0.7553278090979783,False,False,up
CD2,0.052310000000000044,0.7768504715042337,0.845703125,10,0.9058463802210561,0.9419150846131968,False,False,up
SNU13,0.04412999999999998,0.7774310328990823,1.0,10,0.9058463802210561,1.0,False,False,up
DNAJB1,0.11897000000000006,0.7774983724298082,0.322265625,10,0.9058463802210561,0.6122213070019404,False,False,up
FASLG,-0.01169,0.7775412749531094,0.845703125,10,0.9058463802210561,0.9419150846131968,False,False,down
TNFRSF4,0.008760000000000014,0.7782605399356222,0.625,10,0.906324823866345,0.8447422917625402,False,False,up
SNCA,-0.2552249999999999,0.7797240940884258,0.9453125,8,0.9076693081005575,1.0,False,False,down
AOC1,-0.04501000000000001,0.7800605049976785,0.76953125,10,0.9077011502290736,0.9120715420702179,False,False,down
CA9,-0.023029999999999985,0.7818880397045855,0.921875,10,0.9091651921720064,0.9885165662650602,False,False,down
CA5A,0.033089999999999994,0.7822975578382568,0.845703125,10,0.9091651921720064,0.9419150846131968,False,False,up
UROD,0.11193750000000001,0.7824613153653571,0.546875,8,0.9091651921720064,0.7943894633746356,False,False,up
SEPTIN8,0.02814999999999999,0.7825914936497198,0.845703125,10,0.9091651921720064,0.9419150846131968,False,False,up
HYAL1,0.02510000000000001,0.7837653408002956,0.76953125,10,0.9091651921720064,0.9120715420702179,False,False,up
WFDC12,0.02438999999999998,0.7840112471945194,1.0,10,0.9091651921720064,1.0,False,False,up
IDI2,0.07701111111111113,0.7842422600787661,0.8203125,9,0.9091651921720064,0.9419150846131968,False,False,up
CLEC6A,-0.040889999999999996,0.7843005710734369,1.0,10,0.9091651921720064,1.0,False,False,down
PDCL2,0.04792000000000002,0.7843820717689454,0.921875,10,0.9091651921720064,0.9885165662650602,False,False,up
PLA2G15,-0.021179999999999997,0.7845774007631102,0.845703125,10,0.9091651921720064,0.9419150846131968,False,False,down
ADGRV1,0.04865,0.7847237869104653,0.9453125,8,0.9091651921720064,1.0,False,False,up
AGR2,0.15834444444444434,0.7866321555794497,0.30078125,9,0.9110168142495441,0.6122213070019404,False,False,up
SSB,0.07455555555555556,0.7872106377334196,1.0,9,0.9110767770716605,1.0,False,False,up
NRN1,-0.03363999999999997,0.787304344640066,0.921875,10,0.9110767770716605,0.9885165662650602,False,False,down
SKIV2L,-0.04446,0.7880238223496008,1.0,10,0.9115502033244496,1.0,False,False,down
MYH4,-0.06929,0.7888754276305534,0.76953125,10,0.9118443151869413,0.9120715420702179,False,False,down
PRAME,-0.0625,0.7888990142628594,0.4921875,10,0.9118443151869413,0.7553278090979783,False,False,down
KCNC4,-0.06726250000000003,0.7900243989365849,0.7421875,8,0.9125948098753587,0.9120715420702179,False,False,down
YAP1,-0.011110000000000007,0.7901879142508251,0.921875,10,0.9125948098753587,0.9885165662650602,False,False,down
CCL25,-0.026220000000000028,0.7904804890442331,0.845703125,10,0.9125948098753587,0.9419150846131968,False,False,down
AKR1C4,0.07620999999999993,0.7910653093354922,0.845703125,10,0.9129111251545544,0.9419150846131968,False,False,up
LSM8,0.0398125,0.7916247834841132,0.84375,8,0.9130715144068431,0.9419150846131968,False,False,up
ANXA5,0.04223333333333333,0.7918260630555769,0.91015625,9,0.9130715144068431,0.9885165662650602,False,False,up
IFIT1,-0.0783875,0.7924413847971201,1.0,8,0.9134224282374969,1.0,False,False,down
PDGFRA,0.02845000000000001,0.7930492810046119,0.76953125,10,0.9135441081473521,0.9120715420702179,False,False,up
RANGAP1,0.044009999999999994,0.7934706795185935,0.4921875,10,0.9135441081473521,0.7553278090979783,False,False,up
ELN,0.06434000000000001,0.7934800884861747,0.6953125,10,0.9135441081473521,0.8749497911311054,False,False,up
RASA1,0.04078888888888892,0.7947540482978989,0.734375,9,0.914606715316347,0.9120715420702179,False,False,up
DIPK2B,-0.02492499999999999,0.7952130768046227,1.0,8,0.914606715316347,1.0,False,False,down
SIRT1,-0.078575,0.7953372662301499,0.640625,8,0.914606715316347,0.8479115029292474,False,False,down
PTP4A3,-0.05365,0.797100754409559,0.9453125,8,0.9162758965561153,1.0,False,False,down
ECSCR,0.05352500000000002,0.7974304943289297,0.546875,8,0.9162963074507302,0.7943894633746356,False,False,up
CCL28,-0.0368125,0.798449056561811,0.84375,8,0.9171078917176531,0.9419150846131968,False,False,down
KIR3DL1,0.060219999999999996,0.7992149005171176,0.921875,10,0.9171133563638921,0.9885165662650602,False,False,up
METAP1,0.04321111111111113,0.799854641141168,1.0,9,0.9171133563638921,1.0,False,False,up
FAM171A2,0.031219999999999894,0.8004084856526914,0.556640625,10,0.9171133563638921,0.7943894633746356,False,False,up
EDIL3,-0.03513000000000001,0.8004250366347921,0.845703125,10,0.9171133563638921,0.9419150846131968,False,False,down
LECT2,0.035519999999999996,0.8006293586433488,0.76953125,10,0.9171133563638921,0.9120715420702179,False,False,up
MMP9,-0.03597999999999997,0.8007280883787109,0.76953125,10,0.9171133563638921,0.9120715420702179,False,False,down
CTHRC1,-0.03199999999999999,0.800836476808636,0.625,10,0.9171133563638921,0.8447422917625402,False,False,down
FAS,-0.010570000000000001,0.8021122124336146,0.76953125,10,0.9171133563638921,0.9120715420702179,False,False,down
KIF22,-0.2057400000000001,0.8021177792274437,0.431640625,10,0.9171133563638921,0.7054694021285476,False,False,down
NBL1,0.01678,0.8024925196513981,0.6953125,10,0.9171133563638921,0.8749497911311054,False,False,up
DCUN1D2,0.08830000000000002,0.8027029508219792,0.232421875,10,0.9171133563638921,0.531637886974299,False,False,up
TANK,-0.05723999999999999,0.8027444866045311,0.845703125,10,0.9171133563638921,0.9419150846131968,False,False,down
NOS1,-0.06885555555555554,0.8027765190760291,0.30078125,9,0.9171133563638921,0.6122213070019404,False,False,down
PIGR,-0.009669999999999996,0.802825481515685,0.6953125,10,0.9171133563638921,0.8749497911311054,False,False,down
PAM,0.01156000000000001,0.803852827990759,1.0,10,0.9177586715661006,1.0,False,False,up
JAM3,0.028737499999999985,0.8040153428462978,1.0,8,0.9177586715661006,1.0,False,False,up
YY1,-0.09060000000000004,0.8050488943255463,1.0,8,0.9185814307047899,1.0,False,False,down
CHCHD10,-0.04246000000000004,0.8056861571480949,0.845703125,10,0.9187733507709527,0.9419150846131968,False,False,down
DYNLT1,0.04501111111111111,0.8058427482417345,0.91015625,9,0.9187733507709527,0.9885165662650602,False,False,up
KRT19,0.04351250000000004,0.8074447693145792,0.3125,8,0.9190382625206113,0.6122213070019404,False,False,up
MTR,-0.09316000000000005,0.8077131722941046,1.0,10,0.9190382625206113,1.0,False,False,down
INSL5,-0.022910000000000007,0.8082078214137984,0.921875,10,0.9190382625206113,0.9885165662650602,False,False,down
TGFB2,-0.09416999999999999,0.8082433533409841,0.76953125,10,0.9190382625206113,0.9120715420702179,False,False,down
MTDH,0.09427500000000005,0.8082912533380457,0.84375,8,0.9190382625206113,0.9419150846131968,False,False,up
KIF20B,-0.11581249999999993,0.808424398146826,0.9453125,8,0.9190382625206113,1.0,False,False,down
PNPT1,0.04219999999999998,0.8085229026199051,0.76953125,10,0.9190382625206113,0.9120715420702179,False,False,up
KRT17,0.058659999999999976,0.8090135877817346,1.0,10,0.9190382625206113,1.0,False,False,up
SNAP25,-0.03597500000000001,0.8093505108648065,0.84375,8,0.9190382625206113,0.9419150846131968,False,False,down
SCG3,-0.01923999999999999,0.8098867115095352,1.0,10,0.9190382625206113,1.0,False,False,down
GCHFR,-0.039887500000000006,0.8101013992320603,0.84375,8,0.9190382625206113,0.9419150846131968,False,False,down
CCAR2,-0.023419999999999993,0.8101380855418817,0.6953125,10,0.9190382625206113,0.8749497911311054,False,False,down
IFNL2,0.05251249999999999,0.8102625394200554,0.84375,8,0.9190382625206113,0.9419150846131968,False,False,up
MAEA,-0.03652000000000001,0.8105643485510194,0.76953125,10,0.9190382625206113,0.9120715420702179,False,False,down
SCGN,0.028459999999999985,0.8107688587643527,1.0,10,0.9190382625206113,1.0,False,False,up
PRC1,0.038160000000000006,0.8125548675136515,0.845703125,10,0.9204140761125353,0.9419150846131968,False,False,up
CREB3,-0.06721999999999999,0.8126093630779041,0.845703125,10,0.9204140761125353,0.9419150846131968,False,False,down
SDK2,0.031000000000000014,0.8140221201482357,1.0,8,0.9216588152950533,1.0,False,False,up
GPD1,-0.04009999999999998,0.8148854330595359,0.6953125,10,0.9219750533822655,0.8749497911311054,False,False,down
CKMT1A_CKMT1B,-0.02507999999999999,0.8151758655588205,0.556640625,10,0.9219750533822655,0.7943894633746356,False,False,down
ITGAL,0.36905000000000027,0.8158923279001193,0.9453125,8,0.9219750533822655,1.0,False,False,up
HMOX2,-0.026722222222222237,0.816422388617228,0.5703125,9,0.9219750533822655,0.8045186419308358,False,False,down
IL12RB1,-0.08233000000000003,0.8164541861678519,0.921875,10,0.9219750533822655,0.9885165662650602,False,False,down
LPO,-0.015399999999999994,0.8165205712244553,0.734375,9,0.9219750533822655,0.9120715420702179,False,False,down
TXNL1,0.043175000000000005,0.816850237108326,1.0,8,0.9219750533822655,1.0,False,False,up
CST3,0.016309999999999995,0.8169055986225238,0.845703125,10,0.9219750533822655,0.9419150846131968,False,False,up
ACYP1,-0.09656249999999998,0.8171266816322904,0.9453125,8,0.9219750533822655,1.0,False,False,down
LRP2,0.06388888888888886,0.8180564220900812,0.5703125,9,0.9226696281407714,0.8045186419308358,False,False,up
CACNB1,0.04909999999999998,0.8194315132796721,0.640625,8,0.923865779079615,0.8479115029292474,False,False,up
SFTPA2,-0.03382999999999998,0.8198313057453198,0.431640625,10,0.9239618361373769,0.7054694021285476,False,False,down
LMNB2,0.027639999999999998,0.8216186232949142,0.845703125,10,0.9256209806740172,0.9419150846131968,False,False,up
SHPK,0.041450000000000015,0.822663256372427,0.640625,8,0.9258791595562791,0.8479115029292474,False,False,up
NCF2,0.03236249999999996,0.8233218773108602,0.7421875,8,0.9258791595562791,0.9120715420702179,False,False,up
M6PR,0.02235555555555555,0.8233745695238682,1.0,9,0.9258791595562791,1.0,False,False,up
DUOX2,-0.03454999999999999,0.8240249861261251,0.6953125,10,0.9258791595562791,0.8749497911311054,False,False,down
IL22,0.01688999999999999,0.8240468209039479,0.921875,10,0.9258791595562791,0.9885165662650602,False,False,up
MERTK,0.01358,0.8243331213779339,0.6953125,10,0.9258791595562791,0.8749497911311054,False,False,up
SCN4B,0.02915555555555556,0.8251897878431462,0.8203125,9,0.9258791595562791,0.9419150846131968,False,False,up
IL4R,0.01773749999999999,0.8256622063006525,0.84375,8,0.9258791595562791,0.9419150846131968,False,False,up
TNF__Inflammation,-0.03676999999999998,0.8259618077441411,0.625,10,0.9258791595562791,0.8447422917625402,False,False,down
ITIH5,-0.08258999999999997,0.8260012633861358,1.0,10,0.9258791595562791,1.0,False,False,down
UBXN1,-0.06875000000000002,0.8272137112988828,0.84375,8,0.9258791595562791,0.9419150846131968,False,False,down
CPA4,0.011337500000000007,0.8272357255858858,1.0,8,0.9258791595562791,1.0,False,False,up
ATP6AP2,-0.06223000000000003,0.8274445237923533,0.845703125,10,0.9258791595562791,0.9419150846131968,False,False,down
AARSD1,0.08013000000000005,0.8274841523335217,0.556640625,10,0.9258791595562791,0.7943894633746356,False,False,up
ST13,-0.09369999999999995,0.8275235184509346,0.9453125,8,0.9258791595562791,1.0,False,False,down
NFYA,0.026599999999999967,0.8275750754605347,0.6953125,10,0.9258791595562791,0.8749497911311054,False,False,up
EPPK1,-0.0213111111111111,0.8279823289783588,0.8203125,9,0.9258791595562791,0.9419150846131968,False,False,down
TCN1,0.016859999999999993,0.8279947840116016,0.845703125,10,0.9258791595562791,0.9419150846131968,False,False,up
MYH7B,0.08470999999999997,0.8281168265268016,0.625,10,0.9258791595562791,0.8447422917625402,False,False,up
RETN,0.008680000000000004,0.8282284899812853,0.921875,10,0.9258791595562791,0.9885165662650602,False,False,up
SEZ6L,0.016549999999999995,0.8287081821526739,1.0,10,0.9258791595562791,1.0,False,False,up
CXADR,-0.03209999999999999,0.8287832177301525,0.640625,8,0.9258791595562791,0.8479115029292474,False,False,down
DDX53,0.056377777777777784,0.8291921462576777,0.734375,9,0.9259837770185549,0.9120715420702179,False,False,up
MN1,0.06425555555555557,0.8296932184934659,0.91015625,9,0.9261911754904255,0.9885165662650602,False,False,up
GFRA2,0.016499999999999994,0.8307543320912948,0.921875,10,0.9267623777489968,0.9885165662650602,False,False,up
JUN,-0.038430000000000006,0.8308360029326212,0.845703125,10,0.9267623777489968,0.9419150846131968,False,False,down
NPR1,-0.04139999999999997,0.8312178094414046,0.322265625,10,0.9268362590468509,0.6122213070019404,False,False,down
EXTL1,-0.04571999999999998,0.8323108293646392,0.625,10,0.9277028105669621,0.8447422917625402,False,False,down
SYT1,-0.02776,0.8332080684387221,1.0,10,0.92780888370136,1.0,False,False,down
SDHB,-0.021690000000000004,0.8332752399621131,0.845703125,10,0.92780888370136,0.9419150846131968,False,False,down
CACNA1C,0.04164999999999998,0.8333537062322738,0.84375,8,0.92780888370136,0.9419150846131968,False,False,up
CHRDL2,-0.020559999999999988,0.8339658121069463,0.431640625,10,0.9278123457817106,0.7054694021285476,False,False,down
RNF149,-0.029211111111111118,0.8339886254217623,1.0,9,0.9278123457817106,1.0,False,False,down
SIGLEC10,-0.011574999999999998,0.8348410576598506,0.84375,8,0.927988430897735,0.9419150846131968,False,False,down
CD80,0.04335000000000002,0.834960380030047,1.0,10,0.927988430897735,1.0,False,False,up
PAIP2B,-0.04205000000000001,0.8354389098766173,1.0,10,0.927988430897735,1.0,False,False,down
IGF1R,-0.010079999999999993,0.8355400573171375,0.6953125,10,0.927988430897735,0.8749497911311054,False,False,down
PPM1A,-0.022870000000000015,0.8357267278598941,0.76953125,10,0.927988430897735,0.9120715420702179,False,False,down
IL13RA2,0.11750000000000002,0.8363814862121008,0.9453125,8,0.9282430685000939,1.0,False,False,up
NUDT10,0.021777777777777778,0.8366796011242228,0.8203125,9,0.9282430685000939,0.9419150846131968,False,False,up
SAT2,0.04006249999999998,0.8369042034008336,0.84375,8,0.9282430685000939,0.9419150846131968,False,False,up
MAGEA3,-0.18917499999999998,0.8373576894282948,0.7421875,8,0.928395445017328,0.9120715420702179,False,False,down
HGS,0.05009000000000004,0.8383061741628905,0.375,10,0.9285254978563232,0.6675,False,False,up
C7orf50,-0.014589999999999988,0.8385524890543391,1.0,10,0.9285254978563232,1.0,False,False,down
AMBP,0.004740000000000011,0.8387745209256122,0.76953125,10,0.9285254978563232,0.9120715420702179,False,False,up
COPE,-0.031688888888888905,0.8393499741725883,1.0,9,0.9285254978563232,1.0,False,False,down
PSME2,-0.06586666666666666,0.8393706762851171,0.8203125,9,0.9285254978563232,0.9419150846131968,False,False,down
MYOM1,0.051112500000000005,0.8396031107253226,0.9453125,8,0.9285254978563232,1.0,False,False,up
DSC2,0.013189999999999997,0.839950691649273,0.921875,10,0.9285254978563232,0.9885165662650602,False,False,up
ACRBP,0.030390000000000007,0.8402199287146204,0.921875,10,0.9285254978563232,0.9885165662650602,False,False,up
POSTN,-0.026140000000000007,0.8404155261418852,0.845703125,10,0.9285254978563232,0.9419150846131968,False,False,down
FZD10,-0.030344444444444445,0.8406364653728169,0.91015625,9,0.9285254978563232,0.9885165662650602,False,False,down
TNF__Neurology,0.027044444444444444,0.8409962154099525,1.0,9,0.9285736408492595,1.0,False,False,up
GIPC2,0.023180000000000013,0.8416943012944605,0.845703125,10,0.9289951758368398,0.9419150846131968,False,False,up
LHPP,-0.05739999999999999,0.8425389481474383,1.0,10,0.9294137708580945,1.0,False,False,down
FGF5,0.027569999999999973,0.8430591204648783,0.76953125,10,0.9294137708580945,0.9120715420702179,False,False,up
MFAP5,0.01732999999999999,0.8433283944306706,0.845703125,10,0.9294137708580945,0.9419150846131968,False,False,up
PON3,0.004990000000000011,0.8434135648929701,0.845703125,10,0.9294137708580945,0.9419150846131968,False,False,up
TPRKB,-0.057340000000000044,0.8441991181368523,0.921875,10,0.9294137708580945,0.9885165662650602,False,False,down
TMPRSS11B,0.075875,0.8442864718631795,0.546875,8,0.9294137708580945,0.7943894633746356,False,False,up
DLK1,0.00835,0.8442887097886946,0.76953125,10,0.9294137708580945,0.9120715420702179,False,False,up
CCS,-0.060500000000000026,0.8458816307476635,0.91015625,9,0.9305572863069994,0.9885165662650602,False,False,down
IL5,-0.2370499999999999,0.8459611693699995,0.921875,10,0.9305572863069994,0.9885165662650602,False,False,down
BTNL10,0.04905000000000006,0.8476863074612259,0.921875,10,0.9321058348983978,0.9885165662650602,False,False,up
FRMD7,0.05103333333333331,0.8482012822585849,0.91015625,9,0.9323230411652186,0.9885165662650602,False,False,up
FTCD,-0.018340000000000002,0.8494802945887288,0.845703125,10,0.9331406807456973,0.9419150846131968,False,False,down
VWC2,-0.016466666666666678,0.8495879401364347,1.0,9,0.9331406807456973,1.0,False,False,down
DAPP1,0.034024999999999986,0.8499723945851292,0.4609375,8,0.9331406807456973,0.7405762787199125,False,False,up
DCTPP1,0.018820000000000003,0.8502160237233525,0.921875,10,0.9331406807456973,0.9885165662650602,False,False,up
RAB10,-0.03332000000000002,0.8518361819602488,1.0,10,0.934544034770367,1.0,False,False,down
SETMAR,0.011177777777777767,0.8521310606452308,0.91015625,9,0.934544034770367,0.9885165662650602,False,False,up
FOXO1,-0.030337499999999976,0.8529303078134787,0.9453125,8,0.935069147208885,1.0,False,False,down
IL2RA,0.009640000000000006,0.8532893801417268,0.921875,10,0.935069147208885,0.9885165662650602,False,False,up
GASK1A,-0.04505000000000002,0.8536795486394251,0.625,10,0.935069147208885,0.8447422917625402,False,False,down
REG1B,-0.010210000000000007,0.8538833683398807,0.76953125,10,0.935069147208885,0.9120715420702179,False,False,down
LPL,0.011489999999999995,0.8542170568738651,0.921875,10,0.9350859098168252,0.9885165662650602,False,False,up
ASPSCR1,-0.061589999999999964,0.8561455948871155,1.0,10,0.9368478435854912,1.0,False,False,down
LRG1,-0.015470000000000012,0.858195240927536,0.431640625,10,0.9387409395173829,0.7054694021285476,False,False,down
PILRA,-0.009279999999999993,0.8591237101974943,0.845703125,10,0.9394066779039616,0.9419150846131968,False,False,down
ZP4,-0.029330000000000012,0.8594950466769584,0.76953125,10,0.9394629520246471,0.9120715420702179,False,False,down
DUSP3,0.053944444444444524,0.8599576690694442,0.8203125,9,0.9396189263604753,0.9419150846131968,False,False,up
CBLN4,0.008800000000000013,0.8604385103374544,0.431640625,10,0.9397946838457061,0.7054694021285476,False,False,up
BEX3,0.07499000000000003,0.8608176236424544,0.556640625,10,0.9398592418728211,0.7943894633746356,False,False,up
PSMA1,-0.032760000000000025,0.8613399781586153,0.76953125,10,0.939912892018668,0.9120715420702179,False,False,down
GLT8D2,0.039299999999999974,0.8616514833259242,1.0,9,0.939912892018668,1.0,False,False,up
CEBPB,0.03167999999999997,0.861892988292536,0.845703125,10,0.939912892018668,0.9419150846131968,False,False,up
HLA-DRA,0.028812499999999984,0.8621468611162041,0.9453125,8,0.939912892018668,1.0,False,False,up
GLB1,0.013811111111111107,0.8635297161589044,0.91015625,9,0.9408868956336651,0.9885165662650602,False,False,up
TOR1AIP1,-0.026644444444444457,0.8636809910208925,1.0,9,0.9408868956336651,1.0,False,False,down
CRELD1,0.013637499999999976,0.864685310777337,1.0,8,0.9415258652400879,1.0,False,False,up
PNLIP,-0.022300000000000052,0.8649086770234106,0.845703125,10,0.9415258652400879,0.9419150846131968,False,False,down
FCRL2,0.006589999999999999,0.8654998781249483,1.0,10,0.9415906779405778,1.0,False,False,up
EZR,-0.01413999999999999,0.86568648477369,1.0,10,0.9415906779405778,1.0,False,False,down
CD99L2,0.008409999999999996,0.8660273735383087,1.0,10,0.9415906779405778,1.0,False,False,up
CD3E,0.029812500000000006,0.8662505998622545,1.0,8,0.9415906779405778,1.0,False,False,up
TSPAN1,0.014089999999999986,0.8667106820681442,0.76953125,10,0.941611568662902,0.9120715420702179,False,False,up
HMGCS1,0.03274000000000004,0.8669110254220248,0.625,10,0.941611568662902,0.8447422917625402,False,False,up
CLEC7A,0.010049999999999995,0.8680502619469324,0.921875,10,0.9421993611952136,0.9885165662650602,False,False,up
PDRG1,0.02489999999999999,0.868284638232987,0.734375,9,0.9421993611952136,0.9120715420702179,False,False,up
KIAA2013,0.02018000000000001,0.8690767589970869,0.6953125,10,0.9421993611952136,0.8749497911311054,False,False,up
PAXX,-0.023037500000000002,0.8695394202958446,0.84375,8,0.9421993611952136,0.9419150846131968,False,False,down
CD55,-0.010019999999999992,0.8696423794031292,1.0,10,0.9421993611952136,1.0,False,False,down
LRIG3,-0.03882499999999999,0.8697258492672035,0.640625,8,0.9421993611952136,0.8479115029292474,False,False,down
FGF7,-0.03579999999999999,0.8697306713928039,0.921875,10,0.9421993611952136,0.9885165662650602,False,False,down
PSMD1,-0.10114000000000001,0.8703975824871502,0.625,10,0.9421993611952136,0.8447422917625402,False,False,down
AGR3,0.033150000000000054,0.8704336787691491,1.0,10,0.9421993611952136,1.0,False,False,up
THSD1,0.032325000000000007,0.8710861264346158,0.9453125,8,0.9421993611952136,1.0,False,False,up
ORM1,0.007050000000000001,0.8711873887837274,0.76953125,10,0.9421993611952136,0.9120715420702179,False,False,up
GATD3,0.02217777777777781,0.8713355413018424,1.0,9,0.9421993611952136,1.0,False,False,up
TAFA5,-0.010830000000000001,0.8716226300195422,0.921875,10,0.9421993611952136,0.9885165662650602,False,False,down
IGF2R,0.007429999999999997,0.8728918425826991,0.76953125,10,0.9431407688024848,0.9120715420702179,False,False,up
GRK5,-0.027600000000000003,0.8731393153980923,1.0,10,0.9431407688024848,1.0,False,False,down
MUCL3,-0.017899999999999965,0.874148445630671,0.845703125,10,0.9431407688024848,0.9419150846131968,False,False,down
CSF2,0.03655999999999998,0.8742052279746048,0.556640625,10,0.9431407688024848,0.7943894633746356,False,False,up
ATG4A,0.05084000000000003,0.8744483945026804,0.4921875,10,0.9431407688024848,0.7553278090979783,False,False,up
NLGN1,0.041211111111111136,0.8746831879562955,0.91015625,9,0.9431407688024848,0.9885165662650602,False,False,up
IL15RA,-0.03777000000000005,0.8750621095400695,0.921875,10,0.9431407688024848,0.9885165662650602,False,False,down
DLGAP5,0.02025,0.8755284278591784,1.0,10,0.9431407688024848,1.0,False,False,up
PSME1,0.03368888888888889,0.8759032893316323,0.8203125,9,0.9431407688024848,0.9419150846131968,False,False,up
WASF3,-0.19937777777777776,0.8759079027931783,1.0,9,0.9431407688024848,1.0,False,False,down
PRUNE2,-0.023537499999999982,0.8760258826330196,0.9453125,8,0.9431407688024848,1.0,False,False,down
CERT,-0.02788888888888887,0.8774008880846208,0.734375,9,0.9441123807864541,0.9120715420702179,False,False,down
AXL,0.009589999999999996,0.8777767322833615,0.921875,10,0.9441123807864541,0.9885165662650602,False,False,up
DNPH1,-0.05723,0.8778927177146088,0.6953125,10,0.9441123807864541,0.8749497911311054,False,False,down
RBM25,-0.04454999999999998,0.8794941463589694,0.6953125,10,0.9454883996545729,0.8749497911311054,False,False,down
UBE2B,0.02044000000000001,0.8804842781808077,0.845703125,10,0.9459438724108317,0.9419150846131968,False,False,up
CES2,0.017030000000000024,0.8805619840555716,0.921875,10,0.9459438724108317,0.9885165662650602,False,False,up
SNCG,-0.01931111111111113,0.8809115425546483,1.0,9,0.9459733822606955,1.0,False,False,down
COL4A4,0.2850125000000001,0.8816876016659823,0.640625,8,0.946385743234195,0.8479115029292474,False,False,up
MEGF11,0.024440000000000017,0.8819399997385059,0.921875,10,0.946385743234195,0.9885165662650602,False,False,up
LBP,-0.020559999999999988,0.8829284150020222,1.0,10,0.9471003487439517,1.0,False,False,down
CLEC10A,-0.008522222222222202,0.8835066281407646,1.0,9,0.9473745771629886,1.0,False,False,down
LMOD2,-0.06942499999999999,0.8849956209880065,0.7421875,8,0.948624868190429,0.9120715420702179,False,False,down
DUSP29,0.02826666666666671,0.8854528026771447,1.0,9,0.9487686543096584,1.0,False,False,up
NPTX1,-0.00507,0.8862475165682702,1.0,10,0.9487781394368399,1.0,False,False,down
L1CAM,0.007670000000000013,0.8862730405117574,0.76953125,10,0.9487781394368399,0.9120715420702179,False,False,up
FABP3,-0.0427399999999999,0.8864307846832443,0.556640625,10,0.9487781394368399,0.7943894633746356,False,False,down
VASN,0.010580000000000006,0.8879556025378814,1.0,10,0.9500639725514599,1.0,False,False,up
BCL2L1,0.05051999999999997,0.888820491655224,0.845703125,10,0.950643038598468,0.9419150846131968,False,False,up
GAS6,0.00836,0.889669849035031,1.0,10,0.9512050770352698,1.0,False,False,up
SCARA5,0.011949999999999999,0.8911373785319522,1.0,10,0.9522313691466536,1.0,False,False,up
LILRB5,0.004349999999999933,0.8912781865114576,0.921875,10,0.9522313691466536,0.9885165662650602,False,False,up
PTS,-0.028455555555555543,0.891604636643992,0.8203125,9,0.9522337519357835,0.9419150846131968,False,False,down
EDDM3B,-0.015400000000000047,0.8923145672524624,1.0,10,0.9526455412651699,1.0,False,False,down
CTSZ,-0.008630000000000004,0.8929894791611985,0.845703125,10,0.9530196585379506,0.9419150846131968,False,False,down
KLHL41,-0.026729999999999955,0.8934175258922904,0.921875,10,0.9531301393191635,0.9885165662650602,False,False,down
BABAM1,0.020637499999999975,0.8938125020753819,1.0,8,0.9532052718211316,1.0,False,False,up
CCN5,-0.013280000000000017,0.8944784126153928,1.0,10,0.9535691825231973,1.0,False,False,down
PYDC1,0.00875555555555556,0.8954889716790853,1.0,9,0.9543001124170803,1.0,False,False,up
TJP3,0.02893749999999999,0.8961057547264064,1.0,8,0.9546110270698062,1.0,False,False,up
TUBB3,-0.03531249999999998,0.8964585492525049,0.9453125,8,0.9546405943272687,1.0,False,False,down
PBLD,0.026799999999999997,0.8978314197312127,0.8203125,9,0.9554343866589443,0.9419150846131968,False,False,up
ADH4,0.009239999999999988,0.8978545819471182,0.845703125,10,0.9554343866589443,0.9419150846131968,False,False,up
ISLR2,-0.018188888888888897,0.8984748855389844,0.8203125,9,0.955748185015573,0.9419150846131968,False,False,down
IL13RA1,0.004829999999999992,0.8990076871968429,1.0,10,0.9558079953135549,1.0,False,False,up
ADAM22,-0.012155555555555555,0.899411129119332,0.8203125,9,0.9558079953135549,0.9419150846131968,False,False,down
ALDH5A1,-0.021379999999999982,0.8995074222154122,0.845703125,10,0.9558079953135549,0.9419150846131968,False,False,down
LPCAT2,0.014290000000000008,0.8999760202055738,1.0,10,0.9558726525180744,1.0,False,False,up
FCRL5,-0.006939999999999993,0.9004043497403013,0.921875,10,0.9558726525180744,0.9885165662650602,False,False,down
C9,-0.02288000000000001,0.9007836137272249,0.845703125,10,0.9558726525180744,0.9419150846131968,False,False,down
PCDH12,0.009239999999999983,0.9010989097276327,0.845703125,10,0.9558726525180744,0.9419150846131968,False,False,up
ADA,0.007470000000000016,0.9013625449609393,0.556640625,10,0.9558726525180744,0.7943894633746356,False,False,up
MLLT1,0.03139000000000003,0.9015210239955962,1.0,10,0.9558726525180744,1.0,False,False,up
PTK7,0.04402222222222221,0.9035851148522674,0.91015625,9,0.9577154393075097,0.9885165662650602,False,False,up
PSRC1,-0.018410000000000003,0.9044943282154321,1.0,10,0.9580997176228176,1.0,False,False,down
GUK1,-0.055830000000000046,0.9048242704846421,0.431640625,10,0.9580997176228176,0.7054694021285476,False,False,down
THY1,-0.009950000000000004,0.9049263250547144,0.921875,10,0.9580997176228176,0.9885165662650602,False,False,down
PRRT3,0.010633333333333347,0.9055443470111968,0.65234375,9,0.958408557539418,0.8526629255674232,False,False,up
AIDA,-0.04102222222222222,0.9066487322211141,1.0,9,0.9584605227181279,1.0,False,False,down
DLL4,0.0282111111111111,0.9067248083514083,1.0,9,0.9584605227181279,1.0,False,False,up
PINLYP,-0.0184625,0.9067331176974512,0.9453125,8,0.9584605227181279,1.0,False,False,down
IFNL1,-0.03342222222222227,0.9075046405532177,0.734375,9,0.9584605227181279,0.9120715420702179,False,False,down
IGDCC3,0.03928749999999995,0.9075147954498421,0.7421875,8,0.9584605227181279,0.9120715420702179,False,False,up
EVI2B,0.013060000000000006,0.9078493249948822,0.76953125,10,0.9584605227181279,0.9120715420702179,False,False,up
FCER1A,0.018320000000000013,0.9079221279125909,0.556640625,10,0.9584605227181279,0.7943894633746356,False,False,up
ODAM,-0.017533333333333328,0.9082041657216717,0.8203125,9,0.9584605227181279,0.9419150846131968,False,False,down
DCLRE1C,0.028589999999999983,0.9087743070085671,1.0,10,0.9587177225877016,1.0,False,False,up
DCUN1D1,0.04043749999999997,0.9107227960765494,1.0,8,0.9604283131335101,1.0,False,False,up
SLC1A4,-0.02091111111111111,0.9115767465705298,0.91015625,9,0.960565846303809,0.9885165662650602,False,False,down
STK24,0.023966666666666667,0.9116457044338412,0.91015625,9,0.960565846303809,0.9885165662650602,False,False,up
RPL14,-0.02175555555555556,0.9119002717202628,0.8203125,9,0.960565846303809,0.9419150846131968,False,False,down
CPLX2,0.02283000000000001,0.9121614386589456,0.76953125,10,0.960565846303809,0.9120715420702179,False,False,up
RNASE10,-0.012522222222222193,0.9132247236939426,0.91015625,9,0.9613408650498599,0.9885165662650602,False,False,down
UNC5D,0.024250000000000008,0.9142846299835483,0.4609375,8,0.9619885196657304,0.7405762787199125,False,False,up
CNTN3,-0.00641000000000001,0.9144950449120597,0.921875,10,0.9619885196657304,0.9885165662650602,False,False,down
LY9,0.003800000000000006,0.9151927925468912,1.0,10,0.962299392120858,1.0,False,False,up
PTH1R,0.010150000000000013,0.9154804057919944,1.0,8,0.962299392120858,1.0,False,False,up
CEMIP2,0.01774999999999998,0.9157735107176704,0.4609375,8,0.962299392120858,0.7405762787199125,False,False,up
NOTCH3,-0.006879999999999997,0.9168047448106189,0.76953125,10,0.9630384604823989,0.9120715420702179,False,False,down
PRKCQ,-0.02152000000000003,0.9176172605354201,0.845703125,10,0.9635473343555699,0.9419150846131968,False,False,down
FOLH1,0.010287499999999977,0.9182904956373953,0.84375,8,0.9638768242320905,0.9419150846131968,False,False,up
TOP1,0.005699999999999922,0.9186891526353375,1.0,10,0.9638768242320905,1.0,False,False,up
UPB1,0.012240000000000011,0.9191149486107365,0.76953125,10,0.9638768242320905,0.9120715420702179,False,False,up
SLAMF8,0.018240000000000017,0.9192437809581497,0.76953125,10,0.9638768242320905,0.9120715420702179,False,False,up
MUC16,0.11309999999999984,0.9201025116461272,0.845703125,10,0.9644329324427822,0.9419150846131968,False,False,up
SPARCL1,-0.005199999999999982,0.9206343791719307,0.76953125,10,0.9646461547013773,0.9120715420702179,False,False,down
GBP1,-0.012619999999999975,0.9221352036460773,1.0,10,0.9658741416221572,1.0,False,False,down
PACS2,0.05713999999999997,0.9228406988192227,0.625,10,0.9662684964107155,0.8447422917625402,False,False,up
APOA4,-0.01146999999999999,0.9237199900285613,0.556640625,10,0.966681852743282,0.7943894633746356,False,False,down
BIRC2,0.02358000000000001,0.9238937557543047,0.556640625,10,0.966681852743282,0.7943894633746356,False,False,up
THAP12,0.03708999999999997,0.9242378985458622,0.431640625,10,0.9666975455944435,0.7054694021285476,False,False,up
AMIGO2,-0.005509999999999996,0.9246458256192582,0.921875,10,0.9667799180647068,0.9885165662650602,False,False,down
S100A13,-0.009600000000000025,0.9253720898808068,0.9453125,8,0.9671949565764874,1.0,False,False,down
CENPF,-0.04365000000000005,0.9260287610142678,0.546875,8,0.9672658072731979,0.7943894633746356,False,False,down
UBE2Z,0.01865,0.9260985529629664,0.84375,8,0.9672658072731979,0.9419150846131968,False,False,up
CRNN,0.0069500000000000395,0.9266714554344,1.0,10,0.9675201082868229,1.0,False,False,up
DDR1,-0.007419999999999987,0.9270663156749241,0.6953125,10,0.9675884040999475,0.8749497911311054,False,False,down
SCN2A,0.02815000000000001,0.929117603867277,0.7421875,8,0.9691994516788057,0.9120715420702179,False,False,up
NENF,-0.021110000000000007,0.9292698862538362,0.76953125,10,0.9691994516788057,0.9120715420702179,False,False,down
PALM,-0.00742999999999999,0.9310379818112497,0.921875,10,0.9705084747426909,0.9885165662650602,False,False,down
LZTFL1,0.023912499999999975,0.9311858637469876,0.84375,8,0.9705084747426909,0.9419150846131968,False,False,up
KEL,-0.0159,0.9317102447822802,1.0,9,0.9705728480125722,1.0,False,False,down
IL20RA,0.018350000000000033,0.931908556825146,1.0,10,0.9705728480125722,1.0,False,False,up
CHAC2,0.0267,0.9335832499721097,1.0,10,0.9719723520624197,1.0,False,False,up
SIGLEC8,-0.004400000000000005,0.9339329270989214,1.0,9,0.9719918521933141,1.0,False,False,down
NTF4,0.009519999999999995,0.9351375192572216,0.6953125,10,0.9726904463993968,0.8749497911311054,False,False,up
NPL,0.015449999999999964,0.9352665374980922,0.845703125,10,0.9726904463993968,0.9419150846131968,False,False,up
MYL6B,0.024344444444444478,0.936201577425267,1.0,9,0.9733182417338087,1.0,False,False,up
NEFL,0.03444444444444442,0.9374035173512694,1.0,9,0.9736879039602371,1.0,False,False,up
GIMAP8,-0.013979999999999992,0.9377289783023441,1.0,10,0.9736879039602371,1.0,False,False,down
ATXN2L,0.011339999999999994,0.9377827303364815,0.921875,10,0.9736879039602371,0.9885165662650602,False,False,up
ATF4,-0.016149999999999977,0.9378832415061323,0.76953125,10,0.9736879039602371,0.9120715420702179,False,False,down
TLR1,0.01807499999999998,0.9392647241066521,0.9453125,8,0.9747669786941575,1.0,False,False,up
GALNT2,-0.0034799999999999887,0.939586420389227,1.0,10,0.9747669786941575,1.0,False,False,down
NECTIN1,-0.013974999999999987,0.9402950886359582,0.84375,8,0.9748573896903275,0.9419150846131968,False,False,down
FSHB,0.0063111111111110825,0.940965246275214,0.8203125,9,0.9748573896903275,0.9419150846131968,False,False,up
GALNT5,-0.00605,0.9411286871018794,1.0,10,0.9748573896903275,1.0,False,False,down
CD70,0.011087500000000014,0.9411504218415387,0.640625,8,0.9748573896903275,0.8479115029292474,False,False,up
FAM171B,0.006200000000000011,0.9417199551019573,1.0,10,0.9748573896903275,1.0,False,False,up
KLK12,-0.015229999999999988,0.9417376385681304,0.76953125,10,0.9748573896903275,0.9120715420702179,False,False,down
CPTP,-0.009350000000000002,0.9423474140199443,1.0,10,0.9748573896903275,1.0,False,False,down
PDZK1,0.012862499999999999,0.9427386782500706,0.9453125,8,0.9748573896903275,1.0,False,False,up
NDRG1,-0.024744444444444402,0.9430318610481578,0.8203125,9,0.9748573896903275,0.9419150846131968,False,False,down
STC1,-0.004710000000000017,0.9432138406434256,0.921875,10,0.9748573896903275,0.9885165662650602,False,False,down
ITGA11,-0.006912499999999992,0.9433247196118184,0.7421875,8,0.9748573896903275,0.9120715420702179,False,False,down
S100P,0.01604000000000001,0.9442833355456435,1.0,10,0.9755048035517252,1.0,False,False,up
TDGF1,-0.02182222222222221,0.9452598000416941,0.65234375,9,0.9758816406218926,0.8526629255674232,False,False,down
MAP1LC3B2,0.014179999999999993,0.945514180979999,0.845703125,10,0.9758816406218926,0.9419150846131968,False,False,up
CNPY2,0.015710000000000005,0.9458448947490045,0.556640625,10,0.9758816406218926,0.7943894633746356,False,False,up
GFRA3,-0.0031777777777777794,0.9459771981104965,1.0,9,0.9758816406218926,1.0,False,False,down
PDE4D,-0.012499999999999966,0.9468093087018793,0.845703125,10,0.976164438048628,0.9419150846131968,False,False,down
EIF4B,0.031199999999999936,0.9469160653730135,0.8203125,9,0.976164438048628,0.9419150846131968,False,False,up
SEPTIN3,0.007610000000000039,0.9476327289934485,1.0,10,0.9765604649311433,1.0,False,False,up
FZD8,0.015112500000000029,0.9492882738130346,0.7421875,8,0.977643931578802,0.9120715420702179,False,False,up
ANKRD54,0.021720000000000007,0.9493498443523131,0.625,10,0.977643931578802,0.8447422917625402,False,False,up
MRPL52,-0.007890000000000017,0.9511130996079924,0.921875,10,0.979116429564905,0.9885165662650602,False,False,down
RASGRF1,-0.027300000000000012,0.952126698014085,1.0,10,0.9798164373046138,1.0,False,False,down
PDIA5,-0.014750000000000008,0.953182013921373,1.0,10,0.9805588703632478,1.0,False,False,down
CD300LG,-0.0034199999999999786,0.9546314127323985,0.921875,10,0.9817060431355231,0.9885165662650602,False,False,down
SPRR1B,0.013312499999999991,0.955339597251499,0.7421875,8,0.9819736577267514,0.9120715420702179,False,False,up
NOMO1,0.002520000000000011,0.9555603383667196,0.921875,10,0.9819736577267514,0.9885165662650602,False,False,up
HS3ST3B1,0.005690000000000003,0.9564442119240721,0.921875,10,0.9825381778317593,0.9885165662650602,False,False,up
CLEC4A,-0.0039374999999999966,0.9569458496452536,0.640625,8,0.9826768177021608,0.8479115029292474,False,False,down
MASP1,-0.002622222222222242,0.9572483402948184,0.8203125,9,0.9826768177021608,0.9419150846131968,False,False,down
CCL3,0.009087500000000054,0.9586593563763985,0.9453125,8,0.9837814569103712,1.0,False,False,up
CLEC4C,-0.0034250000000000044,0.9592346108538876,0.640625,8,0.9840279609073936,0.8479115029292474,False,False,down
RRM2B,0.00929000000000001,0.9596663870806379,1.0,10,0.9841271574217295,1.0,False,False,up
TMOD4,-0.018590000000000016,0.9607131420791293,0.845703125,10,0.9841422637318323,0.9419150846131968,False,False,down
DNAJB2,0.02278749999999999,0.961097802315658,0.9453125,8,0.9841422637318323,1.0,False,False,up
CA14,0.002839999999999998,0.9611966086497064,1.0,10,0.9841422637318323,1.0,False,False,up
SAT1,0.012870000000000003,0.9613516570911775,1.0,10,0.9841422637318323,1.0,False,False,up
NBN,0.007389999999999996,0.9618893317468946,1.0,10,0.9841422637318323,1.0,False,False,up
NEDD4L,0.011862499999999984,0.961914244976035,0.640625,8,0.9841422637318323,0.8479115029292474,False,False,up
TSLP,-0.00649999999999999,0.9628848975054121,0.556640625,10,0.9841422637318323,0.7943894633746356,False,False,down
STEAP4,0.00986249999999999,0.9632890504448495,1.0,8,0.9841422637318323,1.0,False,False,up
SLURP1,-0.005150000000000017,0.9634334813237159,0.232421875,10,0.9841422637318323,0.531637886974299,False,False,down
PTGES2,-0.010487499999999983,0.9635002278900885,0.9453125,8,0.9841422637318323,1.0,False,False,down
CSNK1D,0.009274999999999992,0.9635159567584621,0.84375,8,0.9841422637318323,0.9419150846131968,False,False,up
PCARE,-0.007974999999999996,0.9639326520468662,1.0,8,0.9841422637318323,1.0,False,False,down
BRDT,-0.008270000000000033,0.9642416921017414,0.921875,10,0.9841422637318323,0.9885165662650602,False,False,down
GHRHR,0.006277777777777802,0.964403634959966,0.91015625,9,0.9841422637318323,0.9885165662650602,False,False,up
TDP1,0.009390000000000004,0.9647610955939345,1.0,10,0.9841422637318323,1.0,False,False,up
CSPG5,0.011937499999999962,0.9650424649464342,0.9453125,8,0.9841422637318323,1.0,False,False,up
GAD1,-0.005559999999999976,0.9659169578156203,0.921875,10,0.9844665226656063,0.9885165662650602,False,False,down
EIF5,-0.014929999999999933,0.966243182346872,0.845703125,10,0.9844665226656063,0.9419150846131968,False,False,down
ARNT,-0.006159999999999994,0.9663660145879956,0.76953125,10,0.9844665226656063,0.9120715420702179,False,False,down
GDNF,0.012233333333333322,0.9671860745243803,0.91015625,9,0.9849602985014233,0.9885165662650602,False,False,up
GADD45B,-0.008237500000000023,0.9683303853633736,1.0,8,0.9854390509471986,1.0,False,False,down
GBP6,-0.00531999999999998,0.9687312331661775,0.76953125,10,0.9854390509471986,0.9120715420702179,False,False,down
SLITRK2,0.001930000000000004,0.9688036400442965,1.0,10,0.9854390509471986,1.0,False,False,up
CBS,0.008233333333333266,0.9689982904785528,0.91015625,9,0.9854390509471986,0.9885165662650602,False,False,up
SRP14,-0.00739000000000003,0.9695372606939703,0.921875,10,0.9856458756172346,0.9885165662650602,False,False,down
IL17C,-0.0063799999999999855,0.9713019758321726,0.76953125,10,0.9870587451486476,0.9120715420702179,False,False,down
IL1RAP,0.001969999999999966,0.9719352683892244,1.0,10,0.9870587451486476,1.0,False,False,up
RIDA,0.0047750000000000015,0.9724873157383581,0.7421875,8,0.9870587451486476,0.9120715420702179,False,False,up
TMEM25,0.006029999999999957,0.9725873126627154,1.0,10,0.9870587451486476,1.0,False,False,up
CASC3,-0.007288888888888906,0.9726074254205604,0.65234375,9,0.9870587451486476,0.8526629255674232,False,False,down
CAMKK1,0.007969999999999988,0.9736048007517596,0.76953125,10,0.9877296372393499,0.9120715420702179,False,False,up
RECK,0.0028555555555555556,0.9740462756352497,0.91015625,9,0.9878362954215223,0.9885165662650602,False,False,up
TRPV3,-0.00875999999999999,0.9744801115673479,0.921875,10,0.9879351355448053,0.9885165662650602,False,False,down
CCL21,-0.0031800000000000023,0.9757024664975058,0.4921875,10,0.9888330379928139,0.7553278090979783,False,False,down
CXCL8__Neurology,-0.004011111111111126,0.9772895306639564,1.0,9,0.9900998108175372,1.0,False,False,down
MENT,0.001199999999999998,0.9783691302103197,1.0,8,0.990531854694816,1.0,False,False,up
MORF4L2,-0.0024400000000000034,0.978390504075472,1.0,10,0.990531854694816,1.0,False,False,down
NUBP1,0.005119999999999991,0.9796630211340405,1.0,10,0.9909833434533354,1.0,False,False,up
INPP5J,0.006930000000000003,0.9798846114444449,0.921875,10,0.9909833434533354,0.9885165662650602,False,False,up
GH2,-0.005980000000000085,0.9801383673361708,0.625,10,0.9909833434533354,0.8447422917625402,False,False,down
SERPINA11,0.001529999999999973,0.9801861126087639,0.921875,10,0.9909833434533354,0.9885165662650602,False,False,up
KRT14,-0.005911111111111089,0.9816424380689642,0.8203125,9,0.9919130871004055,0.9419150846131968,False,False,down
ADGRE1,-0.0020899999999999643,0.9818498619905276,1.0,10,0.9919130871004055,1.0,False,False,down
C19orf12,0.004288888888888866,0.9821189163391144,0.8203125,9,0.9919130871004055,0.9419150846131968,False,False,up
CD160,0.0008100000000000052,0.982554076140602,1.0,10,0.9920114546665342,1.0,False,False,up
LY96,0.0017555555555555597,0.9829460326648666,0.42578125,9,0.9920661504937158,0.7054694021285476,False,False,up
CSF2RB,0.0017624999999999967,0.9834894720462912,1.0,8,0.9922401472392758,1.0,False,False,up
TMCO5A,-0.006900000000000005,0.9838596334193128,0.91015625,9,0.9922401472392758,0.9885165662650602,False,False,down
DDA1,-0.005360000000000043,0.9841319540034084,0.921875,10,0.9922401472392758,0.9885165662650602,False,False,down
ADGRB3,-0.001133333333333332,0.9848061181633094,1.0,9,0.9925791245866986,1.0,False,False,down
SIGLEC1,0.0009000000000000119,0.9867681384426421,1.0,10,0.9942154451478696,1.0,False,False,up
ASGR2,-0.0022400000000000033,0.9875390232696502,0.556640625,10,0.9945833614874736,0.7943894633746356,False,False,down
FSTL1,0.0014444444444444396,0.9880707148771142,0.734375,9,0.9945833614874736,0.9120715420702179,False,False,up
GLRX,-0.005509999999999998,0.988149216486363,0.322265625,10,0.9945833614874736,0.6122213070019404,False,False,down
FES,0.0021699999999999927,0.9893659232820735,0.6953125,10,0.9953451805740947,0.8749497911311054,False,False,up
ADRA2A,0.0023299999999999875,0.9895839044182351,0.6953125,10,0.9953451805740947,0.8749497911311054,False,False,up
CDKL5,-0.0016125000000000167,0.9907787354083737,1.0,8,0.9962058014017094,1.0,False,False,down
RNF31,0.0023875000000000146,0.9911538056706306,0.84375,8,0.9962418642213012,0.9419150846131968,False,False,up
REST,-0.0018199999999999855,0.9924239123602954,1.0,10,0.9967167419148795,1.0,False,False,down
SIGLEC15,-0.0010444444444445392,0.9924783472057066,1.0,9,0.9967167419148795,1.0,False,False,down
KLK4,-0.0005099999999999439,0.9932424794127618,0.921875,10,0.9967167419148795,0.9885165662650602,False,False,down
SCN3B,-0.002524999999999944,0.9933547922127006,0.546875,8,0.9967167419148795,0.7943894633746356,False,False,down
HSPA2,-0.0011800000000000254,0.9938248991985975,0.6953125,10,0.9967167419148795,0.8749497911311054,False,False,down
ANPEP,0.00034999999999998644,0.9940406672134237,1.0,10,0.9967167419148795,1.0,False,False,up
FGF20,-0.001300000000000065,0.9944255944795364,0.9453125,8,0.9967167419148795,1.0,False,False,down
PAFAH1B3,-0.0007199999999999984,0.9946473819779095,1.0,10,0.9967167419148795,1.0,False,False,down
BHMT2,0.0018099999999999783,0.9946965074350425,0.4921875,10,0.9967167419148795,0.7553278090979783,False,False,up
GSTP1,0.0020111111111110747,0.9950199139579252,1.0,9,0.9967167419148795,1.0,False,False,up
TIA1,0.0009499999999999953,0.9972685307179183,0.921875,10,0.9986285969036911,0.9885165662650602,False,False,up
ATP1B4,0.0014699999999999934,0.9979499364356812,0.921875,10,0.9989703351436932,0.9885165662650602,False,False,up
SIL1,-0.00022222222222222858,0.9987085375301427,0.65234375,9,0.9993890884926845,0.8526629255674232,False,False,down
SPINT1,6.000000000001282e-05,0.9990567803266948,0.921875,10,0.9993970585216289,0.9885165662650602,False,False,up
ANK2,-7.000000000000894e-05,0.9996241698077357,0.431640625,10,0.9996241698077357,0.7054694021285476,False,False,down
