Gene_set,Term,Overlap,P-value,Adjusted P-value,Old P-value,Old Adjusted P-value,Odds Ratio,Combined Score,Genes,theme
GO_Biological_Process_2023,Inflammatory Response (GO:0006954),44/236,2.2609250279489014e-22,6.640336807085925e-19,0,0,7.801418439716312,388.8312610859385,CCL13;CXCL6;CD40;CXCL9;CCL11;ITGB2;CXCL1;F11R;CXCL3;AGER;CRHBP;IL1RL1;PRDX5;CCL8;ADGRE5;HYAL1;CCL5;CCL4;CCL19;CCL17;TNFRSF4;CCL16;AOC3;CCL24;CCL23;CCL22;TGFB1;VCAM1;CCL20;IL10RB;F2R;IL18;PPBP;HSPG2;SELE;TNFRSF1A;CXCL11;CD40LG;IL2RA;KIT;XCL1;ADAM8;MGLL;TLR3,immune
GO_Biological_Process_2023,Regulation Of ERK1 And ERK2 Cascade (GO:0070372),42/244,4.9221233017614506e-20,7.228138068636688e-17,0,0,7.049469964664311,313.40506680164594,DDR1;CCL13;SEMA7A;CCL11;NOTCH1;PDGFB;CXCL17;PDGFA;TREM2;AGER;EGFR;CRKL;ICAM1;CCL8;CCL5;CCL4;TIMP3;CCN2;APOE;CCL19;CCL17;GBP1;CCL16;PDGFRB;CCL24;CD74;CCL23;MAP2K1;CCL22;TGFB1;ANGPT1;CCL20;NTRK3;ADIPOQ;F2R;FN1;TGFBR3;PTPRC;TNIP1;XCL1;PTPN6;GAS6,
GO_Biological_Process_2023,Positive Regulation Of ERK1 And ERK2 Cascade (GO:0070374),35/179,9.908601451546742e-19,9.70052082106426e-16,0,0,8.164630599185573,338.47058738976665,DDR1;CCL13;SEMA7A;NOTCH1;CCL11;CXCL17;PDGFB;PDGFA;TREM2;AGER;EGFR;CRKL;ICAM1;CCL8;CCL5;CCL4;CCN2;APOE;CCL19;CCL17;CCL16;PDGFRB;CCL24;CD74;MAP2K1;CCL23;TGFB1;CCL22;ANGPT1;CCL20;NTRK3;F2R;PTPRC;XCL1;GAS6,
GO_Biological_Process_2023,Positive Regulation Of MAPK Cascade (GO:0043410),45/310,2.3149599754377144e-18,1.6997593619651418e-15,0,0,5.769060625356078,234.2650483039749,DDR1;CCL13;CD40;SEMA7A;CCL11;NOTCH1;PDGFB;CXCL17;PDGFA;TREM2;AGER;EGFR;CRKL;ICAM1;ROBO1;CCL8;CCL5;CCL4;CCN2;APOE;CCL19;IGFBP6;CCL17;CCL16;PDGFRB;CCL24;CD74;CCL23;MAP2K1;CCL22;TGFB1;ANGPT1;CCL20;EGF;NTRK3;F2R;EIF2AK2;SOD1;PTPRC;GFRAL;KIT;ADAM9;XCL1;ADAM8;GAS6,
GO_Biological_Process_2023,Neutrophil Migration (GO:1990266),23/77,4.435348209981881e-17,2.6053235385433568e-14,0,0,14.079582146248812,530.1573795867564,CXCL6;CCL13;CCL24;CXCL9;CCL23;CCL11;CCL22;CCL20;ITGB2;CXCL1;PPBP;CXCL3;CXCL11;CCL8;CCL5;CCL4;PECAM1;XCL1;CCL19;PPIB;CCL17;CCL16;CD177,
GO_Biological_Process_2023,Leukocyte Cell-Cell Adhesion (GO:0007159),16/31,8.622000514140794e-17,4.220469251671919e-14,0,0,34.913513513513514,1291.4379274858595,ITGB1;VCAM1;CLEC4M;SEMA4D;ITGB2;F11R;SELE;ICAM1;SELP;CD40LG;TNIP1;CD209;CCL5;PECAM1;JAM2;CD177,immune
GO_Biological_Process_2023,Granulocyte Chemotaxis (GO:0071621),22/73,1.7366374688301563e-16,7.286434637077384e-14,0,0,14.237502509536238,516.6705763881208,CXCL6;CCL13;CCL24;CXCL9;CCL23;CCL11;CCL22;CCL20;ITGB2;CXCL1;PPBP;CXCL3;CXCL11;CCL8;CCL5;BSG;CCL4;XCL1;CCL19;PPIB;CCL17;CCL16,
GO_Biological_Process_2023,Neutrophil Chemotaxis (GO:0030593),21/70,9.41366833250207e-16,3.455992986569823e-13,0,0,14.122414212703822,488.6242165543601,CXCL6;CCL13;CCL24;CXCL9;CCL23;CCL11;CCL22;CCL20;ITGB2;CXCL1;PPBP;CXCL3;CXCL11;CCL8;CCL5;CCL4;XCL1;CCL19;PPIB;CCL17;CCL16,
GO_Biological_Process_2023,Response To Tumor Necrosis Factor (GO:0034612),25/108,1.4792551556010258e-15,4.827302657778014e-13,0,0,9.97592428031164,340.65025774745004,CCL13;CD40;ASAH1;CCL11;CRHBP;CASP8;CCL8;HYAL1;CASP3;CCL5;CCL4;CCL19;CD58;CCL17;GBP1;CCL16;CCL24;CCL23;CCL22;CCL20;ADIPOQ;SELE;ADAM9;XCL1;TNFRSF21,
GO_Biological_Process_2023,Chemokine-Mediated Signaling Pathway (GO:0070098),19/57,2.4563256511682464e-15,7.214228437481139e-13,0,0,16.429541595925297,552.6915832389577,CXCL6;CCL13;CCL24;CXCL9;CCL23;CCL11;CCL22;CCL20;CXCL1;PPBP;CXCL3;CXCL11;CCL8;CCL5;CCL4;XCL1;CCL19;CCL17;CCL16,immune
GO_Biological_Process_2023,Cytokine-Mediated Signaling Pathway (GO:0019221),37/257,3.4220822571195448e-15,9.136959626509186e-13,0,0,5.646903359337685,188.0900340386117,CCL13;CXCL6;CXCL9;CCL11;PDGFB;CXCL1;IL1RAP;CXCL3;IL1RL1;CCL8;CCL5;CCL4;IL12B;CCL19;CD300LF;CCL17;IL6R;CCL16;CCL24;CCL23;CCL22;IL1R1;CCL20;IL18;PPBP;LILRB2;OSMR;TNFRSF1B;IL17RA;TNFRSF1A;CXCL11;IL2RA;KIT;XCL1;PTPN6;IL7R;IL18R1,immune
GO_Biological_Process_2023,Positive Regulation Of Intracellular Signal Transduction (GO:1902533),54/525,4.407084738446061e-15,1.0786339897346734e-12,0,0,3.915679827082711,129.43500113790904,ITGB1;DDR1;CD40;FASLG;TREM2;PARK7;CASP8;TNFSF10;IL12B;TRIM25;ITGAV;PDGFRB;ADIPOQ;F2R;TNFRSF19;IL18;SHISA5;TNFRSF1A;EEF1D;GFRAL;KIT;HCLS1;ADAM8;GAS6;TLR3;ENG;HBEGF;PDGFB;PDGFA;AGER;EGFR;ERBB3;CCL5;CCL4;CCL19;IGFBP6;KIAA0319;FIS1;CD74;TGFB1;ANGPT1;SEMA4D;EGF;NTRK3;FN1;EIF2AK2;SOD1;SELP;PTPRC;AXL;CNTN1;PTPN6;HPSE;LTBR,
GO_Biological_Process_2023,Cellular Response To Chemokine (GO:1990869),19/59,5.091052532563261e-15,1.150186252933715e-12,0,0,15.606451612903228,513.6284830156208,CXCL6;CCL13;CCL24;CXCL9;CCL23;CCL11;CCL22;CCL20;CXCL1;PPBP;CXCL3;CXCL11;CCL8;CCL5;CCL4;XCL1;CCL19;CCL17;CCL16,immune
GO_Biological_Process_2023,Cell-Cell Adhesion Via Plasma-Membrane Adhesion Molecules (GO:0098742),30/172,7.954675423897004e-15,1.66877726571325e-12,0,0,7.036161606316098,228.4291028953249,ITGB1;ITGAM;PTPRS;ITGB2;PVR;PKD1;PTPRF;ICAM1;ROBO1;CDH5;ALCAM;CDH3;SLITRK2;CDH1;CDH23;SCARF2;SCARF1;CD177;CD164;VCAM1;SELE;SELP;CD6;CD209;PECAM1;PLXNB2;ESAM;DSG2;CNTN4;CDH15,
GO_Biological_Process_2023,Phagocytosis (GO:0006909),19/69,1.2691380601598325e-13,2.484972321792952e-11,0,0,12.478709677419356,370.5586310559272,ITGB1;ITGAM;MEGF10;CD93;ANXA3;ITGB2;TREM2;MERTK;CORO1A;MESD;BIN2;AXL;PECAM1;MYH9;ITGAV;HAVCR1;GAS6;MET;LDLR,
GO_Biological_Process_2023,Monocyte Chemotaxis (GO:0002548),15/42,6.812328192869797e-13,1.2504879939036618e-10,0,0,18.14221472737493,508.2518282577662,CCL13;CCL24;CCL23;CCL11;CCL22;CCL20;PDGFB;CCL8;CCL5;CCL4;XCL1;CCL19;CCL17;IL6R;CCL16,
GO_Biological_Process_2023,Lymphocyte Chemotaxis (GO:0048247),15/44,1.5004203125625462e-12,2.5921967399977637e-10,0,0,16.88928301447927,459.8153887870077,CCL13;CCL24;CCL23;CCL11;CCL22;CCL20;CXCL11;CCL8;CCL5;CCL4;XCL1;CCL19;GAS6;CCL17;CCL16,immune
GO_Biological_Process_2023,Positive Regulation Of Cytokine Production (GO:0001819),37/320,3.3289515275216847e-12,5.431739242406213e-10,0,0,4.375393736114807,115.634497068,CD40;SERPINE1;CXCL17;PARK7;LY9;AGER;IL12B;TNFRSF14;CCL19;CD58;IL6R;HAVCR2;CD276;MBL2;CD74;TGFB1;IL1R1;ADIPOQ;F2R;IL18;EIF2AK2;IL16;PRG3;LILRB2;IL17RA;SOD1;CD40LG;PTPRC;CD6;CNTN1;XCL1;HPSE;CD46;TLR3;IL18R1;CD244;HSPA1A,immune
GO_Biological_Process_2023,Cellular Response To Tumor Necrosis Factor (GO:0071356),22/119,9.44572918829054e-12,1.460110875053122e-09,0,0,7.467893459061961,189.57589884762388,CCL13;CCL24;CD40;ASAH1;CCL23;CCL11;CCL22;CCL20;TNFRSF1B;TNFRSF1A;CRHBP;CCL8;HYAL1;CCL5;CCL4;XCL1;CCL19;CD58;CCL17;GBP1;TNFRSF21;CCL16,
GO_Biological_Process_2023,Positive Regulation Of Phosphatidylinositol 3-Kinase Signaling (GO:0014068),17/69,1.779167957952341e-11,2.612708146253012e-09,0,0,10.698294936873618,264.8073010004305,DDR1;PDGFRB;SEMA4D;EGF;NTRK3;F2R;IL18;PDGFB;FN1;PDGFA;TREM2;SELP;ERBB3;CCL5;KIT;HCLS1;PTPN6,
GO_Biological_Process_2023,Regulation Of Peptidyl-Tyrosine Phosphorylation (GO:0050730),19/90,2.1729307933798093e-11,2.900862609162045e-09,0,0,8.778282598818718,215.52754726712865,CD74;TGFB1;ANGPT1;SEMA4D;ITGB2;PDGFB;PDGFA;TREM2;EGFR;THBS4;EFNA1;PTPRC;PECAM1;IL12B;HCLS1;TNFRSF14;PTPN6;ITGA5;IL6R,
GO_Biological_Process_2023,Regulation Of Phosphatidylinositol 3-Kinase Signaling (GO:0014066),19/90,2.1729307933798093e-11,2.900862609162045e-09,0,0,8.778282598818718,215.52754726712865,DDR1;PDGFRB;SEMA4D;EGF;NTRK3;F2R;IL18;PDGFB;FN1;PDGFA;TREM2;EGFR;SELP;ERBB3;PIK3IP1;CCL5;KIT;HCLS1;PTPN6,
GO_Biological_Process_2023,Response To Type II Interferon (GO:0034341),18/80,2.3550867487815855e-11,3.007343383118051e-09,0,0,9.51175505740842,232.77032347245657,CCL13;CCL24;CD74;CD40;CCL23;CCL11;CCL22;CCL20;CCL8;KYNU;CCL5;CCL4;XCL1;CCL19;CD58;CCL17;GBP1;CCL16,immune
GO_Biological_Process_2023,Cellular Response To Interleukin-1 (GO:0071347),18/81,2.9434930802042896e-11,3.6020996569e-09,0,0,9.360290556900726,226.97617893518984,CCL13;CCL24;CD40;CCL23;CCL11;CCL22;IL1R1;CCL20;IL1RAP;CCL8;HYAL1;CCL5;CCL4;XCL1;CCL19;CCL17;GBP1;CCL16,immune
GO_Biological_Process_2023,Positive Regulation Of Peptidyl-Tyrosine Phosphorylation (GO:0050731),22/130,5.821394117003273e-11,6.838973808655446e-09,0,0,6.703450891164202,157.9795316748825,CD74;CD40;TGFB1;ANGPT1;SEMA4D;PDGFB;IL18;TREM2;THBS4;TNFRSF1A;EFNA1;PTPRC;ERBB3;CCL5;KIT;PECAM1;IL12B;HCLS1;TNFRSF14;ITGA5;GAS6;IL6R,
GO_Biological_Process_2023,Positive Regulation Of Cell Migration (GO:0030335),32/272,6.311527289490315e-11,7.129598326628099e-09,0,0,4.433333333333334,104.12152527612508,ITGB1;GRN;SEMA7A;CCL11;NOTCH1;PDGFB;PDGFA;EGFR;CRKL;CDH5;HYAL1;PLAU;CCL5;CCN4;PDGFRB;CCL24;TGFB1;SEMA4D;EGF;NTRK3;F2R;FN1;SOD2;COL1A1;PTPRC;KIT;ANGPTL3;CNTN1;PECAM1;ADAM9;EPHA1;HBEGF,
GO_Biological_Process_2023,Response To Interleukin-1 (GO:0070555),18/85,6.943735739313955e-11,7.553241431987068e-09,0,0,8.799645838603592,205.82896165384136,CCL13;CCL24;CD40;CCL23;CCL11;CCL22;IL1R1;CCL20;SELE;CCL8;HYAL1;CCL5;CCL4;XCL1;CCL19;CCL17;GBP1;CCL16,immune
GO_Biological_Process_2023,Cellular Response To Type II Interferon (GO:0071346),16/66,9.142014095116459e-11,9.589319784770372e-09,0,0,10.455135135135135,241.6762543980305,CCL13;CCL24;CCL23;CCL11;CCL22;IFNGR1;CCL20;CCL8;CCL5;CCL4;XCL1;CCL19;CD58;CCL17;GBP1;CCL16,immune
GO_Biological_Process_2023,Positive Regulation Of Cell Population Proliferation (GO:0008284),44/483,9.673097692187636e-11,9.796513076536238e-09,0,0,3.3681158015476824,77.66567672310012,GRN;NOTCH1;TNXB;MEGF10;REG1B;REG1A;PDGFB;PDGFA;EGFR;CRKL;DPP4;ERBB3;HYAL1;CCL5;CCN4;ITGAV;TIMP1;STX3;IL6R;FGF23;PDGFRB;CD74;TGFB1;EGF;NTRK3;F2R;TNFSF13;FN1;IL18;FLT3LG;OSMR;PGF;TGFBR3;PTPRC;DNAJA2;HCLS1;PTPN6;HPSE;GAS6;EPHA1;IL7R;FXN;LGMN;HBEGF,
GO_Biological_Process_2023,Positive Regulation Of Phosphorylation (GO:0042327),29/231,1.0522380760223056e-10,1.0301410764258372e-08,0,0,4.758203799654577,109.3194065181842,DDR1;CD40;TREM2;AGER;EGFR;CRKL;ERBB3;CCL5;FGF23;EPHB4;PDGFRB;CD74;TGFB1;ANGPT1;SEMA4D;EGF;NTRK3;ADIPOQ;F2;MERTK;PGF;EFNA1;AXL;PECAM1;FAS;EPHA1;GAS6;MET;ENG,
GO_Biological_Process_2023,Lymphocyte Migration (GO:0072676),13/41,1.3441672573212596e-10,1.2734900757266256e-08,0,0,15.109963985594238,343.45063349967154,CCL13;CCL24;CCL23;CCL11;CCL22;CCL20;CCL8;CCL5;CCL4;XCL1;CCL19;CCL17;CCL16,immune
GO_Biological_Process_2023,Regulation Of Cell Migration (GO:0030334),41/434,1.424343933198209e-10,1.3072806661884813e-08,0,0,3.495738923219839,79.25588094227746,ITGB1;GRN;SEMA7A;CCL11;NOTCH1;TNXB;SERPINE2;SERPINE1;PDGFB;PDGFA;THY1;EGFR;ROBO1;CDH5;CDH1;PLAU;CCL5;DAG1;TMSB10;FGF23;PDGFRB;CCL24;CD74;TGFB1;SEMA4D;EGF;NTRK3;ADIPOQ;F2R;SOD2;SLURP1;COL1A1;KIT;ANGPTL3;PECAM1;CNTN1;ADAM9;PLXNB2;EPHA1;ENG;HBEGF,
GO_Biological_Process_2023,Positive Regulation Of Cell Motility (GO:2000147),28/221,1.7849267318020678e-10,1.5885847913038405e-08,0,0,4.802322672860461,107.7952089133276,ITGB1;GRN;SEMA7A;CCL11;NOTCH1;PDGFB;PDGFA;EGFR;CDH5;PLAU;CCL5;CCL19;PDGFRB;CCL24;TGFB1;SEMA4D;EGF;NTRK3;F2R;SOD2;COL1A1;KIT;ANGPTL3;CNTN1;PECAM1;ADAM9;EPHA1;HBEGF,
GO_Biological_Process_2023,Negative Regulation Of Peptidase Activity (GO:0010466),15/60,2.2133580178193878e-10,1.9119507348045712e-08,0,0,10.875210792580102,241.7705098168051,CSTB;SERPINB1;SERPINE2;SERPINF1;SERPINE1;SPINK5;PARK7;CST7;SERPINA4;SERPINA5;SERPINB6;CST3;TIMP3;TIMP1;CTSB,
GO_Biological_Process_2023,Regulation Of Inflammatory Response (GO:0050727),29/240,2.650681846155951e-10,2.224300737760008e-08,0,0,4.553110854635792,100.40080236425322,GRN;SEMA7A;SERPINE1;CXCL17;PARK7;PLA2G7;AGER;CDH5;CCL5;CCN4;IL12B;CCN3;APOE;GGT1;IL1R1;ADIPOQ;MMP3;IL18;APOA1;IL16;TNFRSF1B;SELE;IL17RA;TNFRSF1A;PROC;TNIP1;XCL1;MGLL;TLR3,immune
GO_Biological_Process_2023,Positive Regulation Of Chemotaxis (GO:0050921),13/44,3.642031602582332e-10,2.9712907824400852e-08,0,0,13.645595012198427,296.5639365925495,PDGFRB;TGFB1;NTRK3;PDGFB;TREM2;SMOC2;CNTN1;XCL1;CCL19;STX3;IL6R;MET;LGMN,
GO_Biological_Process_2023,Cellular Response To Cytokine Stimulus (GO:0071345),33/308,3.790788781019072e-10,3.009066662122436e-08,0,0,3.989634782608696,86.54825171336374,CCL13;CD40;ASAH1;CCL11;SHMT1;CRHBP;CCL8;HYAL1;CCL5;CCL4;IL12B;CCL19;CD58;CCL17;IL6R;GBP1;CCL16;CCL24;CCL23;CCL22;CCL20;LILRB2;OSMR;TNFRSF1A;AXL;KIT;HCLS1;XCL1;PTPN6;GAS6;IL7R;TNFRSF21;IFNAR1,immune
GO_Biological_Process_2023,Positive Regulation Of Lymphocyte Proliferation (GO:0050671),16/74,5.737441619628294e-10,4.37068162134726e-08,0,0,9.00931966449208,191.7078493950632,CD74;CD40;VCAM1;IL18;LILRB2;TNFSF13B;CD40LG;PTPRC;CD6;CD209;CCL5;IL12B;CCL19;CD46;TNFRSF4;CD276,immune
GO_Biological_Process_2023,Proteolysis (GO:0006508),34/330,5.803765176457035e-10,4.37068162134726e-08,0,0,3.8213579433091622,81.27013413633352,FCN2;CPM;CPB1;CPQ;CTSZ;KLK4;CTSS;DPP4;ENDOU;CASP7;CASP8;PLAU;ANPEP;CASP3;ADAM23;TPSAB1;GGT1;CTSC;CTSB;MBL2;USP25;MMP1;GZMA;MMP3;TMPRSS11D;MMP12;PROC;CTRL;CNTN1;ADAM8;TPP1;CTRC;LGMN;METAP2,
GO_Biological_Process_2023,Integrin-Mediated Signaling Pathway (GO:0007229),17/85,6.062827365166402e-10,4.451630992873431e-08,0,0,8.174280879864636,173.48827811067997,ITGB1;SEMA7A;ITGAM;FYB1;MPIG6B;ITGB2;FN1;APOA1;THY1;COL3A1;CD40LG;ANGPTL3;ADAM9;MYH9;ITGAV;ITGB7;ITGA5,
GO_Biological_Process_2023,Eosinophil Chemotaxis (GO:0048245),10/24,8.363976492017532e-10,5.8488092754894044e-08,0,0,23.146201624462496,483.7999842706205,CCL13;CCL24;CCL23;CCL11;CCL22;CCL8;CCL5;CCL4;XCL1;CCL16,
GO_Biological_Process_2023,Eosinophil Migration (GO:0072677),10/24,8.363976492017532e-10,5.8488092754894044e-08,0,0,23.146201624462496,483.7999842706205,CCL13;CCL24;CCL23;CCL11;CCL22;CCL8;CCL5;CCL4;XCL1;CCL16,
GO_Biological_Process_2023,Positive Regulation Of Response To External Stimulus (GO:0032103),22/155,1.887747619895703e-09,1.289375525496205e-07,0,0,5.436346839795735,109.20469086097708,PDGFRB;GRN;TGFB1;SERPINE1;PDGFB;IL18;TREM2;IL16;F2;PLA2G7;IL17RA;TNFRSF1A;TNIP1;PLAU;CCL5;CCN4;IL12B;ADAM8;CCL19;STX3;SCARF1;TLR3,
GO_Biological_Process_2023,Positive Regulation Of Protein Kinase B Signaling (GO:0051897),17/93,2.612805084057556e-09,1.744047393608419e-07,0,0,7.310802386677353,144.482228424738,ITGB1;TGFB1;ANGPT1;EGF;IL18;PDGFA;PARK7;EGFR;AXL;GFRAL;CNTN1;HCLS1;CCL19;HPSE;GAS6;ENG;HBEGF,
GO_Biological_Process_2023,Extracellular Matrix Organization (GO:0030198),23/176,4.168269576342373e-09,2.661349509938598e-07,0,0,4.943824367353779,95.39487248657508,VIT;COL18A1;COL15A1;TGFB1;MMP1;SPINK5;MMP3;KLK4;NID2;CTSS;MMP10;COL1A1;MMP12;SMOC2;COL3A1;SPINT1;SMOC1;ADAM8;QSOX1;TGFBI;TPSAB1;GAS6;MATN2,
GO_Biological_Process_2023,Positive Regulation Of Hydrolase Activity (GO:0051345),23/176,4.168269576342373e-09,2.661349509938598e-07,0,0,4.943824367353779,95.39487248657508,RTN4R;ITGB1;CCL13;CCL24;CD40;CCL23;CCL11;CCL22;SEMA4D;CCL20;F2R;APOA1;THY1;CTSS;CCL8;CCL5;PSAP;CCL4;XCL1;CCL19;AGRN;CCL17;CCL16,
GO_Biological_Process_2023,Regulation Of Protein Kinase B Signaling (GO:0051896),20/136,5.506713615359718e-09,3.441110189002445e-07,0,0,5.65212291813277,107.48810491588304,ITGB1;TGFB1;ANGPT1;EGF;NTRK3;IL18;SORD;PDGFA;PARK7;EGFR;AXL;GFRAL;DAG1;CNTN1;HCLS1;HPSE;CCL19;GAS6;ENG;HBEGF,
GO_Biological_Process_2023,Positive Regulation Of Cellular Process (GO:0048522),46/594,6.9194816418045115e-09,4.233857829579136e-07,0,0,2.814582954515936,52.88298797500179,GRN;NOTCH1;TNXB;REG1B;REG1A;PDGFB;PDGFA;CST7;DNPH1;EGFR;CRKL;DPP4;CDH3;ERBB3;HYAL1;CCL5;IL12B;ITGAV;TIMP1;CCL19;STX3;CCN2;IL6R;FGF23;PDGFRB;TGFB1;EGF;NTRK3;F2R;TNFSF13;FN1;FLT3LG;TNFRSF1B;OSMR;PGF;DNAJA2;HCLS1;ADAM8;PTPN6;EPHA1;IL7R;FXN;HDGFL2;LGMN;HBEGF;EIF4G1,
GO_Biological_Process_2023,Heterotypic Cell-Cell Adhesion (GO:0034113),10/29,7.445510212525083e-09,4.373492698837234e-07,0,0,17.050695300123216,319.11492464754576,ITGB1;VCAM1;ITGB2;ITGAV;ITGB7;DSG2;CD58;LILRB2;ITGA5;DSC2,
GO_Biological_Process_2023,Regulation Of Blood Coagulation (GO:0030193),10/29,7.445510212525083e-09,4.373492698837234e-07,0,0,17.050695300123216,319.11492464754576,PROC;SERPINE2;PLAU;SERPINE1;F2R;GP1BA;APOE;HPSE;TFPI;F2,
GO_Biological_Process_2023,Regulation Of T Cell Proliferation (GO:0042129),15/77,9.105280872546651e-09,5.243570573072453e-07,0,0,7.886362400043518,146.01135694659663,VCAM1;ARG1;LILRB2;TNFRSF1B;CD40LG;PTPRC;CD6;CD209;CCL5;IL12B;VSIG4;CCL19;CD46;TNFRSF21;CD276,immune
GO_Biological_Process_2023,Negative Regulation Of Blood Coagulation (GO:0030195),10/30,1.086574279475544e-08,6.137055113114755e-07,0,0,16.19732441471572,297.0208799790594,PROC;SERPINE2;PLAU;SERPINE1;PDGFB;PDGFA;GP1BA;APOE;TFPI;F2,
GO_Biological_Process_2023,Regulation Of Protein Phosphorylation (GO:0001932),28/265,1.1196989319917044e-08,6.204822194829501e-07,0,0,3.901789611523352,71.43248506079986,CD40;ITGB2;PDGFA;TREM2;PARK7;AGER;EGFR;CRKL;CDH5;FGF23;CD74;TGFB1;ANGPT1;SEMA4D;NTRK3;ADIPOQ;FN1;SORD;F2;PGF;SOD1;EFNA1;IMPACT;PECAM1;FAS;PLXNB2;GAS6;ENG,
GO_Biological_Process_2023,Negative Regulation Of Apoptotic Process (GO:0043066),39/482,3.1307060319085784e-08,1.6812966111478227e-06,0,0,2.931803845802901,50.65987644612847,ITGB1;GRN;NOTCH1;TREM2;PARK7;TRIAP1;EGFR;COMP;PRDX5;PTPRZ1;ERBB3;LAMP3;APOE;TXNDC5;CD74;DFFA;ANGPT1;SEMA4D;BDNF;F2R;MERTK;SOD2;DKK1;PRAP1;SOD1;FABP1;CD40LG;PROC;AXL;TAX1BP1;HCLS1;FAS;ADAM8;ANGPTL4;ITGA5;GAS6;FXN;LGMN;HSPA1A,
GO_Biological_Process_2023,Cell-Matrix Adhesion (GO:0007160),17/109,3.14849552649405e-08,1.6812966111478227e-06,0,0,6.034355918487456,104.23599184871608,DDR1;ITGB1;VCAM1;ITGAM;ITGB2;FN1;THY1;NID2;PKD1;COL3A1;ANGPTL3;ADAM9;ITGAV;ITGB7;HPSE;ITGA5;CD34,
GO_Biological_Process_2023,Regulation Of GTPase Activity (GO:0043087),24/214,4.007448331339163e-08,2.101763526632701e-06,0,0,4.153280461427541,70.74085757548777,RTN4R;ITGB1;CCL13;CCL24;CD40;CCL23;CCL11;CCL22;SEMA4D;CCL20;F2R;THY1;SOD1;KLRK1;CCL8;CCL5;CCL4;PLXNB2;XCL1;CCL19;EPHA1;AGRN;CCL17;CCL16,
GO_Biological_Process_2023,Negative Regulation Of Multicellular Organismal Process (GO:0051241),25/231,4.261166555452704e-08,2.1956221356779983e-06,0,0,3.993821712268314,67.77969855504996,LRPAP1;GRN;NOTCH1;LAMA4;TREM2;AGER;EGFR;ROBO1;CRHBP;APOM;TIMP1;RAB11FIP3;IFNGR1;ADIPOQ;F2R;ACOT13;APOA1;APOA4;DKK1;VASN;EFNA1;PROC;ALDH1A1;GAS6;IL18R1,
GO_Biological_Process_2023,Response To Cytokine (GO:0034097),18/125,4.4556516711896826e-08,2.25624982039381e-06,0,0,5.498653571994297,93.07300045954456,CD74;CD40;IL1R1;ADIPOQ;EIF2AK2;OSMR;SELE;SELP;COL3A1;CASP8;LAMP3;CASP3;KYNU;ADAM9;TIMP3;HCLS1;TIMP1;IL6R,immune
GO_Biological_Process_2023,Regulation Of Cell Population Proliferation (GO:0042127),52/766,5.7185559538033166e-08,2.8466777688678543e-06,0,0,2.4465872680007257,40.80164883370367,COL18A1;CXCL9;REG1B;PDCD5;REG1A;CXCL1;CRKL;PPP1R9B;HHEX;TNFRSF8;ITGAV;TIMP1;IL6R;PDGFRB;MAP2K1;F2R;FLT3LG;OSMR;PGF;KIT;HCLS1;EPHA1;FXN;ENG;HBEGF;NOTCH1;TNXB;PDGFB;PDGFA;EGFR;DPP4;ERBB3;IGFBP7;STX3;IGFBP6;FGF23;CCL23;TGFB1;EGF;NTRK3;TNFSF13;FN1;EIF2AK2;SOD2;SLURP1;CXCL11;DNAJA2;PTPN6;MELTF;IL7R;HSPA1A;LGMN,
GO_Biological_Process_2023,Positive Regulation Of Protein Phosphorylation (GO:0001934),33/377,5.8609683217728914e-08,2.8689439935078305e-06,0,0,3.177876643073812,52.91916468172847,CD40;TNXB;PDGFB;PDGFA;TREM2;PARK7;AGER;EGFR;THBS4;CRKL;TNFRSF14;CCL19;IL6R;FGF23;CD74;TGFB1;ANGPT1;SEMA4D;BDNF;EGF;NTRK3;ADIPOQ;F2;PGF;EFNA1;PTPRC;PECAM1;HCLS1;FAS;ITGA5;GAS6;ENG;EIF4G1,
GO_Biological_Process_2023,Negative Regulation Of Extracellular Matrix Organization (GO:1903054),6/9,5.9840244231807e-08,2.881160611619953e-06,0,0,64.41528239202658,1071.3284004077318,CST3;DPP4;NOTCH1;TGFB1;TNFRSF1B;TNFRSF1A,
GO_Biological_Process_2023,Endocytosis (GO:0006897),22/189,7.569426852268764e-08,3.55165094660936e-06,0,0,4.321902270544236,70.86434455478714,ITGB1;ITGAM;CD93;SCARA5;ANXA3;ITGB2;STAB2;HIP1R;MERTK;HSPG2;CORO1A;MESD;IGF2R;AXL;DNER;PECAM1;APOE;GAS6;SCARF1;MET;LDLR;PDLIM7,
GO_Biological_Process_2023,Regulation Of Angiogenesis (GO:0045765),23/205,7.618454533074214e-08,3.55165094660936e-06,0,0,4.149807457499765,68.0157891376026,ITGB1;CD40;GRN;ANXA3;CD160;SERPINF1;TNFSF12;SERPINE1;SPINK5;FASLG;THBS2;HSPG2;PGF;THBS4;SMOC2;CDH5;HHEX;HYAL1;ANGPTL3;CNTN1;ANGPTL4;EPHA1;CD34,vascular
GO_Biological_Process_2023,Positive Regulation Of Kinase Activity (GO:0033674),16/104,9.731998886296369e-08,4.466075113914443e-06,0,0,5.9287469287469285,95.72116913749188,PDGFRB;DDR1;CD74;NTRK3;TREM2;F2;MERTK;EGFR;PTPRC;ERBB3;AXL;CCL19;EPHA1;GAS6;MET;EPHB4,
GO_Biological_Process_2023,Heterophilic Cell-Cell Adhesion Via Plasma Membrane Cell Adhesion Molecules (GO:0007157),11/49,1.909531280164659e-07,8.628143645913235e-06,0,0,9.384378030503392,145.1879445098256,SELP;CD164;ALCAM;VCAM1;CD6;CD209;SCARF2;PVR;SCARF1;SELE;ICAM1,
GO_Biological_Process_2023,Regulation Of Plasminogen Activation (GO:0010755),7/16,2.088681223796683e-07,9.29463144589524e-06,0,0,25.08430393788131,385.8357957514261,CLEC3B;SERPINE2;PLAU;CTSZ;SERPINE1;ENO1;MELTF,
GO_Biological_Process_2023,Cellular Response To Lipopolysaccharide (GO:0071222),17/124,2.182916876356757e-07,9.5689953221788e-06,0,0,5.184385723547923,79.51517206039303,CXCL6;CXCL9;TGFB1;SERPINE1;IL18;CXCL1;PPBP;LILRB2;CXCL3;TNFRSF1B;CXCL11;CASP7;CD6;TNIP1;AXL;CCL5;ADAM9,
GO_Biological_Process_2023,Positive Regulation Of Transferase Activity (GO:0051347),18/143,3.576396584657938e-07,1.5446877601677003e-05,0,0,4.702454237288135,69.80200758077038,PDGFRB;DDR1;CD74;TGFB1;NTRK3;ADIPOQ;APOA1;TREM2;APOA4;MERTK;EGFR;ERBB3;TNIP1;AXL;APOE;EPHA1;MET;EPHB4,
GO_Biological_Process_2023,Nervous System Development (GO:0007399),34/433,4.870062505863699e-07,2.0729526927132875e-05,0,0,2.819601267978308,40.98287307346673,DCTN1;CXCL1;PKD1;EGFR;ROBO1;ATXN3;PTPRZ1;OPHN1;ERBB3;CDH1;ADAM23;DNER;NPTX1;PCDH1;MBL2;CDON;DBNL;TGFB1;MOG;BDNF;SPINK5;FN1;CRIM1;GFRA1;MERTK;NFASC;BTD;AXL;APEX1;GFRAL;TPP1;CNTN4;MELTF;MET,
GO_Biological_Process_2023,Positive Regulation Of T Cell Proliferation (GO:0042102),12/65,5.168086828303022e-07,2.168381573532282e-05,0,0,7.3467139420032925,106.3480415251464,VCAM1;CD40LG;PTPRC;CD6;CD209;CCL5;IL18;IL12B;CCL19;LILRB2;CD46;CD276,immune
GO_Biological_Process_2023,Regulation Of Smooth Muscle Cell Proliferation (GO:0048660),11/54,5.465739982981821e-07,2.2609687788757195e-05,0,0,8.29102878734759,119.55328665284851,PDGFRB;TGFB1;CCL5;OGN;IL18;PDGFB;CCN4;IL12B;APOD;APOE;IL6R,
GO_Biological_Process_2023,Positive Regulation Of Vasculature Development (GO:1904018),15/104,5.775733026471528e-07,2.356017763714844e-05,0,0,5.486196638687307,78.80609017003053,ITGB1;CD40;GRN;ANXA3;TNFSF12;SERPINE1;PGF;CDH5;SMOC2;HYAL1;CNTN1;ANGPTL3;ANGPTL4;EPHA1;CD34,
GO_Biological_Process_2023,Positive Regulation Of MAP Kinase Activity (GO:0043406),14/91,6.13664553804887e-07,2.4689490335958265e-05,0,0,5.91215182124273,84.56634001763742,PDGFRB;CD40;TGFB1;EGF;NTRK3;PDGFB;PDGFA;DKK1;EGFR;ROBO1;ERN1;KIT;ADAM9;CCL19,
GO_Biological_Process_2023,Positive Regulation Of Angiogenesis (GO:0045766),16/119,6.47412677350018e-07,2.569528423482436e-05,0,0,5.061401207032275,72.12639407856557,ITGB1;CD40;GRN;ANXA3;TNFSF12;SERPINE1;PGF;CDH5;SMOC2;HYAL1;CNTN1;ANGPTL3;ANGPTL4;ITGA5;EPHA1;CD34,vascular
GO_Biological_Process_2023,Regulation Of Smooth Muscle Cell Migration (GO:0014910),7/19,8.495557151563412e-07,3.326860180552232e-05,0,0,18.810316139767053,262.940988168047,PDGFRB;PLAU;CCL5;SERPINE1;PDGFB;PDGFA;CCN4,
GO_Biological_Process_2023,Negative Regulation Of Neuroinflammatory Response (GO:0150079),6/13,1.101372904922834e-06,4.256226607576794e-05,0,0,27.600854295206453,378.6548245194137,GRN;PTPRC;TREM2;CST7;TNFRSF1B;LDLR,immune
GO_Biological_Process_2023,Negative Regulation Of Cellular Process (GO:0048523),38/537,1.374658328033638e-06,5.243339622642591e-05,0,0,2.5241148964595856,34.068749486979954,COL18A1;NOTCH1;PDCD5;TREM2;CXCL1;ENO1;SPINT2;PARK7;PPP1R9B;ERBB3;HYAL1;CCN5;TNFRSF8;CCN4;IGFBP7;CCN3;IGFBP6;CCN2;JAM2;CD164;CCL23;MAP2K1;TGFB1;ANGPT1;SEMA4D;SUSD2;F2R;EIF2AK2;APOA1;SOD2;SLURP1;PLXNB2;MYH9;PTPN6;TGFBI;CHMP6;TNFRSF21;HSPA1A,
GO_Biological_Process_2023,Negative Regulation Of Cell Adhesion (GO:0007162),12/72,1.6239810815461608e-06,6.114913380129583e-05,0,0,6.487248322147651,86.47910687742467,CD164;NOTCH1;TGFB1;PTPRC;ERBB3;ANGPT1;SEMA4D;CDH1;SERPINE1;PLXNB2;SPINT2;TGFBI,
GO_Biological_Process_2023,Regulation Of Kinase Activity (GO:0043549),13/85,1.6535910858133514e-06,6.14759116333394e-05,0,0,5.862745098039215,78.04815303120287,DDR1;PDGFRB;CD74;NTRK3;TREM2;MERTK;EGFR;SOD1;ERBB3;AXL;EPHA1;MET;EPHB4,
GO_Biological_Process_2023,Response To Lipopolysaccharide (GO:0032496),18/159,1.727685305730142e-06,6.342764678661784e-05,0,0,4.165380454381536,55.26930034445908,CXCL6;CXCL9;SERPINE1;F2R;CXCL1;PPBP;LILRB2;CXCL3;TNFRSF1B;SELE;SELP;CXCL11;CASP7;CD6;TNIP1;AXL;ADAM9;IFNAR1,
GO_Biological_Process_2023,Regulation Of Cell Adhesion (GO:0030155),17/144,1.8658547581627828e-06,6.765451141634683e-05,0,0,4.363417136309738,57.56128819301726,CD164;TNXB;ANGPT1;SEMA4D;IL18;EFNA1;ATXN3;ERBB3;PLAU;HYAL1;CCL5;IL12B;PLXNB2;ADAM8;ITGAV;TGFBI;STX3,
GO_Biological_Process_2023,Negative Regulation Of Neuron Death (GO:1901215),13/88,2.4723825598190578e-06,8.855350705108016e-05,0,0,5.627361344537815,72.65108226952866,CHGA;GRN;BDNF;F2R;PARK7;TNFRSF1B;SOD2;SOD1;ERBB3;PTPRZ1;APOE;EIF4G1;LGMN,
GO_Biological_Process_2023,Positive Regulation Of Protein Serine/Threonine Kinase Activity (GO:0071902),15/117,2.656975517785071e-06,9.401851922571992e-05,0,0,4.783751611943259,61.41534406664698,PDGFRB;MAP2K1;CD40;TGFB1;EGF;NTRK3;ADIPOQ;PDGFB;PDGFA;PKD1;EGFR;ROBO1;KIT;ADAM9;ADAM8,
GO_Biological_Process_2023,Positive Regulation Of GTPase Activity (GO:0043547),22/234,2.989157740799482e-06,0.00010451376529438188,0,0,3.396548393328611,43.20585803986113,RTN4R;ITGB1;CCL13;CCL24;CD40;CCL23;CCL11;CCL22;SEMA4D;CCL20;NTRK3;F2R;THY1;CCL8;CCL5;CCL4;XCL1;CCL19;EPHA1;AGRN;CCL17;CCL16,
GO_Biological_Process_2023,High-Density Lipoprotein Particle Remodeling (GO:0034375),6/15,3.0493362315861582e-06,0.00010476800894280544,0,0,21.46511627906977,272.61956861107814,APOM;APOC1;APOA1;APOA4;APOE;PLTP,
GO_Biological_Process_2023,Negative Regulation Of Proteolysis (GO:0045861),9/41,3.067772818890456e-06,0.00010476800894280544,0,0,9.090150250417365,115.39544618029193,CST3;EFNA1;CSTB;SERPINE2;TIMP3;TIMP1;CST7;F2;CTSB,
GO_Biological_Process_2023,Regulation Of MAPK Cascade (GO:0043408),20/204,4.440508202770411e-06,0.00014990543208662872,0,0,3.550724637681159,43.761764106619694,CD74;MAP2K1;EGF;F2R;PDGFB;FN1;PDGFA;EIF2AK2;PEBP1;EGFR;DUSP13;SOD1;TGFBR3;PTPRC;GFRAL;KIT;DAG1;FAS;PTPN6;IGFBP6,
GO_Biological_Process_2023,Regulation Of Endothelial Cell Apoptotic Process (GO:2000351),9/43,4.677399819304718e-06,0.00015610821896929497,0,0,8.554551703820092,104.98803008681362,CDH5;CD40;CD40LG;ANGPT1;CD160;SERPINE1;FASLG;GAS6;ICAM1,vascular
GO_Biological_Process_2023,Acylglycerol Homeostasis (GO:0055090),7/24,5.1112524593372895e-06,0.00016743113521082236,0,0,13.274444553195654,161.7367096659376,IL18;ANGPTL3;APOA1;APOA4;ANGPTL4;APOE;GPIHBP1,
GO_Biological_Process_2023,Extrinsic Apoptotic Signaling Pathway (GO:0097191),11/67,5.13067830063807e-06,0.00016743113521082236,0,0,6.362048336922709,77.49148357998651,CASP8;TGFB1;ERBB3;TNFSF12;FAS;FASLG;ITGAV;TNFRSF1B;IL6R;TLR3;TNFRSF1A,
GO_Biological_Process_2023,Extracellular Structure Organization (GO:0043062),14/109,5.575977909857327e-06,0.00017885979956087976,0,0,4.787488924331029,57.91445864315236,VIT;COL15A1;MMP1;SPINK5;MMP3;MMP10;COL1A1;MMP12;SMOC2;COL3A1;SPINT1;SMOC1;TGFBI;MATN2,
GO_Biological_Process_2023,Positive Regulation Of Protein Modification Process (GO:0031401),21/225,5.602690350562117e-06,0.00017885979956087976,0,0,3.364966429501954,40.69006125860349,CD74;CD40;TGFB1;ANGPT1;SEMA4D;NTRK3;ADIPOQ;TREM2;LILRB2;F2;AGER;EGFR;PGF;CRKL;EFNA1;CDH5;PECAM1;FAS;GAS6;FGF23;ENG,electrolyte transport
GO_Biological_Process_2023,Negative Regulation Of Hemostasis (GO:1900047),5/10,5.670258071469068e-06,0.00017907040812800704,0,0,32.15091210613598,388.391889515022,PROC;SERPINE2;SERPINE1;APOE;TFPI,
GO_Biological_Process_2023,External Encapsulating Structure Organization (GO:0045229),14/110,6.213660549055554e-06,0.00019414384077208683,0,0,4.737373737373737,56.79523854555156,VIT;COL15A1;MMP1;SPINK5;MMP3;MMP10;COL1A1;MMP12;SMOC2;COL3A1;SPINT1;SMOC1;TGFBI;MATN2,
GO_Biological_Process_2023,Transmembrane Receptor Protein Tyrosine Kinase Signaling Pathway (GO:0007169),24/284,6.8773273052101045e-06,0.00021261800310949555,0,0,3.0240252897787143,35.94743672132448,DDR1;PDGFRB;ANGPT2;ANGPT1;BDNF;NTRK3;PDGFB;PDGFA;MERTK;MTSS1;EGFR;PGF;EFNA1;ERBB3;AXL;CD8A;APEX1;CASP3;GFRAL;KIT;EPHA1;FGF23;MET;EPHB4,
GO_Biological_Process_2023,Leukocyte Tethering Or Rolling (GO:0050901),6/17,7.157953867103839e-06,0.00021898865112170808,0,0,17.560555723346422,208.0449328322834,ITGB1;SELP;VCAM1;ITGB7;SELE;JAM2,immune
GO_Biological_Process_2023,Positive Regulation Of Signal Transduction (GO:0009967),23/266,7.31432871099338e-06,0.0002197617390468609,0,0,3.0982167352537724,36.63850510940272,CD74;TNXB;TGFB1;BDNF;ADIPOQ;TREM2;CTSS;ROBO1;ERN1;SMOC2;HHEX;CDH3;PTPRC;AXL;APEX1;CNTN1;RSPO3;FAS;CCN3;ITGAV;ITGA5;GAS6;IL7R,
GO_Biological_Process_2023,Positive Regulation Of Macromolecule Metabolic Process (GO:0010604),28/364,7.332873825874148e-06,0.0002197617390468609,0,0,2.7379310344827585,32.37095029635938,CALCOCO1;NOTCH1;PDCD5;PDGFB;TREM2;PARK7;ROBO1;CDH5;CDH3;LAMP3;CD34;FGF23;CD74;MAP2K1;TGFB1;ANGPT1;IFNGR1;EGF;NTRK3;FN1;DKK1;DNAJA4;CNTN1;CD46;GAS6;TLR3;HSPA1A;EIF4G1,
GO_Biological_Process_2023,Regulation Of Response To External Stimulus (GO:0032101),15/127,7.424308777585288e-06,0.00022025449373503023,0,0,4.354372440375813,51.42840853060225,SEMA7A;GRN;IL1R1;F2R;TREM2;GP1BA;PARK7;F2;AGER;SELE;CASP8;XCL1;GGT1;MGLL;CD55,
GO_Biological_Process_2023,Negative Regulation Of Signal Transduction (GO:0009968),23/267,7.780323990194355e-06,0.0002285081155920082,0,0,3.085357993554715,36.29588170386817,BRAP;LRPAP1;MPIG6B;BDNF;ADIPOQ;SORD;TREM2;DKK1;DLK1;DKK3;FSTL3;CRHBP;HHEX;BPIFB1;PTPRC;ERBB3;CILP;GPC1;CCL5;PALM;IL12B;APOD;LGMN,
GO_Biological_Process_2023,Homophilic Cell Adhesion Via Plasma Membrane Adhesion Molecules (GO:0007156),10/60,1.199538895524444e-05,0.0003430961333835924,0,0,6.468896321070234,73.29898811233512,ITGB1;CDH1;PECAM1;PLXNB2;DSG2;ESAM;CNTN4;PKD1;PVR;ROBO1,
GO_Biological_Process_2023,Regulation Of Natural Killer Cell Chemotaxis (GO:2000501),4/6,1.2082547290304736e-05,0.0003430961333835924,0,0,64.20529801324503,727.0446483077043,KLRK1;CCL5;CCL4;XCL1,
GO_Biological_Process_2023,Receptor-Mediated Virion Attachment To Host Cell (GO:0046813),4/6,1.2082547290304736e-05,0.0003430961333835924,0,0,64.20529801324503,727.0446483077043,DPP4;CLEC4M;GAS6;ICAM1,immune
GO_Biological_Process_2023,Positive Regulation Of Reactive Oxygen Species Metabolic Process (GO:2000379),9/48,1.2149131042524212e-05,0.0003430961333835924,0,0,7.455888018492359,84.3876262609596,PDGFRB;ITGAM;TGFB1;ITGB2;PDGFB;SORD;F2;CD177;SOD1,stress response
GO_Biological_Process_2023,Positive Regulation Of Receptor Signaling Pathway Via STAT (GO:1904894),8/37,1.2334467541237145e-05,0.00034348168888173483,0,0,8.902528735632185,100.6262880657154,NOTCH1;TGFB1;IL10RB;CCL5;F2R;KIT;F2;IL7R,
GO_Biological_Process_2023,Positive Regulation Of Gene Expression (GO:0010628),33/480,1.2396683357665608e-05,0.00034348168888173483,0,0,2.4323898453457837,27.48133893696476,CALCOCO1;NOTCH1;PDCD5;PDGFB;DPY30;TREM2;PARK7;ROBO1;CDH5;CDH3;LAMP3;CD34;FGF23;CD74;MAP2K1;TGFB1;ANGPT1;IFNGR1;EGF;NTRK3;FN1;CIRBP;EIF2AK2;DKK1;SOD1;ERN1;DNAJA4;CNTN1;PLXNB2;GAS6;CD46;TLR3;HSPA1A,
GO_Biological_Process_2023,Positive Regulation Of Cell Adhesion (GO:0045785),12/88,1.3951977983886451e-05,0.0003796728043760979,0,0,5.117273048392794,57.21054603918815,VIT;MEGF10;HYAL1;CCL5;PDGFB;IL12B;ADAM9;ITGAV;ADAM8;STX3;FBLN2;FSTL3,
GO_Biological_Process_2023,Positive Regulation Of Interleukin-8 Production (GO:0032757),10/61,1.3961410579713509e-05,0.0003796728043760979,0,0,6.341727326382058,70.89552324158544,CD74;SERPINE1;F2R;CNTN1;PARK7;CD58;PRG3;TLR3;CD244;HSPA1A,immune
GO_Biological_Process_2023,Leukocyte Adhesion To Vascular Endothelial Cell (GO:0061756),6/19,1.4897783033370455e-05,0.00040142008044962416,0,0,14.85739841553795,165.12955566107416,ITGB1;SELP;VCAM1;ITGB7;SELE;JAM2,immune;vascular
GO_Biological_Process_2023,Defense Response To Bacterium (GO:0042742),19/204,1.5971769433418076e-05,0.0004264462438722626,0,0,3.349084568439407,36.98959348942016,WFDC12;COLEC12;CHGA;FCN2;PGLYRP2;ANXA3;SERPINE1;STAB2;IL18;TREM2;CFP;F3;SELP;IL12B;TNFRSF14;IL6R;GBP1;TLR3;MBL2,
GO_Biological_Process_2023,Positive Regulation Of Inflammatory Response (GO:0050729),13/104,1.616089732558264e-05,0.0004276086076147407,0,0,4.634093637454982,51.12756574011665,GRN;SERPINE1;IL18;IL16;OSMR;PLA2G7;IL17RA;TNFRSF1A;TNIP1;CCN4;IL12B;ADAM8;TLR3,immune
GO_Biological_Process_2023,Negative Regulation Of Coagulation (GO:0050819),5/12,1.693992140000238e-05,0.000432630862189626,0,0,22.96256811182184,252.26304205793292,PROC;SERPINE2;SERPINE1;APOE;TFPI,
GO_Biological_Process_2023,Negative Regulation Of Complement Activation (GO:0045916),5/12,1.693992140000238e-05,0.000432630862189626,0,0,22.96256811182184,252.26304205793292,CR2;CD59;VSIG4;CD46;CD55,immune
GO_Biological_Process_2023,Positive Regulation Of T-helper 1 Type Immune Response (GO:0002827),5/12,1.693992140000238e-05,0.000432630862189626,0,0,22.96256811182184,252.26304205793292,IL1R1;IL18;IL12B;XCL1;IL18R1,immune
GO_Biological_Process_2023,Positive Regulation Of Cellular Extravasation (GO:0002693),5/12,1.693992140000238e-05,0.000432630862189626,0,0,22.96256811182184,252.26304205793292,THY1;AGER;CD99;ICAM1;XG,
GO_Biological_Process_2023,Regulation Of Receptor-Mediated Endocytosis (GO:0048259),8/39,1.863059495532671e-05,0.0004717073912396082,0,0,8.32731182795699,90.69030021301464,LRPAP1;SERPINE1;APOC1;HIP1R;CCL19;B2M;DKK1;F3,
GO_Biological_Process_2023,Maintenance Of Blood-Brain Barrier (GO:0035633),7/29,2.019473349611099e-05,0.0005069395921203246,0,0,10.254878233247618,110.85614336616698,ITGB1;CDH5;PECAM1;ESAM;F11R;JAM2;MBL2,
GO_Biological_Process_2023,Positive Regulation Of T Cell Activation (GO:0050870),13/107,2.2021823488651545e-05,0.0005481194541200813,0,0,4.485499731807617,48.10015150095998,VCAM1;THY1;LILRB2;PTPRC;CD40LG;CD6;CD209;CCL5;IL12B;CCL19;CD46;B2M;CD276,immune
GO_Biological_Process_2023,Negative Regulation Of Response To Stimulus (GO:0048585),9/52,2.3919026552088384e-05,0.0005903376553233915,0,0,6.760919361726909,71.94183633934398,BRAP;COL3A1;MPIG6B;ERBB3;AMBP;SPINK5;APOA1;THY1;PDCD1,
GO_Biological_Process_2023,Regulation Of Endothelial Cell Proliferation (GO:0001936),12/93,2.465494462357549e-05,0.0006032372919596963,0,0,4.800149142431022,50.93214128554605,ATP5IF1;CCL24;CCL11;ANGPT1;EGF;TNFSF12;SORD;PDGFB;CNTN1;APOE;PGF;THBS4,vascular
GO_Biological_Process_2023,Antimicrobial Humoral Immune Response Mediated By Antimicrobial Peptide (GO:0061844),10/65,2.48524727024594e-05,0.0006032372919596963,0,0,5.879294618425053,62.33553458907871,CXCL6;CCL13;CXCL9;CXCL11;REG1B;REG1A;CXCL1;PPBP;CXCL3;F2,immune
GO_Biological_Process_2023,Positive Regulation Of Endocytosis (GO:0045807),11/79,2.595396396228362e-05,0.0006248097717805491,0,0,5.236082372647552,55.28876876364473,AXL;SERPINE1;APOA1;TREM2;APOE;CCL19;GAS6;MERTK;B2M;F3;MBL2,
GO_Biological_Process_2023,Negative Regulation Of Cell Activation (GO:0050866),5/13,2.6839115318139144e-05,0.000640865704791664,0,0,20.091210613598676,211.4730551684761,PDGFB;PDGFA;TREM2;F2;LDLR,
GO_Biological_Process_2023,Regulation Of Receptor Signaling Pathway Via JAK-STAT (GO:0046425),9/53,2.8043382697970392e-05,0.0006540176423298931,0,0,6.606920625284565,69.25214222600566,NOTCH1;PTPRC;EGF;IL10RB;CCL5;F2R;KIT;F2;IL7R,
GO_Biological_Process_2023,Positive Regulation Of Chemokine Production (GO:0032722),9/53,2.8043382697970392e-05,0.0006540176423298931,0,0,6.606920625284565,69.25214222600566,CD74;ADIPOQ;IL18;EIF2AK2;IL6R;AGER;TLR3;MBL2;IL17RA,immune
GO_Biological_Process_2023,Positive Regulation Of Blood Coagulation (GO:0030194),6/21,2.8288327104426323e-05,0.0006540176423298931,0,0,12.875083056478406,134.84153419882517,PLAU;F2R;SERPINE1;CNTN1;HPSE;F2,
GO_Biological_Process_2023,Positive Regulation Of Natural Killer Cell Mediated Cytotoxicity (GO:0045954),6/21,2.8288327104426323e-05,0.0006540176423298931,0,0,12.875083056478406,134.84153419882517,KLRK1;LAMP1;CD160;IL12B;KLRD1;PVR,
GO_Biological_Process_2023,Negative Regulation Of Endopeptidase Activity (GO:0010951),10/66,2.850332251216422e-05,0.0006540176423298931,0,0,5.774008600095557,60.42782867590224,CST3;SERPINB1;SERPINE2;SERPINF1;SERPINE1;TIMP3;TIMP1;SERPINA4;SERPINA5;SERPINB6,
GO_Biological_Process_2023,Negative Regulation Of Cytokine Production (GO:0001818),17/178,3.2039393817987135e-05,0.0007235682973236097,0,0,3.4358756082437387,35.55631113182756,FN1;APOA1;TREM2;F2;AGER;PTPRC;AXL;IL12B;XCL1;APOD;PTPN6;VSIG4;GAS6;CD34;GBP1;TNFRSF21;HAVCR2,immune
GO_Biological_Process_2023,Triglyceride Homeostasis (GO:0070328),7/31,3.2273560418587975e-05,0.0007235682973236097,0,0,9.399334442595674,97.20098221918776,IL18;ANGPTL3;APOA1;APOA4;APOE;ANGPTL4;GPIHBP1,
GO_Biological_Process_2023,Positive Regulation Of Mononuclear Cell Migration (GO:0071677),7/31,3.2273560418587975e-05,0.0007235682973236097,0,0,9.399334442595674,97.20098221918776,CCL5;SERPINE1;CXCL17;GAS6;PLA2G7;JAM2;LGMN,
GO_Biological_Process_2023,Positive Regulation Of Leukocyte Chemotaxis (GO:0002690),9/54,3.275509343006105e-05,0.0007279038292781074,0,0,6.459766277128548,66.7064669306904,CCL5;SERPINE1;CXCL17;XCL1;GAS6;IL6R;PLA2G7;PGF;LGMN,immune
GO_Biological_Process_2023,Regulation Of Interleukin-8 Production (GO:0032677),11/81,3.2962618077626244e-05,0.0007279038292781074,0,0,5.085953577410864,52.487734765574174,CD74;PTPRC;SERPINE1;F2R;CNTN1;PARK7;CD58;PRG3;TLR3;CD244;HSPA1A,immune
GO_Biological_Process_2023,Cellular Response To Transforming Growth Factor Beta Stimulus (GO:0071560),12/96,3.403679617169221e-05,0.000746015450419851,0,0,4.627996164908916,47.613140998649385,ITGB1;TGFBR3;CDH5;CLEC3B;COL3A1;TGFB1;PDCD5;APOA1;ADAM9;XCL1;CRKL;ENG,
GO_Biological_Process_2023,Regulation Of Defense Response (GO:0031347),12/97,3.778653263371258e-05,0.0008184875766025051,0,0,4.573312277931307,46.57258991222986,SEMA7A;GRN;CASP8;IL1R1;XCL1;TREM2;PARK7;APOE;GGT1;AGER;SELE;MGLL,
GO_Biological_Process_2023,Positive Regulation Of Cholesterol Efflux (GO:0010875),6/22,3.790068451410988e-05,0.0008184875766025051,0,0,12.069767441860463,122.8767669489529,ADIPOQ;APOA1;TREM2;APOE;PLTP;CES1,
GO_Biological_Process_2023,Regulation Of Extracellular Matrix Disassembly (GO:0010715),5/14,4.0706613964924046e-05,0.0008601102533451938,0,0,17.857932559425098,180.5279827207857,DDR1;CST3;DPP4;TGFB1;MELTF,
GO_Biological_Process_2023,Regulation Of Microglial Cell Activation (GO:1903978),5/14,4.0706613964924046e-05,0.0008601102533451938,0,0,17.857932559425098,180.5279827207857,GRN;PTPRC;TREM2;CST7;LDLR,
GO_Biological_Process_2023,Regulation Of Superoxide Anion Generation (GO:0032928),5/14,4.0706613964924046e-05,0.0008601102533451938,0,0,17.857932559425098,180.5279827207857,ITGAM;TGFB1;ITGB2;SOD1;CD177,electrolyte transport
GO_Biological_Process_2023,Negative Regulation Of Protein Metabolic Process (GO:0051248),15/147,4.302159500965725e-05,0.0009025316038811668,0,0,3.690786447953396,37.10645964101208,CSTB;SERPINE2;SHMT1;EIF2AK2;TREM2;PRG3;LILRB2;F2;ATRAID;EGFR;CST3;ITGAV;APOE;LDLR;RILP,
GO_Biological_Process_2023,Regulation Of MAP Kinase Activity (GO:0043405),13/114,4.3403397988872806e-05,0.0009040835453426908,0,0,4.173109243697479,41.91876894973364,PDGFRB;CD40;TGFB1;EGF;NTRK3;ADIPOQ;PDGFB;PDGFA;EGFR;ROBO1;KIT;ADAM9;APOE,
GO_Biological_Process_2023,Positive Regulation Of Cellular Metabolic Process (GO:0031325),9/56,4.4209827597189126e-05,0.0009143962229080596,0,0,6.184243242283238,62.00670725754901,PDGFRB;IL10RB;CCL5;ADIPOQ;SORD;PDGFB;F2;B2M;IFNAR1,
GO_Biological_Process_2023,Extracellular Matrix Disassembly (GO:0022617),8/44,4.695182408982797e-05,0.0009643182332295438,0,0,7.168888888888889,71.44793178939976,MMP12;MMP1;MMP3;KLK4;ADAM8;TPSAB1;CTSS;MMP10,
GO_Biological_Process_2023,Positive Regulation Of Release Of Sequestered Calcium Ion Into Cytosol (GO:0051281),7/33,4.973733312858198e-05,0.0009982881625897025,0,0,8.67541277358249,85.96253741791436,CXCL9;CXCL11;APEX1;F2R;XCL1;THY1;F2,
GO_Biological_Process_2023,Adaptive Immune Response Based On Somatic Recombination Of Immune Receptors Built From Immunoglobulin Superfamily Domains (GO:0002460),6/23,4.996539322461227e-05,0.0009982881625897025,0,0,11.359194840726987,112.50350953613722,CR2;CD8A;IL18;IL12B;CD46;IL18BP,immune
GO_Biological_Process_2023,Cholesterol Efflux (GO:0033344),6/23,4.996539322461227e-05,0.0009982881625897025,0,0,11.359194840726987,112.50350953613722,APOM;NPC2;APOC1;APOA1;APOA4;APOE,
GO_Biological_Process_2023,Positive Regulation Of Neutrophil Migration (GO:1902624),6/23,4.996539322461227e-05,0.0009982881625897025,0,0,11.359194840726987,112.50350953613722,CD74;XCL1;CCL19;THBS4;CD99;XG,
GO_Biological_Process_2023,Antimicrobial Humoral Response (GO:0019730),12/100,5.126468249541067e-05,0.001017326841142,0,0,4.416717510677242,43.63058144155617,WFDC12;CXCL6;CCL13;CXCL11;CXCL9;REG1B;REG1A;CXCL1;PPBP;CXCL3;F2;F3,
GO_Biological_Process_2023,Hemopoiesis (GO:0030097),12/101,5.659712121307071e-05,0.0011156090268643,0,0,4.36686524394842,42.705987634176765,TGFBR3;MFAP5;CD164;TGFB1;PTPRC;KIT;PDGFB;FLT3LG;PBXIP1;IL7R;CD34;FSTL3,
GO_Biological_Process_2023,Cellular Response To Molecule Of Bacterial Origin (GO:0071219),13/117,5.706388681194405e-05,0.0011173109037778,0,0,4.052100840336134,39.594451364212965,CXCL6;CXCL9;SERPINE1;CXCL1;PPBP;LILRB2;CXCL3;TNFRSF1B;CXCL11;CASP7;TNIP1;AXL;ADAM9,
GO_Biological_Process_2023,Negative Regulation Of Platelet Activation (GO:0010544),5/15,5.953541783562331e-05,0.0011579835906173,0,0,16.071310116086234,156.3567984175032,SERPINE2;PDGFB;PDGFA;APOE;F2,
GO_Biological_Process_2023,Cholesterol Homeostasis (GO:0042632),10/72,6.152796213686064e-05,0.0011888659526049,0,0,5.2136152767288815,50.55131183083971,APOM;NPC2;IL18;ANGPTL3;APOA1;APOA4;APOE;LDLR;CES1;GPIHBP1,
GO_Biological_Process_2023,Protein Catabolic Process (GO:0030163),12/102,6.240207353416589e-05,0.0011978750978421,0,0,4.318120805369127,41.807665873656354,CASP7;CASP8;CTRL;CASP3;GZMA;CTSZ;TPP1;APOE;CTSS;CTSC;LGMN;CTSB,
GO_Biological_Process_2023,Cellular Component Disassembly (GO:0022411),8/46,6.552949602004583e-05,0.001249741102668,0,0,6.790877192982456,65.41658923822447,MMP12;MMP1;MMP3;KLK4;ADAM8;TPSAB1;CTSS;MMP10,
GO_Biological_Process_2023,Positive Regulation Of Proteolysis (GO:0045862),9/59,6.762549680943428e-05,0.0012813940911568,0,0,5.81228714524207,55.80682308892737,ATP5IF1;CASP8;TNIP1;IST1;ADAM9;APOE;TNFRSF1B;CTSS;CTSC,
GO_Biological_Process_2023,Sterol Homeostasis (GO:0055092),10/73,6.938187201607317e-05,0.0012979271217274,0,0,5.1305940436375215,49.12997820861149,APOM;NPC2;IL18;ANGPTL3;APOA1;APOA4;APOE;LDLR;CES1;GPIHBP1,
GO_Biological_Process_2023,Regulation Of Rho Protein Signal Transduction (GO:0035023),10/73,6.938187201607317e-05,0.0012979271217274,0,0,5.1305940436375215,49.12997820861149,RTN4R;COL3A1;OPHN1;F2R;APOA1;EPS8L2;APOE;F11R;MET;ROBO1,
GO_Biological_Process_2023,Cellular Response To Lipid (GO:0071396),19/228,7.390261590320662e-05,0.001373746727264,0,0,2.960796419200494,28.16535265153613,CXCL6;CXCL9;SERPINE1;TWF2;CXCL1;TREM2;PPBP;LILRB2;CXCL3;TNFRSF1B;TFPI;EGFR;CRHBP;CXCL11;CASP7;TNIP1;AXL;ADAM9;HSPA1A,
GO_Biological_Process_2023,Regulation Of Wound Healing (GO:0061041),8/47,7.689111175546e-05,0.0014114324701611,0,0,6.616410256410257,62.678050114545584,ITGB1;PLAU;CD109;SERPINE1;F2R;GP1BA;F2;HBEGF,
GO_Biological_Process_2023,Positive Regulation Of Smooth Muscle Cell Proliferation (GO:0048661),8/47,7.689111175546e-05,0.0014114324701611,0,0,6.616410256410257,62.678050114545584,PDGFRB;ERN1;TGFB1;CCL5;PDGFB;IL18;CCN4;IL6R,
GO_Biological_Process_2023,Positive Regulation Of Phagocytosis (GO:0050766),9/60,7.74426319358138e-05,0.0014127267701582,0,0,5.6980261219679855,53.93736215774393,FCN2;PTPRC;APOA1;TREM2;GAS6;CFP;CD300LF;MERTK;MBL2,
GO_Biological_Process_2023,Negative Regulation Of Neuron Apoptotic Process (GO:0043524),10/74,7.807141003744468e-05,0.0014154057486418,0,0,5.050167224080267,47.763909102238166,GRN;ERBB3;PTPRZ1;BDNF;F2R;PARK7;APOE;SOD2;SOD1;LGMN,
GO_Biological_Process_2023,Regulation Of Neuron Apoptotic Process (GO:0043523),12/105,8.300452536799682e-05,0.0014905967547594,0,0,4.178177094609223,39.260723352917736,GRN;ERBB3;PTPRZ1;BDNF;F2R;TREM2;PARK7;APOE;SOD2;DKK1;LGMN;SOD1,
GO_Biological_Process_2023,Regulation Of Monocyte Chemotaxis (GO:0090025),6/25,8.323386713672155e-05,0.0014905967547594,0,0,10.162440986186397,95.4645096313796,CCL5;SERPINE1;CXCL17;CCN3;PLA2G7;LGMN,
GO_Biological_Process_2023,Reverse Cholesterol Transport (GO:0043691),5/16,8.44364309369114e-05,0.001502968470677,0,0,14.609528116990804,137.03023849238647,APOM;APOA1;APOA4;APOE;CES1,
GO_Biological_Process_2023,Receptor-Mediated Endocytosis (GO:0006898),13/122,8.818056592196429e-05,0.0015601585669446,0,0,3.8652224192429263,36.08619563999319,ITGB1;ITGAM;CLEC4M;ITGB2;STAB2;HIP1R;HSPG2;IGF2R;DPP4;APOE;SCARF1;LDLR;PDLIM7,
GO_Biological_Process_2023,Cellular Response To Mechanical Stimulus (GO:0071260),8/48,8.983958623969297e-05,0.0015799932023112,0,0,6.450666666666667,60.103988958864,CD40;CASP8;TNFRSF8;FAS;LTBR;F11R;TLR3;TNFRSF1A,
GO_Biological_Process_2023,Regulation Of Receptor Binding (GO:1900120),4/9,9.433484782069316e-05,0.0016394168523631,0,0,25.67814569536424,238.00199917128035,BDNF;ADIPOQ;B2M;PTPRF,
GO_Biological_Process_2023,Muscle Cell Migration (GO:0014812),4/9,9.433484782069316e-05,0.0016394168523631,0,0,25.67814569536424,238.00199917128035,DDR1;MEGF10;CCN3;THBS4,
GO_Biological_Process_2023,Positive Regulation Of Epithelial Cell Proliferation (GO:0050679),13/123,9.591545533024076e-05,0.0016570805429701,0,0,3.829885408708938,35.4342661262538,CCL24;GRN;CCL11;EGF;TNFSF12;PDGFB;PGF;EGFR;THBS4;MMP12;CDH3;HYAL1;CNTN1,
GO_Biological_Process_2023,Enzyme-Linked Receptor Protein Signaling Pathway (GO:0007167),13/124,0.00010422998662802234,0.0017797876205029,0,0,3.795185101067454,34.7977132456266,PDGFRB;DDR1;BDNF;NTRK3;GP6;MERTK;PTPRF;MTSS1;EGFR;ERBB3;CD8A;AXL;MET,
GO_Biological_Process_2023,Positive Regulation Of Defense Response (GO:0031349),13/124,0.00010422998662802234,0.0017797876205029,0,0,3.795185101067454,34.7977132456266,GRN;SERPINE1;IL18;IL16;PLA2G7;IL17RA;TNFRSF1A;TNIP1;CCL5;CCN4;IL12B;ADAM8;TLR3,
GO_Biological_Process_2023,Negative Regulation Of Cell Population Proliferation (GO:0008285),26/379,0.00010581809634282452,0.0017964609766408,0,0,2.409460393485393,22.055692070467188,COL18A1;NOTCH1;PDCD5;CXCL1;TREM2;ATRAID;IL12B;TNFRSF8;CCN3;APOD;IGFBP7;APOE;IGFBP6;B2M;CCL23;MAP2K1;TGFB1;F2R;EIF2AK2;SOD2;MTSS1;SLURP1;TGFBR3;OGN;PTPN6;HSPA1A,
GO_Biological_Process_2023,Positive Regulation Of Receptor Signaling Pathway Via JAK-STAT (GO:0046427),7/37,0.0001078758609245065,0.0018149544228144,0,0,7.517138103161398,68.66551921640747,NOTCH1;IL10RB;CCL5;F2R;KIT;F2;IL7R,
GO_Biological_Process_2023,B Cell Activation (GO:0042113),11/92,0.00010814335171689944,0.0018149544228144,0,0,4.392766300638997,40.114974148027386,ITGB1;CD79B;CD40;HHEX;CR2;CASP8;VCAM1;CD40LG;PTPRC;KIT;CD22,immune
GO_Biological_Process_2023,Regulation Of Immune Response (GO:0050776),10/77,0.00010988211628075776,0.0018336578154351,0,0,4.823291568911296,43.96962002569386,COL3A1;CASP8;FCGR3B;AMBP;SPINK5;TREM2;PDCD1;CFP;CD22;CD276,immune
GO_Biological_Process_2023,Response To Interferon-Alpha (GO:0035455),5/17,0.00011663604319267318,0.0019244947126791,0,0,13.391376451077944,121.27836090250592,AXL;LAMP3;EIF2AK2;GAS6;IFNAR1,immune
GO_Biological_Process_2023,Positive Regulation Of Glial Cell Differentiation (GO:0045687),5/17,0.00011663604319267318,0.0019244947126791,0,0,13.391376451077944,121.27836090250592,NOTCH1;TGFB1;SERPINE2;PTPRZ1;TNFRSF1B,
GO_Biological_Process_2023,Negative Regulation Of Cell Death (GO:0060548),9/64,0.0001295320419270909,0.0021253385873735,0,0,5.282531491880407,47.28701529320277,CHGA;CCN5;CCN4;CCN3;PARK7;CCN2;TNFRSF1B;CHMP6;EIF4G1,
GO_Biological_Process_2023,Cholesterol Transport (GO:0030301),8/51,0.00013994567513845826,0.002270831203766,0,0,5.99968992248062,53.24278576494843,APOM;NPC2;APOC1;APOA1;APOA4;APOE;LDLR;CES1,
GO_Biological_Process_2023,Positive Regulation Of Leukocyte Mediated Cytotoxicity (GO:0001912),8/51,0.00013994567513845826,0.002270831203766,0,0,5.99968992248062,53.24278576494843,ITGAM;KLRK1;LAMP1;CD160;IL12B;XCL1;KLRD1;PVR,immune
GO_Biological_Process_2023,Negative Regulation Of Inflammatory Response (GO:0050728),12/111,0.00014222495881000333,0.0022951357364009,0,0,3.923733984136669,34.756830111687265,CDH5;GRN;PROC;ADIPOQ;CXCL17;APOA1;CCN3;TREM2;PTPN6;APOE;TNFRSF1B;TNFRSF1A,immune
GO_Biological_Process_2023,Regulation Of Coagulation (GO:0050818),4/10,0.00015344508703724662,0.0024229474227332,0,0,21.397350993377483,187.9151267733496,PROC;F2R;GP1BA;F2,
GO_Biological_Process_2023,Angiogenesis Involved In Wound Healing (GO:0060055),4/10,0.00015344508703724662,0.0024229474227332,0,0,21.397350993377483,187.9151267733496,MCAM;PRCP;HPSE;CD34,vascular
GO_Biological_Process_2023,Positive Regulation Of Phospholipid Transport (GO:2001140),4/10,0.00015344508703724662,0.0024229474227332,0,0,21.397350993377483,187.9151267733496,APOA1;APOE;TRIAP1;PRAP1,
GO_Biological_Process_2023,Regulation Of Axon Regeneration (GO:0048679),4/10,0.00015344508703724662,0.0024229474227332,0,0,21.397350993377483,187.9151267733496,RTN4R;GRN;PTPRS;SCARF1,
GO_Biological_Process_2023,Positive Regulation Of Monocyte Chemotaxis (GO:0090026),5/18,0.00015747271138372767,0.0024600923049681,0,0,12.360632733767062,108.2328939048117,CCL5;SERPINE1;CXCL17;PLA2G7;LGMN,
GO_Biological_Process_2023,Positive Regulation Of Natural Killer Cell Activation (GO:0032816),5/18,0.00015747271138372767,0.0024600923049681,0,0,12.360632733767062,108.2328939048117,LAMP1;AXL;IL18;IL12B;GAS6,
GO_Biological_Process_2023,Regulation Of Chemotaxis (GO:0050920),6/28,0.0001638436701853991,0.0025062961423672,0,0,8.775294472968891,76.49071263195894,PDGFRB;TGFB1;PDGFB;TREM2;CCL19;STX3,
GO_Biological_Process_2023,Regulation Of Platelet Activation (GO:0010543),6/28,0.0001638436701853991,0.0025062961423672,0,0,8.775294472968891,76.49071263195894,SELP;PDGFB;PDGFA;PLA2G4A;GP1BA;F2,
GO_Biological_Process_2023,Negative Regulation Of Signaling (GO:0023057),6/28,0.0001638436701853991,0.0025062961423672,0,0,8.775294472968891,76.49071263195894,BRAP;MPIG6B;ERBB3;ADIPOQ;FGF23;LDLR,
GO_Biological_Process_2023,Negative Regulation Of Wound Healing (GO:0061045),6/28,0.0001638436701853991,0.0025062961423672,0,0,8.775294472968891,76.49071263195894,PROC;SERPINE2;CD109;SERPINE1;APOE;TFPI,
GO_Biological_Process_2023,Regulation Of Endocytosis (GO:0030100),9/66,0.0001649639855381583,0.0025103586814796,0,0,5.096652315262279,44.39073761562238,LRPAP1;PTPRC;OPHN1;HIP1R;ITGAV;APOE;CCL19;CD22;CD177,
GO_Biological_Process_2023,Negative Regulation Of Secretion By Cell (GO:1903531),7/40,0.00018052419069219497,0.0027189720413485,0,0,6.832703070639843,58.89548011173288,CHGA;NOTCH1;IL12B;APOE;TNFRSF1B;FGF23;TNFRSF1A,
GO_Biological_Process_2023,Positive Regulation Of Wound Healing (GO:0090303),7/40,0.00018052419069219497,0.0027189720413485,0,0,6.832703070639843,58.89548011173288,ITGB1;SMOC2;SERPINE1;F2R;HPSE;F2;HBEGF,
GO_Biological_Process_2023,Regulation Of Interleukin-6 Production (GO:0032675),12/114,0.00018343210833667213,0.0027486739907388,0,0,3.807737860244769,32.76050453947815,CD74;F2R;TREM2;IL16;PTPN6;LILRB2;GAS6;IL6R;AGER;TLR3;MBL2;IL17RA,immune
GO_Biological_Process_2023,Axon Guidance (GO:0007411),14/149,0.00018595332607873691,0.0027525527361361,0,0,3.361990273101384,28.87954637418973,NOTCH3;SEMA7A;NOTCH1;SEMA4D;BDNF;EFNA1;NFASC;ALCAM;OPHN1;DAG1;CNTN1;PLXNB2;NCAM1;CNTN4,
GO_Biological_Process_2023,Negative Regulation Of Protein Phosphorylation (GO:0001933),14/149,0.00018595332607873691,0.0027525527361361,0,0,3.361990273101384,28.87954637418973,TGFB1;SEMA4D;NTRK3;SORD;PARK7;THY1;DKK1;CRKL;IMPACT;PTPRC;PTPN6;EPHA1;EIF4G1;ENG,
GO_Biological_Process_2023,Negative Regulation Of Macromolecule Metabolic Process (GO:0010605),16/186,0.0001865025517504545,0.0027525527361361,0,0,3.0559618441971383,26.24174493926752,NOTCH1;TGFB1;PDGFB;SORD;PARK7;LILRB2;CRKL;ROBO1;CILP;APOE;CD46;CD34;LDLR;LGMN;HAVCR2;ENG,
GO_Biological_Process_2023,Regulation Of Tissue Remodeling (GO:0034103),5/19,0.0002083926746139017,0.0030450213201046,0,0,11.477138118929163,97.28121431283418,CST3;TGFB1;IL18;IL12B;THBS4,
GO_Biological_Process_2023,Regulation Of Vascular Endothelial Growth Factor Signaling Pathway (GO:1900746),5/19,0.0002083926746139017,0.0030450213201046,0,0,11.477138118929163,97.28121431283418,SMOC2;TNXB;SORD;IL12B;ROBO1,vascular
GO_Biological_Process_2023,Negative Regulation Of Protein Catabolic Process (GO:0042177),8/54,0.000211108652114783,0.0030678565068092,0,0,5.607536231884058,47.45735082886703,CST3;OPHN1;LAMP3;TIMP3;TIMP1;ATRAID;RILP;EGFR,
GO_Biological_Process_2023,Regulation Of Chemokine Production (GO:0032642),7/41,0.0002120445593742838,0.0030678565068092,0,0,6.631398649309974,56.093105387949095,CD74;IL18;EIF2AK2;TREM2;AGER;IL6R;TLR3,immune
GO_Biological_Process_2023,Regulation Of Endopeptidase Activity (GO:0052548),9/69,0.0002329941993345359,0.0032913573126791,0,0,4.841068447412354,40.493102506474656,SERPINB1;SERPINE2;SERPINF1;SERPINE1;TIMP3;TIMP1;SERPINA4;SERPINA5;SERPINB6,
GO_Biological_Process_2023,Negative Regulation Of Leukocyte Apoptotic Process (GO:2000107),4/11,0.00023533709079421884,0.0032913573126791,0,0,18.339640491958374,153.218373220536,HCLS1;CCL19;GAS6;MERTK,immune
GO_Biological_Process_2023,Negative Regulation Of Nitrogen Compound Metabolic Process (GO:0051172),4/11,0.00023533709079421884,0.0032913573126791,0,0,18.339640491958374,153.218373220536,TGFB1;APOE;LILRB2;LDLR,
GO_Biological_Process_2023,Phospholipid Efflux (GO:0033700),4/11,0.00023533709079421884,0.0032913573126791,0,0,18.339640491958374,153.218373220536,APOC1;APOA1;APOA4;APOE,
GO_Biological_Process_2023,Positive Regulation Of Coagulation (GO:0050820),4/11,0.00023533709079421884,0.0032913573126791,0,0,18.339640491958374,153.218373220536,F2R;SERPINE1;HPSE;F2,
GO_Biological_Process_2023,Positive Regulation Of Hemostasis (GO:1900048),4/11,0.00023533709079421884,0.0032913573126791,0,0,18.339640491958374,153.218373220536,F2R;SERPINE1;HPSE;F2,
GO_Biological_Process_2023,Positive Regulation Of Lipid Transport (GO:0032370),4/11,0.00023533709079421884,0.0032913573126791,0,0,18.339640491958374,153.218373220536,ADIPOQ;APOE;TRIAP1;PRAP1,
GO_Biological_Process_2023,Positive Regulation Of Tyrosine Phosphorylation Of STAT Protein (GO:0042531),8/55,0.00024055365428107188,0.003348370059827,0,0,5.487943262411347,45.728657113606864,CD40;CCL5;KIT;IL18;IL12B;HCLS1;IL6R;TNFRSF1A,
GO_Biological_Process_2023,"Phagocytosis, Engulfment (GO:0006911)",6/30,0.0002452335811987388,0.0033656590092555,0,0,8.043189368770765,66.8654414255694,ITGAM;MEGF10;BIN2;ITGB2;MYH9;HAVCR1,
GO_Biological_Process_2023,Positive Regulation Of Lipid Kinase Activity (GO:0090218),6/30,0.0002452335811987388,0.0033656590092555,0,0,8.043189368770765,66.8654414255694,PDGFRB;TGFB1;KIT;PDGFB;CCL19;F2,
GO_Biological_Process_2023,Positive Regulation Of Locomotion (GO:0040017),6/30,0.0002452335811987388,0.0033656590092555,0,0,8.043189368770765,66.8654414255694,PDGFRB;TGFB1;PDGFB;TREM2;CCL19;STX3,
GO_Biological_Process_2023,Positive Regulation Of Endothelial Cell Migration (GO:0010595),10/85,0.0002522872210247077,0.003446360782091,0,0,4.307023411371238,35.68344067847995,SMOC2;CD40;GRN;TGFB1;ANGPT1;ANXA3;EGF;PDGFB;MET;LGMN,vascular
GO_Biological_Process_2023,Regulation Of Glomerular Filtration (GO:0003093),3/5,0.00026705750811678586,0.0035015531309776,0,0,48.074380165289256,395.5582372158497,F2R;PDGFB;GAS6,
GO_Biological_Process_2023,Regulation Of Hyaluronan Biosynthetic Process (GO:1900125),3/5,0.00026705750811678586,0.0035015531309776,0,0,48.074380165289256,395.5582372158497,TGFB1;EGF;PDGFB,
GO_Biological_Process_2023,Glomerulus Vasculature Development (GO:0072012),3/5,0.00026705750811678586,0.0035015531309776,0,0,48.074380165289256,395.5582372158497,ANGPT2;PECAM1;CD34,
GO_Biological_Process_2023,Glycolipid Transport (GO:0046836),3/5,0.00026705750811678586,0.0035015531309776,0,0,48.074380165289256,395.5582372158497,NPC2;PSAP;PLTP,
GO_Biological_Process_2023,Positive Regulation Of T-helper 1 Cell Cytokine Production (GO:2000556),3/5,0.00026705750811678586,0.0035015531309776,0,0,48.074380165289256,395.5582372158497,IL1R1;XCL1;IL18R1,immune
GO_Biological_Process_2023,Positive Regulation Of Endothelial Cell Development (GO:1901552),3/5,0.00026705750811678586,0.0035015531309776,0,0,48.074380165289256,395.5582372158497,CDH5;PROC;F11R,vascular
GO_Biological_Process_2023,Positive Regulation Of Establishment Of Endothelial Barrier (GO:1903142),3/5,0.00026705750811678586,0.0035015531309776,0,0,48.074380165289256,395.5582372158497,CDH5;PROC;F11R,vascular
GO_Biological_Process_2023,Positive Regulation Of Vascular Associated Smooth Muscle Cell Differentiation (GO:1905065),3/5,0.00026705750811678586,0.0035015531309776,0,0,48.074380165289256,395.5582372158497,KIT;SOD2;ENG,vascular
GO_Biological_Process_2023,Regulation Of T-helper 1 Cell Cytokine Production (GO:2000554),3/5,0.00026705750811678586,0.0035015531309776,0,0,48.074380165289256,395.5582372158497,IL1R1;XCL1;IL18R1,immune
GO_Biological_Process_2023,Calcium-Mediated Signaling Using Intracellular Calcium Source (GO:0035584),5/20,0.0002709449293530662,0.003521085210221,0,0,10.711442786069652,87.97945259397163,SELP;FIS1;VCAM1;PTPRC;CCL20,
GO_Biological_Process_2023,Microglial Cell Activation (GO:0001774),5/20,0.0002709449293530662,0.003521085210221,0,0,10.711442786069652,87.97945259397163,GRN;ITGAM;IFNGR1;ITGB2;TREM2,
GO_Biological_Process_2023,Cellular Response To Growth Factor Stimulus (GO:0071363),14/155,0.0002807006911166425,0.0036317970476192,0,0,3.21792392005158,26.31689495028554,NOTCH1;TGFB1;NTRK3;PDCD5;PDGFB;TWF2;EGFR;CRKL;ERN1;CLEC3B;HYAL1;CCL5;XCL1;LGMN,
GO_Biological_Process_2023,Response To Amyloid-Beta (GO:1904645),7/43,0.0002883792436008543,0.003682477558503,0,0,6.262340543538547,51.045803947214544,MMP12;VCAM1;MMP3;TREM2;AGER;ICAM1;LGMN,
GO_Biological_Process_2023,Positive Regulation Of Receptor-Mediated Endocytosis (GO:0048260),7/43,0.0002883792436008543,0.003682477558503,0,0,6.262340543538547,51.045803947214544,ANGPT1;EGF;SERPINE1;CCL19;B2M;F3;SELE,
GO_Biological_Process_2023,Regulation Of Cell-Cell Adhesion (GO:0022407),7/43,0.0002883792436008543,0.003682477558503,0,0,6.262340543538547,51.045803947214544,DPP4;TGFB1;MEGF10;CDH1;ADAM8;SPINT2;FSTL3,
GO_Biological_Process_2023,Positive Regulation Of Rho Protein Signal Transduction (GO:0035025),6/31,0.0002963442740909899,0.0037515652284708,0,0,7.721063122923588,62.725829495892405,RTN4R;COL3A1;F2R;APOA1;F11R;ROBO1,
GO_Biological_Process_2023,Positive Regulation Of Cholesterol Transport (GO:0032376),6/31,0.0002963442740909899,0.0037515652284708,0,0,7.721063122923588,62.725829495892405,ADIPOQ;APOA1;TREM2;APOE;PLTP;CES1,
GO_Biological_Process_2023,Regulation Of Type II Interferon Production (GO:0032649),10/87,0.00030554643460720674,0.0038514587057569,0,0,4.194718325153108,33.94957018727905,IL1R1;IL18;IL12B;XCL1;GAS6;TLR3;CD244;IL18R1;HAVCR2;CD276,immune
GO_Biological_Process_2023,Negative Regulation Of Immune System Process (GO:0002683),7/44,0.0003340549315733818,0.0041749758894937,0,0,6.092773305751675,48.76780724455381,COL3A1;BPIFB1;AMBP;SPINK5;TREM2;LILRB2;PDCD1,immune
GO_Biological_Process_2023,Regulation Of B Cell Proliferation (GO:0030888),7/44,0.0003340549315733818,0.0041749758894937,0,0,6.092773305751675,48.76780724455381,CD74;CD40;PTPRC;TNFRSF4;CD22;TNFRSF21;TNFSF13B,immune
GO_Biological_Process_2023,Fibrinolysis (GO:0042730),4/12,0.0003445364552589899,0.0042436661429436,0,0,16.04635761589404,127.94259410987844,PLAU;SERPINE1;GP1BA;F2,
GO_Biological_Process_2023,Regulation Of Membrane Protein Ectodomain Proteolysis (GO:0051043),5/21,0.0003467755785857899,0.0042436661429436,0,0,10.04145936981758,79.99862721303094,ADAM9;TIMP3;APOE;TIMP1;TNFRSF1B,
GO_Biological_Process_2023,Negative Regulation Of Biomineral Tissue Development (GO:0070168),5/21,0.0003467755785857899,0.0042436661429436,0,0,10.04145936981758,79.99862721303094,NOTCH1;TGFB1;GAS6;FGF23;ASPN,
GO_Biological_Process_2023,Negative Regulation Of Interleukin-2 Production (GO:0032703),5/21,0.0003467755785857899,0.0042436661429436,0,0,10.04145936981758,79.99862721303094,PTPRC;XCL1;VSIG4;GBP1;HAVCR2,immune
GO_Biological_Process_2023,Positive Regulation Of T Cell Cytokine Production (GO:0002726),5/21,0.0003467755785857899,0.0042436661429436,0,0,10.04145936981758,79.99862721303094,IL1R1;IL18;XCL1;CD55;IL18R1,immune
GO_Biological_Process_2023,Regulation Of Phagocytosis (GO:0050764),8/58,0.0003496598895718388,0.0042612078658609,0,0,5.157866666666667,41.04913780006558,PTPRC;ADIPOQ;APOA1;TREM2;ITGAV;GAS6;MERTK;MBL2,
GO_Biological_Process_2023,Regulation Of Cholesterol Efflux (GO:0010874),6/32,0.0003554468877326374,0.0042960802850648,0,0,7.423715819064657,58.96015116898236,ADIPOQ;APOA1;TREM2;APOE;PLTP;CES1,
GO_Biological_Process_2023,Regulation Of Natural Killer Cell Mediated Cytotoxicity (GO:0042269),6/32,0.0003554468877326374,0.0042960802850648,0,0,7.423715819064657,58.96015116898236,KLRK1;KLRB1;LAMP1;CD160;KLRD1;PVR,
GO_Biological_Process_2023,Phospholipid Transport (GO:0015914),8/59,0.0003939007792582497,0.0047413384782027,0,0,5.056470588235294,39.63975372774208,NPC2;APOC1;APOA1;APOA4;TRIAP1;APOE;LDLR;PLTP,
GO_Biological_Process_2023,Positive Regulation Of Interleukin-12 Production (GO:0032735),6/33,0.0004233826986040585,0.0050547763650411,0,0,7.148394241417497,55.52325124842401,CD40;CD40LG;IL12B;IL16;CCL19;TLR3,immune
GO_Biological_Process_2023,Regulation Of Cell Adhesion Mediated By Integrin (GO:0033628),6/33,0.0004233826986040585,0.0050547763650411,0,0,7.148394241417497,55.52325124842401,DPP4;EFNA1;PLAU;SERPINE1;ADAM9;ADA,
GO_Biological_Process_2023,Cellular Response To Low-Density Lipoprotein Particle Stimulus (GO:0071404),5/22,0.000437621659688252,0.0051788984705113,0,0,9.450297531948102,73.09007357746121,ITGB1;ITGB2;TREM2;LDLR;CES1,
GO_Biological_Process_2023,Negative Regulation Of Cell Communication (GO:0010648),5/22,0.000437621659688252,0.0051788984705113,0,0,9.450297531948102,73.09007357746121,BRAP;MPIG6B;ERBB3;ADIPOQ;FGF23,electrolyte transport
GO_Biological_Process_2023,Defense Response To Gram-negative Bacterium (GO:0050829),9/75,0.0004395037550366661,0.0051788984705113,0,0,4.399605402944301,34.00835272507376,CHGA;SELP;FCN2;SERPINE1;IL12B;TREM2;TNFRSF14;F2;IL6R,
GO_Biological_Process_2023,Central Nervous System Development (GO:0007417),20/283,0.0004408323519332064,0.0051788984705113,0,0,2.473940146400765,19.115754299676148,VIT;ITGAM;MOG;SPINK5;HSPG2;PKD1;NFASC;BTD;PTPRZ1;APEX1;DNER;ADAM23;CNTN1;PLXNB2;APOD;TPP1;NPTX1;CNTN4;MELTF;MBL2,
GO_Biological_Process_2023,Positive Regulation Of Cysteine-Type Endopeptidase Activity Involved In Apoptotic Process (GO:0043280),11/109,0.0004854767801635038,0.0056165638451725,0,0,3.627559566540184,27.67965469335921,FIS1;CASP8;PDCD5;F2R;TNFSF10;CNTN1;SORD;HIP1R;FAS;FASLG;ROBO1,
GO_Biological_Process_2023,Response To UV-A (GO:0070141),4/13,0.0004857361990717805,0.0056165638451725,0,0,14.262693156732892,108.82213638111328,MMP1;MMP3;TIMP1;EGFR,
GO_Biological_Process_2023,Positive Regulation Of Leukocyte Degranulation (GO:0043302),4/13,0.0004857361990717805,0.0056165638451725,0,0,14.262693156732892,108.82213638111328,ITGAM;LAMP1;ITGB2;CD177,immune
GO_Biological_Process_2023,Positive Regulation Of Superoxide Anion Generation (GO:0032930),4/13,0.0004857361990717805,0.0056165638451725,0,0,14.262693156732892,108.82213638111328,ITGAM;TGFB1;ITGB2;SOD1,electrolyte transport
GO_Biological_Process_2023,Regulation Of Apoptotic Process (GO:0042981),38/705,0.0004933792489816981,0.0056825680559186,0,0,1.8715642178910543,14.25052492890252,ITGB1;PDCD5;FASLG;PARK7;TRIAP1;EGFR;COMP;PRDX5;CASP8;ERBB3;TCTN3;CASP3;TNFSF10;TNFRSF8;TXNDC5;CTSB;CD74;DFFA;SEMA4D;ANGPT1;GZMA;HIP1R;DKK1;PRAP1;SOD1;FABP1;CD40LG;PROC;PLSCR3;AXL;APEX1;TAX1BP1;FAS;PTPN6;ANGPTL4;GAS6;FXN;HSPA1A,
GO_Biological_Process_2023,Regulation Of Phosphatidylinositol 3-Kinase Activity (GO:0043551),6/34,0.0005010359827150178,0.0057482135985703,0,0,6.892738490745136,52.37676620641223,PDGFRB;TGFB1;PIK3IP1;KIT;PDGFB;CCL19,
GO_Biological_Process_2023,Negative Regulation Of Hydrolase Activity (GO:0051346),7/47,0.0005067800252275688,0.0057914900159275,0,0,5.634941763727121,42.75474604284838,ATP5IF1;CST3;CSTB;KLRK1;CST7;SERPINA5;CTSB,
GO_Biological_Process_2023,Smooth Muscle Cell Migration (GO:0014909),3/6,0.0005220346450104084,0.0058519685205937,0,0,32.04793388429752,242.21112487024493,DDR1;PDGFRB;CCN3,
GO_Biological_Process_2023,Negative Regulation Of Neuron Projection Regeneration (GO:0070571),3/6,0.0005220346450104084,0.0058519685205937,0,0,32.04793388429752,242.21112487024493,RTN4R;PTPRS;THY1,
GO_Biological_Process_2023,Negative Regulation Of Plasminogen Activation (GO:0010757),3/6,0.0005220346450104084,0.0058519685205937,0,0,32.04793388429752,242.21112487024493,SERPINE2;PLAU;SERPINE1,
GO_Biological_Process_2023,Positive Regulation Of Activation Of Janus Kinase Activity (GO:0010536),3/6,0.0005220346450104084,0.0058519685205937,0,0,32.04793388429752,242.21112487024493,CCL5;IL12B;IL6R,
GO_Biological_Process_2023,Positive Regulation Of Amyloid-Beta Clearance (GO:1900223),3/6,0.0005220346450104084,0.0058519685205937,0,0,32.04793388429752,242.21112487024493,LRPAP1;TREM2;APOE,
GO_Biological_Process_2023,T Cell Activation (GO:0042110),11/111,0.0005670297380892022,0.0063082058362423,0,0,3.55463986599665,26.57128422334228,DPP4;CD74;PTPRC;CASP8;CD8A;TREML2;KIT;CCL19;TNFRSF4;LY9;CD276,immune
GO_Biological_Process_2023,Negative Regulation Of Transmembrane Receptor Protein Serine/Threonine Kinase Signaling Pathway (GO:0090101),11/111,0.0005670297380892022,0.0063082058362423,0,0,3.55463986599665,26.57128422334228,NOTCH1;CILP;CD109;ADAMTSL2;CRIM1;CCN3;DKK1;VASN;ASPN;FSTL3;HSPA1A,
GO_Biological_Process_2023,Organonitrogen Compound Catabolic Process (GO:1901565),9/78,0.0005888266527153046,0.0065070320391034,0,0,4.207664948827756,31.29399777408,CASP7;CTRL;CPQ;ANPEP;CASP3;PLA2G4A;TPP1;NPL;PLA2G7,
GO_Biological_Process_2023,Regulation Of Axon Extension (GO:0030516),6/35,0.0005893328302354474,0.0065070320391034,0,0,6.654714171153626,49.48791141527656,RTN4R;SEMA7A;PTPRS;TWF2;APOE;KIAA0319,
GO_Biological_Process_2023,Erythrocyte Differentiation (GO:0030218),7/49,0.000656869367877392,0.0072255630466513,0,0,5.366056572379367,39.322598809180604,ATP5IF1;TGFBR3;MPIG6B;CASP3;KIT;HCLS1;AHSP,
GO_Biological_Process_2023,Negative Regulation Of Programmed Cell Death (GO:0043069),24/381,0.0006632418906078895,0.0072469559158582,0,0,2.191205249222977,16.036052494689677,CD74;CDSN;ANGPT1;SEMA4D;TREM2;TRIAP1;DKK1;PRAP1;EGFR;FABP1;COMP;PRDX5;CD40LG;PROC;ERBB3;AXL;TAX1BP1;FAS;ANGPTL4;GAS6;FXN;MET;HSPA1A;TXNDC5,
GO_Biological_Process_2023,Regulation Of Endothelial Cell Chemotaxis (GO:2001026),4/14,0.000663749111803158,0.0072469559158582,0,0,12.835761589403974,93.92705017431425,SMOC2;NOTCH1;MET;LGMN,vascular
GO_Biological_Process_2023,Positive Regulation Of Natural Killer Cell Mediated Immunity (GO:0002717),5/24,0.0006717230104836437,0.0073068536362609,0,0,8.454656541852144,61.766884066138736,KLRK1;LAMP1;CD160;KLRD1;PVR,
GO_Biological_Process_2023,Circulatory System Development (GO:0072359),12/132,0.0007077829046081413,0.0076631781548099,0,0,3.2335570469798656,23.454195841572528,CDH5;COL3A1;NOTCH1;TGFB1;CASP8;ERBB3;NTRK3;PDGFB;FN1;HSPG2;PKD1;PDLIM7,
GO_Biological_Process_2023,Positive Regulation Of Immune Response (GO:0050778),9/80,0.0007096984876092315,0.0076631781548099,0,0,4.088715935009053,29.64593137281835,CD74;ITGAM;PTPRC;CCL5;ITGB2;IL12B;CD46;CFP;CD177,immune
GO_Biological_Process_2023,Intracellular Monoatomic Cation Homeostasis (GO:0030003),15/190,0.0007262882786255344,0.0078135848876307,0,0,2.777692122380149,20.075946320052644,CCL13;CD40;CCL23;CCL11;SCARA5;F3;SOD1;CDH5;CCL8;CCL5;CCL19;B2M;PRND;CTRC;FXN,electrolyte transport
GO_Biological_Process_2023,Cell Chemotaxis (GO:0060326),7/50,0.0007440748258629015,0.0079757217648151,0,0,5.240993692682738,37.752811263371854,PDGFRB;BIN2;CCL20;KIT;PDGFB;CCN3;HBEGF,
GO_Biological_Process_2023,Regulation Of Tyrosine Phosphorylation Of STAT Protein (GO:0042509),8/65,0.0007646227316413209,0.0081661707739293,0,0,4.52280701754386,32.45624210901057,CD40;CCL5;KIT;IL18;IL12B;HCLS1;IL6R;TNFRSF1A,
GO_Biological_Process_2023,Positive Regulation Of Immune Effector Process (GO:0002699),6/37,0.0008017623454338956,0.0085317971323889,0,0,6.224734755117351,44.37425619996874,FCN2;PTPRC;IL12B;CFP;CD46;MBL2,immune
GO_Biological_Process_2023,Activation Of Protein Kinase B Activity (GO:0032148),5/25,0.0008188460273221756,0.0086198952768646,0,0,8.03150912106136,57.084870626410826,NTRK3;PDGFB;IL18;PARK7;GAS6,
GO_Biological_Process_2023,Regulation Of Neutrophil Chemotaxis (GO:0090022),5/25,0.0008188460273221756,0.0086198952768646,0,0,8.03150912106136,57.084870626410826,DPP4;CD74;XCL1;CCL19;THBS4,
GO_Biological_Process_2023,Negative Regulation Of Response To Wounding (GO:1903035),5/25,0.0008188460273221756,0.0086198952768646,0,0,8.03150912106136,57.084870626410826,RTN4R;PTPRS;CD109;SERPINE1;PTPN6,
GO_Biological_Process_2023,Positive Regulation Of Ras Protein Signal Transduction (GO:0046579),7/51,0.000840186675570214,0.0088129580933918,0,0,5.121615489335955,36.2706993769872,RTN4R;COL3A1;NOTCH1;F2R;APOA1;F11R;ROBO1,
GO_Biological_Process_2023,Regulation Of Lipoprotein Lipase Activity (GO:0051004),4/15,0.0008834644179083639,0.0089201744565103,0,0,11.668272125225768,82.04731701667636,APOC1;APOA4;ANGPTL4;GPIHBP1,
GO_Biological_Process_2023,Negative Regulation Of Macrophage Activation (GO:0043031),4/15,0.0008834644179083639,0.0089201744565103,0,0,11.668272125225768,82.04731701667636,GRN;PTPRC;CST7;LDLR,
GO_Biological_Process_2023,Negative Regulation Of Protein Processing (GO:0010955),4/15,0.0008834644179083639,0.0089201744565103,0,0,11.668272125225768,82.04731701667636,SERPINE2;PLAU;CTSZ;SERPINE1,
GO_Biological_Process_2023,Positive Regulation Of Endothelial Cell Apoptotic Process (GO:2000353),4/15,0.0008834644179083639,0.0089201744565103,0,0,11.668272125225768,82.04731701667636,CD40;CD40LG;CD160;FASLG,vascular
GO_Biological_Process_2023,Regulation Of Amyloid-Beta Clearance (GO:1900221),4/15,0.0008834644179083639,0.0089201744565103,0,0,11.668272125225768,82.04731701667636,LRPAP1;IFNGR1;TREM2;APOE,
GO_Biological_Process_2023,Regulation Of Extracellular Matrix Constituent Secretion (GO:0003330),3/7,0.0008929285972809174,0.0089201744565103,0,0,24.034710743801654,168.74779879382075,NOTCH1;TNFRSF1B;TNFRSF1A,
GO_Biological_Process_2023,Regulation Of Natural Killer Cell Mediated Cytotoxicity Directed Against Tumor Cell Target (GO:0002858),3/7,0.0008929285972809174,0.0089201744565103,0,0,24.034710743801654,168.74779879382075,TGFB1;IL12B;PVR,
GO_Biological_Process_2023,Lymphocyte Apoptotic Process (GO:0070227),3/7,0.0008929285972809174,0.0089201744565103,0,0,24.034710743801654,168.74779879382075,CASP7;FASLG;TNFRSF21,immune
GO_Biological_Process_2023,Negative Regulation Of Microglial Cell Activation (GO:1903979),3/7,0.0008929285972809174,0.0089201744565103,0,0,24.034710743801654,168.74779879382075,GRN;PTPRC;LDLR,
GO_Biological_Process_2023,Positive Regulation Of CoA-transferase Activity (GO:1905920),3/7,0.0008929285972809174,0.0089201744565103,0,0,24.034710743801654,168.74779879382075,APOA1;APOA4;APOE,
GO_Biological_Process_2023,Positive Regulation Of Plasminogen Activation (GO:0010756),3/7,0.0008929285972809174,0.0089201744565103,0,0,24.034710743801654,168.74779879382075,CLEC3B;ENO1;MELTF,
GO_Biological_Process_2023,Positive Regulation Of Vascular Endothelial Growth Factor Signaling Pathway (GO:1900748),3/7,0.0008929285972809174,0.0089201744565103,0,0,24.034710743801654,168.74779879382075,SMOC2;TNXB;ROBO1,vascular
GO_Biological_Process_2023,Regulation Of CoA-transferase Activity (GO:1905918),3/7,0.0008929285972809174,0.0089201744565103,0,0,24.034710743801654,168.74779879382075,APOA1;APOA4;APOE,
GO_Biological_Process_2023,Regulation Of Activation Of Janus Kinase Activity (GO:0010533),3/7,0.0008929285972809174,0.0089201744565103,0,0,24.034710743801654,168.74779879382075,CCL5;IL12B;IL6R,
GO_Biological_Process_2023,Calcium-Dependent Cell-Cell Adhesion Via Plasma Membrane Cell Adhesion Molecules (GO:0016339),6/38,0.0009279432651126724,0.0091763278438919,0,0,6.029900332225914,42.10402004737192,SELP;CDH5;CDH3;CDH1;CDH23;CDH15,immune
GO_Biological_Process_2023,Positive Regulation Of Axonogenesis (GO:0050772),6/38,0.0009279432651126724,0.0091763278438919,0,0,6.029900332225914,42.10402004737192,SEMA7A;SEMA4D;BDNF;TWF2;PLXNB2;ROBO1,
GO_Biological_Process_2023,Positive Regulation Of Protein Tyrosine Kinase Activity (GO:0061098),6/38,0.0009279432651126724,0.0091763278438919,0,0,6.029900332225914,42.10402004737192,EFNA1;ERBB3;EGF;PDGFB;GAS6;HBEGF,
GO_Biological_Process_2023,Sprouting Angiogenesis (GO:0002040),7/52,0.0009458318943315622,0.0093218398444691,0,0,5.007542983915696,34.869753690237346,TGFB1;ANGPT1;RSPO3;EPHB4;PGF;ROBO1;ENG,vascular
GO_Biological_Process_2023,Negative Regulation Of Catalytic Activity (GO:0043086),5/26,0.0009887053876321973,0.0096472681843048,0,0,7.648661454631604,52.92196177477645,ATP5IF1;NOTCH1;GZMA;TIMP1;SERPINA5,
GO_Biological_Process_2023,Plasma Membrane Invagination (GO:0099024),5/26,0.0009887053876321973,0.0096472681843048,0,0,7.648661454631604,52.92196177477645,ITGAM;BIN2;ITGB2;MYH9;HAVCR1,
GO_Biological_Process_2023,Positive Regulation Of Phosphatidylinositol 3-Kinase Activity (GO:0043552),5/26,0.0009887053876321973,0.0096472681843048,0,0,7.648661454631604,52.92196177477645,PDGFRB;TGFB1;KIT;PDGFB;CCL19,
GO_Biological_Process_2023,Cell-Cell Junction Organization (GO:0045216),8/68,0.0010342684425536,0.0100252356956439,0,0,4.296,29.530965716477265,CDH5;CDH3;TGFB1;CDH1;F2R;DSG2;CDH15;CD177,
GO_Biological_Process_2023,Skin Development (GO:0043588),8/68,0.0010342684425536,0.0100252356956439,0,0,4.296,29.530965716477265,COL1A1;ASAH1;COL3A1;CDSN;CASP3;ADAM9;PDGFA;PKD1,
GO_Biological_Process_2023,Negative Regulation Of Metabolic Process (GO:0009892),7/53,0.0010616589242661,0.0102568824360842,0,0,4.898430152644144,33.54407040641291,NOTCH1;LAMA4;ADIPOQ;ALDH1A1;APOC1;ACOT13;IL18R1,
GO_Biological_Process_2023,Regulation Of Protein Tyrosine Kinase Activity (GO:0061097),6/39,0.0010688607874424,0.010258967753982,0,0,5.8468740561763815,39.99941192384447,EFNA1;PTPRC;ERBB3;PDGFB;THY1;GAS6,
GO_Biological_Process_2023,Negative Regulation Of Protein Secretion (GO:0050709),6/39,0.0010688607874424,0.010258967753982,0,0,5.8468740561763815,39.99941192384447,CHGA;F2R;IL12B;CCN3;APOE;RAB11FIP3,
GO_Biological_Process_2023,Regulation Of Establishment Of Endothelial Barrier (GO:1903140),4/16,0.0011498084760467,0.0108236778658633,0,0,10.695364238410596,72.38793527991581,CDH5;PROC;F11R;TNFRSF1A,vascular
GO_Biological_Process_2023,Regulation Of Transforming Growth Factor Beta Production (GO:0071634),4/16,0.0011498084760467,0.0108236778658633,0,0,10.695364238410596,72.38793527991581,FN1;XCL1;ITGAV;CD46,
GO_Biological_Process_2023,Lymphocyte Mediated Immunity (GO:0002449),4/16,0.0011498084760467,0.0108236778658633,0,0,10.695364238410596,72.38793527991581,CR2;CD8A;KLRD1;CD46,immune
GO_Biological_Process_2023,Positive Regulation Of Lymphocyte Migration (GO:2000403),4/16,0.0011498084760467,0.0108236778658633,0,0,10.695364238410596,72.38793527991581,CCL20;CCL5;TNFRSF14;JAM2,immune
GO_Biological_Process_2023,Positive Regulation Of Positive Chemotaxis (GO:0050927),4/16,0.0011498084760467,0.0108236778658633,0,0,10.695364238410596,72.38793527991581,NTRK3;CNTN1;IL16;PGF,
GO_Biological_Process_2023,Positive Regulation Of Smooth Muscle Cell Migration (GO:0014911),4/16,0.0011498084760467,0.0108236778658633,0,0,10.695364238410596,72.38793527991581,PDGFRB;CCL5;PDGFB;CCN4,
GO_Biological_Process_2023,Regulation Of Peptidase Activity (GO:0052547),5/27,0.0011833881890302,0.0111041888536158,0,0,7.300618121513644,49.201593092481865,CST3;CSTB;CST7;CTSS;CTSB,
GO_Biological_Process_2023,Regulation Of Blood Vessel Endothelial Cell Migration (GO:0043535),7/54,0.0011883371010042,0.011115114858756,0,0,4.793960420575637,32.28828387013272,CD40;ANGPT2;TGFB1;ANGPT1;PDGFB;PRCP;APOE,vascular
GO_Biological_Process_2023,Negative Regulation Of Angiogenesis (GO:0016525),9/86,0.0011985863811296,0.0111753911154852,0,0,3.768943910847083,25.352224967418405,HHEX;CD160;SERPINF1;SERPINE1;SPINK5;FASLG;THBS2;HSPG2;THBS4,vascular
GO_Biological_Process_2023,Regulation Of Cytokine-Mediated Signaling Pathway (GO:0001959),6/40,0.0012256267041942,0.011284218276547,0,0,5.674614031659175,38.04433170914936,CD74;CASP8;PTPRC;AXL;PTPN6;GAS6,immune
GO_Biological_Process_2023,Aortic Valve Development (GO:0003176),6/40,0.0012256267041942,0.011284218276547,0,0,5.674614031659175,38.04433170914936,EFNA1;NOTCH1;TGFB1;TNFRSF1B;ROBO1;TNFRSF1A,
GO_Biological_Process_2023,Endothelial Cell Migration (GO:0043542),6/40,0.0012256267041942,0.011284218276547,0,0,5.674614031659175,38.04433170914936,DPP4;CDH5;TNFSF12;MYH9;CCN3;LGALS8,vascular
GO_Biological_Process_2023,Negative Regulation Of Cell-Cell Adhesion (GO:0022408),6/40,0.0012256267041942,0.011284218276547,0,0,5.674614031659175,38.04433170914936,NOTCH1;TGFB1;CDH1;APOA1;SPINT2;MBL2,
GO_Biological_Process_2023,Negative Regulation Of Epithelial Cell Proliferation (GO:0050680),8/70,0.0012527833901938,0.0114982025531229,0,0,4.156989247311828,27.77861294630134,ATP5IF1;TGFBR3;TGFB1;SORD;APOE;B2M;MTSS1;ROBO1,
GO_Biological_Process_2023,CD40 Signaling Pathway (GO:0023035),3/8,0.0013964686051956,0.0126581930604253,0,0,19.22677685950413,126.39315210550969,ITGB1;CD40LG;ITGA5,
GO_Biological_Process_2023,"Regulation Of Complement Activation, Classical Pathway (GO:0030450)",3/8,0.0013964686051956,0.0126581930604253,0,0,19.22677685950413,126.39315210550969,CR2;TREM2;CD46,immune
GO_Biological_Process_2023,Synapse Pruning (GO:0098883),3/8,0.0013964686051956,0.0126581930604253,0,0,19.22677685950413,126.39315210550969,ITGAM;TREM2;DKK1,
GO_Biological_Process_2023,Positive Regulation Of Extracellular Matrix Assembly (GO:1901203),3/8,0.0013964686051956,0.0126581930604253,0,0,19.22677685950413,126.39315210550969,PHLDB1;TGFB1;DAG1,
GO_Biological_Process_2023,Apoptotic Cell Clearance (GO:0043277),5/28,0.0014050292603672,0.0126581930604253,0,0,6.982839426058115,45.86117460112417,FCN2;MEGF10;TREM2;ITGAV;GAS6,
GO_Biological_Process_2023,Positive Regulation Of Fibroblast Proliferation (GO:0048146),5/28,0.0014050292603672,0.0126581930604253,0,0,6.982839426058115,45.86117460112417,CD74;PDGFB;FN1;PDGFA;GAS6,
GO_Biological_Process_2023,Neuron Projection Guidance (GO:0097485),11/124,0.0014233644259446,0.012784163055044,0,0,3.143579253198144,20.605319197668862,EFNA1;NOTCH3;SEMA7A;NFASC;NOTCH1;OPHN1;SEMA4D;BDNF;DAG1;CNTN1;CNTN4,
GO_Biological_Process_2023,Positive Regulation Of Cell Growth (GO:0030307),10/106,0.0014562184349534,0.0129839218314754,0,0,3.361204013377926,21.955089893096687,SEMA7A;SEMA4D;BDNF;HYAL1;TWF2;HDGFL2;DNPH1;FXN;EGFR;EIF4G1,
GO_Biological_Process_2023,Regulation Of Receptor Signaling Pathway Via STAT (GO:1904892),4/17,0.0014677092434626,0.0129839218314754,0,0,9.872134488028529,64.40632301015697,TGFB1;PTPRC;EGF;IL7R,
GO_Biological_Process_2023,Extracellular Matrix Assembly (GO:0085029),4/17,0.0014677092434626,0.0129839218314754,0,0,9.872134488028529,64.40632301015697,TGFB1;TNXB;QSOX1;GAS6,
GO_Biological_Process_2023,Negative Regulation Of Leukocyte Activation (GO:0002695),4/17,0.0014677092434626,0.0129839218314754,0,0,9.872134488028529,64.40632301015697,GRN;FN1;CD300LF;HAVCR2,immune
GO_Biological_Process_2023,Positive Regulation Of Alpha-Beta T Cell Proliferation (GO:0046641),4/17,0.0014677092434626,0.0129839218314754,0,0,9.872134488028529,64.40632301015697,IL18;IL12B;XCL1;CD55,immune
GO_Biological_Process_2023,Transforming Growth Factor Beta Receptor Signaling Pathway (GO:0007179),8/72,0.0015065475477444,0.0132874779210972,0,0,4.026666666666666,26.16501680967043,ITGB1;TGFBR3;CDH5;COL3A1;TGFB1;APOA1;ADAM9;ENG,
GO_Biological_Process_2023,Negative Regulation Of Gene Expression (GO:0010629),21/336,0.0015475247814101,0.013608024799406,0,0,2.166609880749574,14.020346035414748,NOTCH1;TGFB1;SHMT1;PDGFB;SORD;EIF2AK2;PRG3;PARK7;CRKL;ROBO1;ERN1;CILP;DXO;APOE;NUDT16;CD46;CD34;LGMN;HAVCR2;ENG;HSPA1A,
GO_Biological_Process_2023,Positive Regulation Of Calcium Ion Transmembrane Transport (GO:1904427),6/42,0.0015913063333504,0.0139512438837319,0,0,5.358803986710964,34.52784588345984,CXCL9;CXCL11;F2R;XCL1;THY1;F2,
GO_Biological_Process_2023,Peptidyl-Tyrosine Dephosphorylation (GO:0035335),5/29,0.0016558035742225,0.0143878553180225,0,0,6.691542288557214,42.849082567462496,PTPRB;PTPRS;PTPRZ1;PTPN6;PTPRF,
GO_Biological_Process_2023,Positive Regulation Of B Cell Proliferation (GO:0030890),5/29,0.0016558035742225,0.0143878553180225,0,0,6.691542288557214,42.849082567462496,CD74;CD40;PTPRC;TNFRSF4;TNFSF13B,immune
GO_Biological_Process_2023,Positive Regulation Of Calcium Ion Transport (GO:0051928),5/29,0.0016558035742225,0.0143878553180225,0,0,6.691542288557214,42.849082567462496,PDGFRB;CCL5;CCL4;F2R;PDGFB,electrolyte transport
GO_Biological_Process_2023,Lipid Transport (GO:0006869),10/108,0.0016774563596635,0.0145330068682357,0,0,3.2922667394717084,21.03915390379337,FABP1;RBP7;GM2A;FABP5;NPC2;APOA4;APOE;TRIAP1;PLTP;LDLR,
GO_Biological_Process_2023,Negative Regulation Of Response To External Stimulus (GO:0032102),12/146,0.0017033164050248,0.0147136478869356,0,0,2.893619152559351,18.447337456419437,RTN4R;CDH5;PROC;PTPRS;CD109;SERPINE1;ADIPOQ;CXCL17;APOA1;CCN3;APOE;TNFRSF1A,
GO_Biological_Process_2023,Apoptotic Process (GO:0006915),16/228,0.0017101418192395,0.0147292859915148,0,0,2.4451810300866903,15.578685973061884,TNFSF12;GZMA;ITGB2;TNFRSF19;FASLG;YARS1;CASP7;CASP8;PLSCR3;ERBB3;CASP3;IL2RA;FAS;PDCD1;RELT;TNFRSF21,
GO_Biological_Process_2023,Regulation Of Neuron Death (GO:1901214),7/58,0.0018176425355224,0.015518651531481,0,0,4.417050014681413,27.872534938975065,CHGA;ITGAM;ITGB2;PARK7;TNFRSF1B;DKK1;EIF4G1,
GO_Biological_Process_2023,Response To Organic Cyclic Compound (GO:0014070),7/58,0.0018176425355224,0.015518651531481,0,0,4.417050014681413,27.872534938975065,TGFB1;BGLAP;KYNU;CCL5;IL18;TLR3;ADA,
GO_Biological_Process_2023,Positive Regulation Of Type II Interferon Production (GO:0032729),7/58,0.0018176425355224,0.015518651531481,0,0,4.417050014681413,27.872534938975065,IL1R1;IL18;IL12B;TLR3;CD244;IL18R1;CD276,immune
GO_Biological_Process_2023,Regulation Of Lymphocyte Proliferation (GO:0050670),4/18,0.001842064257256,0.0155463871366694,0,0,9.16650898770104,57.72030130778679,CD209;IL12B;TNFRSF1B;CD22,immune
GO_Biological_Process_2023,Regulation Of Oligodendrocyte Differentiation (GO:0048713),4/18,0.001842064257256,0.0155463871366694,0,0,9.16650898770104,57.72030130778679,NOTCH1;PTPRZ1;TNFRSF1B;TNFRSF21,
GO_Biological_Process_2023,Regulation Of Oxidative Stress-Induced Intrinsic Apoptotic Signaling Pathway (GO:1902175),4/18,0.001842064257256,0.0155463871366694,0,0,9.16650898770104,57.72030130778679,TREM2;PARK7;SOD2;SOD1,stress response
GO_Biological_Process_2023,Positive Regulation Of Neutrophil Chemotaxis (GO:0090023),4/18,0.001842064257256,0.0155463871366694,0,0,9.16650898770104,57.72030130778679,CD74;XCL1;CCL19;THBS4,
GO_Biological_Process_2023,Negative Regulation Of Axon Extension (GO:0030517),5/30,0.001937918690218,0.016308501986162,0,0,6.423548922056384,40.122390501208805,RTN4R;SEMA7A;PTPRS;SEMA4D;KIAA0319,
GO_Biological_Process_2023,Regulation Of Cell Death (GO:0010941),7/59,0.0020093007073836,0.0168448801334392,0,0,4.331882759503392,26.900855587123303,CCN5;CCN4;CCN3;PARK7;CCN2;CHMP6;EIF4G1,
GO_Biological_Process_2023,Regulation Of Cell-Substrate Adhesion (GO:0010810),6/44,0.0020344677657626,0.0168448801334392,0,0,5.076237104388879,31.46008623036117,VIT;ATXN3;NOTCH1;PDGFB;THY1;FBLN2,
GO_Biological_Process_2023,T-helper 1 Type Immune Response (GO:0042088),3/9,0.0020475390560564,0.0168448801334392,0,0,16.021487603305786,99.19089893772023,IL18;IL12B;IL18BP,immune
GO_Biological_Process_2023,Amine Metabolic Process (GO:0009308),3/9,0.0020475390560564,0.0168448801334392,0,0,16.021487603305786,99.19089893772023,AOC3;SULT1A1;VCAM1,
GO_Biological_Process_2023,High-Density Lipoprotein Particle Assembly (GO:0034380),3/9,0.0020475390560564,0.0168448801334392,0,0,16.021487603305786,99.19089893772023,APOM;APOA1;APOE,
GO_Biological_Process_2023,"Wound Healing, Spreading Of Epidermal Cells (GO:0035313)",3/9,0.0020475390560564,0.0168448801334392,0,0,16.021487603305786,99.19089893772023,ITGB1;MMP12;ITGA5,
GO_Biological_Process_2023,Negative Regulation Of Receptor Binding (GO:1900121),3/9,0.0020475390560564,0.0168448801334392,0,0,16.021487603305786,99.19089893772023,ADIPOQ;B2M;PTPRF,
GO_Biological_Process_2023,Positive Regulation Of Platelet Activation (GO:0010572),3/9,0.0020475390560564,0.0168448801334392,0,0,16.021487603305786,99.19089893772023,SELP;PLA2G4A;GP1BA,
GO_Biological_Process_2023,Regulation Of Transforming Growth Factor Beta Receptor Signaling Pathway (GO:0017015),10/111,0.0020596196040864,0.0168969351318488,0,0,3.193979933110368,19.755513186380018,TGFB1;TNXB;CILP;CD109;ADAMTSL2;VASN;ASPN;DKK3;ENG;HSPA1A,
GO_Biological_Process_2023,Regulation Of Peptidyl-Serine Phosphorylation (GO:0033135),9/93,0.0020796526886421,0.0170137602967746,0,0,3.453613164798474,21.3279758922794,TGFB1;BDNF;NTRK3;HCLS1;PARK7;GAS6;DKK1;EGFR;EIF4G1,
GO_Biological_Process_2023,Positive Regulation Of Interleukin-6 Production (GO:0032755),8/76,0.0021355189799177,0.0174222756778288,0,0,3.789019607843137,23.298854271809617,CD74;F2R;IL16;LILRB2;IL6R;TLR3;MBL2;IL17RA,immune
GO_Biological_Process_2023,Synapse Organization (GO:0050808),11/131,0.0022089717041608,0.0179716063576739,0,0,2.9591289782244554,18.09574886845625,PTPRS;DBNL;SLITRK2;CDH1;BDNF;DCTN1;F2R;DNER;AGRN;DKK1;PTPRF,
GO_Biological_Process_2023,Negative Chemotaxis (GO:0050919),5/31,0.0022536072755531,0.0181836389239001,0,0,6.176170429901773,37.64513675412489,SEMA7A;SEMA4D;PDGFA;ITGAV;ROBO1,
GO_Biological_Process_2023,Negative Regulation Of Chemotaxis (GO:0050922),5/31,0.0022536072755531,0.0181836389239001,0,0,6.176170429901773,37.64513675412489,SEMA7A;NOTCH1;ANGPT2;SEMA4D;ROBO1,
GO_Biological_Process_2023,Positive Regulation Of Leukocyte Migration (GO:0002687),5/31,0.0022536072755531,0.0181836389239001,0,0,6.176170429901773,37.64513675412489,XCL1;ADAM8;THY1;IL6R;ICAM1,immune
GO_Biological_Process_2023,Regulation Of Insulin-Like Growth Factor Receptor Signaling Pathway (GO:0043567),4/19,0.0022777118922393,0.0182777044467401,0,0,8.55496688741722,52.053413753570176,IGFBP1;CDH3;CILP;IGFBP6,
GO_Biological_Process_2023,Regulation Of Neuroinflammatory Response (GO:0150077),4/19,0.0022777118922393,0.0182777044467401,0,0,8.55496688741722,52.053413753570176,MMP3;IL18;TREM2;TNFRSF1B,immune
GO_Biological_Process_2023,Negative Regulation Of Blood Vessel Morphogenesis (GO:2000181),8/77,0.0023210824743462,0.0185245087694423,0,0,3.733913043478261,22.64887706886649,HHEX;CD160;SERPINF1;SPINK5;FASLG;THBS2;HSPG2;THBS4,vascular
GO_Biological_Process_2023,Positive Regulation Of Endothelial Cell Proliferation (GO:0001938),8/77,0.0023210824743462,0.0185245087694423,0,0,3.733913043478261,22.64887706886649,CCL24;CCL11;EGF;TNFSF12;PDGFB;CNTN1;PGF;THBS4,vascular
GO_Biological_Process_2023,Positive Regulation Of Cellular Component Organization (GO:0051130),10/113,0.0023512469354459,0.0187143963398506,0,0,3.131636198331006,18.955197271430546,CDH5;TGFB1;HYAL1;MMP1;DCTN1;MMP3;TREM2;PARK7;APOE;CCL19,
GO_Biological_Process_2023,Regulation Of Signal Transduction (GO:0009966),14/193,0.0023956755157175,0.0190164837558447,0,0,2.5297857532494405,15.264955005371483,BRAP;IGFBP1;MPIG6B;ADIPOQ;TREM2;ERBB3;IGFBP7;NCAM1;TIMP1;IGFBP6;CD46;MGLL;CD55;CD177,
GO_Biological_Process_2023,Cell Junction Assembly (GO:0034329),9/95,0.0024086600404135,0.0190680176245138,0,0,3.372947159995341,20.334434889925763,CDH5;CDH3;DBNL;OPHN1;CDH1;BDNF;DNER;FN1;CDH15,
GO_Biological_Process_2023,Negative Regulation Of Cell Motility (GO:2000146),11/133,0.0024886652013447,0.0196484131622299,0,0,2.910316610374276,17.450283936614714,CD74;CDH1;SERPINE1;ADIPOQ;DAG1;SPINT2;THY1;EPHA1;SLURP1;ROBO1;ENG,
GO_Biological_Process_2023,Proteolysis Involved In Protein Catabolic Process (GO:0051603),8/78,0.0025190551371502,0.0198350266429231,0,0,3.680380952380952,22.022926297559657,ATXN3;CASP8;GZMA;CTSZ;CTSS;CTSC;CTSB;LGMN,
GO_Biological_Process_2023,Homotypic Cell-Cell Adhesion (GO:0034109),6/46,0.0025649937976059,0.0200890314228499,0,0,4.821926910299004,28.766647792883223,MEGF10;MYH9;GP1BA;CD99;DSC2;XG,
GO_Biological_Process_2023,Negative Regulation Of Cold-Induced Thermogenesis (GO:0120163),6/46,0.0025649937976059,0.0200890314228499,0,0,4.821926910299004,28.766647792883223,NOTCH1;LAMA4;ADIPOQ;ALDH1A1;ACOT13;IL18R1,heat adaptation
GO_Biological_Process_2023,Positive Regulation Of Synapse Assembly (GO:0051965),5/32,0.0026051197369158,0.0203490336896856,0,0,5.947116270499355,35.386987023082405,CLSTN2;SLITRK2;SEMA4D;BDNF;IL1RAP,
GO_Biological_Process_2023,Positive Regulation Of Protein Localization To Membrane (GO:1905477),8/79,0.0027299960358496,0.0212679001519638,0,0,3.628356807511737,21.419841579226453,ITGB1;FIS1;ITGAM;ITGB2;PDCD5;TREM2;STX3;EGFR,
GO_Biological_Process_2023,Positive Regulation Of I-kappaB kinase/NF-kappaB Signaling (GO:0043123),13/175,0.0027467629775544,0.0213419123414745,0,0,2.5935262994086523,15.2948860525304,CD74;CD40;F2R;TNFRSF19;SHISA5;FASLG;TNFRSF1A;CASP8;EEF1D;TNFSF10;TRIM25;CCL19;LTBR,
GO_Biological_Process_2023,Lipopolysaccharide-Mediated Signaling Pathway (GO:0031663),4/20,0.0027794056702973,0.0214254972537095,0,0,8.019867549668874,47.20107611879259,TGFB1;CD6;CCL5;IL18,
GO_Biological_Process_2023,Positive Regulation Of Protein Processing (GO:0010954),4/20,0.0027794056702973,0.0214254972537095,0,0,8.019867549668874,47.20107611879259,CLEC3B;MYH9;ENO1;MELTF,
GO_Biological_Process_2023,Pulmonary Valve Development (GO:0003177),4/20,0.0027794056702973,0.0214254972537095,0,0,8.019867549668874,47.20107611879259,NOTCH1;TNFRSF1B;ROBO1;TNFRSF1A,
GO_Biological_Process_2023,Regulation Of Opsonization (GO:1903027),3/10,0.00285929759842,0.0217519895044707,0,0,13.731995277449824,80.43075820213699,FCN2;CFP;MBL2,
GO_Biological_Process_2023,Cellular Response To UV-A (GO:0071492),3/10,0.00285929759842,0.0217519895044707,0,0,13.731995277449824,80.43075820213699,MMP1;MMP3;TIMP1,
GO_Biological_Process_2023,Megakaryocyte Development (GO:0035855),3/10,0.00285929759842,0.0217519895044707,0,0,13.731995277449824,80.43075820213699,MPIG6B;KIT;GP1BA,
GO_Biological_Process_2023,Positive Regulation Of Cholesterol Metabolic Process (GO:0090205),3/10,0.00285929759842,0.0217519895044707,0,0,13.731995277449824,80.43075820213699,APOA1;APOE;CES1,
GO_Biological_Process_2023,Positive Regulation Of Transforming Growth Factor Beta Production (GO:0071636),3/10,0.00285929759842,0.0217519895044707,0,0,13.731995277449824,80.43075820213699,TNXB;XCL1;CD46,
GO_Biological_Process_2023,Regulation Of Interleukin-2 Production (GO:0032663),6/47,0.0028661967784236,0.0217519895044707,0,0,4.704075844745159,27.541278804603483,PTPRC;XCL1;VSIG4;CD34;GBP1;HAVCR2,immune
GO_Biological_Process_2023,Wound Healing (GO:0042060),8/80,0.0029544741569251,0.0223641510280651,0,0,3.577777777777778,20.838532659385656,MMP12;COL3A1;ERBB3;MYH9;PDGFA;PRCP;HPSE;CHMP6,
GO_Biological_Process_2023,MAPK Cascade (GO:0000165),9/98,0.0029782501998506,0.0224374587172055,0,0,3.258745849824614,18.95423235958588,BRAP;PPP1CC;MAP2K1;TGFB1;EGF;CCL5;IL18;ITGAV;MBL2,
GO_Biological_Process_2023,Vasculogenesis (GO:0001570),5/33,0.0029947169959634,0.0224374587172055,0,0,5.734423122482824,33.322191114336384,PDGFRB;TGFBR3;NOTCH1;TGFB1;ENG,
GO_Biological_Process_2023,Positive Regulation Of Cytokine Production Involved In Immune Response (GO:0002720),5/33,0.0029947169959634,0.0224374587172055,0,0,5.734423122482824,33.322191114336384,CD160;KIT;XCL1;TNFRSF14;CD55,immune
GO_Biological_Process_2023,Regulation Of Amyloid-Beta Formation (GO:1902003),5/33,0.0029947169959634,0.0224374587172055,0,0,5.734423122482824,33.322191114336384,EFNA1;IFNGR1;CASP3;APEX1;APOE,
GO_Biological_Process_2023,Cellular Response To Oxygen-Containing Compound (GO:1901701),23/406,0.0033337264883616,0.0249138796343976,0,0,1.9513378411550732,11.129776440600326,CXCL6;CXCL9;SHMT1;SERPINE1;MMP3;PDGFB;TWF2;CXCL1;PPBP;LILRB2;TNFRSF1B;CXCL3;EGFR;CRHBP;CRYGD;PRDX5;CXCL11;CASP7;TNIP1;CDH1;AXL;ADAM9;LGMN,
GO_Biological_Process_2023,Positive Regulation Of Amyloid Precursor Protein Catabolic Process (GO:1902993),4/21,0.0033517914137629,0.0249220541322069,0,0,7.54772107518504,43.00887955214796,EFNA1;IFNGR1;CASP3;AGER,
GO_Biological_Process_2023,Positive Regulation Of Granulocyte Chemotaxis (GO:0071624),4/21,0.0033517914137629,0.0249220541322069,0,0,7.54772107518504,43.00887955214796,CD74;XCL1;CCL19;THBS4,
GO_Biological_Process_2023,Cellular Response To Amyloid-Beta (GO:1904646),5/34,0.0034246634370587,0.0253356083492233,0,0,5.53639846743295,31.42876150822693,VCAM1;TREM2;AGER;ICAM1;LGMN,
GO_Biological_Process_2023,Regulation Of DNA Biosynthetic Process (GO:2000278),5/34,0.0034246634370587,0.0253356083492233,0,0,5.53639846743295,31.42876150822693,PDGFRB;SMOC2;ADIPOQ;PDGFB;PDGFA,
GO_Biological_Process_2023,Positive Regulation Of Tumor Necrosis Factor Superfamily Cytokine Production (GO:1903557),8/82,0.0034463646995201,0.0254320932725899,0,0,3.4807207207207207,19.73720169213126,PTPRC;IFNGR1;IL12B;TNFRSF8;CCL19;AGER;TLR3;HAVCR2,immune
GO_Biological_Process_2023,Intracellular Calcium Ion Homeostasis (GO:0006874),11/139,0.0035035321632445,0.025789157803131,0,0,2.773031825795645,15.67867654817843,CDH5;CCL13;CD40;CCL23;CCL11;CCL8;CCL5;CDH23;CCL19;F2;CTRC,electrolyte transport
GO_Biological_Process_2023,Response To Reactive Oxygen Species (GO:0000302),7/66,0.0038238595721269,0.0278709490371596,0,0,3.81654869003638,21.24479922796604,CRYGD;PRDX5;HYAL1;APOD;APOE;EGFR;SOD1,stress response
GO_Biological_Process_2023,Cellular Response To Superoxide (GO:0071451),3/11,0.0038432871501701,0.0278709490371596,0,0,12.01487603305785,66.81985897412955,APOA4;SOD2;SOD1,
GO_Biological_Process_2023,Digestive System Development (GO:0055123),3/11,0.0038432871501701,0.0278709490371596,0,0,12.01487603305785,66.81985897412955,CLMP;KIT;PKD1,
GO_Biological_Process_2023,Epithelial Cell-Cell Adhesion (GO:0090136),3/11,0.0038432871501701,0.0278709490371596,0,0,12.01487603305785,66.81985897412955,KIT;CCN3;THBS4,
GO_Biological_Process_2023,Negative Regulation Of Fibrinolysis (GO:0051918),3/11,0.0038432871501701,0.0278709490371596,0,0,12.01487603305785,66.81985897412955,PLAU;SERPINE1;F2,
GO_Biological_Process_2023,Regulation Of Astrocyte Differentiation (GO:0048710),3/11,0.0038432871501701,0.0278709490371596,0,0,12.01487603305785,66.81985897412955,NOTCH1;SERPINE2;F2,
GO_Biological_Process_2023,Positive Regulation Of Multicellular Organismal Process (GO:0051240),22/387,0.0038818241930567,0.0279866218555563,0,0,1.9570526906353731,10.864480321832762,LRPAP1;TNXB;TGFB1;EGF;SERPINE1;ADIPOQ;F2R;PDGFB;IL18;EIF2AK2;TREM2;ENO1;LILRB2;SOD1;COL1A1;FABP5;APEX1;IL12B;ADAM8;APOE;GAS6;PPIB,
GO_Biological_Process_2023,Adherens Junction Organization (GO:0034332),5/35,0.0038972200570953,0.0279866218555563,0,0,5.351575456053068,29.68782088400577,CDH5;CDH3;CDH1;CDH15;MTSS1,
GO_Biological_Process_2023,Macrophage Activation (GO:0042116),5/35,0.0038972200570953,0.0279866218555563,0,0,5.351575456053068,29.68782088400577,ITGAM;CD93;IFNGR1;ITGB2;TREM2,
GO_Biological_Process_2023,Calcium Ion Homeostasis (GO:0055074),9/102,0.00389735387774,0.0279866218555563,0,0,3.1179384996499544,17.296631155451202,CDH5;CCL13;CD40;CCL23;CCL11;CCL8;CCL5;CCL19;CTRC,electrolyte transport
GO_Biological_Process_2023,Regulation Of Interleukin-12 Production (GO:0032655),6/50,0.0039291954986505,0.0280779736728387,0,0,4.382663847780127,24.276980055027007,CD40;CD40LG;IL12B;IL16;CCL19;TLR3,immune
GO_Biological_Process_2023,Positive Regulation Of Developmental Growth (GO:0048639),6/50,0.0039291954986505,0.0280779736728387,0,0,4.382663847780127,24.276980055027007,SEMA7A;SEMA4D;BDNF;TWF2;PPIB;AGRN,
GO_Biological_Process_2023,Blood Vessel Endothelial Cell Migration (GO:0043534),4/22,0.0039993870351697,0.0283729684955297,0,0,7.1280353200883,39.35826083345121,CDH5;MYH9;EPHB4;ROBO1,vascular
GO_Biological_Process_2023,Negative Regulation Of Axonogenesis (GO:0050771),4/22,0.0039993870351697,0.0283729684955297,0,0,7.1280353200883,39.35826083345121,RTN4R;PTPRS;THY1;KIAA0319,
GO_Biological_Process_2023,Regulation Of Cysteine-Type Endopeptidase Activity Involved In Apoptotic Process (GO:0043281),8/84,0.0039994582761829,0.0283729684955297,0,0,3.388771929824561,18.71143074577164,FABP1;FIS1;LAMP3;PDCD5;F2R;TNFSF10;TRIAP1;GAS6,
GO_Biological_Process_2023,Activation Of Cysteine-Type Endopeptidase Activity Involved In Apoptotic Process (GO:0006919),7/67,0.0041606520127095,0.0293041605787241,0,0,3.752745424292845,20.572863707042654,CASP8;F2R;SORD;HIP1R;CNTN1;FASLG;ROBO1,
GO_Biological_Process_2023,Cholesterol Metabolic Process (GO:0008203),7/67,0.0041606520127095,0.0293041605787241,0,0,3.752745424292845,20.572863707042654,ANGPTL3;APOA1;APOA4;APOE;LBR;SCARF1;CES1,
GO_Biological_Process_2023,Peptidyl-Tyrosine Phosphorylation (GO:0018108),7/67,0.0041606520127095,0.0293041605787241,0,0,3.752745424292845,20.572863707042654,DDR1;PDGFRB;EFEMP1;PDGFB;PTPN6;EPHA1;EGFR,
GO_Biological_Process_2023,Negative Regulation Of Cell Migration (GO:0030336),12/163,0.0042272454245607,0.0297019612725712,0,0,2.565580692475221,14.02398923408582,CD74;COL3A1;CDH1;SERPINE1;ADIPOQ;DAG1;THY1;TIMP1;EPHA1;SLURP1;ROBO1;ENG,
GO_Biological_Process_2023,Regulation Of Osteoblast Differentiation (GO:0045667),8/85,0.0043004697298644,0.0300725704681233,0,0,3.3445887445887448,18.22476782758938,NOTCH1;SEMA4D;SMOC1;CRIM1;CCN4;ATRAID;IL6R;FGF23,
GO_Biological_Process_2023,Macromolecule Catabolic Process (GO:0009057),8/85,0.0043004697298644,0.0300725704681233,0,0,3.3445887445887448,18.22476782758938,CASP7;TGFB1;CTRL;CASP3;RNASET2;APEX1;TPP1;LGMN,
GO_Biological_Process_2023,Regulation Of Release Of Sequestered Calcium Ion Into Cytosol (GO:0051279),6/51,0.0043410645029296,0.0302125745144655,0,0,4.285049833887043,23.309109983155874,CXCL9;CXCL11;F2R;XCL1;THY1;F2,
GO_Biological_Process_2023,Regulation Of Stress-Activated MAPK Cascade (GO:0032872),6/51,0.0043410645029296,0.0302125745144655,0,0,4.285049833887043,23.309109983155874,TGFBR3;MAP2K1;EIF2AK2;FAS;IGFBP6;EGFR,stress response
GO_Biological_Process_2023,Regulation Of Receptor Internalization (GO:0002090),5/36,0.0044146378264802,0.0305077442267586,0,0,5.178676509923501,28.0830796495312,LRPAP1;ANGPT1;EGF;DKK1;SELE,
GO_Biological_Process_2023,Substrate Adhesion-Dependent Cell Spreading (GO:0034446),5/36,0.0044146378264802,0.0305077442267586,0,0,5.178676509923501,28.0830796495312,EFNA1;FN1;ITGAV;ITGB7;EPHA1,immune
GO_Biological_Process_2023,Negative Regulation Of Sequestering Of Calcium Ion (GO:0051283),5/36,0.0044146378264802,0.0305077442267586,0,0,5.178676509923501,28.0830796495312,PTPRC;F2R;XCL1;GP1BA;CCL19,
GO_Biological_Process_2023,B Cell Differentiation (GO:0030183),7/68,0.0045194182631355,0.0311585245042933,0,0,3.6910340689015575,19.92926598889468,ITGB1;CD79B;HHEX;CR2;VCAM1;PTPRC;KIT,immune
GO_Biological_Process_2023,Negative Regulation Of MAPK Cascade (GO:0043409),9/105,0.0047218167847544,0.032358789674798,0,0,3.020033388981636,16.173974973837847,PTPRC;TNIP1;ADIPOQ;DAG1;PEBP1;TIMP3;APOE;GBP1;DUSP13,
GO_Biological_Process_2023,Positive Regulation Of Epithelial Cell Apoptotic Process (GO:1904037),4/23,0.0047265647839592,0.032358789674798,0,0,6.75252701289648,36.15678809474641,CD40;CD40LG;CD160;FASLG,
GO_Biological_Process_2023,Regulation Of T Cell Migration (GO:2000404),4/23,0.0047265647839592,0.032358789674798,0,0,6.75252701289648,36.15678809474641,CCL20;CCL5;APOD;TNFRSF14,immune
GO_Biological_Process_2023,Regulation Of Proteolysis (GO:0030162),6/52,0.0047839221384902,0.0326753007459203,0,0,4.191679907554528,22.39402701059044,CST3;CSTB;CASP8;SERPINE2;IST1;F2,
GO_Biological_Process_2023,Positive Regulation Of Protein Kinase Activity (GO:0045860),11/145,0.0048257661413218,0.0328846291347151,0,0,2.6480412010300256,14.12408447915549,EFNA1;MAP2K1;PTPRC;ERBB3;CCL5;PDGFB;IL12B;CCL19;GAS6;IL6R;DKK1,
GO_Biological_Process_2023,Negative Regulation Of Endothelial Cell Migration (GO:0010596),5/37,0.0049791512944892,0.0335913815108572,0,0,5.016583747927031,26.60041438046286,NOTCH1;ANGPT2;TGFB1;DNAJA4;APOE,vascular
GO_Biological_Process_2023,Negative Regulation Of Smooth Muscle Cell Proliferation (GO:0048662),5/37,0.0049791512944892,0.0335913815108572,0,0,5.016583747927031,26.60041438046286,OGN;IL12B;APOD;APOE;SOD2,
GO_Biological_Process_2023,Astrocyte Activation (GO:0048143),3/12,0.0050095420843566,0.0335913815108572,0,0,10.679338842975207,56.56216524722636,GRN;IFNGR1;TREM2,
GO_Biological_Process_2023,Response To Iron Ion (GO:0010039),3/12,0.0050095420843566,0.0335913815108572,0,0,10.679338842975207,56.56216524722636,B2M;F3;FXN,
GO_Biological_Process_2023,Synaptic Membrane Adhesion (GO:0099560),3/12,0.0050095420843566,0.0335913815108572,0,0,10.679338842975207,56.56216524722636,PTPRS;SLITRK2;PTPRF,
GO_Biological_Process_2023,Granulocyte Activation (GO:0036230),3/12,0.0050095420843566,0.0335913815108572,0,0,10.679338842975207,56.56216524722636,CXCL6;CCL5;PRG3,
GO_Biological_Process_2023,Positive Regulation Of Myeloid Leukocyte Mediated Immunity (GO:0002888),3/12,0.0050095420843566,0.0335913815108572,0,0,10.679338842975207,56.56216524722636,ITGAM;ITGB2;CD177,immune
GO_Biological_Process_2023,Regulation Of I-kappaB kinase/NF-kappaB Signaling (GO:0043122),15/232,0.0050642186951916,0.0338806612933439,0,0,2.2351784645751898,11.814159623109976,CD74;CD40;F2R;TNFRSF19;SHISA5;FASLG;TREM2;TNFRSF1A;CASP8;TNIP1;EEF1D;TNFSF10;TRIM25;CCL19;LTBR,
GO_Biological_Process_2023,Negative Regulation Of Cysteine-Type Endopeptidase Activity (GO:2000117),6/53,0.0052591059340258,0.0350249299959954,0,0,4.102283169576589,21.527937993074158,CST3;FABP1;LAMP3;TRIAP1;GAS6;CST7,
GO_Biological_Process_2023,Positive Regulation Of NIK/NF-kappaB Signaling (GO:1901224),6/53,0.0052591059340258,0.0350249299959954,0,0,4.102283169576589,21.527937993074158,IL12B;EIF2AK2;CCL19;AGER;TLR3;EGFR,
GO_Biological_Process_2023,Regulation Of Actin Filament-Based Process (GO:0032970),7/70,0.0053064021466745,0.0351962157313643,0,0,3.5734886300610094,18.720939588712653,PDGFRB;TWF2;HIP1R;PDGFA;ESAM;F11R;CORO1A,
GO_Biological_Process_2023,Regulation Of Endothelial Cell Migration (GO:0010594),8/88,0.0053087924988064,0.0351962157313643,0,0,3.2186666666666666,16.86063408327399,SMOC2;GRN;ANGPT1;ANXA3;EGF;DNAJA4;PRCP;APOE,vascular
GO_Biological_Process_2023,Regulation Of Tumor Necrosis Factor Production (GO:0032680),10/127,0.0054411066068975,0.0359921849199506,0,0,2.754909527484778,14.363472411594934,PTPRC;IFNGR1;IL12B;TNFRSF8;PTPN6;CCL19;GAS6;AGER;TLR3;HAVCR2,
GO_Biological_Process_2023,Regulation Of Heterotypic Cell-Cell Adhesion (GO:0034114),4/24,0.0055375357669876,0.0362221437586699,0,0,6.414569536423841,33.33142268931239,APOA1;THY1;AGER;MBL2,
GO_Biological_Process_2023,Regulation Of Proteolysis Involved In Protein Catabolic Process (GO:1903050),4/24,0.0055375357669876,0.0362221437586699,0,0,6.414569536423841,33.33142268931239,ATP5IF1;EFNA1;PKD1;CTSC,
GO_Biological_Process_2023,Iron Ion Transport (GO:0006826),4/24,0.0055375357669876,0.0362221437586699,0,0,6.414569536423841,33.33142268931239,SCARA5;HEPH;MELTF;F3,electrolyte transport
GO_Biological_Process_2023,Multivesicular Body Sorting Pathway (GO:0071985),4/24,0.0055375357669876,0.0362221437586699,0,0,6.414569536423841,33.33142268931239,VTA1;RAB27B;CHMP6;RILP,
GO_Biological_Process_2023,Positive Regulation Of Interleukin-17 Production (GO:0032740),4/24,0.0055375357669876,0.0362221437586699,0,0,6.414569536423841,33.33142268931239,TGFB1;IL18;IL12B;LY9,immune
GO_Biological_Process_2023,Response To Transforming Growth Factor Beta (GO:0071559),5/38,0.0055929724434164,0.0364225278632243,0,0,4.864314789687924,25.227525289855272,CLEC3B;TGFB1;PDCD5;XCL1;CRKL,
GO_Biological_Process_2023,Lymphocyte Proliferation (GO:0046651),5/38,0.0055929724434164,0.0364225278632243,0,0,4.864314789687924,25.227525289855272,CD40;CR2;CD40LG;PTPRC;TNFRSF4,immune
GO_Biological_Process_2023,Positive Regulation Of Peptidyl-Serine Phosphorylation (GO:0033138),8/89,0.0056820939610627,0.0369210397425689,0,0,3.178765432098765,16.435601506186263,TGFB1;BDNF;NTRK3;HCLS1;PARK7;GAS6;EGFR;EIF4G1,
GO_Biological_Process_2023,Myeloid Leukocyte Differentiation (GO:0002573),7/71,0.005736397883809,0.0369469311069014,0,0,3.5174708818635607,18.1533992322792,IL1RL1;CASP8;KIT;MYH9;TREM2;CCL19;OSCAR,immune
GO_Biological_Process_2023,Negative Regulation Of Protein Binding (GO:0032091),7/71,0.005736397883809,0.0369469311069014,0,0,3.5174708818635607,18.1533992322792,LRPAP1;ADIPOQ;PDGFB;PARK7;B2M;DKK1;PTPRF,
GO_Biological_Process_2023,Negative Regulation Of Supramolecular Fiber Organization (GO:1902904),7/71,0.005736397883809,0.0369469311069014,0,0,3.5174708818635607,18.1533992322792,CDH5;TWF2;HIP1R;TREM2;APOE;CORO1A;LDLR,
GO_Biological_Process_2023,Positive Regulation Of Cell-Substrate Adhesion (GO:0010811),7/71,0.005736397883809,0.0369469311069014,0,0,3.5174708818635607,18.1533992322792,VIT;PDGFB;FN1;APOA1;EPHA1;FBLN2;CRKL,
GO_Biological_Process_2023,Negative Regulation Of Neuron Projection Development (GO:0010977),6/54,0.0057679533424539,0.0369879453423305,0,0,4.016611295681063,20.707390376716283,RTN4R;EFNA1;PTPRS;THY1;APOE;KIAA0319,
GO_Biological_Process_2023,Peptidyl-Tyrosine Modification (GO:0018212),6/54,0.0057679533424539,0.0369879453423305,0,0,4.016611295681063,20.707390376716283,PDGFRB;EFEMP1;PDGFB;PTPN6;EPHA1;EGFR,electrolyte transport
GO_Biological_Process_2023,Protein Localization To Membrane (GO:0072657),13/192,0.0060087769530864,0.038448317889357,0,0,2.345138725881414,11.994291872826532,LRPAP1;FYB1;ADIPOQ;ITGB2;THY1;F11R;TNFRSF1A;CDH1;SLMAP;BSG;ITGB7;GAS6;AGRN,
GO_Biological_Process_2023,Heart Development (GO:0007507),12/171,0.0061687111174777,0.0393858794609395,0,0,2.4354818285424846,12.392377818081613,TGFBR3;COL3A1;NOTCH1;TGFB1;CASP8;ERBB3;NTRK3;PDGFB;FN1;PKD1;EPHB4;PDLIM7,
GO_Biological_Process_2023,Release Of Sequestered Calcium Ion Into Cytosol (GO:0051209),5/39,0.0062582848050476,0.0398711116538504,0,0,4.721002828992294,23.95365606930806,PTPRC;F2R;XCL1;FASLG;GP1BA,
GO_Biological_Process_2023,Immune Response-Regulating Cell Surface Receptor Signaling Pathway (GO:0002768),3/13,0.0063666888569275,0.0404739505904676,0,0,9.610909090909091,48.5992509087598,CD40;KIT;LILRB2,immune
GO_Biological_Process_2023,Response To Lipid (GO:0033993),9/110,0.0063902207215332,0.0404786306476741,0,0,2.8697829716193657,14.50097452593175,SELP;TGFB1;CD6;BGLAP;F2R;TREM2;APOA4;SELE;IFNAR1,
GO_Biological_Process_2023,Regulation Of Myelination (GO:0031641),4/25,0.0064363365721701,0.0404786306476741,0,0,6.10879848628193,30.823749476209176,PTPRZ1;TNFRSF1B;JAM2;TNFRSF21,
GO_Biological_Process_2023,"Wound Healing, Spreading Of Cells (GO:0044319)",4/25,0.0064363365721701,0.0404786306476741,0,0,6.10879848628193,30.823749476209176,DDR1;ITGB1;MMP12;ITGA5,
GO_Biological_Process_2023,Organophosphate Ester Transport (GO:0015748),4/25,0.0064363365721701,0.0404786306476741,0,0,6.10879848628193,30.823749476209176,NPC2;TRIAP1;LDLR;PLTP,
GO_Biological_Process_2023,Positive Regulation Of T Cell Migration (GO:2000406),4/25,0.0064363365721701,0.0404786306476741,0,0,6.10879848628193,30.823749476209176,CCL20;CCL5;XCL1;TNFRSF14,immune
GO_Biological_Process_2023,Regulation Of Epithelial Cell Proliferation (GO:0050678),8/91,0.0064883131865671,0.0406315049657731,0,0,3.101847389558233,15.626340035891454,TGFBR3;GRN;TGFB1;ANGPT1;HYAL1;B2M;MTSS1;EGFR,
GO_Biological_Process_2023,Lymphocyte Differentiation (GO:0030098),8/91,0.0064883131865671,0.0406315049657731,0,0,3.101847389558233,15.626340035891454,ITGB1;CD79B;HHEX;CR2;VCAM1;PTPRC;AXL;KIT,immune
GO_Biological_Process_2023,Cellular Response To Organic Cyclic Compound (GO:0071407),11/152,0.00683752150648,0.042727235456451,0,0,2.5156634235004813,12.541412249212833,CRHBP;CASP7;TGFB1;CDH1;CASP3;CCL5;PDGFB;IL18;TFPI;EGFR;HSPA1A,
GO_Biological_Process_2023,Peptide Metabolic Process (GO:0006518),6/56,0.0068919735861666,0.0429760645914468,0,0,3.855548172757475,19.19059696534501,CPM;DNPEP;CPQ;ANPEP;TPP1;GGT1,
GO_Biological_Process_2023,Positive Regulation Of Protein Catabolic Process (GO:0045732),8/92,0.0069225191327626,0.0430750819765339,0,0,3.064761904761905,15.240985985458758,TNFSF12;ADAM9;TREM2;ADAM8;APOE;TNFRSF1B;RILP;TNFSF13B,
GO_Biological_Process_2023,Positive Regulation Of Cellular Component Biogenesis (GO:0044089),8/93,0.0073783192550014,0.0456329791722891,0,0,3.0285490196078437,14.867781344287504,CHGA;CDH5;TGFB1;HYAL1;MMP1;MMP3;PARK7;MTSS1,
GO_Biological_Process_2023,Acute Inflammatory Response (GO:0002526),4/26,0.0074268178564365,0.0456329791722891,0,0,5.830824804334738,28.58653867888913,CD6;CNTN1;IL6R;MBL2,immune
GO_Biological_Process_2023,Cell-Cell Adhesion Mediated By Cadherin (GO:0044331),4/26,0.0074268178564365,0.0456329791722891,0,0,5.830824804334738,28.58653867888913,CDH5;CDH3;CDH1;CDH15,
GO_Biological_Process_2023,Negative Regulation Of Endothelial Cell Apoptotic Process (GO:2000352),4/26,0.0074268178564365,0.0456329791722891,0,0,5.830824804334738,28.58653867888913,CDH5;SERPINE1;GAS6;ICAM1,vascular
GO_Biological_Process_2023,Negative Regulation Of Receptor-Mediated Endocytosis (GO:0048261),4/26,0.0074268178564365,0.0456329791722891,0,0,5.830824804334738,28.58653867888913,LRPAP1;ADIPOQ;APOC1;ITGAV,
GO_Biological_Process_2023,Positive Regulation Of Monooxygenase Activity (GO:0032770),4/26,0.0074268178564365,0.0456329791722891,0,0,5.830824804334738,28.58653867888913,CDH3;PARK7;APOE;FGF23,
GO_Biological_Process_2023,Myeloid Cell Differentiation (GO:0030099),6/57,0.0075097987814687,0.045950581294112,0,0,3.779753761969904,18.488841689576176,ATP5IF1;MPIG6B;CASP3;KIT;HCLS1;AHSP,
GO_Biological_Process_2023,Regulation Of Calcium Ion Transport (GO:0051924),6/57,0.0075097987814687,0.045950581294112,0,0,3.779753761969904,18.488841689576176,EGF;CCL5;F2R;CCL4;IL16;LILRB2,electrolyte transport
GO_Biological_Process_2023,Regulation Of Release Of Cytochrome C From Mitochondria (GO:0090199),5/41,0.0077519417039621,0.0473335816726339,0,0,4.458264234383638,21.66632568905534,PLSCR3;PDCD5;TNFSF10;TRIAP1;FXN,
GO_Biological_Process_2023,Regulation Of Sensory Perception Of Pain (GO:0051930),3/14,0.0079220413319025,0.0477762533712479,0,0,8.736739293764087,42.26927396413061,F2R;CCN3;MGLL,
GO_Biological_Process_2023,Negative Regulation Of T Cell Mediated Immunity (GO:0002710),3/14,0.0079220413319025,0.0477762533712479,0,0,8.736739293764087,42.26927396413061,PTPRC;XCL1;KLRD1,immune
GO_Biological_Process_2023,Positive Regulation Of Endothelial Cell Chemotaxis (GO:2001028),3/14,0.0079220413319025,0.0477762533712479,0,0,8.736739293764087,42.26927396413061,SMOC2;MET;LGMN,vascular
GO_Biological_Process_2023,Positive Regulation Of Membrane Protein Ectodomain Proteolysis (GO:0051044),3/14,0.0079220413319025,0.0477762533712479,0,0,8.736739293764087,42.26927396413061,ADAM9;APOE;TNFRSF1B,
GO_Biological_Process_2023,Positive Regulation Of Response To Cytokine Stimulus (GO:0060760),3/14,0.0079220413319025,0.0477762533712479,0,0,8.736739293764087,42.26927396413061,CD74;AXL;GAS6,immune
GO_Biological_Process_2023,Prostanoid Biosynthetic Process (GO:0046457),3/14,0.0079220413319025,0.0477762533712479,0,0,8.736739293764087,42.26927396413061,CD74;PLA2G4A;PTGDS,
GO_Biological_Process_2023,Positive Regulation Of Mitochondrion Organization (GO:0010822),6/58,0.0081665875272439,0.0491501384580236,0,0,3.706874520828009,17.821555982795942,FIS1;PDCD5;TNFSF10;HIP1R;TREM2;PARK7,
GO_Biological_Process_2023,T Cell Receptor Signaling Pathway (GO:0050852),8/95,0.0083573026398356,0.0498895938950535,0,0,2.9586206896551723,14.155874406622225,FYB1;PTPRC;MOG;CD8A;BTN2A1;THY1;TNFRSF21;CD276,immune
GO_Biological_Process_2023,Negative Regulation Of Neurogenesis (GO:0050768),4/27,0.0085126347169787,0.0498895938950535,0,0,5.577022746904693,26.5812269077529,CCL11;NOTCH1;THY1;B2M,
GO_Biological_Process_2023,Positive Regulation Of Response To Wounding (GO:1903036),4/27,0.0085126347169787,0.0498895938950535,0,0,5.577022746904693,26.5812269077529,ITGB1;GRN;SCARF1;HBEGF,
GO_Biological_Process_2023,Regulation Of SMAD Protein Signal Transduction (GO:0060390),4/27,0.0085126347169787,0.0498895938950535,0,0,5.577022746904693,26.5812269077529,TGFB1;CILP;CCN3;KIAA0319,
GO_Biological_Process_2023,ERBB2-EGFR Signaling Pathway (GO:0038134),2/5,0.0086801438475901,0.0498895938950535,0,0,21.33003300330033,101.24763406714798,EGF;EGFR,
GO_Biological_Process_2023,RNA Decapping (GO:0110154),2/5,0.0086801438475901,0.0498895938950535,0,0,21.33003300330033,101.24763406714798,DXO;NUDT16,
GO_Biological_Process_2023,Regulation Of Neutrophil Extravasation (GO:2000389),2/5,0.0086801438475901,0.0498895938950535,0,0,21.33003300330033,101.24763406714798,CD99;XG,
GO_Biological_Process_2023,Bundle Of His cell-Purkinje Myocyte Adhesion Involved In Cell Communication (GO:0086073),2/5,0.0086801438475901,0.0498895938950535,0,0,21.33003300330033,101.24763406714798,DSG2;DSC2,electrolyte transport
GO_Biological_Process_2023,Type B Pancreatic Cell Proliferation (GO:0044342),2/5,0.0086801438475901,0.0498895938950535,0,0,21.33003300330033,101.24763406714798,SERPINB1;CCN3,
GO_Biological_Process_2023,Venous Blood Vessel Morphogenesis (GO:0048845),2/5,0.0086801438475901,0.0498895938950535,0,0,21.33003300330033,101.24763406714798,NOTCH1;ENG,vascular
GO_Biological_Process_2023,Heparan Sulfate Proteoglycan Catabolic Process (GO:0030200),2/5,0.0086801438475901,0.0498895938950535,0,0,21.33003300330033,101.24763406714798,GPC1;HPSE,
GO_Biological_Process_2023,Negative Regulation Of Astrocyte Differentiation (GO:0048712),2/5,0.0086801438475901,0.0498895938950535,0,0,21.33003300330033,101.24763406714798,TREM2;LDLR,
GO_Biological_Process_2023,Negative Regulation Of Axon Regeneration (GO:0048681),2/5,0.0086801438475901,0.0498895938950535,0,0,21.33003300330033,101.24763406714798,RTN4R;PTPRS,
GO_Biological_Process_2023,Negative Regulation Of Cellular Response To Hypoxia (GO:1900038),2/5,0.0086801438475901,0.0498895938950535,0,0,21.33003300330033,101.24763406714798,HYOU1;ENO1,stress response
GO_Biological_Process_2023,Negative Regulation Of Lipoprotein Lipase Activity (GO:0051005),2/5,0.0086801438475901,0.0498895938950535,0,0,21.33003300330033,101.24763406714798,APOC1;ANGPTL4,
GO_Biological_Process_2023,Negative Regulation Of Nervous System Process (GO:0031645),2/5,0.0086801438475901,0.0498895938950535,0,0,21.33003300330033,101.24763406714798,JAM2;TNFRSF21,
GO_Biological_Process_2023,"Positive Regulation Of Wnt Signaling Pathway, Planar Cell Polarity Pathway (GO:2000096)",2/5,0.0086801438475901,0.0498895938950535,0,0,21.33003300330033,101.24763406714798,RSPO3;DKK1,
GO_Biological_Process_2023,Positive Regulation Of Lipoprotein Particle Clearance (GO:0010986),2/5,0.0086801438475901,0.0498895938950535,0,0,21.33003300330033,101.24763406714798,TREM2;GPIHBP1,
GO_Biological_Process_2023,Positive Regulation Of Natural Killer Cell Mediated Cytotoxicity Directed Against Tumor Cell Target (GO:0002860),2/5,0.0086801438475901,0.0498895938950535,0,0,21.33003300330033,101.24763406714798,IL12B;PVR,
GO_Biological_Process_2023,Positive Regulation Of Natural Killer Cell Mediated Immune Response To Tumor Cell (GO:0002857),2/5,0.0086801438475901,0.0498895938950535,0,0,21.33003300330033,101.24763406714798,IL12B;PVR,immune
GO_Biological_Process_2023,Positive Regulation Of Receptor Binding (GO:1900122),2/5,0.0086801438475901,0.0498895938950535,0,0,21.33003300330033,101.24763406714798,BDNF;B2M,
GO_Biological_Process_2023,Positive Regulation Of Translation In Response To Stress (GO:0032056),2/5,0.0086801438475901,0.0498895938950535,0,0,21.33003300330033,101.24763406714798,IMPACT;EIF4G1,stress response
GO_Biological_Process_2023,Regulation Of Blood Vessel Remodeling (GO:0060312),2/5,0.0086801438475901,0.0498895938950535,0,0,21.33003300330033,101.24763406714798,CST3;TGFB1,vascular
KEGG_2021_Human,Cytokine-cytokine receptor interaction,54/295,8.022816956076475e-27,2.09395522553596e-24,0,0,7.745659631199724,465.4173843518828,CXCL6;CD40;CXCL9;CXCL17;CXCL1;FASLG;IL1RAP;CXCL3;TNFSF13B;TNFSF10;IL12B;TNFRSF8;IL6R;TNFRSF4;IL1R1;IFNGR1;IL1R2;TNFRSF19;IL18;IL16;OSMR;TNFRSF1B;IL17RA;TNFRSF1A;XCL1;TNFRSF21;IFNAR1;CCL13;CCL11;IL1RL1;CCL8;CCL5;CCL4;TNFRSF14;CCL19;CCL17;RELT;CCL16;CCL24;CCL23;CCL22;TGFB1;CCL20;IL10RB;TNFSF12;TNFSF13;PPBP;CXCL11;CD40LG;IL2RA;FAS;LTBR;IL7R;IL18R1,immune
KEGG_2021_Human,Cell adhesion molecules,38/148,9.751579373311047e-25,1.2725811082170917e-22,0,0,11.686060606060606,646.0895473380106,ITGB1;CD40;ITGAM;ITGB2;ICAM2;ICAM3;CD99L2;F11R;PVR;PTPRF;ICAM1;CDH5;ALCAM;CDH3;CDH1;ITGAV;ITGB7;NCAM1;CD58;NCAM2;CD34;CD99;JAM2;CD276;VCAM1;SELE;SELP;NFASC;PTPRC;CD40LG;CD6;CD8A;CNTN1;PECAM1;ESAM;CDH15;PDCD1;CD22,
KEGG_2021_Human,Viral protein interaction with cytokine and cytokine receptor,29/100,8.587963452608811e-21,7.471528203769665e-19,0,0,13.62983774842492,629.7520055678258,CXCL6;CCL13;CXCL9;CCL11;CXCL1;CXCL3;CCL8;CCL5;CCL4;TNFSF10;TNFRSF14;CCL19;IL6R;CCL17;CCL16;CCL24;CCL23;CCL22;CCL20;IL10RB;IL18;PPBP;TNFRSF1B;TNFRSF1A;CXCL11;IL2RA;XCL1;LTBR;IL18R1,immune
KEGG_2021_Human,Malaria,16/50,8.262390260859613e-13,5.3912096452108966e-11,0,0,15.3879173290938,428.12097842704713,CD40;TGFB1;VCAM1;KLRB1;ITGB2;IL18;THBS2;SELE;THBS4;ICAM1;COMP;SELP;KLRK1;CD40LG;PECAM1;MET,
KEGG_2021_Human,Complement and coagulation cascades,18/85,6.943735739313955e-11,3.6246300559218846e-09,0,0,8.799645838603592,205.82896165384136,CR2;ITGAM;SERPINC1;PROS1;ITGB2;SERPINE1;F2R;F2;TFPI;F3;SERPINA5;PROC;PLAU;CD59;VSIG4;CD46;CD55;MBL2,immune
KEGG_2021_Human,Lipid and atherosclerosis,28/215,9.299276931314055e-11,4.045185465121615e-09,0,0,4.95795685045178,114.52136321202738,CD40;CXCL1;FASLG;CXCL3;AGER;ICAM1;CASP7;CASP8;CASP3;CCL5;TNFSF10;IL12B;LDLR;VCAM1;MMP1;MMP3;IL18;APOA1;APOA4;SOD2;SELE;TNFRSF1A;ERN1;SELP;CD40LG;FAS;ARHGEF1;HSPA1A,vascular
KEGG_2021_Human,Lysosome,21/128,2.8946814884911235e-10,1.0793026692802618e-08,0,0,6.447881673008645,141.61466944354038,CD164;ASAH1;PSAPL1;CTSZ;AP3B1;IGF2R;CTSS;CTSO;LAMP1;AP1G2;GM2A;HYAL1;NPC2;LAMP3;PSAP;ACP5;TPP1;GUSB;CTSC;LGMN;CTSB,
KEGG_2021_Human,Hematopoietic cell lineage,18/99,9.74060714473878e-10,2.7915011944620472e-08,0,0,7.273446327683616,150.92071991252018,CR2;ITGAM;IL1R1;IL1R2;FLT3LG;GP1BA;CD8A;CD5;ANPEP;IL2RA;KIT;CD59;ITGA5;IL7R;IL6R;CD34;CD22;CD55,
KEGG_2021_Human,PI3K-Akt signaling pathway,35/354,9.806982953505675e-10,2.7915011944620472e-08,0,0,3.652092326040692,75.75446092786993,ITGB1;TNXB;LAMA4;PDGFB;PDGFA;FASLG;THBS2;EGFR;THBS4;COMP;ERBB3;ITGAV;ITGB7;IL6R;FGF23;PDGFRB;MAP2K1;ANGPT2;ANGPT1;BDNF;EGF;F2R;FN1;FLT3LG;OSMR;PGF;COL1A1;EFNA1;IL2RA;KIT;COL6A3;ITGA5;IL7R;MET;IFNAR1,
KEGG_2021_Human,ECM-receptor interaction,17/88,1.0695406875333511e-09,2.7915011944620472e-08,0,0,7.82767331569791,161.68870606840505,ITGB1;TNXB;LAMA4;FN1;GP1BA;THBS2;GP6;HSPG2;THBS4;COMP;COL1A1;DAG1;COL6A3;ITGAV;ITGB7;ITGA5;AGRN,
KEGG_2021_Human,Proteoglycans in cancer,24/205,1.735743657524978e-08,4.1184463146729037e-07,0,0,4.361840611518959,77.94279767163025,ITGB1;MAP2K1;TGFB1;FN1;FASLG;HSPG2;EGFR;COL1A1;PPP1CC;ERBB3;PLAU;GPC1;CASP3;IL12B;TIMP3;HCLS1;FAS;ARHGEF1;ITGAV;PTPN6;HPSE;ITGA5;MET;HBEGF,
KEGG_2021_Human,TNF signaling pathway,17/112,4.764167717233589e-08,1.0362064784983056e-06,0,0,5.842888948258972,98.5085244560366,CXCL6;MAP2K1;VCAM1;CCL20;MMP3;CXCL1;CXCL3;TNFRSF1B;SELE;ICAM1;TNFRSF1A;CASP7;CASP8;CASP3;CCL5;FAS;IL18R1,
KEGG_2021_Human,NF-kappa B signaling pathway,16/104,9.731998886296369e-08,1.9538859302487325e-06,0,0,5.9287469287469285,95.72116913749188,CCL13;CD40;VCAM1;IL1R1;CXCL1;CXCL3;ICAM1;TNFSF13B;TNFRSF1A;CD40LG;PLAU;CCL4;TRIM25;CCL19;LTBR;LAT,
KEGG_2021_Human,Rheumatoid arthritis,15/93,1.2870076748982124e-07,2.3993500224888105e-06,0,0,6.263458295498768,99.37462479198275,CXCL6;TGFB1;ANGPT1;MMP1;CCL20;ITGB2;MMP3;TNFSF13;IL18;CXCL1;CXCL3;ICAM1;TNFSF13B;CCL5;ACP5,
KEGG_2021_Human,Focal adhesion,22/201,2.2577654995052955e-07,3.9285119691392135e-06,0,0,4.029648978969245,61.66861984897128,PDGFRB;ITGB1;MAP2K1;TNXB;EGF;LAMA4;PDGFB;FN1;PDGFA;THBS2;EGFR;PGF;THBS4;CRKL;COL1A1;COMP;PPP1CC;COL6A3;ITGAV;ITGB7;ITGA5;MET,
KEGG_2021_Human,Chemokine signaling pathway,21/192,4.291956940882221e-07,6.856841173493183e-06,0,0,4.021249887922532,58.95696353965296,CXCL6;CCL13;CCL24;MAP2K1;CXCL9;CCL23;CCL11;CCL22;CCL20;CXCL1;PPBP;CXCL3;CRKL;CXCL11;CCL8;CCL5;CCL4;XCL1;CCL19;CCL17;CCL16,immune
KEGG_2021_Human,Amoebiasis,15/102,4.466141760512801e-07,6.856841173493183e-06,0,0,5.6128975984183285,82.06937938077269,TGFB1;ITGAM;IL1R1;ARG1;IL1R2;LAMA4;ITGB2;FN1;CXCL1;CXCL3;SERPINB6;COL1A1;COL3A1;CASP3;IL12B,
KEGG_2021_Human,Natural killer cell mediated cytotoxicity,17/131,4.86191276410749e-07,7.049773507955861e-06,0,0,4.864279989313385,70.71040243296662,MAP2K1;IFNGR1;ITGB2;ICAM2;FASLG;ICAM1;KLRK1;FCGR3B;CASP3;TNFSF10;FAS;KLRD1;CD48;PTPN6;LAT;CD244;IFNAR1,
KEGG_2021_Human,African trypanosomiasis,9/37,1.2141942164841282e-06,1.6085694978805986e-05,0,0,10.390889577867876,141.53877395751869,VCAM1;LAMA4;IL18;IL12B;APOA1;FAS;FASLG;SELE;ICAM1,
KEGG_2021_Human,MAPK signaling pathway,26/294,1.2326203048893476e-06,1.6085694978805986e-05,0,0,3.1878237677591423,43.37470434038893,PDGFB;PDGFA;FASLG;IL1RAP;EGFR;CRKL;ERBB3;CASP3;FGF23;PDGFRB;MAP2K1;TGFB1;ANGPT2;ANGPT1;IL1R1;BDNF;EGF;FLT3LG;PLA2G4A;PGF;TNFRSF1A;EFNA1;KIT;FAS;MET;HSPA1A,
KEGG_2021_Human,Rap1 signaling pathway,21/210,1.8725881593863432e-06,2.3273595695230267e-05,0,0,3.634866553094832,47.93730724301867,PDGFRB;ITGB1;MAP2K1;FYB1;ITGAM;ANGPT2;ANGPT1;EGF;F2R;ITGB2;PDGFB;PDGFA;EGFR;PGF;CRKL;EFNA1;CDH1;KIT;FGF23;MET;LAT,
KEGG_2021_Human,Cholesterol metabolism,10/50,2.1475695775826245e-06,2.5477984534048407e-05,0,0,8.090301003344482,105.58792436172592,LRPAP1;NPC2;APOC1;ANGPTL3;APOA1;APOA4;ANGPTL4;APOE;LDLR;PLTP,
KEGG_2021_Human,Phagosome,17/152,3.942551940949015e-06,4.47393937646823e-05,0,0,4.103139687911262,51.05816688767726,ITGB1;COLEC12;ITGAM;CLEC4M;ITGB2;THBS2;CORO1A;CTSS;THBS4;COMP;FCGR3B;LAMP1;CD209;ITGAV;ITGA5;RILP;MBL2,
KEGG_2021_Human,Influenza A,18/172,5.3322825349598325e-06,5.7988572567688175e-05,0,0,3.811182038300682,46.27434774326103,MAP2K1;IFNGR1;IL18;EIF2AK2;FASLG;ICAM1;TMPRSS11D;TNFRSF1A;CASP8;CASP3;CCL5;TNFSF10;IL12B;TRIM25;FAS;TPSAB1;TLR3;IFNAR1,
KEGG_2021_Human,Pathways in cancer,36/531,6.832735375668422e-06,7.133375732197832e-05,0,0,2.402670057215512,28.576842216474702,ITGB1;NOTCH3;NOTCH1;LAMA4;PDGFB;PDGFA;FASLG;EGFR;CRKL;CASP7;CASP8;CDH1;CASP3;IL12B;ITGAV;IL6R;FGF23;PDGFRB;MAP2K1;TGFB1;IFNGR1;MMP1;EGF;TXNRD1;F2R;FN1;FLT3LG;F2;PGF;IL2RA;KIT;FAS;ARHGEF1;IL7R;MET;IFNAR1,
KEGG_2021_Human,Legionellosis,10/57,7.4566153155964625e-06,7.485294605271834e-05,0,0,6.882871984629617,81.2620014543959,CASP7;ITGAM;CASP8;CASP3;ITGB2;IL18;IL12B;CXCL1;CXCL3;HSPA1A,
KEGG_2021_Human,Human papillomavirus infection,26/331,1.0710497085081028e-05,0.00010353480515578326,0,0,2.795684750154921,31.99461657742817,ITGB1;NOTCH3;TNXB;NOTCH1;LAMA4;FASLG;THBS2;EGFR;THBS4;COMP;CASP8;CASP3;ITGAV;ITGB7;PDGFRB;MAP2K1;EGF;FN1;EIF2AK2;TNFRSF1A;COL1A1;FAS;COL6A3;ITGA5;TLR3;IFNAR1,
KEGG_2021_Human,Regulation of actin cytoskeleton,20/218,1.202516293886932e-05,0.00011209169739446044,0,0,3.2972582972582973,37.353020929068016,PDGFRB;ITGB1;MAP2K1;ITGAM;EGF;F2R;ITGB2;PDGFB;FN1;PDGFA;F2;EGFR;CRKL;PPP1CC;MYH9;ARHGEF1;ITGAV;ITGB7;ITGA5;FGF23,
KEGG_2021_Human,IL-17 signaling pathway,12/94,2.749456512141692e-05,0.00024745108609275227,0,0,4.741365198886888,49.79155191704383,CXCL6;USP25;CASP8;CCL11;MMP1;CCL20;CASP3;MMP3;CXCL1;CXCL3;CCL17;IL17RA,
KEGG_2021_Human,Apoptosis,15/142,2.864539241505397e-05,0.00024921491401096955,0,0,3.837088871479598,40.13793701948842,MAP2K1;DFFA;CTSZ;FASLG;CTSS;TNFRSF1A;ERN1;CASP7;CTSO;CASP8;CASP3;TNFSF10;FAS;CTSC;CTSB,
KEGG_2021_Human,Toxoplasmosis,13/112,3.5966161144565954e-05,0.0003014837433665122,0,0,4.257855869620576,43.57034970634971,ITGB1;CD40;TGFB1;IFNGR1;IL10RB;LAMA4;TNFRSF1A;CASP8;CD40LG;CASP3;IL12B;LDLR;HSPA1A,
KEGG_2021_Human,Tuberculosis,17/180,3.696352409091337e-05,0.0003014837433665122,0,0,3.3933646829227784,34.63125123524827,CD74;TGFB1;ITGAM;CLEC4M;IFNGR1;IL10RB;ITGB2;IL18;CORO1A;CTSS;TNFRSF1A;CASP8;FCGR3B;LAMP1;CD209;CASP3;IL12B,
KEGG_2021_Human,Leukocyte transendothelial migration,13/114,4.3403397988872806e-05,0.00034328142045744856,0,0,4.173109243697479,41.91876894973364,ITGB1;VCAM1;ITGAM;ITGB2;CD99L2;THY1;F11R;ICAM1;CDH5;PECAM1;ESAM;CD99;JAM2,immune;vascular
KEGG_2021_Human,Epithelial cell signaling in Helicobacter pylori infection,10/70,4.806512538417195e-05,0.0003689705213314376,0,0,5.387959866220736,53.57223542162348,PTPRZ1;CASP3;CCL5;CXCL1;CXCL3;F11R;MET;EGFR;JAM2;HBEGF,
KEGG_2021_Human,Viral myocarditis,9/60,7.74426319358138e-05,0.0005775007695784972,0,0,5.6980261219679855,53.93736215774393,CD40;CASP8;CD40LG;CASP3;ITGB2;DAG1;CD55;ICAM1;EIF4G1,
KEGG_2021_Human,Ras signaling pathway,19/232,9.317628667169668e-05,0.0006755280783698008,0,0,2.904588823262153,26.95753912824819,BRAP;PDGFRB;MAP2K1;ANGPT2;ANGPT1;BDNF;EGF;PDGFB;FLT3LG;PDGFA;PLA2G4A;FASLG;EGFR;PGF;EFNA1;KIT;FGF23;MET;LAT,
KEGG_2021_Human,HIF-1 signaling pathway,12/109,0.0001193952620008114,0.0008422206319516697,0,0,4.005050854493876,36.17790888556695,MAP2K1;ANGPT2;ANGPT1;IFNGR1;EGF;SERPINE1;ENO1;TIMP1;LTBR;ENO2;IL6R;EGFR,stress response
KEGG_2021_Human,AGE-RAGE signaling pathway in diabetic complications,11/100,0.00022901398285962737,0.00157296446122,0,0,3.99625468164794,33.495517745195244,COL1A1;COL3A1;TGFB1;VCAM1;CASP3;SERPINE1;FN1;AGER;SELE;F3;ICAM1,electrolyte transport
KEGG_2021_Human,Melanoma,9/72,0.0003228201074212025,0.0021604114881265,0,0,4.609825900310041,37.05569519886911,PDGFRB;MAP2K1;CDH1;EGF;PDGFB;PDGFA;MET;FGF23;EGFR,
KEGG_2021_Human,Pathogenic Escherichia coli infection,16/197,0.00035765506541057986,0.002333699301804,0,0,2.8685978796476035,22.765025076005507,ITGB1;IL1R1;F2R;IL18;FASLG;F2;TNFRSF1A;CASP7;CASP8;CASP3;TNFSF10;HCLS1;FAS;MYH9;ARHGEF1;PTPN6,
KEGG_2021_Human,JAK-STAT signaling pathway,14/162,0.00044101400510075,0.0028074306178364,0,0,3.0646100646100645,23.678507171397865,PDGFRB;IFNGR1;EGF;IL10RB;PDGFB;PDGFA;OSMR;EGFR;IL2RA;IL12B;PTPN6;IL7R;IL6R;IFNAR1,
KEGG_2021_Human,Intestinal immune network for IgA production,7/48,0.0005779652964788785,0.0035916414852616,0,0,5.497220080353881,40.98725495304007,CD40;TGFB1;CD40LG;TNFSF13;ITGB7;LTBR;TNFSF13B,immune
KEGG_2021_Human,Prostate cancer,10/97,0.000732890977066162,0.0044484777910294,0,0,3.710644677661169,26.785339079310152,PDGFRB;MAP2K1;SPINT1;PLAU;EGF;IL1R2;MMP3;PDGFB;PDGFA;EGFR,
KEGG_2021_Human,Primary immunodeficiency,6/38,0.0009279432651126724,0.005504390731691,0,0,6.029900332225914,42.10402004737192,CD40;CD40LG;PTPRC;CD8A;IL7R;ADA,
KEGG_2021_Human,Fluid shear stress and atherosclerosis,12/139,0.0011161380979087,0.0063328705120475,0,0,3.054219732600539,20.76222130976587,CDH5;VCAM1;IL1R1;IL1R2;GPC1;PDGFB;PECAM1;PDGFA;ITGAV;SELE;ICAM1;TNFRSF1A,stress response;vascular
KEGG_2021_Human,Measles,12/139,0.0011161380979087,0.0063328705120475,0,0,3.054219732600539,20.76222130976587,CASP8;CLEC4M;CD209;CASP3;IL2RA;IL12B;EIF2AK2;FAS;FASLG;CD46;IFNAR1;HSPA1A,
KEGG_2021_Human,Protein digestion and absorption,10/103,0.0011692990429575,0.0064933414938708,0,0,3.470169381810336,23.42833089550047,DPP4;COL1A1;COL18A1;COL15A1;COL3A1;CPB1;CTRL;MEP1A;COL6A3;PRCP,
KEGG_2021_Human,Toll-like receptor signaling pathway,10/104,0.0012592902172819,0.0068473905564703,0,0,3.4330747883014303,22.92335113279777,MAP2K1;CXCL11;CD40;CXCL9;CASP8;CCL5;CCL4;IL12B;TLR3;IFNAR1,
KEGG_2021_Human,Bladder cancer,6/41,0.0013993843232124,0.0074538634358869,0,0,5.512197437114381,36.22463417212529,MAP2K1;CDH1;EGF;MMP1;EGFR;HBEGF,
KEGG_2021_Human,Nitrogen metabolism,4/17,0.0014677092434626,0.0076377473171437,0,0,9.872134488028529,64.40632301015697,CA2;CA4;CA6;CA14,
KEGG_2021_Human,Human cytomegalovirus infection,16/225,0.0014924333838097,0.0076377473171437,0,0,2.4806672701409545,16.14256358077125,MAP2K1;IL1R1;IL10RB;FASLG;EGFR;CRKL;TNFRSF1A;CASP8;CASP3;CCL5;CCL4;FAS;ARHGEF1;ITGAV;B2M;IL6R,
KEGG_2021_Human,Osteoclast differentiation,11/127,0.0017259160592188,0.0086627709895409,0,0,3.061803269219661,19.47918419508023,MAP2K1;TGFB1;FCGR3B;IL1R1;IFNGR1;ACP5;TREM2;LILRB2;OSCAR;IFNAR1;TNFRSF1A,
KEGG_2021_Human,PPAR signaling pathway,8/74,0.0017994355470802,0.008861371279018,0,0,3.904242424242424,24.67591408666127,FABP1;FABP5;MMP1;ADIPOQ;APOA1;DBI;ANGPTL4;PLTP,
KEGG_2021_Human,Pertussis,8/76,0.0021355189799177,0.0103216750696023,0,0,3.789019607843137,23.298854271809617,ITGB1;CXCL6;CASP7;ITGAM;CASP3;ITGB2;IL12B;ITGA5,
KEGG_2021_Human,Bacterial invasion of epithelial cells,8/77,0.0023210824743462,0.0108179022465064,0,0,3.733913043478261,22.64887706886649,ITGB1;CDH1;FN1;HCLS1;ITGA5;MET;CRKL;SEPTIN8,
KEGG_2021_Human,Leishmaniasis,8/77,0.0023210824743462,0.0108179022465064,0,0,3.733913043478261,22.64887706886649,ITGB1;ITGAM;FCGR3B;TGFB1;IFNGR1;ITGB2;IL12B;PTPN6,
KEGG_2021_Human,Kaposi sarcoma-associated herpesvirus infection,14/193,0.0023956755157175,0.0109696720982858,0,0,2.5297857532494405,15.264955005371483,MAP2K1;ANGPT2;IFNGR1;PDGFB;EIF2AK2;CXCL1;CXCL3;ICAM1;TNFRSF1A;CASP8;CASP3;FAS;TLR3;IFNAR1,
KEGG_2021_Human,Antigen processing and presentation,8/78,0.0025190551371502,0.0113357481171762,0,0,3.680380952380952,22.022926297559657,CD74;CD8A;KLRD1;B2M;CTSS;CTSB;HSPA1A;LGMN,
KEGG_2021_Human,Hepatitis C,12/157,0.0031211585000024,0.0136325983446388,0,0,2.6725757926405924,15.419562422467434,MAP2K1;CASP8;EGF;CASP3;EIF2AK2;FAS;FASLG;LDLR;TLR3;EGFR;IFNAR1;TNFRSF1A,
KEGG_2021_Human,Yersinia infection,11/137,0.0031339306539399,0.0136325983446388,0,0,2.8173406716120284,16.243285408943837,ITGB1;MAP2K1;FYB1;CD8A;FN1;IL18;ARHGEF1;ITGA5;LAT;CRKL;SKAP2,
KEGG_2021_Human,Chagas disease,9/102,0.00389735387774,0.0166755633129533,0,0,3.1179384996499544,17.296631155451202,TGFB1;CASP8;IFNGR1;CCL5;SERPINE1;IL12B;FAS;FASLG;TNFRSF1A,
KEGG_2021_Human,Platelet activation,10/124,0.0046005399463616,0.0193667891290387,0,0,2.82784720999824,15.218290520662674,COL1A1;ITGB1;PPP1CC;COL3A1;F2R;PLA2G4A;GP1BA;ARHGEF1;GP6;F2,
KEGG_2021_Human,Vitamin digestion and absorption,4/24,0.0055375357669876,0.0228088407458078,0,0,6.414569536423841,33.33142268931239,BTD;APOA1;APOA4;PLB1,
KEGG_2021_Human,Allograft rejection,5/38,0.0055929724434164,0.0228088407458078,0,0,4.864314789687924,25.227525289855272,CD40;CD40LG;IL12B;FAS;FASLG,
KEGG_2021_Human,Non-alcoholic fatty liver disease,11/155,0.0078781841289151,0.0316339393484129,0,0,2.4628699050809604,11.929299129967331,ERN1;CASP7;TGFB1;CASP8;PKLR;CASP3;ADIPOQ;FAS;FASLG;IL6R;TNFRSF1A,
KEGG_2021_Human,Arrhythmogenic right ventricular cardiomyopathy,7/77,0.0088838530949723,0.0351316008755726,0,0,3.214975041597338,15.185998615913586,ITGB1;DAG1;ITGAV;ITGB7;DSG2;ITGA5;DSC2,
KEGG_2021_Human,Necroptosis,11/159,0.0094525897776389,0.0368227751039369,0,0,2.395807868169677,11.167978176553154,CASP8;IFNGR1;TNFSF10;EIF2AK2;PLA2G4A;FAS;FASLG;CHMP6;TLR3;IFNAR1;TNFRSF1A,
KEGG_2021_Human,Coronavirus disease,14/232,0.0117786510643506,0.045209234232287,0,0,2.0729929262039355,9.207128881047336,NRP1;MMP1;MMP3;EIF2AK2;F2;EGFR;TNFRSF1A;SELP;IL12B;IL6R;TLR3;HBEGF;IFNAR1;MBL2,
