protein,fc_pre,p_pre,fc_post,p_post,fc_interaction,p_interaction,fdr_pre,fdr_post,fdr_interaction
ACAN,0.23047000000000004,0.011821390033130015,-0.021000000000000005,0.6459081611155819,-0.27613333333333334,0.00649809014576409,0.16229553232399993,0.8304937318851552,0.7636555539301958
ACE2,0.05802,0.28493355466240394,0.05797777777777776,0.5470933274462546,-0.017866666666666673,0.867654221658041,0.5744888256410132,0.7753329291246601,0.9938501124438283
ACOX1,-0.10932999999999997,0.6984744969686436,0.21830000000000005,0.22776074572868876,0.45449999999999996,0.1427162034393957,0.8743928126718273,0.49235069347019844,0.9471774407456163
ACP5,0.0378,0.5000443902445211,0.06113999999999999,0.1723805126295584,0.023340000000000003,0.6895411642170882,0.7378856948962345,0.42204495508803547,0.9626164392654134
ACTA2,-0.0663,0.44449829494918724,0.16805555555555554,0.06854505316430831,0.20834444444444442,0.09634212401879397,0.6972429207478441,0.2388310528487894,0.9443341999213253
ACY1,0.21714000000000003,0.023830042816104395,0.10041111111111109,0.07820979907082373,-0.12707777777777782,0.23089715612807357,0.20591960527563152,0.2605219837529253,0.9471774407456163
ADA2,0.09289,0.25640803999570067,0.12964,0.11816109813076334,0.03674999999999999,0.601069220279518,0.5458890010922961,0.33737347551815616,0.9619401148472417
ADAM15,0.10612999999999999,0.17428922457087634,0.22623333333333337,0.012096840495556925,0.05556666666666668,0.52491679674264,0.4477889452645188,0.10425158837055143,0.9519862693342023
ADAMTS13,0.08089999999999994,0.13237066935134187,0.09044000000000005,0.024109554580985144,0.009540000000000094,0.8640575905740363,0.3996968412684917,0.13359107511031038,0.9938501124438283
ADAMTS16,-0.11828999999999998,0.04474234541793799,0.2220111111111111,0.08556962171551735,0.3208,0.024736922760015663,0.24788089811044448,0.2769420010274237,0.8143181893514128
ADGRE5,-0.04812,0.47433300738336426,-0.010300000000000004,0.873512103328705,0.03781999999999999,0.5256720707638329,0.716566611971024,0.9456074279954809,0.9519862693342023
ADGRG2,0.16555,0.08835767617180995,0.05437777777777778,0.4253374372162436,-0.14289999999999997,0.19283878833873763,0.32653440577707876,0.6873715019479228,0.9471774407456163
ADH4,0.009239999999999988,0.8978545819471182,0.026077777777777773,0.7120323548868637,-0.002733333333333322,0.9747229014361254,0.955413531966908,0.8606368318951187,0.994306177352909
AGXT,0.12161,0.10204339643563312,0.0959888888888889,0.33235645564698835,-0.05464444444444443,0.658720204903968,0.3502377321587501,0.6075535912907466,0.9619401148472417
AHCY,0.29308999999999996,0.11516480446476711,0.3120222222222222,0.08276693751664066,0.11001111111111114,0.6933912021662734,0.3760346551265135,0.27118524335242755,0.9645754507407723
AK1,0.16409999999999997,0.6579005738087796,-0.08007777777777779,0.6741779174741923,-0.2955333333333334,0.5192138527487222,0.8515030334141825,0.843943213267651,0.9519862693342023
AKR1C4,0.07620999999999993,0.7910653093354922,0.11155555555555556,0.7037295076332746,0.031811111111111186,0.9444050151439057,0.9128632674107133,0.8543768357104378,0.9940568131447077
ALCAM,0.10343,0.0644548679689733,0.05449,0.22300852752202202,-0.04893999999999999,0.45707635928790225,0.2858293238383517,0.486052710578413,0.9471774407456163
AMY2A,0.05839000000000001,0.35054516560885474,0.08451,0.11538080800046002,0.026120000000000004,0.7015608395158668,0.6299546472832263,0.33266811963233717,0.9699697630577019
AMY2B,0.05451999999999999,0.39741738098321977,0.06573,0.2264713686083371,0.011210000000000008,0.848329288309609,0.668735547152749,0.49068796531806375,0.9921602299275276
ANG,0.10538,0.08741927826557788,0.19417,0.010983948307259598,0.08879000000000001,0.14492398171312953,0.32511118929654154,0.10183942584695803,0.9471774407456163
ANGPTL1,0.05956999999999999,0.2059566479355439,0.05746666666666665,0.4302219240993448,-0.023077777777777767,0.7428915641363756,0.48515797982505404,0.6913481714084081,0.9800993461384845
ANGPTL3,0.04948,0.22072282588263115,0.10453000000000001,0.1390210302762685,0.05504999999999999,0.3344198161071446,0.5011465706670558,0.37186030372752266,0.9471774407456163
ANPEP,0.00034999999999998644,0.9940406672134237,0.04679,0.5450425629511191,0.04644000000000004,0.5938486836707003,0.9967161633850612,0.7753329291246601,0.9619401148472417
ANXA4,0.40361,0.01335536960703449,0.4961666666666667,0.02713463656625353,0.10546666666666667,0.6417698840011399,0.17439144846874366,0.1418533135794535,0.9619401148472417
AOC3,0.06161000000000001,0.3299996734040381,0.08683999999999999,0.18671049364585102,0.025230000000000002,0.6840224077543571,0.6149784434392218,0.44453438438534054,0.9619401148472417
APLP1,0.05546999999999998,0.6328219288022665,-0.3186222222222223,0.1024844308415091,-0.40845555555555557,0.07968878335874072,0.8363611456684926,0.3085033379224936,0.9151422335713614
APOM,0.13984000000000002,0.039784684096255914,0.13124,0.12201045333818998,-0.008599999999999997,0.9099692006852758,0.2450616551807745,0.3440320952242232,0.9940568131447077
ART3,0.03653999999999999,0.36817446007196464,0.03946,0.5735766996590947,0.0029200000000000116,0.9484030058971515,0.6423376268951497,0.7922747266565211,0.9940568131447077
AXL,0.009589999999999996,0.8777767322833615,0.0624,0.2296054202707341,0.05281,0.3987043186824941,0.9440881422567791,0.4934752924326385,0.9471774407456163
AZU1,0.11593,0.608848243608121,-0.36179999999999995,0.4810821690694532,-0.47772999999999993,0.4491449949036974,0.8220570495039795,0.7294692445456423,0.9471774407456163
BAG6,0.36472,0.02719703901681005,0.3428555555555556,0.009105909222210056,-0.023322222222222258,0.9046163428349991,0.21537709065064128,0.09968436135564301,0.9939549333965099
BLMH,0.0659,0.23879311425201882,0.17914,0.0006893633565704271,0.11324000000000001,0.1024678451776015,0.5263610109954152,0.05091172935705849,0.9471774407456163
BMP6,0.15423,0.016512365587157442,0.2687,0.06841722222385214,0.12135555555555556,0.39466588216661824,0.18792396730917132,0.2388310528487894,0.9471774407456163
BOC,-0.12422,0.05353382327795969,0.0032444444444444387,0.9691135319428413,0.1150111111111111,0.24560232418485778,0.26733482202489073,0.9855505561952468,0.9471774407456163
BPIFB1,0.037129999999999996,0.44204519408315435,0.12077,0.029982713517711986,0.08364,0.18937330648144204,0.6947070923250392,0.14968356651807865,0.9471774407456163
C1QTNF1,0.06870000000000002,0.247440850399323,0.2989,0.00036530386343470306,0.23019999999999996,0.002835768720798791,0.5337442985488999,0.038545515628720994,0.7204244661560001
C2,0.07641999999999997,0.31108715441052115,0.12944,0.0770979962567221,0.05302000000000001,0.423510997681133,0.5961996475264913,0.259029513413887,0.9471774407456163
CA1,-0.9347899999999999,0.06620885668780951,-0.29784,0.3174064962264989,0.63695,0.18249634310732563,0.2898980938133895,0.5902891451095813,0.9471774407456163
CA13,1.0454499999999998,0.004197985823710309,1.1860222222222223,0.020194910688124394,0.2593333333333334,0.6310119993385792,0.132455724147496,0.12469683609801943,0.9619401148472417
CA3,-0.41228999999999993,0.0035401467701486004,-0.35764,0.006069226619825216,0.054649999999999976,0.6479509512931676,0.12671339278738336,0.0949550061731043,0.9619401148472417
CA4,0.10247000000000002,0.04792259204840104,0.11110999999999997,0.1713972009601876,0.008639999999999981,0.9251214868298053,0.2550762163141239,0.42036451753120635,0.9940568131447077
CA5A,0.033089999999999994,0.7822975578382568,0.3885888888888889,0.004929672356110108,0.3418333333333333,0.0769130815813783,0.9091161222172504,0.09466259726961762,0.9151422335713614
CANT1,0.19722000000000003,0.07279853616537842,-0.014622222222222224,0.8865826056310295,-0.2065222222222222,0.06833879363249735,0.30262011101754716,0.9516915218648025,0.9151422335713614
CASP3,0.69725,0.0418449234791896,1.20715,0.011441342436381013,0.5099,0.34318348237004614,0.24685823074111005,0.10306593202464316,0.9471774407456163
CBLIF,0.04234999999999997,0.6553549938837637,-0.018844444444444435,0.7980059797024182,-0.06988888888888883,0.44349508436504237,0.8508320689485187,0.9086519109157278,0.9471774407456163
CCDC80,-0.09166000000000003,0.23973361034037788,-0.024577777777777792,0.7967113290092127,0.023544444444444465,0.8440628003307393,0.5268042985639717,0.9083645923193984,0.9921602299275276
CCL14,0.06724,0.24410416961942824,0.08171000000000002,0.6553897667839905,0.014470000000000033,0.9378891737870287,0.5300650778580046,0.836461830934563,0.9940568131447077
CCL15,-0.19124999999999998,0.015017960468611917,-0.10436000000000004,0.20402045144159583,0.08688999999999991,0.3683350154133962,0.18170757096257206,0.46592392007129474,0.9471774407456163
CCL16,-0.020409999999999973,0.7556303709725593,0.06144999999999999,0.27593955415576893,0.08185999999999996,0.3375793548302869,0.8974683125654119,0.5481476741782618,0.9471774407456163
CCL18,0.06366999999999999,0.31232144298282727,0.05943999999999998,0.3724951548420037,-0.0042300000000000115,0.9579472417806255,0.5981749670688048,0.6448973275932863,0.994306177352909
CCL27,0.5570700000000001,0.24595070947436154,0.1998777777777778,0.609098562371407,-0.4734222222222222,0.48499414068126245,0.5328932038611166,0.8096620063234375,0.9471774407456163
CCL5,0.61971,0.030334406069901166,0.64706,0.05787130502820767,0.02735000000000002,0.938646030468591,0.2219128145992319,0.21536352833130887,0.9940568131447077
CCN3,-0.09990000000000002,0.03839054192922719,-0.037219999999999996,0.6248183433606584,0.06268000000000003,0.38121026757635157,0.2417561543995058,0.8163298356494793,0.9471774407456163
CD14,0.12170999999999998,0.11686054661747185,0.08811,0.3112613959212198,-0.033599999999999984,0.7120055647974436,0.37730147137714193,0.5832181002656529,0.9731307826730388
CD163,0.0507,0.5121055418268327,0.029580000000000016,0.7623546801116352,-0.021119999999999983,0.8434608762282914,0.7486568275552516,0.8894677399596037,0.9921602299275276
CD209,0.048649999999999985,0.1017384796166798,0.04411999999999998,0.38836072612578376,-0.0045300000000000114,0.9206986858557504,0.3500089614915752,0.6555250918880599,0.9940568131447077
CD2AP,0.12665999999999994,0.6195177761827975,0.5629888888888888,0.09355532884426244,0.48902222222222225,0.3451570063867183,0.8287375502460327,0.2914799110757615,0.9471774407456163
CD46,0.1199,0.062018084970095776,0.12571000000000002,0.11012645094628959,0.005810000000000007,0.9199779184250989,0.28140840602979,0.3225837615954126,0.9940568131447077
CD55,-0.010019999999999992,0.8696423794031292,-0.016270000000000007,0.8306295939996372,-0.006250000000000008,0.9177852448000197,0.9421733947746191,0.9247403361769361,0.9940568131447077
CD59,0.07214999999999999,0.22967756613424628,0.05585,0.3168263690593619,-0.01629999999999999,0.7669851307582362,0.513449187222346,0.5902573698772385,0.9812023557990273
CD69,0.88018,0.0057103979174638695,1.0330333333333335,0.01780737459039159,0.2620333333333335,0.5721128636666669,0.1398095756792404,0.11836666639495587,0.9554821893115988
CD93,0.06449999999999999,0.3260395321261253,0.10006,0.15244765228801588,0.03556,0.6167579208301031,0.6120645402227827,0.39323195998436405,0.9619401148472417
CDH1,0.05785999999999998,0.33636133282288494,0.08531999999999998,0.2661519004885394,0.027460000000000012,0.7033769847083778,0.6197709106300823,0.5357152005900317,0.9701503587453412
CDH17,-0.09455999999999991,0.7489213289545191,-0.24099999999999996,0.1697015241549958,-0.11030000000000006,0.7648557308105361,0.8937681928979407,0.4187794899368715,0.9812023557990273
CDH2,0.30648,0.021003382527517135,-0.026333333333333337,0.7204017225621884,-0.32445555555555555,0.029305171795483434,0.20232110775686998,0.8667241035576205,0.8144499300897541
CDH5,0.061389999999999986,0.13604982580546224,0.12327999999999997,0.06273857204510393,0.06189,0.41733214259779905,0.40412510007265057,0.22784415904637248,0.9471774407456163
CDH6,0.15083,0.0437050885467969,-0.10502222222222223,0.13251979462450159,-0.2432111111111111,0.001724045347505559,0.24788089811044448,0.3608370311462332,0.7204244661560001
CDHR5,0.28309,0.009308068624486533,-0.014177777777777777,0.8726181433677296,-0.2970111111111111,0.017972766656875507,0.16058218162856128,0.9456074279954809,0.8143181893514128
CEACAM8,0.23129999999999998,0.08670331023831057,0.4298888888888889,0.00606592730223572,0.1557111111111111,0.32634707640572336,0.32326691050781275,0.0949550061731043,0.9471774407456163
CEBPB,0.03167999999999997,0.861892988292536,-0.08782222222222222,0.6050538457614093,-0.18781111111111107,0.4925821447830496,0.9398840363485742,0.8081335597150143,0.9502255522036434
CELA3A,-0.15525,0.03787824197955019,-0.05636,0.4133295501961227,0.09888999999999999,0.37130111370597796,0.24063280371349866,0.6783071590037001,0.9471774407456163
CEP43,-0.13986000000000004,0.49475694796168534,0.4417222222222222,0.03869048175295805,0.4759666666666667,0.10174224693753056,0.7352533703143306,0.1705860505958198,0.9471774407456163
CES1,0.12682,0.03735247211662158,0.09069000000000003,0.048292367774841485,-0.03612999999999998,0.5081185826246843,0.24063280371349866,0.19409435912788547,0.9519862693342023
CGREF1,0.02352000000000002,0.7658172779563444,0.041811111111111104,0.5321231521482497,-0.02001111111111113,0.8519234510773166,0.9043515731466725,0.7678672991215901,0.9924469069251214
CHEK2,-0.15526,0.24058060079661098,-0.033099999999999984,0.8790058181004915,0.15668888888888888,0.5993362246700428,0.5281133724879659,0.9479601526838835,0.9619401148472417
CHI3L1,0.06022000000000001,0.3619747306907961,0.16084000000000004,0.16879104445695015,0.10062,0.4051170057362852,0.6394959463436916,0.41804461000796117,0.9471774407456163
CHIT1,0.01111999999999998,0.7735147115803582,-0.03633999999999996,0.6899314043939511,-0.04745999999999994,0.6085077588843191,0.9050755458241294,0.847415746701266,0.9619401148472417
CHL1,0.11343,0.023911757751211914,0.11362000000000001,0.14687449662198804,0.00019000000000000128,0.9975755257858245,0.20601977792686393,0.3849937234118431,0.9986173838427952
CHRDL2,-0.020559999999999988,0.8339658121069463,-0.06250000000000001,0.10499312857931857,-0.0790888888888889,0.34893438609816374,0.9277768199504497,0.31412404456826676,0.9471774407456163
CLC,0.05186999999999995,0.6326280040611558,-0.08898888888888895,0.5848804343832078,-0.09987777777777776,0.6155576164040801,0.8363611456684926,0.7988743450571197,0.9619401148472417
CLEC1A,0.03155999999999999,0.7697516722292522,0.14996666666666666,0.1343307228858433,0.09513333333333335,0.44682734942710034,0.9044109840540865,0.364124950743051,0.9471774407456163
CLEC5A,0.18971999999999997,0.052653563004070196,0.09226666666666666,0.4080669436419473,-0.11716666666666667,0.4682936995591137,0.265800976127076,0.6765805194244024,0.9471774407456163
CLTA,0.08189000000000002,0.590821312841443,0.15032222222222225,0.23540765637081282,0.051466666666666674,0.8285464728446601,0.8092461618313098,0.49968731186685544,0.9897676525572143
CLUL1,0.16275,0.03321455963286806,0.06456666666666669,0.2833851312525703,-0.10454444444444443,0.2355552025572049,0.22853483887907813,0.5552532745353156,0.9471774407456163
CNDP1,0.04189000000000007,0.3729648387289719,0.10023000000000004,0.17818855361900432,0.05833999999999997,0.4343874779146355,0.646472387130218,0.4330173453537094,0.9471774407456163
CNPY2,0.015710000000000005,0.9458448947490045,-0.013833333333333333,0.9153542304598565,-0.06036666666666665,0.7991963085949194,0.9758711404665165,0.966357199928614,0.985768737086236
CNST,0.8293100000000001,0.004742390670094476,1.2053555555555557,0.01754444303143325,0.42667777777777793,0.467743468433241,0.132455724147496,0.1171652532369276,0.9471774407456163
CNTN1,0.04736000000000001,0.47699698713804173,0.021970000000000017,0.6793168628600013,-0.025389999999999985,0.7390611586111644,0.7190442012373354,0.8448002584323063,0.9800993461384845
COL18A1,0.11349000000000001,0.022276778115030628,0.17850999999999997,0.0008867785147316089,0.06502,0.25729600452266804,0.20252457753886477,0.05453716944669346,0.9471774407456163
COL1A1,0.11393999999999997,0.011280842435810278,0.1045,0.02148902715416204,-0.009439999999999994,0.8505088192528516,0.16167373208005167,0.12780316149580584,0.9921779098662884
COL4A1,0.14754,0.046492709953496594,0.11316666666666667,0.06418840834855172,-0.03538888888888891,0.542327048297453,0.2524872122798022,0.23058168530236609,0.9519862693342023
COL6A3,0.09920999999999999,0.13675815786755113,0.11709,0.11076151716235963,0.01787999999999999,0.7276508793208418,0.40412510007265057,0.3233739019774049,0.9762572927931781
COMP,-0.09859,0.0725337684372823,-0.09830999999999998,0.13454556341764387,0.0002800000000000136,0.9956631227822241,0.3023315624601293,0.364124950743051,0.9982011704117378
COMT,0.5100100000000001,0.10724857492243878,0.7294999999999998,0.026351305091319756,0.22567777777777753,0.5947981827547135,0.36323351299909207,0.140508410813607,0.9619401148472417
CORO1A,0.85351,0.020841407485057434,1.20061,0.005573946449888038,0.3471000000000002,0.40098165510008166,0.20208599072969882,0.0949550061731043,0.9471774407456163
CPA1,-0.052060000000000016,0.6115767414280215,-0.052790000000000024,0.16833877244468212,-0.000730000000000014,0.9942521409527305,0.8238479900575549,0.41804461000796117,0.9982011704117378
CPB1,-0.09127,0.4128954367032295,0.04585000000000001,0.3526220290870118,0.13712,0.26419244390411034,0.6773535287776674,0.629024603192253,0.9471774407456163
CR2,0.08106000000000001,0.1309420743682247,0.07759,0.26853680197035407,-0.003470000000000001,0.9608621203832274,0.3978364162294148,0.5384558530499906,0.994306177352909
CRHR1,-0.09269999999999994,0.7006167655438658,-0.08553333333333334,0.6544740710117992,0.016744444444444378,0.9598226058626788,0.8753149244600926,0.836019487231594,0.994306177352909
CRTAC1,-0.022160000000000006,0.6632995702930229,0.05653999999999998,0.146770994646128,0.07869999999999996,0.2265773578787157,0.8534118446762307,0.3849937234118431,0.9471774407456163
CRX,-0.039270000000000006,0.6022743305512194,0.06412222222222225,0.215308605758858,0.11589999999999999,0.2411549869034259,0.8169353569526697,0.4781380829323695,0.9471774407456163
CST3,0.016309999999999995,0.8169055986225238,0.014139999999999996,0.8426957341209311,-0.002170000000000008,0.9797537043691871,0.9219347890305949,0.9301963097473094,0.994306177352909
CST6,0.27103,0.00016510601912961634,0.31964,0.002769678164899207,0.04861,0.6012446522168344,0.028534204953106632,0.08219509543912999,0.9619401148472417
CSTB,-0.08737000000000002,0.46619560800923876,0.0684,0.26556547201292785,0.15577000000000002,0.2406013072894121,0.7094598524813642,0.5353371397335221,0.9471774407456163
CTF1,0.5903499999999999,0.002427486907810116,0.6388111111111112,0.11606421737901411,0.08102222222222227,0.8310651316726214,0.10218566111477977,0.33365623352205814,0.9907450367222617
CTSB,0.02506,0.6379540543415952,0.11655,0.11261490660372513,0.09149,0.36141888924065524,0.8406522906676726,0.32597300059285167,0.9471774407456163
CTSD,0.03195,0.19625051636761653,0.11180999999999996,0.19475784546163039,0.07985999999999997,0.34384608793018345,0.47455474657453284,0.45520966584428807,0.9471774407456163
CTSH,0.62275,0.011069731006754775,0.39968888888888887,0.02399319095596187,-0.28737777777777773,0.2511756615567306,0.1607836095052678,0.13350756634207572,0.9471774407456163
CTSL,0.19923,0.009543525826404862,0.03158888888888889,0.5056295511257759,-0.18176666666666666,0.08887261767575179,0.16058218162856128,0.7496235789607865,0.936333047242807
CTSZ,-0.008630000000000004,0.8929894791611985,-0.011189999999999988,0.8799623060977749,-0.0025599999999999902,0.9719757387116092,0.9529978531694884,0.9479601526838835,0.994306177352909
CXCL16,0.06583000000000001,0.08442399749273803,0.08320999999999999,0.014140394791993742,0.01738,0.5249562439661758,0.31922484508837107,0.10932757868125688,0.9519862693342023
CXCL5,0.9041599999999999,0.004708678912990523,0.6356777777777778,0.08840598599122043,-0.10264444444444445,0.8124104584079677,0.132455724147496,0.28049329032635595,0.9879395392394905
CXCL8__Cardiometabolic,0.09127999999999999,0.4326213776175758,0.056877777777777805,0.8415942255763509,-0.03337777777777773,0.9199479337314476,0.6857963720367232,0.9300496716560093,0.9940568131447077
DCN,-0.04407000000000001,0.39909134335015295,0.08696666666666666,0.21615910483104567,0.1277222222222222,0.14468681332890657,0.6693964718965103,0.4791943247648916,0.9471774407456163
DCTPP1,0.018820000000000003,0.8502160237233525,0.07014444444444444,0.2774987954277834,0.06728888888888888,0.6234829060688978,0.9331097040340716,0.5489028835649923,0.9619401148472417
DDC,0.06068,0.5138893627274845,0.0254111111111111,0.6325481317656478,-0.0490888888888889,0.5582411091712558,0.7496558826679988,0.8219488771019342,0.9519862693342023
DEFA1_DEFA1B,-0.21744000000000002,0.2927802428240037,0.31311,0.3178204654289597,0.5305500000000001,0.16579319951718308,0.580423990159867,0.5906113392980921,0.9471774407456163
DIABLO,1.15157,0.003937579634078708,1.235711111111111,0.03919182578358692,0.23166666666666677,0.7100103328456222,0.132455724147496,0.1705860505958198,0.9731307826730388
DKK3,-0.03479000000000001,0.5952035859207641,-0.08475999999999999,0.14693924852371207,-0.049969999999999994,0.4747892431269183,0.8122086327901723,0.3849937234118431,0.9471774407456163
DLK1,0.00835,0.8442887097886946,0.005430000000000005,0.9168490464835373,-0.0029199999999999946,0.9495683004672382,0.9293818768674352,0.9665469627857719,0.9940568131447077
DNAJB8,0.25820999999999994,0.12989958374550986,0.3509888888888889,0.05623970660030196,0.044477777777777804,0.8640101432026889,0.39589727909160577,0.21129444755970225,0.9938501124438283
DOK2,1.14409,0.0035797180399430974,1.3861111111111113,0.01226367543156052,0.42818888888888895,0.47129605719941103,0.12671339278738336,0.10425158837055143,0.9471774407456163
DPP4,0.08131000000000001,0.1465865765180297,0.11168999999999998,0.13450971583006532,0.030379999999999997,0.6143389200469178,0.41343533838148366,0.364124950743051,0.9619401148472417
DPP7,0.19665,0.0508411194238546,0.12207777777777779,0.6037147171337245,-0.09668888888888888,0.6662289981814999,0.2606827379882807,0.8080700860769398,0.9619401148472417
DPT,0.09487000000000001,0.09666072918326533,0.12315999999999998,0.003373759692586865,0.028290000000000003,0.5081661963934971,0.3384853663175609,0.088500946221609,0.9519862693342023
DUOX2,-0.03454999999999999,0.8240249861261251,-0.027266666666666668,0.8890214625104012,-0.013955555555555579,0.9429445336213158,0.9258422409472198,0.9531730780145414,0.9940568131447077
EDIL3,-0.03513000000000001,0.8004250366347921,0.11527777777777781,0.37291777407146615,0.16603333333333334,0.45784443018703425,0.9170689209537646,0.6451302266692378,0.9471774407456163
EFEMP1,0.05217000000000001,0.3748514400687498,0.12815000000000001,0.03294545900654706,0.07598000000000002,0.30338056977413314,0.6482885363089169,0.15648322394451641,0.9471774407456163
EGFR,0.03197,0.4047086290617953,0.08902,0.04587911623449491,0.05705000000000001,0.12595194328843295,0.6717705944539856,0.18867547900591478,0.9471774407456163
EIF4EBP1,-0.23412999999999995,0.4952135928638557,0.22514444444444445,0.19777092817637223,0.5291777777777776,0.22089114227878898,0.7355303496819809,0.4582421032982505,0.9471774407456163
ENG,0.06232000000000002,0.09035902338163071,0.08033000000000001,0.007284769319548061,0.01800999999999999,0.6625682884173792,0.3296238050186684,0.09772900575722467,0.9619401148472417
ENPP2,-0.032580000000000005,0.5121852360061456,0.05063999999999998,0.23912934425420695,0.08321999999999999,0.1602755288147967,0.7486568275552516,0.5036286834543799,0.9471774407456163
ENTPD5,0.02080000000000001,0.7072480084523988,0.13202222222222224,0.060966810787784445,0.08684444444444442,0.3890456851096956,0.8778600121813044,0.22278667922202824,0.9471774407456163
ENTPD6,0.04135000000000001,0.5028691161273526,0.03805555555555555,0.6759186617109845,-0.017977777777777783,0.8622913339615405,0.7401951218347504,0.8445117651049152,0.9938501124438283
EPHB4,0.07724,0.07426560606163778,0.018329999999999985,0.785878849352466,-0.05891,0.5168362177969305,0.3041153980954954,0.9023793353717162,0.9519862693342023
EPHX2,0.35343,0.06195624096663485,0.08304444444444442,0.6059806973532655,-0.3464555555555556,0.16164532941373957,0.28140840602979,0.8081335597150143,0.9471774407456163
ESAM,0.06624,0.28692741056832616,-0.0003199999999999981,0.9978489099404839,-0.06656,0.5604337696738907,0.5766024160394954,0.9985286435303616,0.9519862693342023
F7,0.08069,0.08610777356329426,0.11046000000000003,0.15336406659922316,0.029770000000000008,0.7259773510448738,0.32227342513243123,0.39452840648511805,0.9762572927931781
F9,0.10488,0.04143521317536336,0.38216,0.16228315695616488,0.27728,0.27099552964471746,0.2466909277241592,0.40863287424143446,0.9471774407456163
FABP2,0.30865,0.027025006731342373,0.4301333333333333,0.05811527005370014,0.1307555555555555,0.6586687814140677,0.21537709065064128,0.21536352833130887,0.9619401148472417
FABP4,-0.08692000000000003,0.2800309189557931,-0.06575,0.5578397041644783,0.021170000000000015,0.8202331588205876,0.5695647374657552,0.7838034676399986,0.9897676525572143
FABP6,0.21985000000000002,0.08326620891589451,0.015155555555555564,0.9385036907156968,-0.19205555555555556,0.4674493442966966,0.31688616812810627,0.9741843881381597,0.9471774407456163
FADD,0.49677000000000004,0.018816651066306166,0.3347,0.12382844129875867,-0.09004444444444448,0.787270849878519,0.19465958039720954,0.34694832506106615,0.9839089183419631
FAM3C,0.02914000000000001,0.7751875163957883,0.1278111111111111,0.14722904860822225,0.06921111111111108,0.6511585329430916,0.905566967463549,0.3849937234118431,0.9619401148472417
FAP,0.04525,0.21111642807999828,0.04179,0.37386632439085565,-0.0034600000000000104,0.9444360202380815,0.4891640896680086,0.6453697186018412,0.9940568131447077
FAS,-0.010570000000000001,0.8021122124336146,-0.031630000000000005,0.47775906487248443,-0.021060000000000002,0.669884646790839,0.9170689209537646,0.7276037501236976,0.9619401148472417
FBP1,0.33165999999999995,0.4081061540858929,-0.03102222222222216,0.9579772696027409,-0.6702777777777781,0.37715852855100185,0.6743621376289951,0.9820120105327369,0.9471774407456163
FCGR2A,0.06080999999999999,0.31395800350401804,0.09868,0.12335824702136441,0.03787,0.4603587748157667,0.5989666326589643,0.34615714398163194,0.9471774407456163
FCGR3B,0.08329000000000002,0.13381010993598838,0.06381,0.42734202283643696,-0.019479999999999997,0.8134752488532369,0.4012329863301722,0.6882218936927745,0.9888251059705461
FCN2,0.05997999999999999,0.2034514427812816,0.13058999999999998,0.04930985698736425,0.07061,0.16566420908525523,0.4828274142903113,0.19603837595247114,0.9471774407456163
FCRL1,0.22326000000000007,0.0029513869651758506,0.05357777777777779,0.24219832558960178,-0.1672666666666667,0.011501479960450015,0.11561566538248866,0.5071960584281858,0.7865420294170457
FETUB,0.05904999999999998,0.2752900941471506,0.06887000000000001,0.21399225537990885,0.00982000000000004,0.8776927236381993,0.5640127274393038,0.4759343272567541,0.9939549333965099
FUCA1,0.01653,0.7348758533714932,0.05045999999999997,0.3716210939024297,0.033929999999999974,0.634237427572268,0.8899691909338198,0.6441748793282123,0.9619401148472417
GAS6,0.00836,0.889669849035031,0.054169999999999975,0.14821279506064597,0.045809999999999976,0.41135558624927615,0.9511826843031007,0.38672219528257357,0.9471774407456163
GDF15,0.24852999999999997,0.00028983974691016324,0.30771000000000004,0.00015879342260941384,0.05918000000000001,0.3899040378924741,0.03509975341493238,0.03110233837509719,0.9471774407456163
GDF2,0.26638999999999996,0.001763038609455773,0.24993333333333334,0.024144608878003678,-0.04228888888888887,0.7102465461764212,0.09249656133180466,0.13359107511031038,0.9731307826730388
GGH,0.04727,0.35356697207848853,0.10157000000000001,0.1694158675764458,0.054300000000000015,0.42637209757754,0.6325472943952005,0.4186239015471806,0.9471774407456163
GH1,3.4831900000000005,0.008321222267662678,4.605166666666666,0.002456770481056069,1.4026777777777777,0.16940662503912127,0.158084765867325,0.07833295256226545,0.9471774407456163
GHRL,0.08191999999999999,0.6019117066815676,0.20161111111111113,0.2593043047217761,0.018888888888888893,0.9260601000357127,0.8168205977969726,0.5261298669009519,0.9940568131447077
GLO1,0.12457000000000011,0.6457368876654512,0.32739999999999997,0.1305368326969113,0.1981222222222221,0.5434803131215219,0.8448131827854101,0.3564286379772541,0.9519862693342023
GLRX,-0.005509999999999998,0.988149216486363,-0.008166666666666655,0.9590695289494111,0.05485555555555553,0.9000221870016427,0.9945811572582852,0.9820120105327369,0.9939549333965099
GP1BA,0.11673999999999998,0.10136981216035779,0.17265999999999998,0.034666827417790085,0.05591999999999999,0.5148236113107765,0.3491494819778795,0.15989189788613387,0.9519862693342023
GP2,0.26354,0.04704843330547625,0.2881111111111111,0.06117222188110881,0.07041111111111108,0.7009569528960713,0.25316537921518173,0.223259612281612,0.9695911146933415
GPNMB,0.27493,0.012354223416995446,-0.02729999999999999,0.7661986964840504,-0.3186111111111111,0.026563596252544668,0.16726593732319178,0.8922282085890368,0.8143181893514128
GPR37,0.16464,0.31346850090971795,-0.18343333333333334,0.25253216706071374,-0.2989111111111111,0.2827880571034793,0.598421348715238,0.5192018942088013,0.9471774407456163
GRAP2,0.9393900000000001,0.004049978307090548,1.1295555555555556,0.011349731195883145,0.28079999999999994,0.606088992574719,0.132455724147496,0.10291824152316259,0.9619401148472417
GRK5,-0.027600000000000003,0.8731393153980923,0.0970222222222222,0.6550764848097876,0.21450000000000002,0.25862276316816113,0.9431161755865928,0.8364253421865084,0.9471774407456163
GSTA1,0.17422000000000004,0.29709069322138243,0.21715555555555555,0.09620433170804989,0.035499999999999976,0.8510171316756456,0.5832965096164534,0.2964811196900699,0.9921779098662884
GUSB,0.07716,0.18906458922714392,0.08757000000000001,0.45495197769480067,0.010409999999999985,0.9258487108611846,0.4667829942431503,0.7098782657030603,0.9940568131447077
GYS1,0.4669600000000001,0.043825035721264054,0.9963333333333334,0.0008729218622042461,0.5212555555555556,0.09722318951445491,0.24788089811044448,0.05453716944669346,0.9443341999213253
GZMH,0.3716,0.007950344882348515,0.4636444444444445,0.007902906231148643,0.13383333333333328,0.4656170730739544,0.158084765867325,0.09863113153934558,0.9471774407456163
HEBP1,0.16505999999999998,0.27052921556804327,-0.14123333333333335,0.605111128120607,-0.2638111111111111,0.4549081311556705,0.5593348594925484,0.8081335597150143,0.9471774407456163
HK2,-0.21567000000000003,0.13892639407089888,0.4292666666666667,0.11939546830271838,0.564711111111111,0.13582983947346566,0.40591406614067166,0.3390530971187419,0.9471774407456163
HMOX1,0.17973,0.04688204339193225,0.0437888888888889,0.5315379318064358,-0.13046666666666665,0.15466469412218772,0.25306652687523795,0.767742297368757,0.9471774407456163
HNRNPK,0.13018999999999997,0.25463185319702897,0.24723333333333336,0.14603805457410882,0.12684444444444443,0.6198476007888345,0.5436834191081913,0.3846496132492097,0.9619401148472417
HSPB1,0.8876299999999999,0.008330655336632513,1.2805333333333335,0.0508135342959549,0.5532888888888889,0.4060412057971441,0.158084765867325,0.198788500348223,0.9471774407456163
HSPG2,0.08107,0.12412611678989934,0.09771999999999999,0.14988458189505785,0.01664999999999999,0.7563646893855963,0.3866761854405461,0.38866805084526035,0.9807934968107775
HYAL1,0.02510000000000001,0.7837653408002956,0.03584999999999998,0.6354110362361629,0.010749999999999964,0.8938316661636792,0.9091161222172504,0.8231538518962562,0.9939549333965099
HYOU1,0.05554999999999999,0.15733323533640914,0.0925,0.03072604440029871,0.036950000000000004,0.4286444577135483,0.4279367017677313,0.15070637470463707,0.9471774407456163
ICAM1,0.13765,0.022442309390413372,0.10244,0.19531467407586459,-0.03521,0.6221229807093762,0.20252457753886477,0.45557141293620346,0.9619401148472417
ICAM2,0.08010999999999999,0.09153871228819213,0.030679999999999995,0.6435426495907415,-0.04943000000000001,0.5191680052500073,0.33104379552189445,0.8294038487046825,0.9519862693342023
ICAM3,0.07658000000000001,0.07780300375330021,0.04124,0.36127090261403616,-0.035339999999999996,0.5753093474622147,0.3097360772726233,0.6358191945892685,0.9570494671275532
ICAM5,0.17282999999999998,0.09142957898834572,0.1385888888888889,0.040581928513969925,-0.02706666666666666,0.7885160252288447,0.33104379552189445,0.17427195485465335,0.9841376729491698
IGFBP1,0.17085,0.6585880458690064,0.26327999999999996,0.4369848511157647,0.09243000000000003,0.7998198614048857,0.8517935536635745,0.6966150258155814,0.985768737086236
IGFBP3,0.06447,0.25865621772759123,0.08196,0.2090484104865594,0.017490000000000012,0.7732742178228897,0.5478660419465776,0.46920109244424096,0.9812334329398464
IGFBP6,-0.016470000000000016,0.7298496705485957,-0.02657,0.634940497758197,-0.010099999999999987,0.8260341361754908,0.8882760281987466,0.8231538518962562,0.9897676525572143
IGFBP7,0.19314000000000003,0.00632202076853274,0.32847,0.00111267000411602,0.13532999999999998,0.0029207200515179786,0.14708569444786923,0.06053749022394198,0.7204244661560001
IGFBPL1,0.19155999999999998,0.046933442909241646,0.22274444444444447,0.03324866063665742,0.06607777777777778,0.49149345861689486,0.25306652687523795,0.15730203695732609,0.9500051193529192
IGSF8,0.1875,0.03698773097740246,0.14995555555555556,0.04063182065195288,-0.032200000000000006,0.7649868368038382,0.24031301255066412,0.17427195485465335,0.9812023557990273
IL18BP,0.08320999999999999,0.1847253990879363,0.10617000000000001,0.18333498833924294,0.022959999999999998,0.747212708443749,0.4620039827509192,0.44002396624388834,0.9807934968107775
IL19,0.07943000000000003,0.371087492815501,-0.009755555555555549,0.9063161589210762,-0.09147777777777778,0.32647405761116605,0.6455032882723162,0.9623263010155844,0.9471774407456163
IL1RL1,0.08414999999999999,0.0807749656800591,0.17798999999999998,0.0012327593305310088,0.09384,0.02536472531418721,0.31432695254041537,0.06354117391403691,0.8143181893514128
IL2RA,0.009640000000000006,0.8532893801417268,0.049949999999999994,0.2734602977198282,0.04030999999999999,0.61326746056997,0.9350388878801974,0.5450653695392506,0.9619401148472417
IL6__Cardiometabolic,0.50768,0.11968286335539118,0.4914333333333334,0.06861752697413859,-0.015766666666666707,0.9677100150410451,0.380138651392583,0.2388310528487894,0.994306177352909
IL6R,0.062349999999999996,0.34836349560969804,0.10060999999999998,0.14224082883612288,0.03826,0.6264912635385639,0.628294628668688,0.37887901642840344,0.9619401148472417
IL6ST,0.20162,0.02523821256684119,0.02228888888888889,0.7912047020295182,-0.18281111111111115,0.05266430171085293,0.21307433483155006,0.9048499083545055,0.9064257716854434
IRAG2,1.0242799999999999,0.015087038987694805,1.1673666666666667,0.026039455017256116,0.048911111111111204,0.9251906484746358,0.18170757096257206,0.13935140043843075,0.9940568131447077
ITGB1,0.05502,0.43339257136472187,0.05570000000000001,0.1872974615837381,0.0006800000000000056,0.9919830703381067,0.6857963720367232,0.4446122776457071,0.9979739900608579
ITGB1BP2,0.7426400000000001,0.016024278001708962,0.7795888888888889,0.05554110866521518,0.016022222222222184,0.9703096606893921,0.18602441445179038,0.2097426442910054,0.994306177352909
ITGB2,0.05034999999999999,0.19999994595721177,0.021860000000000036,0.6179994052199269,-0.02848999999999996,0.5760195250787843,0.47811215721911166,0.8152068256948465,0.9570494671275532
ITIH3,0.17472999999999997,0.1830098168787167,0.18704,0.08558997172665103,0.012310000000000026,0.8680026417538786,0.45995110520929827,0.2769420010274237,0.9938501124438283
KIT,0.07493999999999998,0.13153273433035464,0.059309999999999995,0.2738003805658016,-0.015629999999999988,0.7559742798070275,0.39844177118123514,0.545362337561156,0.9807934968107775
KITLG,0.13907,0.04801665746692636,0.047977777777777786,0.4407602803457108,-0.10463333333333331,0.1604476588696732,0.25510477330529774,0.6992190624490812,0.9471774407456163
KYAT1,0.21503,0.3398913921102909,0.29187777777777774,0.25476332953025166,0.17132222222222218,0.6355303127176266,0.6226313852272063,0.5215899902811985,0.9619401148472417
LACTB2,0.5114000000000001,0.026052894622979546,0.5061333333333333,0.08247319508228253,0.03268888888888883,0.9254097192703612,0.21482755378190904,0.27073323704105706,0.9940568131447077
LBP,-0.020559999999999988,0.8829284150020222,0.20811000000000002,0.07140871953421699,0.22866999999999998,0.21714350534775187,0.9470769197794602,0.24452076688989455,0.9471774407456163
LCN2,0.07944,0.13785606027139488,0.10798999999999999,0.5333157673077749,0.02855,0.8653955305057434,0.4046164885887694,0.7679910073726234,0.9938501124438283
LDLR,0.18135,0.011078501291766107,0.19987000000000002,0.005527556659176982,0.018520000000000036,0.8071199934495344,0.1607836095052678,0.0949550061731043,0.9873141787568953
LEP,0.29419,0.16054317753395483,0.21634444444444448,0.1591947279954897,-0.16858888888888882,0.5515450260599244,0.4303032712367856,0.4035497073776952,0.9519862693342023
LEPR,0.28680000000000005,0.029470827888393353,-0.07451111111111111,0.5251710705112103,-0.4139555555555556,0.03959311537033755,0.2192032717369612,0.7641833155022237,0.8680938280451621
LGALS1,0.07342,0.5940355189220085,0.11794444444444444,0.3470050754158155,-0.015111111111111112,0.9352001029614476,0.8115082360526047,0.623166816364099,0.9940568131447077
LGALS3,0.047349999999999996,0.4332053697284376,0.06606000000000001,0.1626603940580097,0.018710000000000008,0.7588515838895731,0.6857963720367232,0.40864171816446315,0.9807934968107775
LILRA5,0.1331,0.0798971764659831,-0.03764444444444444,0.5165366141056681,-0.1825111111111111,0.04381094754246086,0.31273216757642663,0.7603129119451166,0.9064257716854434
LILRB1,0.06858,0.19815598959657119,0.060870000000000014,0.26438114561208764,-0.007709999999999989,0.9113154296319983,0.4768077784068191,0.5334833831101055,0.9940568131447077
LILRB2,0.021060000000000002,0.46162333973567515,0.059109999999999996,0.22887636777917592,0.03804999999999999,0.527604053337228,0.7067479792305439,0.4926056351010208,0.9519862693342023
LILRB5,0.004349999999999933,0.8912781865114576,0.06506999999999999,0.24737044408090147,0.06072000000000005,0.36263023633027114,0.9522092043529682,0.5136214591587904,0.9471774407456163
LPL,0.011489999999999995,0.8542170568738651,0.2562,0.07224815341339887,0.22235555555555553,0.11013009520873168,0.9350557798418091,0.2463990952094725,0.9471774407456163
LRP11,0.11371999999999997,0.30399888795386953,-0.042566666666666655,0.5409921157943665,-0.17874444444444446,0.15540448865877057,0.5892237650859379,0.7750655887238835,0.9471774407456163
LTBP2,0.021329999999999988,0.7411659328066347,0.09358999999999999,0.025249645915801026,0.07226000000000003,0.25935154419142514,0.8913745191791196,0.13686985184616868,0.9471774407456163
MARCO,0.06404000000000001,0.3645564422029298,-0.01012222222222222,0.8617018164450998,-0.10886666666666667,0.238912352001155,0.640590207650842,0.9387022383076393,0.9471774407456163
MB,-0.39685000000000004,0.0011793276621813555,-0.62273,0.00015703609862745537,-0.22588000000000003,0.06220283406787447,0.07532314503236572,0.03110233837509719,0.9131181923353178
MCAM,0.11265,0.18009906530159261,0.012829999999999998,0.8741542217465513,-0.09981999999999999,0.19443482568941386,0.455979290793896,0.9459539976027138,0.9471774407456163
MCFD2,0.27691,0.05170713622054658,0.17190000000000003,0.16367348983961785,-0.1181,0.5528963661883531,0.2628296993355811,0.41065133488368677,0.9519862693342023
MEGF9,0.06111,0.12898653517379194,0.05885,0.14050545649118792,-0.002259999999999998,0.9631754984925137,0.39476911646528046,0.374936449746694,0.994306177352909
MEP1B,0.05987999999999993,0.021912651117000075,-0.06393333333333333,0.49181611060049235,-0.1281666666666666,0.2418091457608574,0.20240610399962805,0.7364708118981889,0.9471774407456163
MET,0.08801999999999999,0.11419746985153333,0.07542000000000001,0.08224459415221713,-0.012599999999999995,0.8219343945610771,0.3760346551265135,0.27028480718032877,0.9897676525572143
MFAP3,-0.08823,0.7383878967654643,0.35267777777777787,0.3946867492886911,0.5283333333333333,0.310394760126778,0.8912833363586419,0.6622442429526981,0.9471774407456163
MFAP5,0.01732999999999999,0.8433283944306706,0.03577999999999999,0.6722137573336023,0.018450000000000005,0.8379862247806489,0.9293818768674352,0.8432659569152545,0.9911725684990748
MMP7,0.07393000000000001,0.04732179810182267,0.0973111111111112,0.03224286984767154,0.018644444444444512,0.703264686241909,0.25392364275636087,0.15529434690567046,0.9701503587453412
MNDA,-0.31656999999999996,0.31493376274327894,0.5802777777777779,0.3131529636129405,0.923777777777778,0.16202863268156756,0.5998131769617194,0.5848972708803681,0.9471774407456163
MPHOSPH8,0.20423,0.4650636632035643,0.17668888888888892,0.5911861435335632,0.03374444444444445,0.9318199438508549,0.7091673845080952,0.8016229101334497,0.9940568131447077
MSMB,-0.05164000000000003,0.7295965039798895,-0.26353000000000004,0.11894526355618608,-0.21189,0.26347602875679593,0.8882760281987466,0.3386251786124755,0.9471774407456163
MSTN,0.04362000000000002,0.5780365997636319,0.006911111111111114,0.9617950161314028,0.023277777777777755,0.8638734144217861,0.8006937907145453,0.9828839854363813,0.9938501124438283
MTPN,0.15491,0.19178028136519298,-0.12421111111111108,0.6505352731044838,-0.21647777777777782,0.46893593159879443,0.46868806308112326,0.8333445459475443,0.9471774407456163
NADK,-0.03605999999999997,0.7621416280449407,0.027688888888888874,0.9119528377067521,0.0621888888888888,0.8346514589230716,0.901801088681448,0.9654868662558705,0.9911725684990748
NCAM1,0.07889000000000002,0.1993998647611964,0.16641999999999998,0.04654722741844994,0.08752999999999997,0.15382347405782926,0.47706580021856265,0.1896751097855838,0.9471774407456163
NECTIN2,0.08451,0.34712139852082935,0.0367888888888889,0.5825782463355855,-0.06184444444444443,0.5083681780403291,0.6264389857826761,0.7968130153074365,0.9519862693342023
NID1,0.09041000000000002,0.26710843079236096,0.04894999999999998,0.7543177206691295,-0.04146000000000002,0.7847521885731634,0.554996159595443,0.8857655728720634,0.9839089183419631
NOTCH1,0.06360000000000002,0.11115359236296864,0.048369999999999996,0.29014831351600356,-0.015230000000000004,0.7939589492854737,0.3715236113337905,0.5637934822156206,0.985768737086236
NOTCH3,-0.006879999999999997,0.9168047448106189,0.014739999999999998,0.8032458782183082,0.021619999999999993,0.7574146103546069,0.9630219307306394,0.9103684440351115,0.9807934968107775
NPDC1,0.28502,0.03358870138385152,-0.044211111111111104,0.6614341430765069,-0.37312222222222224,0.004210309656467647,0.2300317125075892,0.8389014977916082,0.7204244661560001
NPPB,-0.4912399999999999,0.5940178620730794,-0.3445,0.771650030514577,-0.3610333333333335,0.7830968578164093,0.8115082360526047,0.8957359895898171,0.9839089183419631
NPTXR,-0.13587,0.3605730575136902,-0.4554,0.00014397979547070647,-0.32482222222222223,0.059748958736332305,0.6381708692621817,0.03110233837509719,0.9064257716854434
NRCAM,0.27888999999999997,0.03478376899826967,-0.0934888888888889,0.2607352638784858,-0.37235555555555555,0.028985160842955143,0.23355976789259067,0.5286681885955771,0.8144499300897541
NRP1,0.14743,0.10514145775323246,0.18894999999999998,0.04000084558080531,0.04151999999999999,0.5375880456785774,0.3604499450163325,0.173336997516823,0.9519862693342023
NTRK2,0.31271,0.02312784577396406,-0.08426666666666666,0.34958536462785456,-0.4192,0.004658973743010212,0.20449843111752022,0.6258877521490779,0.7204244661560001
NTproBNP,0.12011000000000001,0.6891247993422909,0.3866333333333334,0.04115263163403444,0.14365555555555554,0.5205194210828044,0.8704422443970983,0.17573609264650172,0.9519862693342023
OLR1,0.17483999999999997,0.2572231941621569,-0.4382222222222223,0.4302154903182266,-0.6221666666666666,0.27306431311847756,0.5469219668213448,0.6913481714084081,0.9471774407456163
OSMR,0.04889,0.24199659830442471,0.0637,0.26566424429253754,0.014810000000000004,0.778310021266463,0.5283511686112606,0.5353371397335221,0.9839089183419631
PAG1,0.28462999999999994,0.04201781482890806,0.4966222222222222,0.04854993069361531,0.21665555555555557,0.5177289684868589,0.24685823074111005,0.19454989807016096,0.9519862693342023
PAM,0.01156000000000001,0.803852827990759,0.05510999999999999,0.2398784822562027,0.04354999999999999,0.5541705638579811,0.9177144822387036,0.5037619591627759,0.9519862693342023
PCDH17,0.24054999999999999,0.004924316032581566,-0.09245555555555557,0.3670650012481731,-0.35896666666666666,0.011464458746232108,0.132455724147496,0.6400219428291588,0.7865420294170457
PCSK9,-0.03668000000000003,0.6500271215458627,-0.04382,0.43518964666039917,-0.0071399999999999745,0.9346478526158081,0.8472445356195281,0.694884337982746,0.9940568131447077
PDCD6,0.14821,0.08133584449207046,0.24645555555555557,0.002093837288175048,0.04814444444444447,0.5014171121162108,0.3148740765901557,0.0727519727864671,0.9519862693342023
PDGFA,0.41894,0.09267414763733793,0.37556999999999996,0.3664107587637083,-0.04337000000000004,0.9110271835507476,0.3316495208313247,0.6392605755628118,0.9940568131447077
PDGFRA,0.02845000000000001,0.7930492810046119,0.0036333333333333374,0.9568879308118168,0.006211111111111118,0.9658959023009446,0.9134970611177042,0.9819548518075856,0.994306177352909
PDGFRB,0.03976,0.3283747252787833,0.011209999999999993,0.8337027024260895,-0.02855,0.6604701545457055,0.6131161432388276,0.9263876383592047,0.9619401148472417
PEAR1,0.10242,0.12765066393267674,0.13959,0.0010106471704154373,0.03717,0.5413378554360022,0.3922987977345233,0.05854141492083113,0.9519862693342023
PGLYRP1,0.07113,0.07922841717803364,0.01226999999999998,0.9249361565160159,-0.05886000000000001,0.6404272637389883,0.31273216757642663,0.9708690345995193,0.9619401148472417
PI3,0.24859,0.13781512659838244,-0.10145000000000001,0.48625035097315505,-0.35004,0.11678449249266484,0.4046164885887694,0.7318665630938164,0.9471774407456163
PILRB,0.06707999999999997,0.258010158616196,0.00552222222222221,0.9356098420781518,-0.06931111111111113,0.32415118980828345,0.5469219668213448,0.9738702899475299,0.9471774407456163
PLA2G1B,0.12222999999999998,0.06868243326320603,0.10556000000000001,0.16862824007628036,-0.01667,0.8325833312502571,0.29544507895651434,0.41804461000796117,0.9911385037330857
PLA2G2A,0.18871000000000002,0.019141414328559873,0.31416,0.009255534895706274,0.12545,0.1262587527589391,0.19557345994543107,0.09968436135564301,0.9471774407456163
PLAT,0.45515999999999995,0.0009935344777825537,0.42901000000000006,0.006914213320445852,-0.026149999999999958,0.8693368312622036,0.06910900951679315,0.09772900575722467,0.9938501124438283
PLIN3,0.23138999999999993,0.10731337279891487,0.3250555555555556,0.07699430195832305,0.19993333333333338,0.19348420867977578,0.36323351299909207,0.259029513413887,0.9471774407456163
PLPBP,0.44776999999999995,0.19254815933931782,0.7333555555555556,0.030074818845937542,0.42338888888888887,0.36348125912283313,0.46868806308112326,0.14976240299892288,0.9471774407456163
PLTP,0.08401,0.1160601472507517,0.06450000000000002,0.3395151927427857,-0.01950999999999997,0.7306379219012449,0.3760346551265135,0.6159077670048174,0.9775110266602266
PLXNB2,0.08437999999999998,0.05686965079057663,0.07024,0.028496958587555247,-0.01414,0.7628058296120218,0.2734583208227727,0.14536309350686408,0.9812023557990273
PLXNB3,0.34342,0.009773181151425848,0.2717333333333333,0.04351891732256138,-0.036877777777777766,0.8389233459117589,0.16058218162856128,0.18265511299097903,0.9911725684990748
PM20D1,0.15661999999999993,0.3910601109037223,0.09387777777777788,0.43257772433680186,-0.124411111111111,0.35539340637233924,0.6622101474554098,0.6921173677823063,0.9471774407456163
PON2,0.14032,0.2388709504342216,-0.15560000000000002,0.15856909375958725,-0.29123333333333334,0.10467937995636534,0.5263610109954152,0.4029939679594953,0.9471774407456163
PPIB,0.8086800000000001,0.0039015053099458728,1.1163399999999999,0.001101904402787756,0.3076600000000001,0.32113719817854225,0.132455724147496,0.06053749022394198,0.9471774407456163
PPP1R2,0.3905,0.05161917276184239,0.49328888888888883,0.03479932896423529,0.07405555555555549,0.8270530530407291,0.2628296993355811,0.16000067057421485,0.9897676525572143
PRCP,0.053439999999999974,0.29742827836189906,0.08457999999999999,0.11627162997385947,0.031140000000000022,0.682763560791978,0.583340642074272,0.3339257564645153,0.9619401148472417
PRKAR1A,0.7039799999999998,0.03190083851728056,0.8728666666666667,0.06305079130156141,0.3647777777777778,0.49727780274856725,0.22434922053807554,0.2280773856210487,0.9519862693342023
PROC,0.12979,0.07084671079743894,0.08557999999999999,0.28014074356717533,-0.044209999999999985,0.6066199436762286,0.298633624566536,0.552014422937868,0.9619401148472417
PRSS2,-0.11536999999999997,0.21581364556841612,-0.07097999999999996,0.3009789859826995,0.044390000000000006,0.6292391964788719,0.49497306064012997,0.5742053641669943,0.9619401148472417
PRSS27,0.07427999999999998,0.34558913742072883,-0.007422222222222231,0.9635076926015909,-0.1024111111111111,0.5594277306006281,0.6252099050136092,0.9832708276762753,0.9519862693342023
PRTN3,0.035760000000000014,0.4603911656535733,-0.21578,0.4466145938115301,-0.25154000000000004,0.40977667310908117,0.7063338092377015,0.7039451054819075,0.9471774407456163
PTGDS,-0.06556999999999999,0.4625855871966671,-0.0945,0.139728463577093,-0.02893,0.769289769503645,0.7067480266166447,0.3732020236268175,0.9812334329398464
PTN,0.45199000000000006,0.0016461538630997538,0.6320333333333333,0.09005189279555356,0.12451111111111107,0.7398422933370015,0.09125283112805806,0.28357176959628766,0.9800993461384845
PTPRF,0.07619000000000001,0.2667043349063381,0.11295,0.034457315437228735,0.03675999999999999,0.637827757937769,0.554996159595443,0.15974054116481612,0.9619401148472417
PTPRS,0.09201,0.15338083939076405,0.054840000000000014,0.126725657748196,-0.037169999999999974,0.5633793600634373,0.4226774518811597,0.3506177561960084,0.9519862693342023
QDPR,0.22158000000000003,0.1563919922897034,0.3012333333333333,0.09918718071544633,0.1308666666666666,0.5564578870756304,0.4274229519508359,0.30260844957630456,0.9519862693342023
QPCT,0.02051999999999999,0.7136724981448683,0.022250000000000023,0.6695610559329926,0.0017300000000000288,0.976304914436527,0.8796330121560565,0.8424712558163309,0.994306177352909
RARRES2,0.1264,0.22998608930721828,0.17708,0.1585598580485217,0.05067999999999998,0.7662604150777519,0.513449187222346,0.4029939679594953,0.9812023557990273
RCOR1,0.23424000000000006,0.05653821324524043,0.19488888888888886,0.03044233714750141,-0.05046666666666669,0.7190988751869425,0.27320603703045454,0.1502572744627411,0.9747503953345962
REG1A,0.04828999999999999,0.39681998179875033,0.08107999999999999,0.24781999028278426,0.03278999999999998,0.6614106352399739,0.6684315525029891,0.5137793837561427,0.9619401148472417
REG1B,-0.010210000000000007,0.8538833683398807,-0.00615999999999999,0.922577288284901,0.004050000000000017,0.9544164057492402,0.9350388878801974,0.9695939683204332,0.9940859712453828
REG3A,0.14248999999999998,0.05726299448559563,0.12911000000000003,0.024979230615184526,-0.013379999999999953,0.8342542601156125,0.2740043612356351,0.13638983965633383,0.9911725684990748
REN,0.33890999999999993,0.00672546279391485,0.13761111111111113,0.2062840812411629,-0.20959999999999995,0.027557294481878526,0.15199545914247561,0.46656091661781113,0.8143181893514128
RETN,0.008680000000000004,0.8282284899812853,0.006959999999999997,0.9395977208493898,-0.0017200000000000075,0.9856113484959227,0.9258422409472198,0.9741843881381597,0.9952946896706719
RNASE3,-0.15469,0.619719672529113,0.01471111111111112,0.9744533599104276,0.20775555555555558,0.6842767601378235,0.8287375502460327,0.9879089066979366,0.9619401148472417
RNASET2,0.04624000000000001,0.25792408583709003,0.03653000000000001,0.697497282822519,-0.009710000000000007,0.9205780671050805,0.5469219668213448,0.8526424992269838,0.9940568131447077
ROR1,0.0709,0.2283307797221674,0.001988888888888895,0.9786391060939577,-0.06449999999999997,0.486329375377614,0.5121577500587178,0.9890752300323521,0.9471774407456163
S100A11,0.16892000000000001,0.12079073904407565,-0.1673888888888889,0.2897792970625629,-0.35316666666666663,0.09278060683353022,0.38117972946556405,0.5637934822156206,0.9418349502692044
S100P,0.01604000000000001,0.9442833355456435,-0.005911111111111101,0.9714559939962839,-0.03271111111111111,0.9300923657684885,0.9754938255390648,0.9873272840567181,0.9940568131447077
SCARF1,0.31882,0.006681145200750869,0.33613,0.012368072381238977,0.01730999999999998,0.8998374889833131,0.15199545914247561,0.10425158837055143,0.9939549333965099
SDC1,0.41807,0.01043449477806517,-0.031733333333333294,0.7889408294854083,-0.48041111111111107,0.02584158144578634,0.1607836095052678,0.9038359442495109,0.8143181893514128
SDC4,0.41892000000000007,0.0839461762421205,0.1710000000000001,0.7134425794363258,-0.11547777777777786,0.8174866142396296,0.31838012626964735,0.8611726780542011,0.9888671293493415
SELE,0.04068000000000001,0.3402786521226353,0.054869999999999974,0.09537931631729814,0.014189999999999975,0.7484071175146676,0.6226313852272063,0.294353394264939,0.9807934968107775
SELP,0.23115999999999998,0.03403830637514224,0.36921,0.006337317332944532,0.13805000000000006,0.2660952910466039,0.23195863423496976,0.0949550061731043,0.9471774407456163
SEMA3F,0.15581000000000003,0.031918983725294614,0.12733333333333335,0.03763759897998786,-0.04383333333333332,0.40526582484289053,0.22434922053807554,0.16915077394888337,0.9471774407456163
SEMA7A,0.038520000000000006,0.5521914952979907,0.09946,0.020037245480879345,0.06094000000000001,0.40110748311134137,0.7824539115564162,0.12457787341508601,0.9471774407456163
SERPINA11,0.001529999999999973,0.9801861126087639,0.026899999999999997,0.6590070760677458,0.025370000000000024,0.6786419671267939,0.9909796279575184,0.8378030244426816,0.9619401148472417
SERPINA12,-0.03935000000000011,0.5833727793820733,-0.16797777777777778,0.015169683724358413,-0.1385888888888887,0.15584285235285064,0.8035392526134699,0.11308645927650035,0.9471774407456163
SERPINB5,0.21635,0.426236639980081,-0.6621444444444444,0.4535301708448791,-0.9210777777777776,0.34876121706082347,0.6853124768051386,0.7089212952264095,0.9471774407456163
SERPINE1,0.175,0.46862754559982966,0.06805999999999994,0.877350767544288,-0.10694,0.7983467602314757,0.7117894521464732,0.9479601526838835,0.985768737086236
SFTPD,0.20964,0.014114911894181379,0.16054444444444446,0.03910762671126691,-0.047033333333333316,0.661744489489642,0.17798116371289655,0.1705860505958198,0.9619401148472417
SIGLEC7,0.13268,0.23042067430880292,-0.012777777777777784,0.8915331053329096,-0.1643222222222222,0.19092709905173272,0.514028808746593,0.9548697294334796,0.9471774407456163
SIRPA,-0.025009999999999987,0.6528040246339136,-0.019630000000000005,0.6291983087551728,0.005379999999999985,0.9326055105213593,0.8492717256175012,0.8197714550433248,0.9940568131447077
SLITRK6,-0.07266999999999998,0.45548870350459714,0.10457777777777776,0.5229172702252374,0.1298,0.5384838077010131,0.7047524970652924,0.7635839661638903,0.9519862693342023
SNAP23,1.1754000000000002,0.003492226465855364,1.4228333333333332,0.0322218272743723,0.37669999999999987,0.5596293226035896,0.12671339278738336,0.15529434690567046,0.9519862693342023
SNX9,0.23102999999999999,0.34691233492746876,0.6233777777777778,0.012490319641400306,0.47830000000000006,0.16857013296294315,0.6264389857826761,0.10425158837055143,0.9471774407456163
SOD1,-0.08003999999999997,0.7470676762763221,0.35088,0.030932314974982264,0.4309200000000001,0.13828084885218472,0.8937681928979407,0.15121321363809964,0.9471774407456163
SORT1,0.24534000000000003,0.01610017092416244,-0.034033333333333374,0.8417297743135904,-0.29763333333333336,0.08199521835302975,0.18602441445179038,0.9300496716560093,0.9151422335713614
SOST,0.45418000000000003,0.0022456002402277274,0.4650999999999999,0.010664359312809006,-0.04789999999999998,0.8041560288844644,0.10150113085829328,0.10042271686228481,0.986281592770344
SPARCL1,-0.005199999999999982,0.9206343791719307,0.08763000000000001,0.2201251317923859,0.09282999999999998,0.18221286254181862,0.9646304586330715,0.4819132915097093,0.9471774407456163
SPON2,0.21269,0.021595521405305882,0.1416222222222222,0.06430953517828483,-0.0787888888888889,0.290981338987334,0.20240610399962805,0.23058168530236609,0.9471774407456163
SPP1,0.22632000000000002,0.0007103880420094462,0.24020000000000002,3.538703844326071e-05,0.01387999999999997,0.7234203621823332,0.05351589916471161,0.01485244556375714,0.9762572927931781
SSC4D,0.08410999999999999,0.1672095297122503,0.10954444444444451,0.036042350534216415,0.020455555555555616,0.7159986447627014,0.4392511516345185,0.1636668096901512,0.9740601361691527
SSC5D,0.06253,0.26766315933448265,0.13681000000000001,0.08033837749752626,0.07427999999999998,0.2442037834244194,0.5557557329503251,0.2652069135817215,0.9471774407456163
ST6GAL1,0.036200000000000024,0.536158810261741,0.10505,0.32730496635058304,0.06884999999999998,0.5716573750087066,0.7687821300873572,0.6028978000865285,0.9553636904297953
STK11,0.15827,0.29477896298208695,0.6003666666666667,0.020167534037150894,0.48066666666666674,0.07397613485192074,0.5826324126828532,0.12469683609801943,0.9151422335713614
STK4,0.69458,0.0042957004298493995,0.9727777777777779,0.01611128689619628,0.3782777777777779,0.3610350663814977,0.132455724147496,0.11430549446691722,0.9471774407456163
SUSD1,0.5584399999999998,0.008223927559588983,0.6857777777777778,0.02101527571818894,0.0797444444444445,0.7728559645522207,0.158084765867325,0.12652229520499816,0.9812334329398464
TCL1B,-0.14334000000000002,0.5319929913591837,0.2934666666666667,0.2775008054302343,0.4402111111111112,0.3108816295626661,0.7650491476325412,0.5489028835649923,0.9471774407456163
TCN2,0.08492,0.08808072666233752,0.18367,7.901437862668624e-05,0.09875,0.08143152868126026,0.32592087523167207,0.023214424440520416,0.9151422335713614
TFF3,-0.24813999999999997,0.2580040188612134,0.1018,0.7132226996518481,0.34994000000000003,0.2905695732075896,0.5469219668213448,0.8611726780542011,0.9471774407456163
TFPI,0.09978000000000001,0.09311572168839921,0.21467999999999998,0.0004187362830889682,0.1149,0.1099991828295315,0.3320072698064525,0.03968539353920608,0.9471774407456163
TFRC,-0.04357999999999999,0.4877075510020432,0.04301999999999997,0.6094734297836916,0.08659999999999998,0.43621425180764517,0.7299464008374952,0.8096620063234375,0.9471774407456163
TGFBI,0.09861,0.08927685469867934,0.17783,0.025084620249120164,0.07922,0.23045392086886826,0.32910338658057703,0.13638983965633383,0.9471774407456163
TGFBR3,-0.10402,0.1569130020616575,-0.023620000000000006,0.46604695553614284,0.08039999999999999,0.24414824800820023,0.4279367017677313,0.7187642810315946,0.9471774407456163
TGM2,-0.45226,0.16485704210330268,0.08704444444444442,0.6998254518424354,0.5272,0.1481437414340724,0.43674480586068826,0.8526711405448539,0.9471774407456163
THBD,0.12742,0.0077875586266482775,0.08403333333333335,0.3194915994688751,-0.06325555555555555,0.4689061619798357,0.158084765867325,0.591673485368984,0.9471774407456163
THBS4,-0.22618999999999997,0.00234182935688314,-0.16243,0.02834637656312702,0.06376000000000002,0.1227313945253843,0.10218566111477977,0.14536309350686408,0.9471774407456163
THOP1,0.07675999999999997,0.3537356040474181,0.036233333333333326,0.47807632140510403,-0.05212222222222221,0.42761361883713633,0.6325472943952005,0.7276037501236976,0.9471774407456163
THPO,-0.18725999999999998,0.14155996176896773,0.02703333333333333,0.8105491331263901,0.17661111111111114,0.24559749241222253,0.40591406614067166,0.9152165077345635,0.9471774407456163
TIA1,0.0009499999999999953,0.9972685307179183,0.2393888888888889,0.18109756640626895,0.3166333333333333,0.3597170341615173,0.9986281333501172,0.43755316620198864,0.9471774407456163
TIE1,0.05081,0.2008824902722009,0.08176000000000001,0.7316020833849242,0.03095,0.8962917141643836,0.4789275200524941,0.8734038687464069,0.9939549333965099
TIMD4,0.05058,0.35171516872323483,0.09592999999999999,0.05463494483108003,0.04534999999999999,0.392743002325895,0.6315417792019259,0.20770697927745627,0.9471774407456163
TIMP1,0.0864,0.15270872749981262,0.03771,0.7497715712525908,-0.04869,0.6433142223223831,0.42167127950606154,0.8818370201521664,0.9619401148472417
TINAGL1,0.23137,0.01685893897306537,0.21327777777777776,0.004677937618092222,-0.01789999999999999,0.7987787679703009,0.18792396730917132,0.09387583957661252,0.985768737086236
TNC,0.37021,0.00033676578766502727,0.5945400000000001,0.00017377128989840332,0.22432999999999997,0.014560295942141633,0.03509975341493238,0.03190875310759431,0.8143181893514128
TNF__Cardiometabolic,0.22918999999999995,0.017892448992323867,0.1604777777777778,0.1838566962722385,-0.05199999999999997,0.7719144248240342,0.19125399108505667,0.44023714233727523,0.9812334329398464
TNFRSF10C,0.10351999999999999,0.0753925826018772,0.001990000000000014,0.9762436925424558,-0.10152999999999998,0.25149799114024474,0.30651911313195257,0.9886588209580106,0.9471774407456163
TNFSF13B,0.07926000000000001,0.07185076234295022,0.052900000000000016,0.2316793110858451,-0.026359999999999995,0.5218907392226702,0.30141444717461124,0.496504418407068,0.9519862693342023
TNNI3,-0.33103999999999995,0.6668723274702162,-0.23060000000000003,0.6794695343669366,-0.14669999999999994,0.8987897826527851,0.8534560473999564,0.8448002584323063,0.9939549333965099
TP53INP1,-0.06807999999999999,0.30749184997738466,-0.05031111111111111,0.543102584155267,-0.010166666666666681,0.836168175435033,0.5928387215699665,0.7750655887238835,0.9911725684990748
TSHB,-0.22220999999999994,0.11196045979789232,-0.04302222222222217,0.8071346722933996,0.1566,0.5590528711775247,0.3726594973268113,0.9123443540640651,0.9519862693342023
TSLP,-0.00649999999999999,0.9628848975054121,-0.11378888888888887,0.5651553738085426,-0.05204444444444447,0.764613603389106,0.9841356341591891,0.78890334830139,0.9812023557990273
TSPAN1,0.014089999999999986,0.8667106820681442,-0.08551111111111112,0.34307409200471933,-0.06567777777777778,0.6076854178033784,0.9415839529352713,0.6185319187346633,0.9619401148472417
TYMP,0.42309,0.028979239737754802,0.6536666666666667,0.03084474715704983,0.27472222222222226,0.2884945479434943,0.2180096336292813,0.15103644524568735,0.9471774407456163
TYRO3,0.17592,0.05507888717824187,0.04797777777777777,0.3646843432330046,-0.1256222222222222,0.19450209578977415,0.269829384393246,0.6381781497830902,0.9471774407456163
UMOD,0.094,0.024931777783594913,0.06155999999999999,0.19558481393646118,-0.03244000000000001,0.58262765900989,0.21109384186801688,0.4556924530890746,0.9584322856500879
USP8,0.6385099999999999,0.049723700625613744,0.7990111111111111,0.0003583587341457975,0.050933333333333324,0.8940083103851457,0.2581595471999858,0.038545515628720994,0.9939549333965099
VAMP5,0.09874999999999998,0.2961334603579257,0.3278777777777778,0.12975698664683671,0.21934444444444448,0.2588659053608906,0.5826324126828532,0.35590429931705025,0.9471774407456163
VASN,0.010580000000000006,0.8879556025378814,0.04758999999999999,0.5764131180388044,0.03701,0.5927297791001654,0.9500413547910763,0.7928828940840469,0.9619401148472417
VCAM1,0.0798,0.12350251785354206,0.12238000000000002,0.04740067136524408,0.04257999999999999,0.3717990946196291,0.3851915047279263,0.1913953547608507,0.9471774407456163
VIM,-0.4707699999999999,0.48911363818685083,0.16185555555555567,0.8798817063241806,0.6637444444444446,0.6804990061138443,0.7313057857470573,0.9479601526838835,0.9619401148472417
VSIR,0.44974,0.0069759387446323255,0.4656,0.005115327715262397,-0.005833333333333357,0.9754215272952604,0.15333869242085896,0.0949550061731043,0.994306177352909
VSTM2L,0.10882,0.39636096919254427,0.0804333333333333,0.7901478801406822,0.020655555555555562,0.9563443177744914,0.6683498324845223,0.903993174397712,0.994306177352909
VWF,-0.10075000000000008,0.10602176574921811,0.03827000000000006,0.7442443524497738,0.13902000000000012,0.2140356029154077,0.36177926570406826,0.8796735991045553,0.9471774407456163
WASF1,0.9936699999999998,0.005186197457770304,1.1192555555555554,0.004907348539094751,0.10279999999999997,0.8261636542446893,0.132455724147496,0.09466259726961762,0.9897676525572143
XG,0.11006,0.07975587044072167,0.08625000000000001,0.1440628422893419,-0.023809999999999998,0.7345995701003882,0.31273216757642663,0.38229706362365284,0.9789483843667411
ZBTB17,-0.15325,0.22093023300609974,0.05571111111111111,0.45666344010775095,0.20734444444444444,0.11050465622758865,0.5012301348045722,0.7113876919600065,0.9471774407456163
AAMDC,0.06253333333333333,0.6305129155958056,0.11707999999999999,0.4738235011353148,0.005666666666666671,0.9788694563049475,0.8357755500914502,0.7249284409133891,0.994306177352909
ABCA2,-0.07890000000000001,0.6211421636479733,0.44045,0.1886334091158682,0.5061,0.1395411803196766,0.8295693331587422,0.4458607851829612,0.9471774407456163
ABRAXAS2,0.20031000000000004,0.11743869250087607,0.033699999999999994,0.858014701140303,-0.24418750000000003,0.17817240205380544,0.37730147137714193,0.9364216909176115,0.9471774407456163
ACADSB,0.58951,0.017901581874877667,0.5616000000000001,0.010011183897589052,-0.02790999999999998,0.9225655106422129,0.19125399108505667,0.10042271686228481,0.9940568131447077
ACSL1,0.20265999999999998,0.0959814685496886,-0.22287500000000002,0.3458499902979848,-0.46375,0.18055014680526718,0.3372902320259342,0.6214723373061036,0.9471774407456163
ACTN2,0.029600000000000005,0.7109825310485187,0.23493750000000008,0.2800513189365735,0.1970125000000001,0.27775562435406204,0.8795228110402308,0.552014422937868,0.9471774407456163
ACY3,0.05830999999999997,0.32820596319558576,0.1242875,0.33230518744921966,0.03370000000000001,0.7449499163938296,0.6131161432388276,0.6075535912907466,0.9807934968107775
ADAMTSL2,0.26359,0.0614478713647277,0.2654,0.014101759725424134,0.0018100000000000047,0.9899496195875758,0.2812526398296331,0.10931654372901348,0.9979153914935925
ADAMTSL4,0.13113333333333335,0.17603176227952327,0.14924,0.1386736316855271,0.014522222222222221,0.9272124276098606,0.4501142885789725,0.3713975659909559,0.9940568131447077
ADAMTSL5,0.18113,0.34444207112514724,0.17172000000000004,0.17964865832913973,-0.00941000000000003,0.9707295793401445,0.6247929926113861,0.4347659495622863,0.994306177352909
ADGRF5,0.2433,0.14226767661486592,0.08825,0.4804872916091931,-0.15505,0.2990316384921966,0.4065869324911242,0.7294692445456423,0.9471774407456163
ADRA2A,0.0023299999999999875,0.9895839044182351,-0.11334999999999999,0.38209914773286396,-0.063,0.803327204051952,0.9953432082097824,0.6530546807260571,0.9858710632851442
AHNAK,-0.29175555555555555,0.007254621595132538,-0.22922000000000003,0.006022183559884447,0.03447777777777779,0.6930548936246743,0.15333869242085896,0.0949550061731043,0.9645754507407723
AHNAK2,-0.31666666666666665,0.0013422502374418942,-0.26117999999999997,0.007809744687224915,0.044699999999999976,0.6682875793104273,0.0812516746221135,0.09863113153934558,0.9619401148472417
AIF1L,-0.1585888888888889,0.19272658847390875,-0.015320000000000018,0.8774305031761841,0.1479888888888889,0.2812712456580445,0.46873403719896023,0.9479601526838835,0.9471774407456163
AMDHD2,-0.10099,0.41435534948675734,0.01106000000000002,0.8995570258208623,0.11205000000000001,0.4034387407898109,0.6778262899733257,0.9589617350731834,0.9471774407456163
ANK2,-7.000000000000894e-05,0.9996241698077357,0.01653750000000001,0.9309686790242256,-0.03344999999999998,0.8979850817021825,0.9996241698077357,0.9729880670325581,0.9939549333965099
ANP32C,-0.1103666666666667,0.30255518576075374,0.19911999999999996,0.047539996537647206,0.2878888888888889,0.08604367640223336,0.5886802223609897,0.19159466368670436,0.9293982399623588
ANXA2,0.20907777777777778,0.19067079982750706,0.45660999999999996,0.021700647571392426,0.20317777777777776,0.2322688842583905,0.4678993083835949,0.12802510555170873,0.9471774407456163
APOBR,-0.15396666666666667,0.189588922131465,0.024119999999999992,0.7764790926354034,0.1498222222222222,0.38690471148483596,0.46690046372359106,0.8975988358260614,0.9471774407456163
ARL13B,0.48468,0.03754217683700962,0.919975,0.01786287521721125,0.5336875000000001,0.13100374684825808,0.24063280371349866,0.1184675561809631,0.9471774407456163
ARL2BP,0.11987,0.364485589651222,0.6652125,0.010079860384678455,0.4998125000000001,0.08719218163508548,0.640590207650842,0.10042271686228481,0.936333047242807
ARNTL,-0.035169999999999986,0.6662747710151126,-0.176175,0.2767772594143872,-0.2294875,0.2186714347053492,0.8534560473999564,0.5489028835649923,0.9471774407456163
ASAH1,0.38095999999999997,0.05235027682056643,0.03921,0.873457339551507,-0.34175,0.10566668024295864,0.26518122982555886,0.9456074279954809,0.9471774407456163
ASPN,0.05408999999999999,0.6784366435073822,0.14049,0.058510208434797546,0.0864,0.5601588737420933,0.8621005794957219,0.21650250929651788,0.9519862693342023
ASRGL1,0.9680444444444443,0.011878380097561314,0.99034,0.039132421709957045,0.03267777777777773,0.9513298090299522,0.16231944524016345,0.1705860505958198,0.9940568131447077
ASS1,0.07732,0.6168716824170256,-0.18339999999999995,0.40832123439048396,-0.266125,0.4135376937890688,0.8271880433323693,0.6766202970328493,0.9471774407456163
ATP1B1,0.19832,0.35985462631820964,-0.1000375,0.7452497916037752,-0.3178750000000001,0.38599753997617414,0.6377451452876753,0.8799414200906538,0.9471774407456163
ATP1B2,0.32728,0.053965444430794395,-0.10851249999999998,0.5057106619693901,-0.46267499999999995,0.08880130236990458,0.26733482202489073,0.7496235789607865,0.936333047242807
ATP1B3,0.07954000000000001,0.5553974199909295,-0.021249999999999977,0.9067342634177501,-0.214675,0.427665846018234,0.7837452545309083,0.9624224226594472,0.9471774407456163
ATP2B4,-0.15819,0.45683278900958213,-0.16201249999999998,0.37928429505038996,-0.05153749999999996,0.8675293192364699,0.7047524970652924,0.6500931983361813,0.9938501124438283
ATP5F1D,0.08281999999999999,0.5201790281096176,0.24663750000000004,0.22796413805243235,0.021150000000000002,0.930505143035639,0.7539644719220802,0.49235069347019844,0.9940568131447077
ATP6V1G1,0.1514777777777777,0.6680229144511941,0.43095,0.10043243844985,0.27792222222222224,0.5626062318755181,0.8544411504821977,0.3051401284029569,0.9519862693342023
ATP6V1G2,0.1743,0.5696811623760221,0.7054625000000001,0.21235527607902713,0.6016124999999999,0.38583571586054644,0.7924826018280079,0.4740879947721745,0.9471774407456163
B3GAT3,-0.23598999999999998,0.09443485958671341,0.11114999999999997,0.6858504265613388,0.3497375,0.3880479896101171,0.335294313986181,0.846078895980009,0.9471774407456163
B3GNT7,0.1074,0.3251720604883006,0.16753000000000004,0.08961010563007277,0.0504888888888889,0.6206614795097968,0.6113044930198887,0.28309084982919763,0.9619401148472417
BCAT1,-0.04441000000000001,0.7273999954760435,0.10034000000000001,0.20761127647643915,0.14475000000000002,0.418326261054374,0.8882760281987466,0.4677622164783576,0.9471774407456163
BDNF,0.48617999999999995,0.19027470109536146,0.34480000000000005,0.5222452346099196,-0.14137999999999995,0.8100573390708227,0.46757952271046294,0.7633751010311027,0.9879395392394905
BECN1,-0.11005555555555555,0.6762960935721705,0.40487,0.0870893871379654,0.5195666666666666,0.1551977434060549,0.8605274676981537,0.27842069576859885,0.9471774407456163
BGLAP,0.22993999999999998,0.14143766509062888,-0.0017100000000000505,0.9883341480509331,-0.23165000000000005,0.08486012255068992,0.40591406614067166,0.9938023440830098,0.9293982399623588
BHMT2,0.0018099999999999783,0.9946965074350425,0.28026249999999997,0.3338473803120157,0.17413750000000003,0.6673959314077507,0.9967161633850612,0.6088414670122297,0.9619401148472417
BNIP2,0.11597000000000002,0.3726655572642743,0.33045,0.057956118782540575,0.21448,0.3672546258528546,0.6463349511466576,0.21536352833130887,0.9471774407456163
BOLA2_BOLA2B,-0.16905555555555554,0.7122667466846297,0.649,0.05014818630332695,0.770688888888889,0.1322523410240877,0.8796330121560565,0.1981120624515121,0.9471774407456163
BPIFA2,0.05964444444444447,0.6397410487123797,0.18496,0.054344029619008354,0.07454444444444444,0.6555311646687096,0.8406522906676726,0.20770697927745627,0.9619401148472417
BPIFB2,0.034089999999999974,0.7579093886471828,0.09597999999999994,0.14417465843941707,0.06188999999999998,0.5907569222955273,0.8994774256760418,0.38229706362365284,0.9619401148472417
BRD3,-0.3725299999999999,0.14469999667017394,0.2129875,0.21648517279708956,0.5437875,0.12019533223660736,0.41035578206271334,0.4791943247648916,0.9471774407456163
BRDT,-0.008270000000000033,0.9642416921017414,0.06595000000000004,0.6783431178517689,0.017725000000000032,0.9513519990662385,0.9841356341591891,0.8448002584323063,0.9940568131447077
C1GALT1C1,0.4114999999999999,0.2071146200905694,-0.467225,0.027000078669785436,-1.0692,0.0008581582144363915,0.48515797982505404,0.14165398416398145,0.6408264471695905
CACNA1H,-0.19638999999999998,0.11588055507284342,-0.079075,0.7393763238485855,0.07023750000000001,0.710920181759567,0.3760346551265135,0.876629394458089,0.9731307826730388
CALCOCO2,0.30561111111111106,0.1584852088851187,0.7897099999999998,0.005967784124191777,0.4976555555555556,0.12323643719988692,0.4279367017677313,0.0949550061731043,0.9471774407456163
CALY,-0.29184,0.2417109633205373,-0.19455000000000006,0.3825415607656719,0.13192499999999996,0.4823010592957694,0.5283511686112606,0.6530546807260571,0.9471774407456163
CASQ2,0.16741999999999999,0.27552358838180124,-0.3395625,0.05462792269095623,-0.6430374999999999,0.00776915599173216,0.5640127274393038,0.20770697927745627,0.7865420294170457
CBS,0.008233333333333266,0.9689982904785528,0.03279999999999998,0.8128991757846318,-0.0770777777777777,0.7248630290695046,0.9854333601336062,0.9164638309706432,0.9762572927931781
CBX2,-0.08427000000000001,0.7702498791619559,0.08666249999999999,0.6835839746703034,0.28732500000000005,0.3467742088078384,0.9044109840540865,0.8448632587024221,0.9471774407456163
CCER2,-0.21944444444444444,0.0955483660824926,-0.11199,0.12856827048390818,0.07571111111111109,0.5157588429661364,0.3368162926393869,0.3540099071471015,0.9519862693342023
CD2,0.052310000000000044,0.7768504715042337,-0.061399999999999996,0.8180749606943564,-0.0727,0.8403105751796838,0.9057955058732099,0.9199960516153218,0.991897336230579
CD248,0.27630000000000005,0.048361421572547546,-0.016779999999999986,0.879009462099042,-0.29308000000000006,0.05413945661917529,0.2560105523966571,0.9479601526838835,0.9064257716854434
CD80,0.04335000000000002,0.834960380030047,0.14711000000000002,0.4536620101790888,0.10376000000000003,0.7277332332813193,0.9279535625292399,0.7089212952264095,0.9762572927931781
CDA,0.11637999999999997,0.49063636091120255,-0.13128,0.349446105775019,-0.24766000000000005,0.11687132876865096,0.7324676564515306,0.6258877521490779,0.9471774407456163
CEACAM6,0.40166,0.014999689101173726,-0.01621999999999999,0.8895229942855106,-0.41788,0.08223197742098005,0.18170757096257206,0.9531730780145414,0.9151422335713614
CELA2A,0.09357999999999998,0.39650570388717576,-0.12168999999999999,0.28348533417391875,-0.21527,0.13759756509211835,0.6683498324845223,0.5552532745353156,0.9471774407456163
CEP112,-0.13237000000000002,0.16066803558432735,-0.2588125,0.117790500874965,-0.1325375,0.599415215608989,0.4303032712367856,0.3366425015278669,0.9619401148472417
CEP170,0.6970666666666667,0.04022881994525483,1.2586400000000002,0.004107920640447437,0.6023555555555556,0.17574010365198764,0.24521218464555744,0.08945185066478033,0.9471774407456163
CHGA,0.05290999999999999,0.7586663161548175,0.23612999999999995,0.18258065317506073,0.18321999999999994,0.47197145665251095,0.8994774256760418,0.44002396624388834,0.9471774407456163
CHMP6,0.43773,0.040769791920896165,0.5338900000000001,0.0008811265839118981,0.09616,0.6846530501853014,0.24646429766171385,0.05453716944669346,0.9619401148472417
CILP,0.11398000000000001,0.45696171099706673,0.32418,0.19357005043319495,0.2102,0.45170215377067835,0.7047524970652924,0.45351579599101016,0.9471774407456163
CKB,0.12875,0.292009897570476,-0.13090999999999997,0.3313459805331913,-0.25965999999999995,0.2567440848895237,0.5797037768246098,0.6069167648419677,0.9471774407456163
CLEC4M,0.16682000000000002,0.21045734539860922,0.02751999999999998,0.6757615829661752,-0.13930000000000003,0.19803948995930828,0.48802184749890604,0.8445117651049152,0.9471774407456163
CMC1,0.6112,0.00953859843066979,0.9445499999999999,0.005397040023905962,0.33335000000000004,0.3710389126080704,0.16058218162856128,0.0949550061731043,0.9471774407456163
CNP,0.511511111111111,0.1434553216718543,1.10792,0.0246087664399633,0.6371888888888889,0.25101655670285256,0.4080074879689331,0.13564832232760257,0.9471774407456163
COCH,0.3854,0.05889695375851217,0.12713,0.3960712422059053,-0.25827,0.25861450324653085,0.2764205273841993,0.6634306212092074,0.9471774407456163
COL15A1,0.24308000000000002,0.08038656550449191,0.15750000000000003,0.07375696896482814,-0.08557999999999996,0.5185607551430103,0.3132304104140547,0.24965204472196437,0.9519862693342023
COL2A1,-0.03463333333333334,0.700749948498196,-0.23697999999999997,0.4831464634823568,-0.2810777777777777,0.4198889834024143,0.8753149244600926,0.7301359216309857,0.9471774407456163
COL3A1,0.16879000000000002,0.2659014735157055,-0.06218,0.5466215260606906,-0.23096999999999998,0.18227732810748012,0.5548427053900161,0.7753329291246601,0.9471774407456163
COMMD1,0.3459666666666667,0.1611523005289412,0.54016,0.01875009865637568,0.1638222222222222,0.5890252124380753,0.4304231445036629,0.12149713735902679,0.9619401148472417
COPB2,0.5199400000000001,0.16987970961987572,0.508,0.04874053085572473,-0.060087500000000044,0.9091897815034878,0.44397965395662714,0.1948294961280534,0.9940568131447077
COQ7,-0.043633333333333336,0.6797819818069748,-0.10759999999999999,0.15456780115676716,-0.058633333333333315,0.6852642695021518,0.8626662272675966,0.39591996495081244,0.9619401148472417
COX6B1,0.18486000000000002,0.22770791917728875,0.27493,0.096706168884074,0.09007,0.6758860661055558,0.5118637081429795,0.297199502281809,0.9619401148472417
CPQ,0.13540000000000002,0.31014789995954795,-0.03798,0.5254085423126249,-0.17338,0.18840797734834927,0.5951760483874278,0.7641833155022237,0.9471774407456163
CPTP,-0.009350000000000002,0.9423474140199443,0.5028874999999999,0.03386087578778802,0.5150124999999999,0.17101047258591065,0.9748462983536836,0.158226454618601,0.9471774407456163
CPXM2,0.09627,0.23074747344356394,0.19109,0.04215613620949816,0.09481999999999999,0.4212769117122671,0.5143672814697958,0.17899165890343532,0.9471774407456163
CRYBB1,0.59975,0.03792137104130357,0.5021100000000001,0.026950297655921072,-0.09764000000000002,0.7581912922843448,0.24063280371349866,0.14164575047065495,0.9807934968107775
CRYZL1,0.577677777777778,0.12932562628276068,1.31223,0.01613425054344363,0.7654666666666665,0.23018030175938925,0.3952824917893389,0.11430549446691722,0.9471774407456163
CSDE1,0.5544100000000001,0.05714799382467432,1.255125,0.001976077310432949,0.6331125000000002,0.1672745372590933,0.273900172686612,0.07198964174581236,0.9471774407456163
CSF2,0.03655999999999998,0.8742052279746048,0.14800000000000005,0.5561894948757273,0.14379999999999998,0.7336937495942055,0.9431161755865928,0.782607632157513,0.9789247213023504
CSPG4,0.12561999999999995,0.3358984110653669,-0.0464,0.522514407138716,-0.17202,0.1721423505701482,0.6197709106300823,0.7633751010311027,0.9471774407456163
CSRP3,0.10838000000000006,0.7290257120086163,-0.15238749999999995,0.6829710769906141,-0.3046000000000001,0.21707645832505273,0.8882760281987466,0.8448632587024221,0.9471774407456163
CTHRC1,-0.03199999999999999,0.800836476808636,-0.00137000000000001,0.9886560563473565,0.03063000000000001,0.8299505044259157,0.9170689209537646,0.9938023440830098,0.9904120966707312
CTLA4,0.11244000000000001,0.639861879389907,-0.12421000000000004,0.6560137918508474,-0.2366499999999999,0.60130811934782,0.8406522906676726,0.8367123654075482,0.9619401148472417
CYP24A1,-0.32498,0.31324161074195883,0.058974999999999986,0.6130056788489338,0.45377500000000004,0.28734347587969117,0.598421348715238,0.8123638630844237,0.9471774407456163
CYTL1,0.12422000000000002,0.37826853700413887,0.07488,0.3388491250755905,-0.04934000000000001,0.6522920449177052,0.6510497319670537,0.6156702099394464,0.9619401148472417
DDA1,-0.005360000000000043,0.9841319540034084,0.36860000000000004,0.011856376686315047,0.6874,0.02447057222037785,0.9922373647433128,0.10398219314744361,0.8143181893514128
DDT,0.09415999999999998,0.45107352974247117,-0.05121000000000001,0.6884526181324302,-0.14537,0.4722445339147592,0.7011926086684551,0.8466612775525659,0.9471774407456163
DENND2B,-0.25198,0.13391446506561416,-0.168875,0.30117618673621827,0.013824999999999948,0.9630226288852439,0.4012329863301722,0.5742087194231079,0.994306177352909
DHODH,-0.3712,0.27555528350676173,0.05983749999999999,0.8439654089471336,0.43620000000000003,0.397600437649801,0.5640127274393038,0.9304204020587912,0.9471774407456163
DLL4,0.0282111111111111,0.9067248083514083,-0.3365599999999999,0.23728415164954966,-0.4897777777777778,0.19619615383723354,0.9584424708657584,0.5019012509333167,0.9471774407456163
DMD,0.3698666666666666,0.11100942436865066,0.8755200000000001,0.01594585150363426,0.4722555555555555,0.24160387051153753,0.3715236113337905,0.11430549446691722,0.9471774407456163
DMP1,0.1171666666666667,0.03842754394301198,-0.030890000000000046,0.5928461747077363,-0.17557777777777786,0.029512160466601836,0.2417561543995058,0.801727030300665,0.8144499300897541
DNAJC6,0.4306888888888889,0.18957811885314177,1.1871699999999998,0.008963422690743393,0.7720333333333333,0.1582183789007557,0.46690046372359106,0.09968436135564301,0.9471774407456163
DTYMK,0.50978,0.24713261033716305,0.74156,0.03296906590253767,0.23178,0.6740863729075852,0.5337442985488999,0.15648322394451641,0.9619401148472417
ECHDC3,0.14314999999999997,0.21016412747293006,0.06244000000000003,0.32523872007123855,-0.08070999999999998,0.5053267414333709,0.487726861386626,0.6005979632742293,0.9519862693342023
ECHS1,0.21788888888888894,0.2911296405107421,0.67715,0.05181914870018644,0.46552222222222217,0.22574372227197215,0.5797037768246098,0.20156600207848832,0.9471774407456163
ECI2,0.53128,0.004879258489472604,0.42795,0.07057329061255128,-0.014437499999999992,0.9564901777001822,0.132455724147496,0.24307658595507112,0.994306177352909
EDEM2,0.47287,0.01893656432898392,-0.1638625,0.4588645352445291,-0.6322125,0.07161217954898354,0.19521272280194651,0.713681315271798,0.9151422335713614
EDN1,0.7370222222222221,0.00019106858465103415,0.7859199999999998,1.081296166571422e-06,0.05039999999999999,0.6448610436956954,0.03107385277944905,0.003176848137386838,0.9619401148472417
EEF1D,0.9771899999999999,0.03963564703653506,1.15792,0.020896840300704482,0.1807299999999999,0.7600307798102909,0.2450616551807745,0.12632698930755096,0.9807934968107775
EHBP1,0.78413,0.03190219638460339,0.9744400000000001,0.02473554891015263,0.19031000000000003,0.6766430841829348,0.22434922053807554,0.13583746298696903,0.9619401148472417
EHD3,0.6392444444444445,0.040116116524645126,1.0949300000000002,0.018819150870332892,0.48938888888888893,0.4336280282393141,0.2450616551807745,0.12149713735902679,0.9471774407456163
EIF2AK3,0.6362999999999999,0.04004960589159545,1.11435,0.018868815224261447,0.41837500000000005,0.3967035331471719,0.2450616551807745,0.12149713735902679,0.9471774407456163
EIF2S2,0.24601111111111112,0.414079319431524,0.7988699999999999,0.010988120487912081,0.5652222222222223,0.17129829400170907,0.6777986689937773,0.10183942584695803,0.9471774407456163
EIF5,-0.014929999999999933,0.966243182346872,0.31398750000000003,0.3788226083385709,0.3407374999999999,0.6182200260217023,0.9844602464838874,0.6500931983361813,0.9619401148472417
ELN,0.06434000000000001,0.7934800884861747,0.3114199999999999,0.13849951602852525,0.24708000000000002,0.33775859194009,0.9134970611177042,0.37137449474805284,0.9471774407456163
ELOB,0.2112,0.2915139139610974,-0.470825,0.052831299711948214,-0.6483875,0.026438900571690672,0.5797037768246098,0.20392113351232066,0.8143181893514128
ENO3,-0.08475555555555556,0.5531438687881345,-0.04175000000000001,0.6534253765880842,-0.026566666666666666,0.8767394883660871,0.7827674047298161,0.8358961528639748,0.9939549333965099
ENOX2,0.07008000000000002,0.7416710903164001,0.3238875,0.19022293922528255,0.183475,0.640795975081128,0.8913745191791196,0.44889557866978325,0.9619401148472417
ENPEP,0.08049999999999999,0.7419602501207512,0.35053749999999995,0.2340069897403217,0.16303749999999997,0.7119874970971024,0.8913745191791196,0.49777469186182,0.9731307826730388
ENPP6,-0.18217777777777777,0.27577947399002184,-0.06142999999999997,0.3517756248511441,0.11291111111111113,0.42954678003006663,0.5640127274393038,0.6283378170351361,0.9471774407456163
ENTR1,0.21511111111111111,0.21732273955725198,0.621,0.03793926031931205,0.3938,0.2635466361782415,0.4961699303001308,0.16915077394888337,0.9471774407456163
EPPK1,-0.0213111111111111,0.8279823289783588,0.28188,0.06955508046413246,0.3042,0.05168398138530595,0.9258422409472198,0.24091768151127407,0.9064257716854434
ERVV-1,0.18332,0.49285675164270826,0.18805,0.5317752127792446,-0.05432499999999994,0.9015900256542617,0.73354262225242,0.767742297368757,0.9939549333965099
EXOSC10,0.09093999999999997,0.5992206030440502,0.17822500000000002,0.3028255635600118,0.04467500000000002,0.8791923895309613,0.8150509869182498,0.5754730002711768,0.9939549333965099
EXTL1,-0.04571999999999998,0.8323108293646392,-0.31103749999999997,0.024916384820190828,-0.08881250000000003,0.7281092752356428,0.9276666224102086,0.13638983965633383,0.9762572927931781
FABP3,-0.0427399999999999,0.8864307846832443,-0.61045,0.01614594288760063,-0.5677100000000002,0.15216994585780824,0.9487554263749989,0.11430549446691722,0.9471774407456163
FAM172A,0.42971111111111104,0.03928089632995113,0.74543,0.004356032757850449,0.3221777777777779,0.19576245840048354,0.24454706870110524,0.09141445887546157,0.9471774407456163
FAM20A,0.2621,0.0415991001092842,0.15677000000000002,0.12328475410849704,-0.10533,0.4724739052081921,0.2466909277241592,0.34615714398163194,0.9471774407456163
FBLN2,0.30373,0.07254722652634145,0.09333000000000002,0.31971526098169506,-0.2104,0.27047280321660877,0.3023315624601293,0.591673485368984,0.9471774407456163
FCAMR,0.26735,0.03985303968994957,-0.09583999999999997,0.42645870584201206,-0.36319,0.035802501761887484,0.2450616551807745,0.6880481481404894,0.8415020014114034
FDX1,0.2823,0.2908718354695489,-0.27361250000000004,0.31084915044820843,-0.5773,0.21047477066980755,0.5797037768246098,0.5828173605723269,0.9471774407456163
FDX2,0.24078,0.3295220870102873,0.5224624999999999,0.24243377481587403,0.2796624999999999,0.4617423376303724,0.6146894550071264,0.5073151213739586,0.9471774407456163
FGFBP2,0.13940000000000002,0.36154613820463466,0.011979999999999996,0.8821114825924259,-0.12742,0.3883288439690873,0.63912307704285,0.9485859605885216,0.9471774407456163
FHIP2A,-0.07494999999999996,0.7263003679718896,-0.18262499999999995,0.1390995486033177,-0.149625,0.562521763138507,0.8882760281987466,0.37186030372752266,0.9519862693342023
FRMD4B,0.37354999999999994,0.24814620386084743,1.89105,0.015483429606426517,1.358875,0.06266413297033045,0.5341051625957287,0.11371616180726626,0.9131181923353178
FSHB,0.0063111111111110825,0.940965246275214,-0.060489999999999974,0.55979564369413,-0.06652222222222218,0.5104040370585262,0.9748462983536836,0.7846753822391956,0.9519862693342023
FSTL1,0.0014444444444444396,0.9880707148771142,-0.00643,0.9361465519514811,-0.0226222222222222,0.8358822609114968,0.9945811572582852,0.9738702899475299,0.9911725684990748
GADD45GIP1,0.0838888888888889,0.58199700532579,0.48843000000000003,0.037482062092581425,0.3656222222222222,0.20437444388507456,0.8023966220775087,0.1688992307177979,0.9471774407456163
GALNT5,-0.00605,0.9411286871018794,0.044569999999999985,0.7143153783683461,0.05062,0.7495397955819526,0.9748462983536836,0.8618721074522386,0.9807934968107775
GAMT,0.25466,0.2823025719466505,0.0031625000000000056,0.9886060850846097,-0.3471,0.2866280096850465,0.5711282798350008,0.9938023440830098,0.9471774407456163
GASK1A,-0.04505000000000002,0.8536795486394251,-0.05408749999999997,0.8944925646860133,-0.007462499999999983,0.9895727449496735,0.9350388878801974,0.9559909621853429,0.9979153914935925
GATD3,0.02217777777777781,0.8713355413018424,0.48968,0.05288900739836227,0.4968888888888888,0.18224216429930565,0.9421733947746191,0.20392113351232066,0.9471774407456163
GBP6,-0.00531999999999998,0.9687312331661775,-0.12737499999999993,0.6709168929211108,-0.1515999999999999,0.6209157257946152,0.9854333601336062,0.8427335747764957,0.9619401148472417
GCLM,0.08286999999999999,0.6015720611872589,0.1348375,0.46441591687295214,-0.06552499999999994,0.795245242363694,0.8167369296525724,0.7178813376604292,0.985768737086236
GET3,0.14425999999999997,0.41043414283941126,-0.016570000000000064,0.9358989547541977,-0.16082999999999997,0.6417525975331414,0.6755493062533279,0.9738702899475299,0.9619401148472417
GGACT,0.30571,0.15679932006233518,0.48814,0.03412363675100065,0.18243,0.5663756813180492,0.4279367017677313,0.15888311374713138,0.9519862693342023
GGCT,0.23703,0.368478476794465,0.36225999999999997,0.05133268963388413,0.12523000000000004,0.6465847207972262,0.6424865073128417,0.2002861117454868,0.9619401148472417
GIP,-0.3733333333333333,0.015338147582953668,-0.19202000000000002,0.37923877998513966,0.2059333333333333,0.4693639037067494,0.18170757096257206,0.6500931983361813,0.9471774407456163
GM2A,0.19913999999999998,0.25901495311905937,0.03315,0.686552255841872,-0.16599,0.2870032081874845,0.5478660419465776,0.846078895980009,0.9471774407456163
GMFG,0.91927,0.01660772197522981,0.8941399999999999,0.016892915103261935,-0.025130000000000107,0.9541861141162954,0.18792396730917132,0.11650559759010226,0.9940859712453828
GNPDA1,-0.23197777777777778,0.07523447684470672,0.12173,0.3259083407389367,0.33209999999999995,0.02158851464717964,0.30651911313195257,0.601078910917135,0.8143181893514128
GOT1,0.07683000000000009,0.609580752668947,0.06572000000000003,0.6497683384505532,-0.011110000000000087,0.9268945115445899,0.8226680070470217,0.8333445459475443,0.9940568131447077
GP1BB,0.47578000000000004,0.026203458336720522,1.088375,0.003733724873791533,0.4880375,0.16257616204115352,0.21482755378190904,0.08926735096139099,0.9471774407456163
GRHPR,0.48301,0.11312590913379143,0.5265299999999999,0.029935346122612144,0.04352,0.9030097076114378,0.37428369485932345,0.14968356651807865,0.9939549333965099
GRP,0.3170333333333334,0.25211155171347865,0.33666000000000007,0.012696482749386067,0.0028111111111111717,0.9921994639100633,0.5406596634556207,0.10544128274397381,0.9979739900608579
GSTM4,-0.06269000000000001,0.7523284379405726,0.307525,0.14095389569777764,0.4866249999999999,0.18046060167732036,0.8959630930966366,0.37579178362982824,0.9471774407456163
GUK1,-0.055830000000000046,0.9048242704846421,0.16441250000000004,0.5714677368348051,0.22995,0.7236431162012991,0.9580805560399103,0.7912215885111487,0.9762572927931781
HADH,-0.25523,0.22565434605988544,-0.08187499999999999,0.7219075427813809,0.09437500000000001,0.700007460956042,0.5088539848446139,0.8670714491947276,0.9687338296226338
HBZ,-0.3386,0.2811392124005031,-0.16996,0.3091268436331126,0.16863999999999998,0.5601092353534405,0.5704330152159379,0.5810714437582117,0.9519862693342023
HCG22,0.12135,0.4990089542956446,-0.06308749999999999,0.7985497733098739,-0.26502499999999996,0.4297208509779594,0.7376858293634049,0.9086519109157278,0.9471774407456163
HEPH,0.16790999999999995,0.29141363508531226,-0.13941,0.2110662867950601,-0.3073199999999999,0.09979839145507456,0.5797037768246098,0.47228693876914435,0.9471774407456163
HIP1,-0.10969999999999999,0.29594154096739395,0.047412499999999996,0.7574585277582168,0.08317500000000003,0.6988089350108,0.5826324126828532,0.8884760447337462,0.9679871056396654
HMGCL,0.2278222222222222,0.19667399228915777,0.51854,0.032211069541044274,0.23071111111111117,0.4950698871016742,0.47479719749017707,0.15529434690567046,0.9519862693342023
HMGCS1,0.03274000000000004,0.8669110254220248,0.3607375,0.033958659363862935,0.3386375,0.2155884268697659,0.9415839529352713,0.15836593843020524,0.9471774407456163
HPSE,0.98044,0.016044424771905076,0.7989900000000002,0.06602695367058753,-0.1814499999999999,0.6955747822452418,0.18602441445179038,0.23513598773840746,0.965203389127979
HRC,-0.08880000000000002,0.13865048998823448,-0.09196000000000001,0.3550606384015724,0.001444444444444452,0.992137969009887,0.405732210742463,0.6306941690591413,0.9979739900608579
HS1BP3,-0.0600777777777778,0.6644388761141675,0.40194,0.1667870164467596,0.4510666666666666,0.12011367703246956,0.8534118446762307,0.4166838897283841,0.9471774407456163
HSBP1,0.049955555555555566,0.5425491460295967,0.38385,0.13074483826318054,0.2813555555555555,0.23671543557584984,0.7737909665218229,0.35666512053595584,0.9471774407456163
HSD17B3,0.49573,0.06136037985352402,0.021525000000000044,0.9412635109491818,-0.5050250000000001,0.2351367596095435,0.2812526398296331,0.9741843881381597,0.9471774407456163
HSDL2,-0.02246666666666667,0.7606705366327869,0.07004000000000002,0.7290004878986028,0.036855555555555565,0.8690222615179289,0.9004230606878035,0.872768660544241,0.9938501124438283
IDO1__Cardiometabolic_II,-0.11940000000000002,0.28677258935605193,-0.15281999999999996,0.3321217289343745,-0.007822222222222175,0.9718056513811976,0.5766024160394954,0.6075535912907466,0.994306177352909
IFNW1,0.08368,0.3752901642730979,0.058824999999999995,0.6688389814961317,-0.06848749999999998,0.676216670672415,0.6485897074319774,0.8419232766219515,0.9619401148472417
IGDCC4,0.17057000000000003,0.20772671743988547,0.12965,0.2936486181732889,-0.04092,0.7595458094901315,0.48515797982505404,0.5668909572386988,0.9807934968107775
IGF2BP3,0.11475000000000002,0.511948392492354,-0.3491875,0.21659974924703065,-0.5336,0.08085016675308607,0.7486568275552516,0.4791943247648916,0.9151422335713614
IGHMBP2,0.64181,0.015919663510089565,0.9951375,0.010521896912868372,0.3186375,0.5656987786341958,0.18602441445179038,0.10042271686228481,0.9519862693342023
IGSF21,-0.04766666666666666,0.5187470275039139,-0.03751,0.5653655744562771,-0.011711111111111124,0.9039666882482882,0.7526860022034758,0.78890334830139,0.9939549333965099
IGSF9,0.29958,0.0024626796509574786,-0.0018999999999999683,0.9893120602478576,-0.30148,0.08196922644853295,0.10218566111477977,0.9938023440830098,0.9151422335713614
INPP5D,-0.10437777777777775,0.6358702577117217,0.19690999999999997,0.4507126866872819,0.2058777777777778,0.5806418922420058,0.8390037126258324,0.706236732526525,0.958195752801111
ISM2,0.21494999999999997,0.015318016486374356,0.29884,0.01242615040301315,0.08388999999999999,0.3825442247065852,0.18170757096257206,0.10425158837055143,0.9471774407456163
ITGBL1,0.3778,0.028739253394653528,0.26356,0.10751424848250754,-0.11423999999999998,0.5799606114502693,0.2180096336292813,0.31810358715166887,0.958195752801111
ITPA,0.25199999999999995,0.36780821306901124,0.9242875000000002,0.0004529177489004186,0.5417375,0.14034681407392147,0.6423376268951497,0.040323404432406965,0.9471774407456163
ITPR1,0.15446666666666667,0.34943538573274996,0.06426,0.5888044054361792,-0.10256666666666667,0.5591787954190022,0.629455035734408,0.8016229101334497,0.9519862693342023
KHK,0.21038888888888888,0.12202502078569744,0.3740100000000002,0.03990945357971376,0.12903333333333347,0.44183291802839986,0.38248972835972955,0.1731964174552423,0.9471774407456163
KIF1C,0.25082,0.042095293941897934,0.5005375,0.032388619340812705,0.17616249999999997,0.4498784655906013,0.24685823074111005,0.1554865418681499,0.9471774407456163
KIF22,-0.2057400000000001,0.8021177792274437,0.8322125,0.07882155186884385,-0.01362500000000011,0.9777616606413329,0.9170689209537646,0.2616697394244782,0.994306177352909
KLK3,0.11417000000000002,0.1854826895909477,0.14456000000000002,0.08822632065488628,0.030390000000000007,0.8124065197809811,0.4627806845639277,0.28049329032635595,0.9879395392394905
KRT17,0.058659999999999976,0.8090135877817346,-0.1385,0.595010922127361,-0.4075,0.2410756784570329,0.9189964919173103,0.8036975489613204,0.9471774407456163
KRT6C,0.5640499999999999,0.041217488476416674,-0.2575624999999999,0.342719847124901,-0.9077,0.020490442122304525,0.2466333628181511,0.6185319187346633,0.8143181893514128
L3HYPDH,0.36011000000000004,0.17047872285576166,0.7383200000000001,0.007249936372109045,0.37820999999999994,0.1988404014973986,0.4444245676576999,0.09772900575722467,0.9471774407456163
LAMA1,0.15092,0.20689489598969693,-0.08205,0.5866952224940328,-0.202,0.3497775552678168,0.48515797982505404,0.8006087151358423,0.9471774407456163
LAMB1,0.04647777777777778,0.5612288738479169,0.02622000000000001,0.670381573182391,-0.04673333333333334,0.6211891073991852,0.7866843661093414,0.8427335747764957,0.9619401148472417
LAMP1,0.13372,0.18854465293314382,0.06997,0.5412305547665839,-0.06374999999999999,0.6183095204698027,0.4664063865873937,0.7750655887238835,0.9619401148472417
LCP1,0.27893,0.15256660474516553,-0.10376,0.33997325645980636,-0.38269000000000003,0.05997424291456359,0.42167127950606154,0.6159077670048174,0.9064257716854434
LECT2,0.035519999999999996,0.8006293586433488,-0.08861999999999992,0.3019759006866133,-0.12413999999999992,0.30081386419346134,0.9170689209537646,0.5745246840875246,0.9471774407456163
LILRA3,0.24496,0.11536928844431527,0.009000000000000041,0.919242309334269,-0.23595999999999995,0.11436506237877414,0.3760346551265135,0.9676581529287289,0.9471774407456163
LILRA4,-0.14166,0.6748409522647937,0.7077374999999999,0.06309410270503898,0.9868125000000001,0.14542362352432872,0.8596990868565025,0.2280773856210487,0.9471774407456163
LILRA6,0.14226999999999995,0.315422518177623,-0.10148000000000001,0.28542836643784014,-0.24374999999999997,0.07879187470361218,0.5998131769617194,0.5586865693500161,0.9151422335713614
LIPF,0.048233333333333336,0.6077099613343333,0.04460999999999999,0.5894156096734966,-0.03179999999999999,0.772721839824794,0.8216529527842942,0.8016229101334497,0.9812334329398464
LMOD1__Cardiometabolic_II,0.05487777777777776,0.6669622480702178,0.04267,0.2688749696592298,-0.0062111111111110996,0.9672276204268532,0.8534560473999564,0.5384830680700867,0.994306177352909
LONP1,0.3239666666666667,0.17943271691040666,0.77263,0.0021615545431806823,0.4875222222222222,0.13565192543341803,0.455979290793896,0.0727519727864671,0.9471774407456163
LPP,-0.18676,0.4887445868495911,0.07839999999999998,0.6809607125413727,0.2322625,0.5475945506631832,0.7311260672933293,0.8448632587024221,0.9519862693342023
LRCH4,0.08590999999999999,0.7417122713716122,0.7422124999999999,0.023264584152406436,0.726025,0.029938935483217643,0.8913745191791196,0.1319080044451216,0.8144499300897541
LRRC59,0.53766,0.04592096088900217,0.82499,0.011465939007497261,0.28733000000000003,0.434785571627753,0.25123981953796715,0.10306593202464316,0.9471774407456163
M6PR,0.02235555555555555,0.8233745695238682,0.17900999999999997,0.05633992212095034,0.10727777777777775,0.47284434066163006,0.9258422409472198,0.2114006273197345,0.9471774407456163
MAMDC2,0.045539999999999935,0.7295238410535363,-0.04931000000000001,0.24434638104992779,-0.09484999999999995,0.5485684974160975,0.8882760281987466,0.5098648206851476,0.9519862693342023
MAN1A2,0.11307777777777776,0.09999374564873127,0.00968,0.9285941647138866,-0.13127777777777777,0.1353878457998341,0.34644059518392983,0.9719307644921263,0.9471774407456163
MAN2B2,0.20566,0.1594184907345279,0.014939999999999964,0.8484535260715822,-0.19072000000000003,0.21772280241986486,0.4293047898973813,0.9325688213985441,0.9471774407456163
MANSC4,-0.11604999999999999,0.6560447606984066,-0.06116250000000002,0.656910433962743,-0.01766250000000002,0.9480043352011336,0.8513385939103211,0.8367393656308769,0.9940568131447077
MAP1LC3B2,0.014179999999999993,0.945514180979999,-0.0139875,0.9467273647797165,-0.06981250000000003,0.8446928891326857,0.9758711404665165,0.9767713011235223,0.9921602299275276
MECR,0.4040222222222222,0.15166252622147136,0.9965399999999999,0.020022004285662923,0.5914111111111112,0.24247878773244363,0.4214768127980278,0.12457787341508601,0.9471774407456163
MED21,-0.2272899999999999,0.33620606667021213,0.3336,0.08701373556730785,0.6221125,0.11192911137040816,0.6197709106300823,0.27842069576859885,0.9471774407456163
MEGF11,0.024440000000000017,0.8819399997385059,0.03745000000000001,0.7616923046540904,-0.0842,0.6669918578558195,0.9463622057091784,0.8894677399596037,0.9619401148472417
MELTF,0.07404999999999999,0.6906995404748456,-0.07318999999999999,0.29623346324397265,-0.14724,0.47658350787627046,0.8707607464532202,0.569590258514916,0.9471774407456163
MMP15,0.14177999999999996,0.2409795016546529,-0.15528000000000003,0.08594684776425131,-0.29706,0.06381383974820055,0.5281133724879659,0.2771809426249949,0.9131181923353178
MMUT,0.4627,0.12437338163421241,0.7725,0.07745205734190129,0.3008124999999999,0.6183884125146426,0.3866761854405461,0.25916259798484664,0.9619401148472417
MRPL24,-0.40655,0.16620162646798747,-0.07675000000000001,0.49643100798463136,0.11843750000000003,0.7230155803998091,0.4379452232676869,0.7407385990141426,0.9762572927931781
MTR,-0.09316000000000005,0.8077131722941046,-0.378675,0.49003932597940647,-0.23920000000000002,0.47252104171064335,0.9189964919173103,0.734928479560504,0.9471774407456163
MUC2,-0.10633999999999999,0.19025135465974732,0.20587000000000008,0.04015258125179819,0.31221000000000004,0.024540142390545736,0.46757952271046294,0.17348277017321043,0.8143181893514128
MYBPC1,0.16414999999999996,0.09261360216595581,0.039920000000000025,0.7195960190861787,-0.12422999999999995,0.41894526748286287,0.3316495208313247,0.8661094240373588,0.9471774407456163
MYBPC2,-0.09647777777777772,0.41716494759473444,-0.027529999999999964,0.7461422341547101,0.06921111111111111,0.6293666445444395,0.6809058977962943,0.8802001398549377,0.9619401148472417
MYDGF,0.74916,0.03577504186710229,0.80968,0.001645440440661368,0.060519999999999984,0.8737627094766536,0.23409147662705243,0.07198964174581236,0.9938501124438283
MYH4,-0.06929,0.7888754276305534,-0.101075,0.4696061457943047,-0.22348750000000006,0.5173058967453888,0.9117959496082929,0.7216019123136335,0.9519862693342023
MYH9,0.82027,0.09729692158133996,1.3146499999999999,0.028107069393689815,0.4943799999999999,0.4683023036896824,0.3402088006228764,0.14507687487320317,0.9471774407456163
MYL1,-0.14129000000000003,0.3352683803074033,-0.1362,0.3550334136499654,-0.015874999999999945,0.9525792714310344,0.6191191083237906,0.6306941690591413,0.9940859712453828
MYL3,-0.17384444444444444,0.09214449468758552,-0.18578999999999996,0.015315869810170421,-0.03706666666666666,0.6924495457950034,0.3316495208313247,0.11363137753101187,0.9645754507407723
MYL4,-0.44192222222222216,0.054939028533052006,-0.29691,0.012300774453116232,0.0874222222222222,0.7420463790134667,0.269829384393246,0.10425158837055143,0.9800993461384845
MYOM2,0.34587,0.12843002748213186,-0.27791250000000006,0.22039902710467424,-0.7651000000000001,0.032032815406030195,0.3938699590214023,0.4819486355448451,0.818148604207796
NAA10,0.6158999999999999,0.0884715305022915,1.3034124999999999,0.015468497577532919,0.6757500000000001,0.3506874301291761,0.3265444178589604,0.11371616180726626,0.9471774407456163
NAGK,0.25225555555555557,0.04267680619140912,0.41727,0.044035863172606306,0.10351111111111108,0.6489440542977047,0.2472453453292043,0.18403608250514558,0.9619401148472417
NEB,-0.1256,0.11566601986551045,0.33682499999999993,0.3338361683650096,0.49477499999999996,0.11797099799041831,0.3760346551265135,0.6088414670122297,0.9471774407456163
NECAP2,-0.06682000000000003,0.5761108594049296,0.057624999999999996,0.7923524029233809,0.08953750000000003,0.7726886896114653,0.7991566123379051,0.9054575495094878,0.9812334329398464
NFE2,0.6185333333333333,0.06968439483137798,1.31582,0.014990464254412333,0.7333777777777778,0.19164331336717097,0.2970382751514861,0.11206611699609018,0.9471774407456163
NFKB1,0.44627000000000006,0.1583205341986345,0.6791375,0.06047884859681028,0.35697500000000004,0.5096765713584868,0.4279367017677313,0.22155468475988604,0.9519862693342023
NFX1,0.2767,0.4282640426920864,1.2797625000000001,0.0011350786134129535,1.0967125000000002,0.10699119821529499,0.6857963720367232,0.06063383574922287,0.9471774407456163
NFYA,0.026599999999999967,0.8275750754605347,0.08025000000000002,0.628446774121846,0.0024625000000000202,0.9921572962643427,0.9258422409472198,0.8193866752624165,0.9979739900608579
NGFR,-0.09302000000000002,0.6541834313816762,0.16862,0.4238172700485404,0.26164,0.45999615207560074,0.850438460796179,0.6867785638096908,0.9471774407456163
NIT1,0.26207777777777785,0.42957005373175206,0.92304,0.03128730183290244,0.6629444444444444,0.18814375788362503,0.6857963720367232,0.1524412815672759,0.9471774407456163
NIT2,0.70623,0.1085939701527998,0.6784399999999999,0.01667749173374243,-0.027790000000000026,0.953600961932549,0.3661403459054315,0.11638591618464432,0.9940859712453828
NOP56,0.05247999999999999,0.7473836949624284,0.19256249999999997,0.24843016792849734,0.238575,0.2898242772333283,0.8937681928979407,0.5139197034694627,0.9471774407456163
NOS2,-0.43427999999999994,0.058384549492597186,-0.13166250000000002,0.4641503171547161,0.06244999999999998,0.8073420978836341,0.275079202439685,0.7178813376604292,0.9873141787568953
NOTCH2,0.24579000000000004,0.13278509574633382,0.015260000000000013,0.8380240948679033,-0.23052999999999998,0.20575912798856696,0.40053656191245257,0.9276996197143556,0.9471774407456163
NPC2,0.33773000000000003,0.04222595555743766,0.17492000000000002,0.13459485926036535,-0.16280999999999998,0.39673371862993345,0.24713119009512322,0.364124950743051,0.9471774407456163
NPL,0.015449999999999964,0.9352665374980922,0.13801000000000002,0.2018193751263885,0.12256000000000009,0.5821577327263388,0.9726771989980159,0.46323853446978863,0.958195752801111
NPR1,-0.04139999999999997,0.8312178094414046,-0.007450000000000005,0.957225415520554,0.005674999999999958,0.984725629708372,0.9267999712101885,0.981958195111518,0.9952946896706719
NPTX2,0.15579000000000004,0.1873474238536928,0.055279999999999996,0.4213119175551663,-0.10051000000000002,0.5344846779057895,0.46528041528499536,0.6846318660271452,0.9519862693342023
NT5C,0.56821,0.06664841106009524,0.61492,0.027622764270908217,0.04670999999999999,0.8984982516560532,0.29052378589697303,0.14338459616241755,0.9939549333965099
NUDT10,0.021777777777777778,0.8366796011242228,0.16922,0.17140799591640068,0.08604444444444444,0.6051851830715528,0.9282085879923174,0.42036451753120635,0.9619401148472417
NUDT15,0.19193999999999994,0.4091388472719393,0.09112499999999998,0.5763779589939075,-0.11223749999999996,0.7465160552633208,0.6749128371476515,0.7928828940840469,0.9807934968107775
NUP50,-0.11450999999999997,0.14668563227208425,0.0040374999999999925,0.9622369903783534,0.11266249999999997,0.4398463316743936,0.41343533838148366,0.9829806250805293,0.9471774407456163
NXPE4,-0.30846000000000007,0.08783443755622769,0.0824125,0.7385780779057491,0.4173375,0.21342659040893322,0.32553354788557415,0.8764882668497906,0.9471774407456163
OPLAH,0.2821222222222222,0.06658031714757655,0.5185699999999999,0.012308535041057871,0.22410000000000002,0.3921233473887281,0.29052378589697303,0.10425158837055143,0.9471774407456163
OXCT1,0.31283333333333335,0.07720447975487203,0.6687,0.018273962619179237,0.3238222222222222,0.275733898150112,0.30860783880246806,0.1203787044285843,0.9471774407456163
PACS2,0.05713999999999997,0.9228406988192227,1.284775,0.00353457623768053,1.3107875,0.08332622246928938,0.9662530196474969,0.08926735096139099,0.9203475248675645
PAGR1,-0.13933333333333334,0.43045848813932586,0.17837,0.29868803870330907,0.2973444444444444,0.31748744047207283,0.6857963720367232,0.5729407736044999,0.9471774407456163
PALM3,0.073,0.6490801065023999,0.09740000000000001,0.6609119405734845,-0.019162499999999943,0.9382395035222306,0.8464258113200402,0.8389014977916082,0.9940568131447077
PDAP1,0.29361999999999994,0.29066688056625856,0.43348,0.08691068345748201,0.13986000000000007,0.6949379111482301,0.5797037768246098,0.27842069576859885,0.965203389127979
PDE4D,-0.012499999999999966,0.9468093087018793,-0.14592500000000003,0.28202031854146725,-0.06638750000000007,0.7117536055717111,0.9761541754617242,0.5535061522716388,0.9731307826730388
PDIA4,0.26944,0.31008157410695086,0.7021999999999999,0.006460268880524737,0.4327599999999999,0.12381411266880704,0.5951760483874278,0.0949550061731043,0.9471774407456163
PDZD2,0.63502,0.02439407493880358,0.9998374999999999,0.007481528239948393,0.2720749999999999,0.5514427436641021,0.2078612842620478,0.09825808407701042,0.9519862693342023
PECR,0.1426777777777778,0.2962739361974754,0.13280999999999998,0.15873745937090494,-0.04634444444444446,0.7674618834670404,0.5826324126828532,0.4029939679594953,0.9812023557990273
PGD,0.21846000000000002,0.4339331026604045,0.40756999999999993,0.09117961225775958,0.18910999999999997,0.6518621265304885,0.6857963720367232,0.28597973993762177,0.9619401148472417
PGLYRP4,-0.07021,0.5686042703539287,-0.20147500000000002,0.30443393285843146,-0.16565000000000002,0.5155909462677246,0.7924826018280079,0.5756129252833632,0.9519862693342023
PKD1,0.15338000000000002,0.19907140120081668,-0.11154000000000001,0.12078432235977962,-0.26492,0.02651271043750325,0.47706580021856265,0.341748030083955,0.8143181893514128
PKD2,0.53191,0.025972330658894576,0.9302499999999999,0.0012557896489166906,0.2427875,0.39164349247537417,0.21482755378190904,0.06361224118133167,0.9471774407456163
PMCH,-0.11015,0.2745279552991023,-0.1916,0.38484376940948833,-0.10856249999999998,0.6739520228614384,0.5640127274393038,0.6534279208053846,0.9619401148472417
PMM2,0.7713000000000001,0.01789128028844322,1.3663375,0.000951464410595902,0.5794499999999999,0.1751532957985974,0.19125399108505667,0.057049029353688975,0.9471774407456163
PNMA1,0.29440000000000005,0.18555331736429775,0.43709,0.047224498198020486,0.1397666666666667,0.68968945018846,0.4627806845639277,0.19110960841017105,0.9626164392654134
POMC,0.44534444444444443,0.0854068823453115,0.48868,0.07520834181816805,-0.07865555555555553,0.7876629598163026,0.3213950298926839,0.2542717011067638,0.9839089183419631
POSTN,-0.026140000000000007,0.8404155261418852,0.07785,0.27617325315984803,0.10399000000000003,0.3331300946913947,0.9284924568666677,0.5482412282321848,0.9471774407456163
PPIF,-0.036570000000000005,0.6902882597265714,0.15382,0.2285794233809907,0.19039000000000003,0.28100365199231186,0.8707607464532202,0.49235069347019844,0.9471774407456163
PPM1F,0.32427,0.17342190259156537,0.31532000000000004,0.106727270312571,-0.008949999999999986,0.9774731019768013,0.44772719667312744,0.3173731985610664,0.994306177352909
PRAP1,-0.06757000000000002,0.6653322081228285,-0.030730000000000014,0.7311912055453396,0.036840000000000026,0.8515987106717476,0.8534118446762307,0.8732681958911414,0.9924469069251214
PRG2,0.13948,0.33708510186143925,0.00495000000000001,0.9392380543772247,-0.13452999999999998,0.3080158833762416,0.6201352719279327,0.9741843881381597,0.9471774407456163
PRG3,0.19926000000000005,0.1400830471350801,0.07264,0.315884316968042,-0.12662,0.22414144440574488,0.40591406614067166,0.58924960206483,0.9471774407456163
PRKD2,0.50862,0.0037668728762066494,0.10297499999999998,0.6988283377036741,-0.367325,0.20642717253507473,0.13175086321779922,0.8526424992269838,0.9471774407456163
PROCR,-0.11532999999999997,0.33259350057207115,-0.340225,0.16646464888813928,-0.20922500000000005,0.49351107286475404,0.6162949482377665,0.4162324582411517,0.9507773980830475
PRRT3,0.010633333333333347,0.9055443470111968,-0.03893,0.48192641377232526,-0.06818888888888891,0.4308212892947473,0.9583895142359136,0.7294692445456423,0.9471774407456163
PSAP,0.23535000000000003,0.09843320161519545,0.00045999999999998267,0.9971753260266734,-0.23489,0.09764039475052212,0.34265017339507614,0.9985286435303616,0.9443341999213253
PTGR1,0.21771,0.11501593819604822,0.042610000000000016,0.6777812901570168,-0.17509999999999998,0.29138749268614494,0.3760346551265135,0.8448002584323063,0.9471774407456163
PTPRB,0.18170000000000003,0.13168378482538437,0.08578999999999996,0.3368661382936089,-0.09591000000000004,0.45516347717400896,0.39844177118123514,0.6127018191016623,0.9471774407456163
PTPRC,0.14526,0.2944051439172896,-0.06659000000000001,0.4483508180155218,-0.21185,0.02601020170289872,0.5826324126828532,0.7051189729663565,0.8143181893514128
PTPRZ1,0.22319999999999998,0.1408613877421119,0.04969999999999998,0.6247010749970723,-0.1735,0.2707252118124539,0.40591406614067166,0.8163298356494793,0.9471774407456163
PYDC1,0.00875555555555556,0.8954889716790853,-0.07525000000000001,0.4139566834900048,-0.07596666666666667,0.5219243643050329,0.9542787808462649,0.6783071590037001,0.9519862693342023
PYY,-0.34637,0.1211132705322826,-0.36155000000000004,0.26968223973361494,-0.08873750000000005,0.7451600628871449,0.38138348212630896,0.5397318939627798,0.9807934968107775
RAB10,-0.03332000000000002,0.8518361819602488,0.5114699999999999,0.008715319801970529,0.5447900000000001,0.09108311175941566,0.934513272182041,0.09968436135564301,0.9418349502692044
RAB11FIP3,1.02515,0.028551470532176663,1.3393199999999998,0.018866681503958153,0.3141699999999999,0.6449098881781858,0.2180096336292813,0.12149713735902679,0.9619401148472417
RAB27B,1.10704,0.021976700876746542,1.15219,0.012073320442960599,0.04514999999999987,0.933987858183604,0.20240610399962805,0.10425158837055143,0.9940568131447077
RAB33A,0.5769799999999999,0.02769148249653994,0.98105,0.0013545901573454118,0.3067875,0.3118934109751984,0.21706690505232618,0.06745399800475965,0.9471774407456163
RAB39B,0.10329000000000006,0.5855781498626713,0.21673750000000003,0.3123503430391621,0.03951249999999998,0.8980973268016181,0.8050671990156895,0.5841408706868607,0.9939549333965099
RANBP1,-0.10548888888888892,0.7171900870985373,0.52796,0.09211403472046782,0.6131222222222222,0.12911379982369536,0.8816336719228045,0.2875993985215031,0.9471774407456163
RBM19,0.36312,0.1086706540604276,-0.056000000000000064,0.8448328842594264,-0.40012500000000006,0.3091075472029766,0.3661403459054315,0.9304738797651969,0.9471774407456163
RBPMS2,0.7775888888888889,0.0576394399839902,1.5325200000000003,0.006241236174211273,0.7992222222222223,0.1725499773697875,0.2740939770659072,0.0949550061731043,0.9471774407456163
RECK,0.0028555555555555556,0.9740462756352497,0.06164999999999998,0.37307800486314824,0.03538888888888887,0.744848536100302,0.9878315353180407,0.6451302266692378,0.9807934968107775
REXO2,-0.22071000000000002,0.09631861271769815,-0.1320375,0.5276021178266053,-0.00888750000000002,0.9674117371845197,0.3376898379052472,0.7654790232960822,0.994306177352909
RILPL2,0.87813,0.028634862316743212,1.3420399999999997,0.020202754929427247,0.46390999999999993,0.46157063467623305,0.2180096336292813,0.12469683609801943,0.9471774407456163
RIPK4,-0.22194000000000003,0.13364780946418212,-0.245575,0.4427566065952454,-0.03847500000000001,0.9241537992291677,0.4012329863301722,0.701495005499982,0.9940568131447077
RNASE10,-0.012522222222222193,0.9132247236939426,0.12059000000000002,0.2050230424588781,0.09939999999999997,0.4694387133543948,0.9613236253001803,0.46592392007129474,0.9471774407456163
RNF149,-0.029211111111111118,0.8339886254217623,0.015080000000000005,0.8629797829523739,0.006222222222222228,0.9604402553943439,0.9277768199504497,0.9391632517215955,0.994306177352909
RNF5,0.0711888888888889,0.6221016916762565,0.51509,0.022853947360709136,0.38488888888888884,0.15950486580330125,0.8300339555607819,0.13083395964939196,0.9471774407456163
ROBO4,-0.0479777777777778,0.671792757738789,0.03132,0.4684977576774526,0.06630000000000003,0.6074220481075072,0.8577284250272197,0.7202754641843829,0.9619401148472417
RPL14,-0.02175555555555556,0.9119002717202628,0.19533,0.06311331331174697,0.2740666666666667,0.2705677035959838,0.9605484970537571,0.2280773856210487,0.9471774407456163
RPS10,-0.14992,0.4220521304649556,0.34355,0.13377759732499137,0.4085875,0.16412415963711433,0.6843207280938408,0.36325192323551264,0.9471774407456163
RTKN2,-0.17356000000000002,0.48755567043612846,0.37215,0.23225053412819646,0.48410000000000003,0.2896889143361112,0.7299464008374952,0.4971029451831099,0.9471774407456163
RYR1,-0.1782,0.4208366807158104,0.49884999999999996,0.010796361586834346,0.6829125,0.09105230024868603,0.6837734139452873,0.10101818580292773,0.9418349502692044
SARG,0.9793500000000002,0.007191238578877524,1.1580400000000002,0.0091653606663857,0.17868999999999988,0.7411106064845074,0.15333869242085896,0.09968436135564301,0.9800993461384845
SART1,0.27665999999999996,0.0755577730870416,0.11846250000000003,0.6062309211585083,-0.12449999999999997,0.3619937092233635,0.3066142780797351,0.8081335597150143,0.9471774407456163
SAT1,0.012870000000000003,0.9613516570911775,0.11998749999999998,0.6266492224537199,0.026787499999999978,0.9496467598451163,0.9841356341591891,0.8182646291417907,0.9940568131447077
SBSN,-0.11956,0.3799244050601325,-0.021339999999999987,0.8431289220071766,0.09822,0.28722814822217485,0.6523774997467383,0.9301963097473094,0.9471774407456163
SCGB2A2,0.18241000000000004,0.27700620445860774,0.2612375,0.043943437060734676,-0.00020000000000000573,0.9986680377641133,0.5655700586006247,0.1839114217727044,0.9990080677395182
SCN4B,0.02915555555555556,0.8251897878431462,0.014330000000000004,0.856132093457275,-0.0465888888888889,0.7413289754497377,0.9258422409472198,0.9359471117647072,0.9800993461384845
SCPEP1,0.1624,0.27720247936858394,0.059819999999999915,0.8360990955132803,-0.17586666666666675,0.5936629385555325,0.5655700586006247,0.9276996197143556,0.9619401148472417
SCRG1,0.14355,0.3556255966693507,-0.09807999999999999,0.3567601007920882,-0.24163,0.2227884706614781,0.6328501639491495,0.6310648883505595,0.9471774407456163
SCRIB__Cardiometabolic_II,0.37520000000000003,0.04256378277044477,0.8064500000000001,0.01051531770441895,0.4456,0.17308127411558416,0.2472453453292043,0.10042271686228481,0.9471774407456163
SEC31A,0.15004444444444445,0.44973007906962403,0.42543,0.056962274674665234,0.26382222222222224,0.4069588715667062,0.7002156715985985,0.21346321810480415,0.9471774407456163
SEL1L,-0.07313333333333333,0.39784978422068784,-0.19971,0.4437561028157272,-0.1857444444444445,0.5607748094594076,0.669079946216589,0.7016982939034481,0.9519862693342023
SERPINE2,0.5524100000000001,0.04967134821527205,0.27544,0.5240461587010363,-0.27697000000000005,0.4837277830408194,0.2581595471999858,0.7637062039963614,0.9471774407456163
SGSH,0.07863999999999999,0.5987955054420496,0.11868999999999999,0.19317934093308883,0.04005,0.8023111347815673,0.8148500208377684,0.4533234054803634,0.9858710632851442
SHD,0.21176,0.39983460123356174,-0.06175000000000003,0.8067453113944002,-0.35801250000000007,0.3527814532129019,0.6697343548598658,0.9123443540640651,0.9471774407456163
SHISA5,0.25848,0.04832315119429888,0.07411,0.43275003560792946,-0.18437,0.2645121730124757,0.2560105523966571,0.6921173677823063,0.9471774407456163
SIGLEC8,-0.004400000000000005,0.9339329270989214,0.06267,0.5708180655381381,0.039511111111111115,0.678437468241508,0.971978370462852,0.7912215885111487,0.9619401148472417
SIL1,-0.00022222222222222858,0.9987085375301427,-0.03356999999999997,0.5786902991206235,-0.04427777777777774,0.7617440458774755,0.9993888566973975,0.793378353789722,0.9807934968107775
SKIV2L,-0.04446,0.7880238223496008,0.12590000000000004,0.5979294595829543,0.14142500000000005,0.6811645447491809,0.911501570890995,0.8050947535539503,0.9619401148472417
SLC12A2,0.2850599999999999,0.2995847901454969,0.3340875,0.026705436838625172,0.09558750000000003,0.7644138222241645,0.5854127491991942,0.14129952833858567,0.9812023557990273
SLC4A1,-0.4270899999999999,0.17165130070802126,0.12028999999999998,0.43768517803749096,0.54738,0.119063158985519,0.44589878114957243,0.6970792293577533,0.9471774407456163
SLC51B,-0.02527999999999999,0.5634682225860305,-0.057087499999999985,0.6086204811183036,-0.021062499999999998,0.872065112147034,0.787998119838153,0.8096620063234375,0.9938501124438283
SLURP1,-0.005150000000000017,0.9634334813237159,-0.12667999999999996,0.4683202182543169,-0.12152999999999999,0.41842474339464075,0.9841356341591891,0.7202754641843829,0.9471774407456163
SNED1,0.06682222222222228,0.7680452575767884,-0.23735,0.15883833046191137,-0.29502222222222224,0.16517908892970198,0.9044109840540865,0.4029939679594953,0.9471774407456163
SNU13,0.04412999999999998,0.7774310328990823,-0.22125,0.15348739571561945,-0.31709999999999994,0.1118992197227485,0.9057955058732099,0.39452840648511805,0.9471774407456163
SNX5,0.10647777777777777,0.2833824762403124,0.07422000000000001,0.47533793449937034,-0.09633333333333333,0.3672900177118469,0.5726119086616491,0.7259873160344614,0.9471774407456163
SPESP1,0.22871000000000002,0.08548787436610783,0.06445000000000004,0.6181750288777357,-0.16426,0.3016728655109885,0.3213950298926839,0.8152068256948465,0.9471774407456163
SPINK8,0.12447000000000005,0.5410315190214994,0.1440125,0.42403550536105483,-0.02353749999999999,0.9365858753037118,0.7727518730603622,0.6867785638096908,0.9940568131447077
SRPX,0.21297000000000002,0.14733662023468713,0.2091,0.013744871513945638,-0.00387000000000004,0.976245694744442,0.4142344404301539,0.10797441847051413,0.994306177352909
STAB2,0.12854000000000002,0.3930167600694099,0.08984,0.13572983073556902,-0.0387,0.784206349494946,0.6643747071829266,0.3661838775951348,0.9839089183419631
SYTL4,0.55135,0.009793577110790451,1.0105,0.003156660679148399,0.45915,0.18596995135534178,0.16058218162856128,0.08757502181897904,0.9471774407456163
TALDO1,0.25343,0.20620883915094812,0.2391,0.03335732709544774,-0.014330000000000004,0.9368171273133379,0.48515797982505404,0.15730951365397344,0.9940568131447077
TCOF1,0.13731000000000002,0.48288929623968857,0.0689,0.4456810490075954,-0.06840999999999994,0.7475008110374529,0.7264356130835663,0.7036060838174719,0.9807934968107775
TCTN3,0.23804000000000003,0.07472723941206723,0.013740000000000035,0.8991631580110659,-0.22429999999999994,0.07519924246197333,0.304928651934241,0.9589617350731834,0.9151422335713614
TEF,0.17131000000000005,0.4271912483046587,-0.13911249999999997,0.572425087372506,-0.386375,0.31816279804507186,0.6853124768051386,0.7914281913884341,0.9471774407456163
THRAP3,0.030889999999999966,0.7482047772001575,-0.1513125,0.367358166093955,-0.21087500000000003,0.16689828970291912,0.8937681928979407,0.6401531980925502,0.9471774407456163
TIMM10,0.2713,0.03800707627578002,0.08476999999999998,0.3550249388573232,-0.18652999999999997,0.18657793446855897,0.2406568752117278,0.6306941690591413,0.9471774407456163
TIMP2,0.07343999999999999,0.41849978469700455,-0.20291999999999993,0.09903572272690901,-0.27636,0.029224774020445553,0.6823265080132072,0.3024604504902897,0.8144499300897541
TMED10,-0.39184,0.026394533946149667,-0.007449999999999929,0.9715327359455317,0.4322750000000001,0.0573222118948696,0.21482755378190904,0.9873272840567181,0.9064257716854434
TMED4,0.3051299999999999,0.4184479804728518,-0.204725,0.4884422650974388,-0.5617749999999999,0.33584895695311534,0.6823265080132072,0.7342477257924037,0.9471774407456163
TMEM132A,0.16939999999999994,0.3661859542276139,-0.03671000000000009,0.9136802100946676,-0.14546666666666658,0.7525860379750619,0.642258017569033,0.9659562638568311,0.9807934968107775
TNFSF8,0.12789999999999999,0.4568193712007852,0.14011999999999997,0.21933564906622918,0.012219999999999991,0.9558241886613155,0.7047524970652924,0.4817956518442718,0.994306177352909
TNN,0.24564000000000002,0.00515521798527632,0.027870000000000006,0.6533641134645239,-0.21777000000000002,0.017204873140341952,0.132455724147496,0.8358961528639748,0.8143181893514128
TOMM20,0.32869999999999994,0.11776899622893958,0.6715899999999999,0.002667756477647795,0.34289000000000003,0.2687244736280305,0.37730147137714193,0.08080276836421878,0.9471774407456163
TOR1AIP1,-0.026644444444444457,0.8636809910208925,0.12241999999999993,0.5828288529256913,0.08946666666666664,0.7801737404309516,0.9408582690468602,0.7968130153074365,0.9839089183419631
TPK1,0.25788,0.14691167231799487,0.04565,0.30419417890909695,-0.21222999999999997,0.22819982201271416,0.41343533838148366,0.5756129252833632,0.9471774407456163
TPM3,0.12006000000000006,0.5448477155742095,-0.13072499999999995,0.5955600589539112,-0.32887500000000003,0.40877556597805487,0.7755632695528235,0.8036975489613204,0.9471774407456163
TPR,0.08267000000000004,0.6930558248419921,0.43556249999999996,0.09637150078421264,0.2704,0.37805684671356654,0.8708243453580186,0.2964811196900699,0.9471774407456163
TRAF3IP2,0.19758,0.18695136321726225,-0.1628,0.2928332685783153,-0.29450000000000004,0.13297216578151014,0.4646895982506907,0.5660158836072964,0.9471774407456163
TREH,0.09726000000000001,0.4008588267223774,0.15589999999999998,0.21909479288260017,0.05863999999999995,0.7317708414984054,0.669807287426588,0.4817956518442718,0.9781359109746658
TRPV3,-0.00875999999999999,0.9744801115673479,0.27818750000000003,0.367673789025191,0.193975,0.5418111661462051,0.9879304926793886,0.6403234096953238,0.9519862693342023
TSNAX,0.061330000000000016,0.6529968782062407,0.23511249999999997,0.41286122093653665,0.21588749999999998,0.5850445834112667,0.8492717256175012,0.6780591774201841,0.9597213769192081
TSPAN15,-0.2172,0.30753557415904753,-0.03097499999999999,0.8421082272191758,0.21297500000000005,0.5322049870980372,0.5928387215699665,0.9301180344247888,0.9519862693342023
TTN,-0.22754,0.19548959562458207,-0.06806249999999996,0.7013429876544197,0.09002500000000006,0.7848755711300578,0.4731041449300017,0.8537255473138784,0.9839089183419631
TWF2,0.65131,0.0175987193974157,0.9174999999999999,0.014477312852542223,0.2661899999999999,0.533611080939625,0.19009204996179166,0.11029325967694482,0.9519862693342023
UBE2L6,0.5431,0.06839850763502543,0.56684,0.014798897318051916,0.023739999999999928,0.9448138543492086,0.29508783470147537,0.11100535742326567,0.9940568131447077
UBQLN3,-0.07395000000000003,0.7375498719308314,0.034312500000000024,0.7954095625592499,-0.05067499999999997,0.8415853807882234,0.8912376032863418,0.9078917229211639,0.9921602299275276
UGDH,0.14653,0.4116394367229107,0.063025,0.7328024444475921,-0.2286875,0.2440865392553529,0.6763963451297045,0.8739707372950049,0.9471774407456163
UHRF2,0.12226000000000001,0.6291979867736948,-0.20839999999999997,0.1461092472382975,-0.19728750000000003,0.46587783212815426,0.8349519806418768,0.3846496132492097,0.9471774407456163
UPB1,0.012240000000000011,0.9191149486107365,-0.7746000000000002,0.2047361953950387,-0.78684,0.18696484467159785,0.9638608952373462,0.46592392007129474,0.9471774407456163
USP47,0.2572399999999999,0.4717323981680994,0.4467,0.027333015363967313,-0.23242499999999994,0.49252204848238834,0.7141483421203939,0.14263658816933564,0.9502255522036434
VIPR1,-0.12305555555555554,0.31536636007605534,0.16118000000000002,0.3188938970405704,0.2534222222222222,0.3533540212782012,0.5998131769617194,0.591483756000755,0.9471774407456163
VIT,0.14555999999999997,0.31101845658592187,0.13277,0.3695938219108126,-0.012790000000000029,0.9424922925703185,0.5961996475264913,0.6421446769804656,0.9940568131447077
VSIG10L,-0.15404000000000004,0.47319821284036623,-0.10656249999999998,0.5976552876763944,0.008137500000000006,0.9814340215583849,0.7158889543383089,0.8050945599235427,0.9952946896706719
YOD1,-0.34140999999999994,0.49378806243862283,0.7320374999999999,0.006769995206633504,1.013075,0.1275852347151273,0.7345566214909741,0.09702558983945968,0.9471774407456163
ZCCHC8,0.17791,0.2739357450100877,-0.38815,0.21312452830911752,-0.6181249999999999,0.18149182471547123,0.5639966495021987,0.4750833567315533,0.9471774407456163
ZP3,0.11655555555555537,0.3758414278441552,0.03957000000000003,0.5326298645300651,-0.10181111111111091,0.5535214349540082,0.6489158478007877,0.7679910073726234,0.9519862693342023
ACTN4,-0.09971999999999998,0.590776271378516,-0.026199999999999987,0.8621806881338203,0.026355555555555552,0.9064863754234233,0.8092461618313098,0.9388757827046568,0.9939549333965099
ADA,0.007470000000000016,0.9013625449609393,0.09714,0.022246525771148395,0.08967,0.27716391547951935,0.9558530380725592,0.12917053896370354,0.9471774407456163
ADAM23,-0.01243,0.7087353216657357,0.06199000000000001,0.12559126291843456,0.07442000000000001,0.14624677802915906,0.8789634339611361,0.34975083455389644,0.9471774407456163
ADGRE2,-0.024980000000000002,0.7557306348831957,0.004959999999999987,0.9530372822184495,0.029939999999999994,0.7129163072765328,0.8974683125654119,0.9794098229564399,0.9733030254546715
AGER,0.21736,0.0005806343943111821,0.22989999999999994,0.010102284043021771,0.012539999999999978,0.846047965165241,0.04871692006978372,0.10042271686228481,0.9921602299275276
AGRN,0.33364000000000005,0.0017007193450685328,0.29219000000000006,0.01051257514147741,-0.04145,0.6930663475414429,0.09223047695390815,0.10042271686228481,0.9645754507407723
AGRP,0.16644000000000003,0.40582167797904345,0.007169999999999949,0.9689883765400018,-0.15927000000000008,0.5515030161875754,0.6726333554443926,0.9855505561952468,0.9519862693342023
AMBN,-0.09900000000000002,0.41365689665017735,-0.014955555555555536,0.9330475673661736,0.1640222222222222,0.3713979052038772,0.6777986689937773,0.973634859793997,0.9471774407456163
AMN,0.25039,0.2534212957454414,0.08918888888888889,0.6544461180920049,-0.08721111111111113,0.7926936569332294,0.5418862932315189,0.836019487231594,0.985768737086236
ANGPT1,0.40578000000000003,0.11467501454276638,0.2383200000000001,0.5687129632797238,-0.16745999999999997,0.6867050396103394,0.3760346551265135,0.7898355622306763,0.9626164392654134
ANGPTL2,0.08002000000000001,0.2934578988501113,0.26542000000000004,0.002716507394469182,0.1854,0.160464812212188,0.5813751226039292,0.08143978290765773,0.9471774407456163
ANGPTL4,0.56794,6.309993302324168e-06,0.46986000000000006,0.005530805521534734,-0.09807999999999997,0.4329390007461523,0.005640339336362243,0.0949550061731043,0.9471774407456163
ANXA11,0.417725,0.12028174318509856,0.748775,0.05795820908030878,0.19681428571428564,0.6518255897215306,0.3808057774545469,0.21536352833130887,0.9619401148472417
AOC1,-0.04501000000000001,0.7800605049976785,-0.24236666666666665,0.17979599343709254,-0.24984444444444442,0.3468237803344092,0.907650599478487,0.4347659495622863,0.9471774407456163
ARHGEF12,0.9027375,0.02916194214305907,1.615575,0.0039812066857187476,0.7629142857142858,0.21545307326301744,0.2180096336292813,0.08928843696673039,0.9471774407456163
ARNT,-0.006159999999999994,0.9663660145879956,-0.10771111111111109,0.33479341636725324,-0.10125555555555557,0.6453827261495442,0.9844602464838874,0.6101880007983809,0.9619401148472417
ARTN,-0.08296999999999999,0.6617001295568923,0.1582222222222222,0.6286240864674904,0.38644444444444453,0.2913656547979799,0.8534118446762307,0.8193866752624165,0.9471774407456163
ATP5IF1,0.9746900000000001,0.009949090678180823,1.5687599999999997,0.0190465342690039,0.59407,0.3509263691656044,0.16058218162856128,0.12149713735902679,0.9471774407456163
AXIN1,0.6409500000000001,0.01174632276116561,1.0535124999999999,0.029221839931461,0.44091428571428565,0.5080226768832403,0.16229553232399993,0.14751506137222065,0.9519862693342023
B4GALT1,0.11495000000000002,0.08595493869119726,0.09884000000000001,0.09120036762144973,-0.016110000000000017,0.8550272648563926,0.32211174728920605,0.28597973993762177,0.9938501124438283
BACH1,0.12481250000000003,0.7010265545454724,0.500725,0.10434391649589847,0.3828999999999999,0.5165505034046067,0.8753149244600926,0.3131383316291621,0.9519862693342023
BANK1,0.9280124999999999,0.009948263802751812,1.5351875000000001,0.00446603844092007,0.6283142857142859,0.36472326292453605,0.16058218162856128,0.09281971577632878,0.9471774407456163
BCL2L11,0.20803750000000004,0.08163235245880529,-0.018162500000000026,0.9456162083169027,-0.09344285714285719,0.7962782005983178,0.3148740765901557,0.9761842656482994,0.985768737086236
BCR,0.17515,0.17848331299409922,0.7155875,0.009229753125313886,0.5453428571428571,0.09990753498572508,0.4540120983347736,0.09968436135564301,0.9471774407456163
BID,0.8519375000000001,0.1289919509212625,0.800025,0.09809377970568191,-0.2540428571428572,0.7405714906604377,0.39476911646528046,0.30052088089185974,0.9800993461384845
BSG,-0.059629999999999996,0.002188274533447052,0.017329999999999998,0.5096141645542158,0.07696,0.02799392005598798,0.10137141630023339,0.7531420600906872,0.8143181893514128
BTN2A1,0.06438000000000002,0.13525733284614877,0.07094000000000002,0.30456660998531954,0.006559999999999994,0.9113961408320377,0.40302844209126276,0.5756129252833632,0.9940568131447077
BTN3A2,0.095825,0.34009180662130334,0.1428,0.3986775227403112,0.041928571428571426,0.8314977516597972,0.6226313852272063,0.6662767700859126,0.9907450367222617
C1QA,0.03762,0.1654694701080289,0.10359,0.06883462832975644,0.06597,0.19340339497092102,0.4379452232676869,0.23904980854943783,0.9471774407456163
CASP2,0.4501125000000001,0.05932816594182826,0.5120750000000001,0.06673200912155673,0.08411428571428563,0.8267350162088942,0.27722840239467006,0.23583338445085156,0.9897676525572143
CCL11,-0.10447999999999999,0.11263348330615781,0.06455999999999999,0.5402868335094717,0.16904,0.24478631966356373,0.37374945466343396,0.7747011795270023,0.9471774407456163
CCL13,0.47925000000000006,9.349461266188751e-05,0.47098000000000007,0.04142882900712956,-0.008269999999999977,0.9723677944779956,0.021586243863217176,0.17640275307673428,0.994306177352909
CCL17,0.45188000000000006,0.00902488090602157,0.30917000000000006,0.25645383365191976,-0.14271,0.5477917683895943,0.16058218162856128,0.5236006694019043,0.9519862693342023
CCL20,0.10874999999999997,0.23177599576647565,0.28041999999999995,0.010423638402854063,0.17167,0.03174044050439296,0.5154114892674676,0.10042271686228481,0.818148604207796
CCL21,-0.0031800000000000023,0.9757024664975058,0.060050000000000006,0.6055321441073158,0.06322999999999998,0.32844388726517276,0.9888285086476966,0.8081335597150143,0.9471774407456163
CCL22,0.18488,0.10130581192363995,0.22655999999999996,0.03501581734259646,0.041679999999999995,0.496328021712908,0.3491494819778795,0.16074448648835687,0.9519862693342023
CCL23,0.17117,0.0351990211592693,0.19032000000000002,0.007922718530730278,0.01915000000000002,0.7075765630129041,0.23362760166379812,0.09863113153934558,0.9722609088068683
CCL24,0.1781,0.02992162357743341,0.21553999999999993,0.022680725572976217,0.03743999999999991,0.49047673546771053,0.22032513802130166,0.13083395964939196,0.9500051193529192
CCL25,-0.026220000000000028,0.7904804890442331,0.014690000000000009,0.8457455086267848,0.04091000000000002,0.7470942677734134,0.9125468278239515,0.9306368181069264,0.9807934968107775
CCL26,0.11773749999999998,0.5438697833138109,0.19845000000000002,0.4244230837427069,0.20391428571428577,0.49779988143637754,0.7749221257885434,0.6870275592485249,0.9519862693342023
CCL28,-0.0368125,0.798449056561811,0.016712500000000012,0.8799343170863658,0.08715714285714286,0.6623339613312205,0.917061504370055,0.9479601526838835,0.9619401148472417
CCL3,0.009087500000000054,0.9586593563763985,0.08803749999999994,0.6034774038016327,0.041614285714285604,0.9015345463952421,0.9837726821634155,0.8080700860769398,0.9939549333965099
CCL4,0.19371,0.01117631405279595,0.22839,0.19638995435970158,0.03468,0.822645326316479,0.16096083670154168,0.45634387222295325,0.9897676525572143
CCL7,0.1160125,0.3199605813954556,-0.0644625,0.7607548408902286,-0.2658571428571429,0.4388249140227093,0.6053085564326134,0.8894141355095471,0.9471774407456163
CCN2,0.2729500000000001,0.06053456483409776,0.20855,0.3609001402533849,-0.06439999999999999,0.7801311018228407,0.280079608633983,0.6356862182640557,0.9839089183419631
CD160,0.0008100000000000052,0.982554076140602,0.08654999999999999,0.2504247621939976,0.08573999999999997,0.2609280129893292,0.9920082047082779,0.5166769321109305,0.9471774407456163
CD200,-0.0962625,0.39814112809207225,0.091675,0.1431083843914546,0.13978571428571426,0.20779242354399846,0.6691868617474304,0.38049993967610285,0.9471774407456163
CD200R1,-0.022399999999999975,0.6449731444568155,0.024862500000000023,0.7014613584804977,0.007228571428571433,0.8974542221774809,0.8448131827854101,0.8537255473138784,0.9939549333965099
CD22,0.04406000000000001,0.25637123827276614,0.032260000000000004,0.5441024820609086,-0.011800000000000014,0.8116742887686255,0.5458890010922961,0.7753329291246601,0.9879395392394905
CD244,0.1348,0.019468412500522128,0.18144999999999997,0.00616797577337809,0.046650000000000004,0.3842690949929787,0.19557345994543107,0.0949550061731043,0.9471774407456163
CD276,0.034580000000000014,0.5316630460083654,0.002820000000000003,0.9618078482401621,-0.03176000000000002,0.6417122248150039,0.764949083825944,0.9828839854363813,0.9619401148472417
CD4,0.3289875,0.008045477536569288,0.2495,0.05032762982890427,-0.14105714285714285,0.1945856444056599,0.158084765867325,0.1981120624515121,0.9471774407456163
CD40,0.46768,0.006240123255230748,0.67114,0.004107495776275013,0.20345999999999992,0.37771869047087203,0.14708569444786923,0.08945185066478033,0.9471774407456163
CD40LG,0.6365800000000001,0.030484612977266755,0.44003,0.3094522790753842,-0.19655000000000009,0.6626586736361617,0.2219128145992319,0.5813112505904595,0.9619401148472417
CD48,0.10317000000000001,0.02717040144866512,0.03094999999999997,0.6194725205421433,-0.07222000000000002,0.28176403235506675,0.21537709065064128,0.8157822794051174,0.9471774407456163
CD58,0.04442,0.396446241093928,0.04805,0.3325208219181486,0.003630000000000011,0.9587190341007414,0.6683498324845223,0.6075535912907466,0.994306177352909
CD6,-0.04664999999999999,0.4330019090653263,0.07372000000000001,0.1450722098041688,0.12037,0.09542915064615413,0.6857963720367232,0.3839839210852684,0.9443341999213253
CD70,0.011087500000000014,0.9411504218415387,-0.07803749999999998,0.7364520078210338,-0.07000000000000002,0.8313189704610704,0.9748462983536836,0.875351579238876,0.9907450367222617
CD79B,0.15672000000000003,0.003379609364298357,0.08092999999999999,0.3703562725441072,-0.07579,0.3164162451085876,0.12671339278738336,0.6427092313848712,0.9471774407456163
CD83,-0.1653,0.236359920803353,0.06540000000000001,0.6731630079304524,0.1751857142857143,0.3336386868852861,0.5229107284038036,0.8432659569152545,0.9471774407456163
CD84,0.192375,0.13666464535238848,0.2283125,0.36382743311187016,-0.029071428571428557,0.9109729386243216,0.40412510007265057,0.6381641781986116,0.9940568131447077
CDON,0.07487999999999999,0.21275408136555746,-0.004270000000000005,0.9602412865794128,-0.07914999999999998,0.3861721744388118,0.4906369631491427,0.9825641205520508,0.9471774407456163
CDSN,0.04464000000000001,0.4855879232012892,0.09158,0.5043508574548272,0.04693999999999998,0.6594979236896299,0.7278863869211162,0.7487533194554231,0.9619401148472417
CEACAM21,0.10005,0.3669387669035221,0.19207499999999997,0.3310732579221822,0.11692857142857138,0.6297606259503759,0.642258017569033,0.6069167648419677,0.9619401148472417
CEP164,0.23026999999999997,0.4338116071359158,0.6877111111111112,0.2559492440126834,0.28541111111111117,0.5576550245758232,0.6857963720367232,0.5229338518145088,0.9519862693342023
CHRDL1,0.16834000000000002,0.03173893538620877,0.17945,0.06988440071512318,0.011109999999999976,0.9179999893117701,0.22434922053807554,0.24126952914339825,0.9940568131447077
CKAP4,0.02919000000000001,0.3847654724645294,0.005780000000000016,0.9468497840707255,-0.02341,0.7557145225809075,0.6555758334229149,0.9767713011235223,0.9807934968107775
CKMT1A_CKMT1B,-0.02507999999999999,0.8151758655588205,0.07765000000000008,0.3291534199743631,0.10273000000000007,0.4313698996673123,0.9219347890305949,0.6047859586520817,0.9471774407456163
CLEC4A,-0.0039374999999999966,0.9569458496452536,-0.07866250000000001,0.5638336552886967,-0.1388,0.34799200697429333,0.982667932839335,0.788079580988673,0.9471774407456163
CLEC4C,-0.0034250000000000044,0.9592346108538876,-0.1332625,0.4008160449965867,-0.1652,0.43101275542411405,0.9840193040114252,0.6671940737676894,0.9471774407456163
CLEC4D,-0.17345000000000002,0.2884147015551408,-0.2585375,0.527166431227591,-0.16805714285714288,0.7098933976388875,0.5785402703506215,0.7652247899934101,0.9731307826730388
CLEC4G,0.0760125,0.4029110508235482,0.049087500000000006,0.6091520205883939,-0.0732857142857143,0.5481483212614409,0.6710616027888802,0.8096620063234375,0.9519862693342023
CLEC7A,0.010049999999999995,0.8680502619469324,-0.009330000000000015,0.8732807896453683,-0.01938000000000001,0.7828714000966345,0.9421733947746191,0.9456074279954809,0.9839089183419631
CLIP2,1.19785,0.00816710165752205,1.8397999999999999,0.008046067641723125,0.719242857142857,0.3982514697312824,0.158084765867325,0.09890940054971775,0.9471774407456163
CLSTN2,-0.028709999999999996,0.5389565396423321,0.0070700000000000094,0.9281222905327035,0.03577999999999999,0.6236072462552933,0.7705373788171153,0.9717830682769362,0.9619401148472417
CNTNAP2,-0.19681249999999997,0.40079585569315507,-0.7225125000000001,0.0032490392710240695,-0.544357142857143,0.057864560914896356,0.669807287426588,0.08757502181897904,0.9064257716854434
COL9A1,-0.14828750000000002,0.0906845225367263,-0.056374999999999925,0.6783688993084253,0.015628571428571547,0.9281485931952251,0.3297414940753737,0.8448002584323063,0.9940568131447077
COLEC12,0.13013999999999998,0.009459211569831786,0.03637000000000002,0.5238294431206495,-0.09376999999999999,0.14275894174204284,0.16058218162856128,0.7637062039963614,0.9471774407456163
CRELD2,0.33329,0.0068309468205388,0.34021,0.0014181368687022449,0.0069200000000000095,0.9462623094828198,0.1532009294560534,0.06830305115159337,0.9940568131447077
CRHBP,0.14738,0.05581938733455898,0.15775,0.05538402612612448,0.01037,0.8677338606691986,0.27116204941000754,0.20968849066823936,0.9938501124438283
CRIM1,0.36297,7.679154984836273e-06,0.30378000000000005,0.00612021176079792,-0.059189999999999965,0.49674045707565606,0.005640339336362243,0.0949550061731043,0.9519862693342023
CRKL,1.10695,0.025640921803450307,1.70561,0.006272521602622793,0.59866,0.3582695132372954,0.21462401213258403,0.0949550061731043,0.9471774407456163
CRLF1,0.07930999999999999,0.20115607887841314,0.02065999999999999,0.681787861128286,-0.05865,0.3418551292424625,0.4789275200524941,0.8448632587024221,0.9471774407456163
CSF1,0.11328,0.03540954933322529,0.04721,0.449883275555108,-0.06607000000000003,0.35673452585717913,0.23362760166379812,0.7059492960029335,0.9471774407456163
CSF3,0.18452,0.3858020694145212,0.036277777777777805,0.8191249301441619,-0.14672222222222217,0.5344281228353729,0.6559528240392728,0.9202417671995528,0.9519862693342023
CST7,0.153,0.14552803508980186,0.15919000000000003,0.4147790869608464,0.006190000000000006,0.9756488858084343,0.4119088314969536,0.6792758960373282,0.994306177352909
CTRC,0.04062999999999999,0.4989216991425477,0.17662999999999998,0.002338593911855462,0.13599999999999998,0.05593562289804647,0.7376858293634049,0.07634209903368164,0.9064257716854434
CTSC,0.12279999999999998,0.13686333375503312,0.16985999999999998,0.19880226053046993,0.04705999999999999,0.7261816669292835,0.40412510007265057,0.45949071036134215,0.9762572927931781
CTSO,0.22244000000000003,0.0033816742547422935,0.27364,0.006149633990506021,0.05119999999999998,0.6077523623283413,0.12671339278738336,0.0949550061731043,0.9619401148472417
CXADR,-0.03209999999999999,0.8287832177301525,0.08424999999999999,0.5493358952201326,0.03907142857142855,0.8800984807881859,0.9258422409472198,0.7766336611095297,0.9939549333965099
CXCL1,0.24312999999999993,0.1989420634781616,0.20236,0.5548223814006352,-0.04076999999999995,0.9081912107099589,0.47706580021856265,0.781058052973199,0.9940568131447077
CXCL10,-0.03854000000000003,0.7693789308467911,0.022809999999999997,0.8489338455920715,0.06135000000000003,0.4728971600129964,0.9044109840540865,0.9327478079093141,0.9471774407456163
CXCL12,0.27289,0.18106795255749297,0.41262222222222217,0.033152430929115934,0.11617777777777777,0.6694404302981796,0.4566331713424157,0.1570997452737784,0.9619401148472417
CXCL14,0.16222999999999996,0.296206472140907,0.26215555555555553,0.025766770688116423,0.10584444444444446,0.6480701719455993,0.5826324126828532,0.13861438894078815,0.9619401148472417
CXCL17,0.4407,2.426015655010584e-05,0.60269,3.440637703846299e-05,0.16199,0.010623513290380283,0.00890954249302637,0.01485244556375714,0.7865420294170457
CXCL3,0.8455499999999999,0.010002225744733395,0.91729,0.014599331488888699,0.0717400000000001,0.8477788703352434,0.16058218162856128,0.11030147269601408,0.9921602299275276
CXCL6,0.11428,0.29199829160510477,0.25113,0.3914801543247207,0.13684999999999997,0.6566484129770847,0.5797037768246098,0.6594813242484411,0.9619401148472417
CXCL8__Inflammation,-0.031509999999999996,0.7544465011897965,0.039959999999999954,0.8864798152362965,0.07146999999999996,0.828898449422318,0.897010099979518,0.9516915218648025,0.9897676525572143
CXCL9,0.09647999999999997,0.39964544190250284,0.16025999999999999,0.009086252379674175,0.06378000000000003,0.5925218320520474,0.6697343548598658,0.09968436135564301,0.9619401148472417
DAG1,0.4388599999999999,0.00824185121828492,0.5295799999999999,0.00023565478783966156,0.09071999999999995,0.5468376688138173,0.158084765867325,0.035877809186110124,0.9519862693342023
DAPP1,0.034024999999999986,0.8499723945851292,0.8769125,0.00803405520785829,0.8453285714285714,0.04471795664866569,0.9331097040340716,0.09890940054971775,0.9064257716854434
DBNL,1.1085800000000001,0.01925552636621194,1.60371,0.0034986601260795884,0.49512999999999996,0.38973601747563813,0.19557345994543107,0.08926735096139099,0.9471774407456163
DECR1,0.8550750000000001,0.04160885784347617,1.47735,0.017476884325736318,0.6606857142857143,0.3729154239228373,0.2466909277241592,0.1171652532369276,0.9471774407456163
DFFA,0.10559,0.5803105479490351,0.4091699999999999,0.02130173255106714,0.3035799999999999,0.22311210040895255,0.8015104464845281,0.12694622765727234,0.9471774407456163
DGKZ,0.11087000000000002,0.5396914136632219,0.2520888888888889,0.008368281224666284,0.2004555555555555,0.3626616131507719,0.7712127302249738,0.09968436135564301,0.9471774407456163
DNAJA2,0.7889099999999999,0.022329128764869283,1.0905999999999998,0.0064600096975827885,0.30169000000000007,0.5043206219070595,0.20252457753886477,0.0949550061731043,0.9519862693342023
DNER,0.14046999999999998,0.031439119631777666,0.05865999999999999,0.3370068548904991,-0.08181000000000001,0.20241810244603956,0.22434922053807554,0.6127018191016623,0.9471774407456163
DNPH1,-0.05723,0.8778927177146088,0.38090999999999997,0.08352273327932754,0.43814000000000003,0.28768074200540017,0.9440881422567791,0.27263781190307335,0.9471774407456163
DPP10,-0.1943125,0.21786921429673345,-0.08907499999999999,0.26867810775060796,0.12962857142857143,0.4496293356757163,0.49697185683525075,0.5384558530499906,0.9471774407456163
EDAR,0.5702375,0.028076489258587974,0.662325,0.046010749940763686,0.042142857142857246,0.8973849040441986,0.2180096336292813,0.18879830073458617,0.9939549333965099
EGF,0.77071,0.019037961928035006,0.7092599999999998,0.0943442481327279,-0.061450000000000025,0.8841736086716805,0.1955717907152687,0.29300570931707676,0.9939549333965099
EGLN1,0.127975,0.2840206425169725,-0.09633749999999996,0.6628597344997791,-0.24350000000000002,0.37126888668896596,0.5731130822217481,0.8398089992408315,0.9471774407456163
EIF4G1,1.00221,0.030458492072812104,1.7270699999999999,0.016742288498628397,0.7248599999999998,0.3214305760068672,0.2219128145992319,0.11650559759010226,0.9471774407456163
EIF5A,-0.37256,0.09449410891101356,-0.0020888888888889088,0.9926501686564733,0.4071666666666667,0.2821255283612649,0.335294313986181,0.9957003057400883,0.9471774407456163
ENAH,-0.69872,0.023434323388299223,0.5239444444444444,0.04912382314603208,1.2223777777777778,0.005815231578359131,0.20449843111752022,0.1960341062033234,0.73125979714228
ENPP5,0.08637999999999998,0.07081351437938378,0.05850999999999999,0.23414725124337482,-0.027869999999999978,0.6805709442428468,0.298633624566536,0.49777469186182,0.9619401148472417
ENPP7,0.11371000000000002,0.06590828361132642,0.11103,0.06663263727882529,-0.0026800000000000213,0.9764245717584985,0.28944474925273095,0.23583338445085156,0.994306177352909
EPCAM,0.07883,0.06927237767169073,0.12059000000000002,0.12657950048998132,0.041760000000000005,0.6120302517509169,0.2970382751514861,0.3506177561960084,0.9619401148472417
EPHA1,0.15095999999999998,0.11164169286067145,0.13030999999999998,0.10151978570895392,-0.02065,0.7045322931288711,0.3726594973268113,0.30717315181555777,0.9701503587453412
EPO,0.17900000000000005,0.2420560493365408,-0.34204999999999997,0.04529556189143025,-0.4649000000000001,0.11481625707485996,0.5283511686112606,0.18743431103805927,0.9471774407456163
ERBB3,0.12366999999999999,0.03106277027431233,0.08930000000000002,0.08548288769489905,-0.03436999999999998,0.44430889535937645,0.22423198787697696,0.2769420010274237,0.9471774407456163
ESM1,0.26952,9.551435337706716e-05,0.24394,0.020832603555553778,-0.025579999999999964,0.7287437794423368,0.021586243863217176,0.12619832834271547,0.9762572927931781
F2R,0.44347999999999993,0.01815617945079032,0.7841699999999999,0.05283604886273801,0.34069000000000005,0.42873911750841753,0.19188077419576244,0.20392113351232066,0.9471774407456163
FABP1,0.47706,0.008266172599231214,0.6496999999999999,0.007073507654346967,0.17264,0.562677944333728,0.158084765867325,0.09772900575722467,0.9519862693342023
FABP9,0.051950000000000024,0.46873416993896533,0.02132500000000001,0.8804291524265265,-0.09121428571428572,0.5623868792079005,0.7117894521464732,0.9479601526838835,0.9519862693342023
FASLG,-0.01169,0.7775412749531094,-0.016220000000000005,0.5925514065282282,-0.004530000000000009,0.9240607834816359,0.9057955058732099,0.801727030300665,0.9940568131447077
FCAR,-0.06751250000000003,0.5533723279863267,0.03717499999999999,0.6638430132088342,0.07857142857142858,0.6780302863307519,0.7827674047298161,0.8400898433150934,0.9619401148472417
FCRL2,0.006589999999999999,0.8654998781249483,0.0019000000000000128,0.9765445535807171,-0.0046899999999999884,0.9554922195187214,0.9415628051776928,0.9886588209580106,0.994306177352909
FCRL3,0.30735999999999997,0.1543300969457037,0.4153,0.08696087939846638,-0.010844444444444427,0.9427321255678851,0.4233630483907353,0.27842069576859885,0.9940568131447077
FCRL6,-0.12542499999999998,0.18007797320673627,-0.010975000000000013,0.9413004925571173,0.031357142857142854,0.7552471293185233,0.455979290793896,0.9741843881381597,0.9807934968107775
FGF19,-0.21029,0.17293783887063882,0.15758,0.2397764688174784,0.36787000000000003,0.04221907688030378,0.44765658317497314,0.5037619591627759,0.8859974848166609
FGF2,0.3183125,0.2144306790983827,0.5476875000000001,0.004110279046884052,0.2469714285714286,0.38518033635826765,0.4937283191152417,0.08945185066478033,0.9471774407456163
FGF5,0.027569999999999973,0.8430591204648783,0.14151111111111112,0.29405862642819713,0.15460000000000002,0.43321814172896,0.9293818768674352,0.5668909572386988,0.9471774407456163
FIS1,0.45083,0.05030429816627547,0.75336,0.004792844090024465,0.3025300000000001,0.2632316431018151,0.26020075354316435,0.09387583957661252,0.9471774407456163
FKBP1B,0.14781,0.03830237152044327,0.25992000000000004,0.03918319642817677,0.11211,0.44242420036395624,0.2417561543995058,0.1705860505958198,0.9471774407456163
FLT3LG,-0.25764000000000004,0.0005659505050523703,-0.30151000000000006,0.0007104768222053772,-0.04387,0.5657070214194977,0.04871692006978372,0.05091172935705849,0.9519862693342023
FOXO1,-0.030337499999999976,0.8529303078134787,0.168525,0.2862501493151876,0.1519285714285714,0.5063194347112803,0.9350388878801974,0.5595495267385371,0.9519862693342023
FST,0.4465199999999999,0.0004370110923541225,0.38737999999999995,0.06781919445791812,-0.05914000000000004,0.7575321058459368,0.04012308091676287,0.2380559059944605,0.9807934968107775
FSTL3,0.19710999999999998,0.0048216279459660375,0.09337000000000001,0.25298005278789215,-0.10373999999999999,0.0837359076196645,0.132455724147496,0.5193958036972937,0.9214086014478438
FXYD5,0.16372,0.42929569133424206,0.01765555555555555,0.902743093464876,-0.0579111111111111,0.8056759096830584,0.6857963720367232,0.9602676352642309,0.986281592770344
GAL,0.17625,0.03764502717183434,0.12453,0.03664637326475231,-0.051719999999999974,0.5693864855372806,0.24063280371349866,0.16615284668494182,0.9546950080840595
GALNT3,0.15021,0.331620478135157,0.009411111111111141,0.9491436591440152,-0.05963333333333329,0.754958652531478,0.6160814582788928,0.9781073555121419,0.9807934968107775
GBP2,-0.33122,0.4607354096800719,0.8777555555555556,0.12734093728155035,1.3419666666666668,0.11181684820916808,0.706493023820486,0.3516237535086419,0.9471774407456163
GLOD4,0.24487999999999993,0.3265422108954227,0.4824400000000001,0.012474791103192861,0.23756,0.4025237930676707,0.6121573926880424,0.10425158837055143,0.9471774407456163
GMPR,0.22393999999999997,0.5423136889312082,0.73575,0.023244154997527623,0.51181,0.24838670844686284,0.7737909665218229,0.1319080044451216,0.9471774407456163
GOPC,0.5147,0.04457927094033783,1.0552125,0.027402678852616675,0.4818142857142857,0.4089859209778704,0.24788089811044448,0.14274657884572303,0.9471774407456163
GZMA,0.19648,0.0026094468389677716,0.29444,0.03113294757774302,0.09795999999999998,0.4402250369890963,0.10502129880667552,0.15194119598572922,0.9471774407456163
GZMB,0.3438625,0.047580877474597355,0.57135,0.00039093951219579335,0.13157142857142853,0.49052456128195776,0.2546313625143297,0.038545515628720994,0.9500051193529192
HCLS1,0.6089699999999999,0.0608601085681406,0.88809,0.00843437022641232,0.2791200000000001,0.4361279716347666,0.28096605642885975,0.09968436135564301,0.9471774407456163
HEXIM1,0.7196,0.08200000000014065,1.0685625,0.013686574913429478,0.42605714285714286,0.49644925202911805,0.3148740765901557,0.10780471071221395,0.9519862693342023
HGF,0.14427000000000004,0.07024646095888493,0.14603,0.5539072219560108,0.001759999999999967,0.9948988058011563,0.2978125574274227,0.780457270866172,0.9982011704117378
HLA-DRA,0.028812499999999984,0.8621468611162041,-0.12732500000000002,0.22050174527460384,-0.1929714285714286,0.4443490277002204,0.9398840363485742,0.4819486355448451,0.9471774407456163
HLA-E,0.11652499999999999,0.1349856975783641,0.2987375,0.1701786595961566,0.2048,0.36871293397881194,0.4026273903403388,0.4187794899368715,0.9471774407456163
HPCAL1,0.54898,0.028224228003822485,0.86843,0.005834217403479689,0.3194500000000001,0.34596001371023466,0.2180096336292813,0.0949550061731043,0.9471774407456163
HSD11B1,0.0811,0.3719256800852611,0.004225,0.9757830925860085,-0.14064285714285713,0.5096423633252509,0.6457432180114038,0.98856921586817,0.9519862693342023
HSPA1A,0.3088000000000001,0.21666442611522188,0.7138899999999999,0.006683231864453575,0.40509000000000006,0.24248154943870398,0.4957633052387242,0.09625164322433628,0.9471774407456163
ICA1,0.08308,0.7158091101563631,0.33914444444444447,0.1933831769971455,0.2519,0.4731246097243471,0.8808440101844918,0.4534395642598671,0.9471774407456163
ICAM4,0.1365,0.07542999278230146,-0.02499999999999998,0.800705295578839,-0.20481428571428567,0.1955374800582179,0.30651911313195257,0.9094677661433261,0.9471774407456163
IDS,-0.036,0.20259235418454166,0.004330000000000003,0.8953078736652869,0.040330000000000005,0.2837073424789698,0.4815666153674623,0.9561666786000046,0.9471774407456163
IFNG,-0.38404999999999995,0.41930583669750066,0.1840777777777778,0.8070798559556556,0.6046444444444443,0.5037246445174076,0.6827097922419254,0.9123443540640651,0.9519862693342023
IFNGR1,-0.03051000000000001,0.424902137827725,0.042280000000000005,0.46215440726380164,0.07279000000000001,0.19963812543532142,0.6853124768051386,0.7165222419741685,0.9471774407456163
IFNLR1,0.0784625,0.3459888500266876,0.1127,0.4075835637237021,0.00994285714285715,0.9228126446750844,0.6254400502296797,0.6761606494750066,0.9940568131447077
IKBKG,0.6067250000000001,0.04970731413101408,1.118125,0.012704633795563896,0.5036714285714285,0.4422846239379939,0.2581595471999858,0.10544128274397381,0.9471774407456163
IL10,-0.19597000000000003,0.38925647167642874,-0.12904444444444443,0.6730624819016682,0.12597777777777777,0.7104519439222303,0.6606790951966192,0.8432659569152545,0.9731307826730388
IL10RA,-0.10761000000000003,0.4987838160489457,-0.04541111111111107,0.8298800753608808,0.07290000000000006,0.8255438789132834,0.7376858293634049,0.924710538541159,0.9897676525572143
IL10RB,0.13165,0.01720610864743604,0.06308,0.2142225984008019,-0.06856999999999999,0.2781569101013964,0.18792396730917132,0.47608622851857485,0.9471774407456163
IL11,0.09512000000000001,0.6780740615335423,0.13222222222222224,0.4815243513338968,0.09474444444444442,0.7679507854774229,0.8620430951040879,0.7294692445456423,0.9812334329398464
IL12B,0.08787,0.031451074077385704,0.03969999999999999,0.592703562714582,-0.04817000000000001,0.5195541581732075,0.22434922053807554,0.801727030300665,0.9519862693342023
IL12RB1,-0.08233000000000003,0.8164541861678519,-0.18385555555555558,0.47358517173039405,-0.0838666666666667,0.8801485353441689,0.9219347890305949,0.7249284409133891,0.9939549333965099
IL13,-0.15277,0.1583298696140927,0.10715555555555557,0.4503973834589349,0.29832222222222227,0.0780910268399822,0.4279367017677313,0.7061192703320975,0.9151422335713614
IL15,0.024374999999999997,0.45880352220826826,0.19858749999999997,0.09019825563943583,0.1587285714285714,0.25172725120588124,0.7053714014902628,0.28372856003068786,0.9471774407456163
IL15RA,-0.03777000000000005,0.8750621095400695,0.1290888888888889,0.47943004446358795,0.1777333333333334,0.4314490988995501,0.9431161755865928,0.7285774093116186,0.9471774407456163
IL16,-0.047830000000000004,0.47535941921695846,0.0025699999999999833,0.9843801197007791,0.050400000000000014,0.7192848390351956,0.7173117481558418,0.9928282841335011,0.9747503953345962
IL17A,-0.04550000000000003,0.7107320047382525,0.09506666666666666,0.6136807997228215,0.22392222222222224,0.3291766565232914,0.8795228110402308,0.8128918798853244,0.9471774407456163
IL17C,-0.0063799999999999855,0.9713019758321726,-0.0203888888888889,0.854731000445309,0.0761222222222222,0.5934043561966822,0.9870537533283615,0.9353065585214374,0.9619401148472417
IL17D,-0.16179000000000004,0.14416215719681336,0.25924444444444444,0.03261715895553123,0.48576666666666657,0.00026099583789835284,0.40922552448718613,0.15601920911871467,0.6408264471695905
IL17F,-0.2146199999999999,0.30460415474477515,0.1977777777777778,0.1728413302467917,0.4909444444444444,0.024574334780514632,0.5899321072117003,0.422820839521294,0.8143181893514128
IL17RB,0.022362499999999993,0.743553938478708,0.04519999999999998,0.7346868809806247,-0.021885714285714286,0.9067121850891505,0.892021833911982,0.8745988882986528,0.9939549333965099
IL18,0.15923999999999996,0.08952342621810899,0.2545800000000001,0.00011175109094033716,0.09534000000000005,0.3166935784526721,0.32918626561802783,0.027693482874568714,0.9471774407456163
IL18R1,0.030430000000000002,0.40446578728623805,0.015449999999999986,0.8322991445229331,-0.014980000000000038,0.8496511703531857,0.6717470226381953,0.9261945497661976,0.9921602299275276
IL1A,-0.44632999999999995,0.5772590296799176,0.19529999999999997,0.35365489904596975,0.7590666666666667,0.4221788055572795,0.7999938816979235,0.6297200566042782,0.9471774407456163
IL1B,-0.5104,0.3236469176155957,0.39997777777777777,0.08987914153330608,0.9835555555555554,0.1509457125915525,0.6095350281760386,0.28357176959628766,0.9471774407456163
IL1R2,0.06415,0.19927142256526473,0.048469999999999985,0.22611462339379465,-0.015679999999999996,0.7980857178720524,0.47706580021856265,0.4902765782516374,0.985768737086236
IL1RL2,0.2049,0.07716802190807209,0.21528888888888886,0.06830465349450407,0.04203333333333333,0.7751914496448795,0.30860783880246806,0.2388310528487894,0.9825334249597308
IL1RN,0.21699000000000002,0.0047232022710807205,0.1358200000000001,0.353462852374579,-0.08116999999999995,0.6147463670835547,0.132455724147496,0.6297200566042782,0.9619401148472417
IL2,-0.35216000000000003,0.07972588603803427,0.29811111111111116,0.3361642493264281,0.5950333333333333,0.06398915668295513,0.31273216757642663,0.6123066116063519,0.9131181923353178
IL20,-0.18325,0.3524183432250627,0.06420000000000001,0.779474744381095,0.14544444444444443,0.6419878399975729,0.6319856820797859,0.8987648115920525,0.9619401148472417
IL20RA,0.018350000000000033,0.931908556825146,0.22777777777777775,0.2569025609780329,0.24421111111111107,0.29599365099295577,0.970559142131258,0.5239937123918537,0.9471774407456163
IL22RA1,-0.05074000000000001,0.7595929272868378,0.20240000000000002,0.10703961318541268,0.2330777777777778,0.37170604936051693,0.8995098832602698,0.31765897327145703,0.9471774407456163
IL24,-0.06783999999999998,0.7412260023010844,0.3903111111111111,0.05927521419475099,0.5140333333333333,0.19049615218218616,0.8913745191791196,0.21905733245808606,0.9471774407456163
IL2RB,-0.20712000000000003,0.45160328632435554,0.05825555555555558,0.7801401232294315,0.2295111111111111,0.5043790515975486,0.7016448731998712,0.898843796881596,0.9519862693342023
IL32,-0.07247500000000004,0.40344073221989063,-0.07995000000000001,0.40979364642389826,-0.06547142857142854,0.672806907509854,0.6712699366406931,0.6779131380593543,0.9619401148472417
IL33,-0.36268,0.19915289926160207,0.7653666666666666,0.049242059352638756,1.0846555555555557,0.07580125659020955,0.47706580021856265,0.1960341062033234,0.9151422335713614
IL3RA,-0.20746999999999996,0.09423799756091072,-0.20381111111111105,0.6573880298571941,0.01586666666666669,0.9758184496174893,0.3351952019781546,0.8368310362740192,0.994306177352909
IL4,0.42219999999999996,0.6027597895944006,-1.4696555555555557,0.08196124974900668,-2.0289222222222225,0.03087592018893608,0.8172165490670739,0.2696552651316703,0.818148604207796
IL4R,0.01773749999999999,0.8256622063006525,0.0668,0.5495647996755317,-0.00811428571428571,0.9639815970731964,0.9258422409472198,0.7766336611095297,0.994306177352909
IL5,-0.2370499999999999,0.8459611693699995,-0.1681888888888889,0.6615554180157832,0.1156777777777777,0.9425649221592372,0.9305256142302728,0.8389014977916082,0.9940568131447077
IL5RA,0.1102,0.2038766991711111,0.109075,0.48613241302256416,-0.09027142857142856,0.5749990047541262,0.4832004598407489,0.7318665630938164,0.9570494671275532
IL6__Inflammation,0.45711250000000003,0.2577197807715125,0.58795,0.2620184274568325,-0.04601428571428586,0.944374650355297,0.5469219668213448,0.5298073915128519,0.9940568131447077
IL7,0.1365875,0.4577182022905887,0.060075,0.8818016844553602,-0.24788571428571432,0.5723787110920401,0.7051259090614392,0.9485859605885216,0.9554821893115988
IRAK1,0.71803,0.010607345547078494,0.7096222222222222,0.010925060890626472,0.0625,0.8476810095712147,0.1607836095052678,0.10183942584695803,0.9921602299275276
IRAK4,0.5420375,0.14149451514690428,1.4122,0.006078179995824628,0.9058857142857143,0.2311870439944746,0.40591406614067166,0.0949550061731043,0.9471774407456163
ISM1,-0.20287500000000003,0.02653675231081252,-0.06415000000000001,0.5975963032333009,0.04969999999999998,0.7549216179604502,0.21482755378190904,0.8050945599235427,0.9807934968107775
ITGA11,-0.006912499999999992,0.9433247196118184,0.0033500000000000266,0.9744588194726413,-0.04778571428571427,0.7422272046314683,0.9748462983536836,0.9879089066979366,0.9800993461384845
ITGA6,0.14193749999999988,0.2556217794067514,-0.31145,0.11107849393427947,-0.5264857142857141,0.05094065554899754,0.5452511958735458,0.32348343578964045,0.9064257716854434
ITGB6,0.15314,0.1741826938216558,0.045599999999999995,0.8064197126794932,-0.14659999999999998,0.4386988464496294,0.4477889452645188,0.9123443540640651,0.9471774407456163
ITM2A,-0.37875,0.14144582515727433,0.11236249999999992,0.3442023057335411,0.4355142857142856,0.15254907516283278,0.40591406614067166,0.6196485136306028,0.9471774407456163
JCHAIN,-0.25477999999999995,0.45792383747080534,0.644088888888889,0.04370248897776514,0.8557888888888889,0.05833263810473883,0.7051259090614392,0.18316392669996287,0.9064257716854434
JUN,-0.038430000000000006,0.8308360029326212,0.17853333333333332,0.2922236466187404,0.21706666666666663,0.3624939259735325,0.9267259592316025,0.5659545641172441,0.9471774407456163
KLRB1,-0.026880000000000008,0.6215115625030405,0.013600000000000001,0.8293181850294071,0.04048,0.4715863607035008,0.8296233396792063,0.924710538541159,0.9471774407456163
KLRD1,0.029830000000000002,0.42649799195564686,0.08940000000000002,0.08689310870466949,0.05957000000000001,0.2614169268590352,0.6853124768051386,0.27842069576859885,0.9471774407456163
KRT19,0.04351250000000004,0.8074447693145792,-0.23099999999999998,0.4889972141787329,-0.3337571428571429,0.4130683854769409,0.9189964919173103,0.7342477257924037,0.9471774407456163
KYNU,0.009330000000000022,0.773842672263517,0.06604999999999994,0.19537780132730306,0.056719999999999916,0.26160982736171057,0.9050755458241294,0.45557141293620346,0.9471774407456163
LAIR1,0.08781999999999998,0.07948045178298177,0.11453000000000002,0.18181734122681628,0.026710000000000022,0.7713343013833495,0.31273216757642663,0.43893126419423684,0.9812334329398464
LAMA4,0.29139,0.0002922213866525496,0.27785000000000004,0.01214764171237939,-0.013540000000000002,0.8711178164692657,0.03509975341493238,0.10425158837055143,0.9938501124438283
LAMP3,0.042510000000000006,0.4112012936536358,0.03763999999999999,0.49418925270435976,-0.004870000000000018,0.9402577651761987,0.6763963451297045,0.7396474908025517,0.9940568131447077
LAP3,0.21404,0.3439492885329666,0.2292777777777778,0.4311396624143775,-0.10402222222222221,0.7502642100897223,0.6247929926113861,0.6914139085199341,0.9807934968107775
LAT,0.81511,0.020508916050148013,0.7825999999999999,0.012781010485863708,-0.03251000000000002,0.9304536777507944,0.20085065118444953,0.1056139026773502,0.9940568131447077
LGALS4,-0.040950000000000014,0.4346378623555922,-0.034140000000000024,0.7053010929849095,0.006809999999999988,0.9468284365879638,0.6861719718434872,0.8548575128670232,0.9940568131447077
LGALS9,0.08897999999999999,0.1007499588950074,0.06915999999999999,0.20350880559684179,-0.019819999999999994,0.7784921231971779,0.3482392696865079,0.46566111436411306,0.9839089183419631
LGMN,0.22047000000000003,0.011044310808847992,0.22338999999999998,0.01768348420769626,0.0029199999999999894,0.9730595994270292,0.1607836095052678,0.11780969751068392,0.994306177352909
LHPP,-0.05739999999999999,0.8425389481474383,0.32752,0.045916598873120856,0.38492,0.22902664443179024,0.9293818768674352,0.18867547900591478,0.9471774407456163
LIFR,-0.08745,0.28245384295447795,-0.03468749999999998,0.7833916060456965,-0.026214285714285714,0.8075275600928589,0.5711282798350008,0.9012005861394168,0.9873141787568953
LILRB4,-0.09182999999999998,0.31843768389761146,0.32754444444444447,0.08763472508269321,0.4402111111111111,0.010513009990418255,0.6043733302914616,0.27943683463631513,0.7865420294170457
LRRN1,-0.07373,0.3342402954527102,0.19523333333333331,0.0037950424568529498,0.29655555555555557,0.0039204325618805635,0.617997475166811,0.08926735096139099,0.7204244661560001
LSP1,-0.07592499999999999,0.7475847686125343,-0.08733750000000001,0.7773272760368923,-0.03495714285714291,0.9473046224930248,0.8937681928979407,0.8977392084166032,0.9940568131447077
LTA,0.090475,0.22007545741151688,0.0995625,0.38787657381614377,-0.07385714285714284,0.5279401558537147,0.5005027952366513,0.6555250918880599,0.9519862693342023
LTBR,0.038189999999999995,0.47751675204517763,0.002910000000000007,0.9523027020890722,-0.03527999999999999,0.5277488506919616,0.719458573081401,0.9793018336498753,0.9519862693342023
LTO1,-0.5115799999999999,0.013829031607729664,0.0698111111111111,0.7920375880895788,0.6123888888888889,0.11154273787589272,0.17686374724798767,0.9054499742440398,0.9471774407456163
LY6D,0.20232,0.006284931255295995,0.03926,0.7605778613527884,-0.16306,0.12367049471116637,0.14708569444786923,0.8894141355095471,0.9471774407456163
LY75,-0.03918750000000003,0.6606215128593484,-0.05548749999999998,0.7155636424226781,-0.04552857142857135,0.7858101000844131,0.8527706523641325,0.8630238019038704,0.9839089183419631
LY9,0.003800000000000006,0.9151927925468912,0.011100000000000002,0.816279522990912,0.007299999999999996,0.883767669015035,0.9622827519629884,0.9188617772211874,0.9939549333965099
MANF,1.31913,0.021391050040099505,1.7705899999999999,0.0032238131913357314,0.45146,0.4622612775536308,0.20240610399962805,0.08757502181897904,0.9471774407456163
MAP2K6,1.233275,0.022678892447340542,1.7134999999999998,0.009359124267922281,0.5330857142857146,0.4249846052649078,0.20252457753886477,0.09968436135564301,0.9471774407456163
MAPK9,-0.09287499999999999,0.6188445399769624,0.3437125,0.2069086894446287,0.6656714285714286,0.06590580728824154,0.8286988415917573,0.4672542118280701,0.9151422335713614
MATN2,0.32145,0.00011041882792305833,0.409,0.00047022632579702864,0.08754999999999999,0.2459780545403151,0.022989580132030736,0.040633086623284416,0.9471774407456163
MEGF10,0.10206,0.07615154056022856,0.04708,0.2975131009692743,-0.054979999999999994,0.32852185675224255,0.30778627833340055,0.5713029350638744,0.9471774407456163
MEPE,0.05474,0.23761131854724574,0.014629999999999999,0.7477809550124079,-0.04011,0.4526043591136981,0.5248887623246676,0.8802001398549377,0.9471774407456163
MERTK,0.01358,0.8243331213779339,-0.056910000000000016,0.47821744094243024,-0.07049000000000002,0.5292410184851524,0.9258422409472198,0.7276037501236976,0.9519862693342023
METAP1D,0.7146625,0.011616757779174577,1.0739875,0.037755123039271254,0.3686857142857143,0.5401721759264249,0.16229553232399993,0.16915077394888337,0.9519862693342023
MGLL,0.8390099999999998,0.013759527881641828,1.2443000000000004,0.009674977362790386,0.40529000000000026,0.40309688392271825,0.17686374724798767,0.10042271686228481,0.9471774407456163
MGMT,1.3209874999999998,0.016960785266041202,2.045375,0.0062880752914582045,0.7760714285714287,0.3503219429157334,0.18792396730917132,0.0949550061731043,0.9471774407456163
MICB_MICA,-0.15640000000000004,0.27289789882521487,-0.03478750000000001,0.8246723292607028,0.13762857142857146,0.5818828353563258,0.5630435581098886,0.9223019807262827,0.958195752801111
MILR1,0.07665,0.48521653494004247,0.19955555555555554,0.05061205894484181,0.11153333333333329,0.23984731584382482,0.7278712198991995,0.198788500348223,0.9471774407456163
MLN,-0.3437875,0.08647189883235062,-0.5438875,0.05073023547278443,-0.19681428571428566,0.44723567779345696,0.3230514571943115,0.198788500348223,0.9471774407456163
MMP1,0.09707999999999999,0.576535577760807,0.056910000000000016,0.8503281653603861,-0.04016999999999996,0.8976498943179184,0.7993683470794011,0.9334539849563392,0.9939549333965099
MMP10,0.13974,0.03923151625882504,0.14756999999999995,0.047098599839106976,0.007829999999999981,0.9014408013382521,0.24454706870110524,0.19086301562385696,0.9939549333965099
MPIG6B,0.8502600000000001,0.010940482294634513,0.9520099999999999,0.017546872506551445,0.10174999999999987,0.8050289999389093,0.1607836095052678,0.1171652532369276,0.986281592770344
MVK,0.13723000000000002,0.4293962511861652,0.46499999999999997,0.0858985149623135,0.2756777777777777,0.37321823927475906,0.6857963720367232,0.2771809426249949,0.9471774407456163
MYO9B,0.5050699999999999,0.09229432925514894,0.9700111111111112,0.001888162996737344,0.4670222222222222,0.20676055301633406,0.3316495208313247,0.07198964174581236,0.9471774407456163
MZB1,0.18856,0.014051953176372424,0.23366000000000006,0.0799035478033647,0.04510000000000005,0.754720343283263,0.17795102772492322,0.26458453851402663,0.9807934968107775
NBN,0.007389999999999996,0.9618893317468946,0.11052222222222222,0.5248199993783352,0.13941111111111112,0.6097835843697993,0.9841356341591891,0.7640838246647914,0.9619401148472417
NCF2,0.03236249999999996,0.8233218773108602,-0.018024999999999958,0.9729179343324967,-0.1970999999999999,0.7340956918737938,0.9258422409472198,0.9877794065405268,0.9789483843667411
NCK2,0.37248000000000003,0.03262204706910588,0.63267,0.003951771775259695,0.26019,0.30148156410907617,0.22551429244478374,0.08928843696673039,0.9471774407456163
NCLN,-0.21151,0.26119263252110003,0.18251111111111112,0.23271648250322835,0.49039999999999995,0.08150060605446202,0.5511945610863699,0.4971029451831099,0.9151422335713614
NCR1,-0.18922500000000003,0.03286303241715898,-0.069625,0.5691224932751333,0.07870000000000002,0.452278397737505,0.22664692310237813,0.7898355622306763,0.9471774407456163
NELL2,0.10871,0.12838369513731965,0.006410000000000001,0.8524189311130497,-0.10230000000000002,0.22754581093996495,0.3938699590214023,0.9346701611182487,0.9471774407456163
NFASC,-0.045279999999999994,0.3632779849184079,-0.007190000000000018,0.915453219123334,0.03808999999999999,0.7083788934811384,0.640590207650842,0.966357199928614,0.9725313967512078
NFATC1,0.5300374999999999,0.09145851326830794,1.1778250000000001,0.0019502718030520215,0.704857142857143,0.18354534983803988,0.33104379552189445,0.07198964174581236,0.9471774407456163
NFATC3,-0.09884000000000001,0.357813435514705,0.2974222222222222,0.08833229172002179,0.36879999999999996,0.11141856198145351,0.6351999235904552,0.28049329032635595,0.9471774407456163
NME3,0.10190999999999999,0.03442452333111571,0.07060999999999999,0.21990740950414175,-0.031299999999999994,0.6251708198755808,0.23197075584132557,0.4817956518442718,0.9619401148472417
NPPC,-0.11606250000000001,0.17106417747672362,-0.18093749999999997,0.2074150797863012,-0.12922857142857141,0.24098204176932714,0.4447668614394814,0.4676788214981987,0.9471774407456163
NRTN,0.13871000000000003,0.6652634901289984,-0.4411444444444445,0.14561412743248148,-0.35594444444444445,0.29794845920851354,0.8534118446762307,0.3841636099062122,0.9471774407456163
NT5C3A,0.9801000000000001,0.022220112486209673,1.6059875000000001,0.016346036139475002,0.7924999999999999,0.2967267254479985,0.20252457753886477,0.11489151717171664,0.9471774407456163
NTF3,0.1235125,0.04315885097268428,0.5877749999999999,0.0005175850198386601,0.4695,0.011284254958216413,0.24766451270971665,0.04218554874430638,0.7865420294170457
NUB1,0.4079,0.2686815015149124,1.0017875,0.010457307830189605,0.6889857142857142,0.25858071356464685,0.557082746260277,0.10042271686228481,0.9471774407456163
NUDC,0.5024000000000001,0.03546559235604287,0.8989100000000001,0.02198286116849441,0.39651000000000003,0.3189625272616821,0.23362760166379812,0.12917053896370354,0.9471774407456163
OMD,0.08916000000000003,0.05767462748193129,0.08330000000000001,0.08013313084524892,-0.005860000000000009,0.889782569930117,0.2740939770659072,0.26482692736033897,0.9939549333965099
OSCAR,0.06656999999999999,0.3068428143746354,0.03909999999999999,0.6208571909381189,-0.027470000000000005,0.6904483233592994,0.5923154984445984,0.8159957791399581,0.9632180313530967
OSM,0.11906249999999996,0.6817323960111296,-0.5797375,0.3801739053997238,-0.5957285714285714,0.48146483892742997,0.8640766952030624,0.6505247140736101,0.9471774407456163
PADI2,0.17523000000000002,0.569211211008045,0.13982222222222218,0.5647924084098532,-0.1712,0.6089229932144994,0.7924826018280079,0.78890334830139,0.9619401148472417
PAPPA,0.14942000000000003,0.5365430682093535,0.4761444444444445,0.22903311693260528,0.36345555555555553,0.3862654898065484,0.7689578216580881,0.4926056351010208,0.9471774407456163
PARP1,-0.1710375,0.33193927188808453,0.09879999999999997,0.5423001472664075,0.35014285714285714,0.10635488346303211,0.6160814582788928,0.7750655887238835,0.9471774407456163
PCDH1,-0.005540000000000001,0.7242391969473243,0.01503000000000001,0.7797656585255759,0.020570000000000005,0.6884003513897818,0.886606840838113,0.8987648115920525,0.9626164392654134
PDGFB,0.73868,0.055540151759524585,0.5963099999999999,0.19492962143414364,-0.14237000000000005,0.7413704081308591,0.27105808283967314,0.4552489886911876,0.9800993461384845
PDLIM7,1.34055,0.0085545368010977,1.79239,0.005895255689954342,0.45183999999999996,0.4633406325543703,0.158084765867325,0.0949550061731043,0.9471774407456163
PGF,0.11764999999999999,0.039824401312630035,0.09734000000000001,0.2616833874498939,-0.02031,0.7950118837817524,0.2450616551807745,0.5296908418865237,0.985768737086236
PIK3AP1,-0.38285,0.3812435147593234,0.19904999999999998,0.5566499211375266,0.7424142857142856,0.2454189583376785,0.6528565515007577,0.7826765422633453,0.9471774407456163
PKLR,-0.70667,0.07433025560131981,-0.21084,0.299210673779082,0.49583000000000005,0.17583985275378902,0.3041153980954954,0.5729407736044999,0.9471774407456163
PLA2G4A,0.46617999999999993,0.019745593575119676,0.86542,0.008653976930851225,0.39924,0.28817365818209106,0.19692773510354647,0.09968436135564301,0.9471774407456163
PLAUR,0.08571,0.06729936122480652,-0.021920000000000002,0.891818426673066,-0.10763,0.5444460519675824,0.2920613342370481,0.9548697294334796,0.9519862693342023
PLXNA4,1.0764375000000002,0.006611313029378481,1.0768624999999998,0.011636780027513647,0.04211428571428561,0.9303029219912373,0.15175029437745294,0.10380919666273121,0.9940568131447077
PNLIPRP2,-0.09973999999999995,0.34112838748498625,-0.04182999999999999,0.6937922878662579,0.057909999999999996,0.6483350877055676,0.6228932271167741,0.8503803678560975,0.9619401148472417
PNPT1,0.04219999999999998,0.8085229026199051,0.21483333333333338,0.199979067346304,0.1898777777777778,0.4259957784928543,0.9189964919173103,0.4604533697989351,0.9471774407456163
PON3,0.004990000000000011,0.8434135648929701,0.07964,0.022232185683725612,0.07465,0.06154341092209289,0.9293818768674352,0.12917053896370354,0.9131181923353178
PPP1R9B,0.5701599999999999,0.04590520086513626,1.01526,0.02973335427195168,0.44510000000000016,0.3802709598569969,0.25123981953796715,0.1493275125658018,0.9471774407456163
PRDX3,0.16465000000000002,0.3430060293205482,0.7822333333333333,0.013028694027392275,0.6263555555555556,0.018313436742442575,0.6247929926113861,0.10632861959021807,0.8143181893514128
PRDX5,0.58181,0.05832513287678491,0.9802099999999999,0.008037512021289397,0.3984000000000001,0.3586790915976493,0.275079202439685,0.09890940054971775,0.9471774407456163
PREB,-0.18981,0.192266445178477,0.0770222222222222,0.676818468068566,0.34098888888888884,0.17187070017591116,0.46868806308112326,0.8448002584323063,0.9471774407456163
PRELP,0.02753,0.7281491973587795,0.06618000000000002,0.23144042870340378,0.038650000000000004,0.5665753059625802,0.8882760281987466,0.496504418407068,0.9519862693342023
PRKAB1,0.17007999999999995,0.48471249242778514,0.31064444444444445,0.08723730272954955,0.11282222222222223,0.7610378804018223,0.7278712198991995,0.2785904298037137,0.9807934968107775
PRKCQ,-0.02152000000000003,0.9176172605354201,0.1422,0.31016456623536964,0.2033555555555556,0.31992000801417464,0.9635309190325463,0.5820150324454123,0.9471774407456163
PROK1,0.301125,0.00924505735054026,0.33953750000000005,0.010600119478047643,0.07891428571428576,0.5381894118209489,0.16058218162856128,0.10042271686228481,0.9519862693342023
PRSS8,0.16772000000000004,0.003577623457899153,0.10332999999999999,0.01644726985890152,-0.06439000000000003,0.3285079471935071,0.12671339278738336,0.1153271571490517,0.9471774407456163
PSIP1,0.312425,0.026496849545290652,0.22415000000000002,0.3408533860056103,-0.20048571428571432,0.4565443831166718,0.21482755378190904,0.6168935922582334,0.9471774407456163
PSMG3,-0.15078749999999996,0.728499828774979,0.13252500000000006,0.35821651020682266,0.4641428571428571,0.34906910958764026,0.8882760281987466,0.6319108833347495,0.9471774407456163
PSPN,0.15932500000000005,0.04475237960238818,0.11738750000000003,0.19969118037778388,-0.061257142857142885,0.59669780918792,0.24788089811044448,0.46015112780386586,0.9619401148472417
PTH1R,0.010150000000000013,0.9154804057919944,0.09086250000000001,0.4168740994579059,0.019200000000000012,0.7550996931074311,0.9622827519629884,0.6813163011170328,0.9807934968107775
PTPN6,0.8625299999999999,0.02190018094373216,1.14758,0.016891810038919194,0.2850499999999999,0.604233893301328,0.20240610399962805,0.11650559759010226,0.9619401148472417
PTPRM,-0.04433749999999999,0.37066164699999815,-0.09983750000000001,0.33967912443868764,-0.12385714285714287,0.30760457551942144,0.6451445017097125,0.6159077670048174,0.9471774407456163
PTX3,0.22984999999999997,0.020208804929128996,-0.049037500000000026,0.8607472908029384,-0.051171428571428555,0.8030654655320817,0.19946561812565053,0.9380102152741221,0.9858710632851442
RAB37,0.06993999999999997,0.6311117455496096,0.6327222222222222,0.004843441576748652,0.5657333333333334,0.06990747007853117,0.8357755500914502,0.0942386182283943,0.9151422335713614
RAB6A,0.08234999999999995,0.773797856223376,0.13348749999999995,0.7041504479863905,0.013242857142857112,0.9834728003756757,0.9050755458241294,0.8545204527815015,0.9952946896706719
RABGAP1L,-0.21731000000000003,0.36780044026593395,0.20896666666666666,0.25181868966453425,0.5187666666666667,0.046339638734395235,0.6423376268951497,0.5188242007253868,0.9064257716854434
REG4,0.14139000000000002,0.09561088769954006,0.07767999999999999,0.20526414455842376,-0.06371000000000002,0.3368489443674159,0.3368162926393869,0.46592392007129474,0.9471774407456163
RGS8,-0.08238000000000002,0.665765809393438,-0.006733333333333332,0.9455912969760187,0.02190000000000003,0.9303343316292944,0.8534118446762307,0.9761842656482994,0.9940568131447077
ROBO1,0.10518000000000001,0.05082508822780743,0.09983000000000002,0.044314381354490014,-0.0053499999999999884,0.9115606048505698,0.2606827379882807,0.1846746842829669,0.9940568131447077
SAMD9L,0.6325375,0.05367734627926894,0.8569000000000001,0.028138468629859623,0.25017142857142866,0.5888751202150528,0.26733482202489073,0.14507687487320317,0.9619401148472417
SCG3,-0.01923999999999999,0.8098867115095352,-0.13665,0.002901300384016567,-0.11741000000000001,0.1664673681584994,0.9189964919173103,0.0840959868845864,0.9471774407456163
SCGB1A1,0.11118999999999998,0.022564481987825753,0.14755,0.12037002186598143,0.036360000000000024,0.6969774303703029,0.20252457753886477,0.34102904941393775,0.9661259215633524
SCGB3A2,0.15626999999999996,0.000596939796634518,0.15852,0.007558046012784348,0.0022499999999999964,0.9727502054504031,0.04871692006978372,0.09851817447883943,0.994306177352909
SCGN,0.028459999999999985,0.8107688587643527,0.2012444444444444,0.1882707824959401,0.15076666666666666,0.4089526814990978,0.9189964919173103,0.4458607851829612,0.9471774407456163
SCRN1,-0.09710000000000002,0.6887480818444,0.19646249999999996,0.5766280166271209,0.4955428571428572,0.30651488604072064,0.8704422443970983,0.7928828940840469,0.9471774407456163
SELPLG,-0.08358750000000001,0.06398301110912663,-0.09144999999999998,0.4735037648034136,-0.05068571428571426,0.737214615966819,0.2858293238383517,0.7249284409133891,0.9791756517678635
SERPINB8,-0.17297,0.008216263828055782,-0.18533999999999998,0.21653492041046873,-0.01236999999999996,0.9274905216648116,0.158084765867325,0.4791943247648916,0.9940568131447077
SH2D1A,0.15416249999999998,0.09532682614893369,0.23023749999999998,0.07746510930328772,0.03481428571428573,0.7594541655937987,0.3368162926393869,0.25916259798484664,0.9807934968107775
SHMT1,0.5940900000000001,0.04921120517739854,0.89696,0.009339361725207477,0.30287,0.443440218227788,0.2581595471999858,0.09968436135564301,0.9471774407456163
SIGLEC1,0.0009000000000000119,0.9867681384426421,0.03967,0.5623572034554636,0.038769999999999985,0.6813944098809848,0.9942128912018116,0.7863900351033565,0.9619401148472417
SIGLEC10,-0.011574999999999998,0.8348410576598506,-0.040975,0.4834879902207242,-0.05984285714285713,0.45906102054601017,0.9279535625292399,0.7301359216309857,0.9471774407456163
SIRPB1,0.13204,0.021477617660381098,-0.01351,0.8531057021422815,-0.14555,0.12705022443971536,0.20240610399962805,0.9346701611182487,0.9471774407456163
SIT1,-0.13178000000000004,0.372104584102555,0.06176666666666667,0.762537816241761,0.25622222222222224,0.4253498813597043,0.6457432180114038,0.8894677399596037,0.9471774407456163
SKAP2,1.0774400000000002,0.010686102195797336,1.36551,0.0032090308782455816,0.2880699999999998,0.5283631968535629,0.1607836095052678,0.08757502181897904,0.9519862693342023
SLAMF1,-0.6211899999999999,0.4171069637159732,0.6607444444444445,0.3559091449646259,1.2542111111111112,0.33111471176665547,0.6809058977962943,0.6310648883505595,0.9471774407456163
SLAMF7,0.29847500000000005,0.08297464944632876,-0.07437499999999998,0.7890875415248453,-0.3606142857142857,0.34756537644767727,0.3167716917376629,0.9038359442495109,0.9471774407456163
SLC39A5,0.52445,0.006197576574197052,0.4418875,0.08319896670344132,-0.13501428571428575,0.6346491495847126,0.14708569444786923,0.27220330086270667,0.9619401148472417
SMOC2,0.11331,0.1409949185456753,0.011139999999999988,0.9061926317371628,-0.10217000000000001,0.26841908867288594,0.40591406614067166,0.9623263010155844,0.9471774407456163
SMPDL3A,0.13145,0.009830501146170682,0.15194999999999997,0.010789963935817002,0.020499999999999997,0.7305468284998345,0.16058218162856128,0.10101818580292773,0.9775110266602266
SPINK4,0.0834375,0.48971164319063876,-0.00015000000000001124,0.9989082711965356,-0.16507142857142856,0.3690315787364536,0.7318274708515242,0.9992483829674571,0.9471774407456163
SPINT2,0.1834,0.03261315917309724,0.09923,0.025807376021310797,-0.08417,0.32340835831731535,0.22551429244478374,0.13861438894078815,0.9471774407456163
SPON1,0.28697,0.0015439959155031326,0.35155000000000003,0.0005312679726137971,0.06458,0.28133672849066255,0.08956288225289696,0.04218554874430638,0.9471774407456163
SPRY2,0.29705,0.09745210151307221,0.28505555555555556,0.3430814121025918,-0.11901111111111105,0.6884668097579749,0.3402088006228764,0.6185319187346633,0.9626164392654134
SRPK2,0.27178749999999996,0.20104479753235321,0.696025,0.0010434779223673408,0.4321571428571428,0.12314312250908734,0.4789275200524941,0.05895650261375476,0.9471774407456163
STX8,0.8412,0.019815018064544766,0.869425,0.027096252871088862,0.0744142857142857,0.8965171603737283,0.19692773510354647,0.1418533135794535,0.9939549333965099
SULT2A1,-0.11257499999999997,0.5567582960908712,-0.10982499999999999,0.5903712708117748,-0.045814285714285745,0.8637992958002977,0.7852884656336917,0.8016229101334497,0.9938501124438283
TANK,-0.05723999999999999,0.8027444866045311,-0.36844444444444446,0.3701903362681215,-0.32588888888888895,0.5198369423116237,0.9170689209537646,0.6427092313848712,0.9519862693342023
TBC1D5,0.8660625,0.016488157568847698,1.3297,0.01909677117239224,0.5463571428571429,0.40332473605359775,0.18792396730917132,0.12149713735902679,0.9471774407456163
TFF2,0.18616000000000002,0.008168611047797756,0.10222,0.19945725242032603,-0.08394000000000001,0.19451758502004443,0.158084765867325,0.45997284741830285,0.9471774407456163
TGFA,0.2461375,0.06459859463194878,-0.15638750000000004,0.7168266959968317,-0.41625714285714294,0.380695385872924,0.2858293238383517,0.8640232129911602,0.9471774407456163
TGFB1,0.19237999999999997,0.06769171560217505,0.05699,0.740492971147706,-0.13538999999999998,0.39765431736230994,0.2928987635334172,0.8771774105545216,0.9471774407456163
TIMP3,1.0676700000000001,0.006192578003336301,0.8872699999999998,0.09484377491430257,-0.18039999999999995,0.45997834222319345,0.14708569444786923,0.29393566529348203,0.9471774407456163
TLR3,0.021689999999999994,0.4534613292417613,0.06096,0.4211290863218867,0.039270000000000006,0.6137322104818674,0.702424063357061,0.6846318660271452,0.9619401148472417
TNF__Inflammation,-0.03676999999999998,0.8259618077441411,0.00943333333333333,0.9332048213682422,0.11407777777777778,0.47282940604288004,0.9258422409472198,0.973634859793997,0.9471774407456163
TNFAIP8,0.07848000000000001,0.6967243047096161,0.2108111111111111,0.38709676599738907,0.11506666666666662,0.751899471212106,0.8737224502262331,0.6551211396891297,0.9807934968107775
TNFRSF11A,0.1065,0.09480433968901388,0.06465,0.6667835008448387,-0.04184999999999999,0.8090080074853704,0.3359893244949611,0.8411865757524346,0.9878909085586111
TNFRSF11B,0.21423,0.004474023340030104,0.19058999999999998,0.01800033617788727,-0.02364000000000001,0.6803979109552296,0.132455724147496,0.11911033263656036,0.9619401148472417
TNFRSF13B,0.10139000000000001,0.12950067688088404,0.07987999999999999,0.1947324562302651,-0.021509999999999994,0.7701840714557789,0.3952824917893389,0.45520966584428807,0.9812334329398464
TNFRSF13C,0.04931,0.6800323289148242,-0.04001111111111112,0.7603480744861721,-0.10741111111111108,0.5963172849687562,0.8626662272675966,0.8894141355095471,0.9619401148472417
TNFRSF14,0.19657,0.008484457844506592,0.10169999999999998,0.3955528638002339,-0.09487000000000002,0.3268264851821554,0.158084765867325,0.6633186722860087,0.9471774407456163
TNFRSF4,0.008760000000000014,0.7782605399356222,-0.03429000000000001,0.5856504180964477,-0.04305000000000002,0.4978607954263049,0.9062740651331184,0.7995543347431986,0.9519862693342023
TNFSF10,-0.07943,0.14969955967953985,-0.050940000000000006,0.6050920191199745,0.028489999999999998,0.7837255077810495,0.4185675274429755,0.8081335597150143,0.9839089183419631
TNFSF11,-0.6617375000000001,0.0010349885700268544,-0.16233750000000008,0.21574882978584528,0.4753999999999999,0.06411965025890633,0.06910900951679315,0.47875382319547843,0.9131181923353178
TNFSF12,0.22409000000000004,0.002414990571037341,0.26647000000000004,0.12387637610247053,0.04237999999999997,0.7789293830723051,0.10218566111477977,0.34694832506106615,0.9839089183419631
TNFSF13,0.16219,0.0010227169252134927,0.06251,0.36464903433782436,-0.09967999999999998,0.1595893020415147,0.06910900951679315,0.6381781497830902,0.9471774407456163
TPP1,0.26891,0.0017265746196272799,0.23416,0.13719031288157657,-0.03474999999999999,0.7919331521893569,0.09223047695390815,0.36910727037186075,0.985768737086236
TPSAB1,-0.08099,0.07442442860131424,-0.07379,0.21135765823516037,0.007200000000000007,0.8790554672200371,0.3041153980954954,0.47257899535380604,0.9939549333965099
TPT1,-0.39893,0.0758721289640043,-0.06962222222222218,0.7752244347429549,0.34976666666666667,0.28920440938199427,0.3074652619258547,0.8973322312800042,0.9471774407456163
TRAF2,0.6594125000000001,0.12163123527499432,1.20345,0.01901656841232151,0.6526571428571427,0.3498902320929821,0.382195261217041,0.12149713735902679,0.9471774407456163
TREM2,0.08985999999999998,0.07815117815827846,0.08175000000000002,0.16724629961089563,-0.008109999999999964,0.8341955890167703,0.309862566031069,0.41676813253334294,0.9911725684990748
TRIM21,0.580875,0.04911759812884406,0.5859375,0.012050356456269893,0.05765714285714285,0.8658268236756603,0.2581595471999858,0.10425158837055143,0.9938501124438283
TRIM5,0.5964,0.03886171234750502,0.9191374999999999,0.04669484206753288,0.3390428571428571,0.5043875154879859,0.24344501253085232,0.18990950360553993,0.9519862693342023
VASH1,-0.07048750000000001,0.4486080440107215,-0.06688750000000002,0.683426881308641,0.03882857142857143,0.8660118994271127,0.6992097789408488,0.8448632587024221,0.9938501124438283
VEGFA,0.18486999999999998,0.027148044401325032,-0.006120000000000012,0.9785878152937126,-0.19099,0.41549533564045815,0.21537709065064128,0.9890752300323521,0.9471774407456163
VEGFD,0.05329999999999998,0.14955321926740017,0.10149999999999999,0.16831783544818574,0.04819999999999998,0.5381666804411757,0.4185675274429755,0.41804461000796117,0.9519862693342023
WAS,0.31338,0.5147957369341952,0.9769000000000001,0.06702379706568402,0.685188888888889,0.13077377086016198,0.7500365578314022,0.23583338445085156,0.9471774407456163
WFIKKN2,0.075,0.22818375175133307,0.041679999999999995,0.44405150819342654,-0.03332,0.6234208426647567,0.5121577500587178,0.701787698263737,0.9619401148472417
WNT9A,-0.08802999999999998,0.4853300611921483,-0.010311111111111123,0.9177557233597097,0.05887777777777778,0.6745545104395316,0.7278712198991995,0.9665469627857719,0.9619401148472417
YTHDF3,0.6230300000000002,0.21142666643197683,-0.017111111111111115,0.9681472912403353,-0.8201555555555556,0.28546302311025823,0.48919806379842934,0.9855505561952468,0.9471774407456163
A1BG,0.06771,0.35277621463949926,0.00713,0.8494118490940125,-0.06058,0.48238850881866735,0.6319856820797859,0.9329241168740966,0.9471774407456163
ABO,0.09414999999999998,0.5964326219372902,0.20237777777777774,0.18706690295224654,0.09319999999999998,0.6971364716522488,0.8130062618566842,0.4446122776457071,0.9661259215633524
ACE,0.13483,0.13087695406786304,0.10853333333333332,0.3222116066814807,-0.04066666666666668,0.7806546772224912,0.3978364162294148,0.5953822015284216,0.9839089183419631
ACHE,-0.04697499999999999,0.6441798322550212,-0.09932000000000002,0.19412803429319261,-0.008725000000000024,0.9514358383295989,0.8445338452321518,0.4544606890465338,0.9940568131447077
ACP1,-0.2349625,0.08653556732876894,0.06663,0.62487807164165,0.4163,0.06727508026847351,0.3230514571943115,0.8163298356494793,0.9151422335713614
ACRV1,0.1835125,0.28993877162479614,-0.13523999999999997,0.37741505817112664,-0.3093125,0.17580881541895635,0.5797037768246098,0.649206932615205,0.9471774407456163
ACYP1,-0.09656249999999998,0.8171266816322904,0.43018999999999996,0.06659494379143202,0.37141250000000003,0.4159230623379331,0.9219347890305949,0.23583338445085156,0.9471774407456163
ADAM12,0.06697499999999998,0.7504998314622636,-0.05405000000000001,0.735282541828967,-0.08401249999999999,0.7161594991933731,0.8948143793253551,0.874953466137507,0.9740601361691527
ADAMTS1,0.5588124999999999,0.032230189211617064,0.07590999999999996,0.6897059795453099,-0.470475,0.10799319444381866,0.22492231806111862,0.847415746701266,0.9471774407456163
ADAMTS4,-0.13033749999999997,0.7289459660678792,-0.07695999999999996,0.7975479126702962,0.05687499999999995,0.9202660330320789,0.8882760281987466,0.9086519109157278,0.9940568131447077
ADD1,-0.24085,0.5488960965590431,0.24276000000000003,0.3039203077415165,0.35076250000000003,0.3934254705350398,0.7805695700341089,0.5756129252833632,0.9471774407456163
ADGRD1,0.06456249999999998,0.13829300691555765,-0.09570000000000001,0.09537234700162495,-0.102075,0.17854468068925222,0.4053370932926319,0.294353394264939,0.9471774407456163
ADH1B,0.19031249999999997,0.14023622095932375,-0.16022,0.24076743946071122,-0.377125,0.07224381569611091,0.40591406614067166,0.5052676693825497,0.9151422335713614
ADIPOQ,0.21898999999999996,0.09226666378120818,-0.06571999999999999,0.4817001625657643,-0.28470999999999996,0.11693412577356066,0.3316495208313247,0.7294692445456423,0.9471774407456163
AFAP1,-0.21182500000000004,0.1605734701744415,0.5488299999999999,0.10494403320360216,0.59075,0.05602506681524281,0.4303032712367856,0.31412404456826676,0.9064257716854434
AFM,0.14669000000000001,0.09087146583305676,-0.09814,0.07610003106267159,-0.24483000000000002,0.01960861161818232,0.33001281411312827,0.2569906796116427,0.8143181893514128
AGT,0.11340000000000003,0.2684270856557224,0.01612222222222222,0.6481032144417924,-0.08132222222222224,0.43968235923415766,0.5569482893054466,0.832135849500218,0.9471774407456163
AHSG,0.14513000000000004,0.33969527133968574,0.13470000000000001,0.0736990700711857,-0.034166666666666644,0.8540649229914564,0.6226313852272063,0.24965204472196437,0.9938501124438283
AKAP12,0.03212499999999998,0.6183030508179983,-0.07765,0.439346615246725,-0.11133749999999998,0.4383120131709648,0.8286988415917573,0.6987690261871067,0.9471774407456163
AKR7L,-0.536725,0.04291474246194052,-0.032250000000000015,0.788251994565865,0.5335875,0.03218226346038124,0.24766451270971665,0.9035834412932154,0.818148604207796
ALPI,-0.4241499999999999,0.0023185020983754073,-0.5310500000000001,0.040446626786595455,-0.24128750000000004,0.40360912318264514,0.10218566111477977,0.17427195485465335,0.9471774407456163
AMOT,0.04087500000000001,0.7060242407604478,0.12314,0.183277945323652,0.029187499999999998,0.7763689781900681,0.8777618404745452,0.44002396624388834,0.9827708090374321
AMY1A_AMY1B_AMY1C,0.12678000000000003,0.12211550891811652,0.0706888888888889,0.2329157914582802,-0.04277777777777779,0.673437481307199,0.38248972835972955,0.4971029451831099,0.9619401148472417
ANKMY2,0.6822625000000001,0.05328271226710742,1.27394,0.0011750224458953742,0.2872625,0.5152543399404286,0.2671409703767263,0.06164671332215373,0.9519862693342023
ANXA1,-0.10782500000000006,0.4042983772004775,-0.047699999999999965,0.6991204154655561,0.031737500000000085,0.8452483895965575,0.6717470226381953,0.8526424992269838,0.9921602299275276
APCS,0.22879,0.06412242870417598,0.11724000000000001,0.023420720584909762,-0.11154999999999997,0.3980305122282961,0.2858293238383517,0.13232707130474017,0.9471774407456163
APOA1,0.19517,0.11727441286848309,0.042260000000000006,0.44023875679793545,-0.15291000000000002,0.28420686401961837,0.37730147137714193,0.6987690261871067,0.9471774407456163
APOA2,-0.6325799999999999,0.023187471353560255,-0.026711111111110932,0.9689965785708164,0.6321111111111111,0.4635582304981628,0.20449843111752022,0.9855505561952468,0.9471774407456163
APOA4,-0.01146999999999999,0.9237199900285613,0.007860000000000011,0.9097988569375175,0.019330000000000003,0.8944250824146021,0.9666666148170039,0.9642817610686965,0.9939549333965099
APOB,-0.15990000000000001,0.326982981846272,-0.07619999999999996,0.5605681754348795,0.014888888888888889,0.9270141662494609,0.6122855326095266,0.7850238456368939,0.9940568131447077
APOC1,0.21079999999999996,0.30339185775280175,-0.021679999999999984,0.7434361162221705,-0.23248000000000002,0.3452719007266619,0.5892237650859379,0.8793137316669634,0.9471774407456163
APOD,0.10737000000000001,0.42346857087342127,0.02364,0.7047003446692057,-0.08373000000000001,0.6194117758880224,0.6846620519596706,0.8548271602423151,0.9619401148472417
APOE,0.04540000000000001,0.6642853977026049,0.14733000000000002,0.0074310944404712255,0.10193000000000003,0.343875669351855,0.8534118446762307,0.09825808407701042,0.9471774407456163
APOF,0.16841,0.2653067406438911,0.11194444444444446,0.03700354826607146,-0.06554444444444446,0.6958137434217356,0.5547837750973323,0.16699911644503526,0.965203389127979
APOL1,0.16537,0.2531243629742519,0.048788888888888916,0.7863438590823486,-0.1551111111111111,0.5279973691131374,0.5418862932315189,0.9024524445249767,0.9519862693342023
APPL2,0.7705875,0.05499061305047131,1.31791,0.02511467095101314,0.20610000000000006,0.6163026347326632,0.269829384393246,0.13638983965633383,0.9619401148472417
ARHGAP45,0.5333375,0.12518750190477954,1.17442,0.010461840137078926,0.3678375,0.38659306758945516,0.38797561244329354,0.10042271686228481,0.9471774407456163
ASGR2,-0.0022400000000000033,0.9875390232696502,0.005455555555555559,0.9509279013685245,-0.002677777777777742,0.9901032560258074,0.9945811572582852,0.9789879386654082,0.9979153914935925
ATRN,0.042249999999999996,0.35276277074578755,-0.02504,0.3288699297226289,-0.06728999999999999,0.16554892365453258,0.6319856820797859,0.6046432124687633,0.9471774407456163
B2M,0.16596,0.17473794480157417,0.03287999999999999,0.7414907925066554,-0.13308000000000003,0.4331193201998046,0.4479756385925174,0.877719560187169,0.9471774407456163
BABAM1,0.020637499999999975,0.8938125020753819,-0.10299,0.3660105423111094,-0.176625,0.1499189755470278,0.9531837136469953,0.6389417547890905,0.9471774407456163
BAG4,0.16978749999999998,0.34987334376700957,0.24078,0.06961848590982699,0.06659999999999995,0.750979929034336,0.6294720661282757,0.24091768151127407,0.9807934968107775
BCHE,0.19654,0.15841589400915113,0.10422222222222222,0.1505936292961152,-0.09442222222222221,0.5629765835811332,0.4279367017677313,0.3901623305749439,0.9519862693342023
BCL2L15,0.6425124999999999,0.01937917197168394,-0.26800999999999997,0.29877021702539663,-0.6713375,0.04904235194492295,0.19557345994543107,0.5729407736044999,0.9064257716854434
BLNK,-0.22000000000000003,0.5593992506887819,0.08804,0.6568278410360522,0.4165125,0.3719154049208623,0.7865539697497546,0.8367393656308769,0.9471774407456163
BMP10,0.09032500000000002,0.26199739240319236,-0.07875000000000001,0.3334461452699042,-0.1244625,0.355769336662369,0.5517909239287305,0.6088414670122297,0.9471774407456163
BMPER,0.11515,0.08265801262502775,-0.06161000000000001,0.18328954499365582,-0.134825,0.09328589875028538,0.31620994933897334,0.44002396624388834,0.9418349502692044
BNIP3L,0.48633750000000003,0.09547818840822055,0.34352,0.09483345646300478,-0.20546250000000005,0.5992325146574697,0.3368162926393869,0.29393566529348203,0.9619401148472417
BTD,0.08438999999999999,0.3275870288268913,-0.01688,0.7721595110901884,-0.10127,0.3715021190646315,0.6126357038150265,0.895973397939563,0.9471774407456163
C1QL2,0.04561249999999996,0.7476421436119299,0.0546,0.6638174234867547,0.08062500000000003,0.612891974808127,0.8937681928979407,0.8400898433150934,0.9619401148472417
C1QTNF5,0.1675375,0.0872458333720276,-0.026019999999999995,0.653523983365742,-0.14892499999999997,0.09318792888952163,0.3248773871318341,0.8358961528639748,0.9418349502692044
C1QTNF9,0.12761250000000002,0.05346185682380087,-0.0903200000000001,0.06459118253094148,-0.19556250000000008,0.007247574940342602,0.26733482202489073,0.2311435983872181,0.7865420294170457
C1R,0.11204,0.2510908227143905,0.017469999999999996,0.6338107952708998,-0.09457,0.37624172779322773,0.5388640154381878,0.8224982846757525,0.9471774407456163
C1RL,0.02289000000000001,0.7547341617254487,-0.05306999999999999,0.3794791814658104,-0.07596,0.5159282986791838,0.897010099979518,0.6500931983361813,0.9519862693342023
C1S,0.12818,0.40641594413273197,0.09844,0.17160726300079773,-0.029740000000000027,0.8710651249876714,0.6727042500630798,0.42050220074757605,0.9938501124438283
C3,0.36633000000000004,0.20794258529357046,0.017729999999999933,0.9346632623855211,-0.34860000000000013,0.3248263016905082,0.48515797982505404,0.9738702899475299,0.9471774407456163
C5,0.059840000000000004,0.43167535008007796,-0.0239,0.6036234903667235,-0.08374000000000001,0.3519853716864698,0.6857963720367232,0.8080700860769398,0.9471774407456163
C7,0.1951,0.04424825287017239,0.010660000000000003,0.8466542845440908,-0.18444,0.12794826357011996,0.24788089811044448,0.9309394790383752,0.9471774407456163
C8B,0.16366999999999993,0.34220256492091866,0.11170000000000002,0.4451943741939557,-0.05196999999999995,0.8461976927860575,0.6244665439364342,0.7032156297751837,0.9921602299275276
C9,-0.02288000000000001,0.9007836137272249,-0.1022666666666666,0.7049850950534817,-0.1482777777777777,0.6896631664984085,0.9558530380725592,0.8548271602423151,0.9626164392654134
CA8,-0.0674875,0.5608256174561201,-0.27115,0.17019152858564485,-0.10426250000000004,0.6895332450096896,0.7866843661093414,0.4187794899368715,0.9626164392654134
CACYBP,0.711475,0.06518037114083367,1.1925900000000003,0.012413395882122697,0.2955250000000001,0.5418235316337519,0.28796982016807415,0.10425158837055143,0.9519862693342023
CASP9,0.5135625,0.11389471109148981,0.10518000000000005,0.6187563592697456,-0.27238749999999995,0.5702824163333984,0.37598051818741246,0.815570293196282,0.9546950080840595
CAT,-0.27547,0.3845103398134093,0.05781111111111111,0.6062377010251503,0.23786666666666667,0.4399412496241336,0.6555758334229149,0.8081335597150143,0.9471774407456163
CCNE1,0.08015000000000001,0.4907990996304008,-0.16552999999999998,0.35180929510646664,-0.07029999999999997,0.7513647046085561,0.7324676564515306,0.6283378170351361,0.9807934968107775
CD226,0.1954375,0.6043919640683816,-0.06900999999999996,0.837701585551966,0.0511375,0.8572819526197021,0.8182965854529516,0.9276996197143556,0.9938501124438283
CD300A,0.06948750000000001,0.2393927665522945,0.010670000000000004,0.8376167120177337,-0.023512499999999985,0.7763822490727978,0.5264490629720369,0.9276996197143556,0.9827708090374321
CD36,0.39405,0.042711617881982925,0.058050000000000004,0.8024314064936232,-0.20390000000000005,0.4536049102814599,0.2472453453292043,0.909995333562577,0.9471774407456163
CD3G,0.3058,0.06452168014110059,0.013199999999999979,0.9273346888943629,-0.33648750000000005,0.01999576851089028,0.2858293238383517,0.9716509686061476,0.8143181893514128
CD5L,0.22178,0.11471406405140808,0.1036,0.05115370776052166,-0.11818,0.44036682899906265,0.3760346551265135,0.19985318271331468,0.9471774407456163
CD7,0.1464,0.4041999085353731,0.03232,0.8114553990775536,-0.172,0.21377895532720684,0.6717470226381953,0.9158878073337888,0.9471774407456163
CD72,-0.020587499999999998,0.7726392489412957,0.13831000000000002,0.057995465458601965,0.15565,0.0510467780633232,0.9048339757407805,0.21536352833130887,0.9064257716854434
CEBPA,0.07403750000000002,0.7224701310395922,-0.017879999999999993,0.9053613769939066,-0.0023250000000000492,0.9947796069960632,0.8862333638067327,0.9620864804119272,0.9982011704117378
CELSR2,0.19566249999999996,0.00023817134682756715,0.15427999999999994,0.020569589110316575,-0.038250000000000006,0.5522498792642903,0.034987370848969614,0.12581335007985261,0.9519862693342023
CEMIP2,0.01774999999999998,0.9157735107176704,-0.040299999999999996,0.668816314295805,0.0035750000000000226,0.9857931424274071,0.9622827519629884,0.8419232766219515,0.9952946896706719
CFB,0.23087999999999997,0.16000653637715423,0.05201000000000002,0.5809947719297259,-0.17886999999999995,0.32483349332164985,0.43009991205496717,0.7950454773775197,0.9471774407456163
CFD,0.17827,0.04973393591395234,0.05147,0.39421755137009085,-0.1268,0.2426211153089397,0.2581595471999858,0.6620078001496004,0.9471774407456163
CFH,0.21083,0.15583311431787522,0.036229999999999984,0.4890819603048788,-0.17460000000000003,0.25334621706101246,0.4268831246065297,0.7342477257924037,0.9471774407456163
CFHR2,0.08619999999999998,0.5178295071575835,0.16446000000000002,0.0036472502265161365,0.07826000000000002,0.6328058827254153,0.7524149812210584,0.08926735096139099,0.9619401148472417
CFHR4,0.01806000000000001,0.7421041776419763,-0.013680000000000003,0.789401984510297,-0.03174000000000001,0.674589719084878,0.8913745191791196,0.9038437375258195,0.9619401148472417
CFHR5,0.20672000000000001,0.24779687652168125,0.17937777777777775,0.03014380482505926,-0.06963333333333332,0.7555177336577487,0.5337442985488999,0.14985194344504926,0.9807934968107775
CFI,0.1439,0.0899122120345243,0.062160000000000014,0.17008850184854926,-0.08173999999999997,0.37486441784900704,0.3296238050186684,0.4187794899368715,0.9471774407456163
CFP,0.14751,0.12425984621298299,0.04525,0.40030499153251986,-0.10226000000000002,0.4169944087548664,0.3866761854405461,0.6671940737676894,0.9471774407456163
CGB3_CGB5_CGB8,-0.19954,0.6481243031154688,-0.12582222222222222,0.5208436951935216,0.049011111111111116,0.9141748962127296,0.8455547080609446,0.7633751010311027,0.9940568131447077
CHAD,0.12420000000000003,0.018038417046301575,0.06982000000000001,0.2417379930811426,-0.007649999999999997,0.8496009994161687,0.19132443784127806,0.5069423438061363,0.9921602299275276
CLEC12A,0.26392499999999997,0.037354545712904606,0.04581999999999999,0.7967513799887983,-0.05626250000000001,0.5629162645737794,0.24063280371349866,0.9083645923193984,0.9519862693342023
CLEC3B,0.1558,0.2633901539016135,0.05802,0.31611378222331676,-0.09778000000000002,0.542222234779482,0.5536056436753002,0.589303484880777,0.9519862693342023
CLU,0.0489,0.7147845754426279,0.013869999999999976,0.9015489554765974,-0.03503000000000003,0.8653857018740988,0.8801496574394134,0.959344741466948,0.9938501124438283
COL5A1,0.11343749999999997,0.061013051055688404,0.15403,0.36218946975516986,0.1836875,0.03642916874606351,0.28096605642885975,0.6360506049854686,0.8427472265821621
CPA4,0.011337500000000007,0.8272357255858858,-0.12635000000000002,0.07133631123298889,-0.09143750000000002,0.23596127953170704,0.9258422409472198,0.24452076688989455,0.9471774407456163
CPB2,0.19690000000000002,0.10622836002789136,0.14533000000000001,0.014810789690238307,-0.051570000000000005,0.7158776662103894,0.36190425947815846,0.11100535742326567,0.9740601361691527
CPOX,-0.13635000000000003,0.47378839671841977,0.047179999999999986,0.7036778517567295,0.1995125,0.25591887331345553,0.716412923087348,0.8543768357104378,0.9471774407456163
CR1,0.17832999999999996,0.24768447106713684,0.05582222222222222,0.4675121827256079,-0.14574444444444443,0.4573103170025459,0.5337442985488999,0.7198903526456163,0.9471774407456163
CRELD1,0.013637499999999976,0.864685310777337,-0.13373,0.034382826678781044,-0.10316249999999996,0.19979060135948384,0.9414974779899149,0.15974054116481612,0.9471774407456163
CRISP3,0.12174,0.20587503219086334,0.11363333333333332,0.08666843039105095,-0.020633333333333337,0.8783245650530368,0.48515797982505404,0.27842069576859885,0.9939549333965099
CSF1R,0.16390000000000002,0.2669573240743458,0.23402222222222221,0.018669690543345416,0.059333333333333314,0.6295707079035521,0.554996159595443,0.12149713735902679,0.9619401148472417
CSF2RB,0.0017624999999999967,0.9834894720462912,-0.004179999999999984,0.9772354166865557,0.1327375,0.5067831689748883,0.9922373647433128,0.989017448923562,0.9519862693342023
CSF3R,0.32868749999999997,0.02548058823337205,0.21461999999999998,0.07788345501921057,-0.05126249999999999,0.4966563440090854,0.21389133779899164,0.2597293880209315,0.9519862693342023
CSH1,-0.36799,0.02192305837746433,0.19211111111111112,0.38845105002624647,0.6056666666666666,0.05494713858205089,0.20240610399962805,0.6555250918880599,0.9064257716854434
CSNK1D,0.009274999999999992,0.9635159567584621,-0.24567000000000005,0.18835794846222365,-0.24417500000000003,0.3994385489137991,0.9841356341591891,0.4458607851829612,0.9471774407456163
CST1,0.1327875,0.07703733422014752,-0.19282000000000005,0.26310460900328836,-0.29295,0.18035157452248726,0.30860783880246806,0.5316377862803722,0.9471774407456163
CTBS,0.15787,0.2634243328312014,0.06784444444444444,0.26178049776011997,-0.10585555555555556,0.47889254395339886,0.5536056436753002,0.5296908418865237,0.9471774407456163
CTSE,-0.16947500000000001,0.10630475695359114,-0.014870000000000005,0.8333077822897835,0.09696250000000001,0.3670860301999348,0.36190425947815846,0.9263876383592047,0.9471774407456163
DAAM1,0.5714624999999999,0.07414930179383923,0.9592099999999999,0.007060625666264669,0.32628750000000006,0.3643282163425682,0.3041153980954954,0.09772900575722467,0.9471774407456163
DAND5,0.45818749999999997,0.706505848871329,-2.2119,0.19648570400341586,-1.7309749999999997,0.44618265730019613,0.8777618404745452,0.45634387222295325,0.9471774407456163
DAPK2,-0.2371125,0.5529932432705036,-0.06801999999999997,0.8234504692697011,0.355325,0.46427500628866136,0.7827674047298161,0.9214148326684815,0.9471774407456163
DBH,0.19909,0.12091493400008684,0.10294444444444444,0.10733512351604244,-0.11105555555555556,0.4452157185432355,0.38117972946556405,0.3178937428327951,0.9471774407456163
DBN1,0.49342500000000006,0.062002995289447194,0.60413,0.019482583126662976,-0.0862,0.7659377949501527,0.28140840602979,0.12230732740627313,0.9812023557990273
DCTD,0.69775,0.05587806656895104,1.08975,0.0226296491621986,0.12105000000000007,0.7984425700057466,0.27116204941000754,0.13083395964939196,0.985768737086236
DDI2,-1.0589250000000001,0.06245954069012537,-0.3977799999999999,0.1518817548298399,0.5458750000000001,0.2807904734431407,0.28231712391936664,0.3924613858311958,0.9471774407456163
DDX39A,-0.13086250000000002,0.43346839298164186,0.16621999999999998,0.15528672687426803,0.27055,0.29516154824467716,0.6857963720367232,0.3967238291796517,0.9471774407456163
DDX4,-0.36145,0.08761792309089116,-0.07286000000000001,0.7465478556338399,0.195575,0.6238944502800241,0.3254380000518814,0.8802001398549377,0.9619401148472417
DEFB103A_DEFB103B,-0.28653749999999995,0.42586299849350784,0.30584,0.3654958668351652,0.8382625,0.1505774925906328,0.6853124768051386,0.6384226258987606,0.9471774407456163
DENR,0.17233749999999998,0.26695028244719815,0.75729,0.013443706630199444,0.4783625,0.17465722492646843,0.554996159595443,0.10760499143849832,0.9471774407456163
DGKA,0.636175,0.05707748614661456,0.79321,0.022933794833028202,-0.049575000000000036,0.8736629965209546,0.273900172686612,0.13083395964939196,0.9938501124438283
DIPK2B,-0.02492499999999999,0.7952130768046227,0.06348000000000001,0.3585416754659726,0.10405,0.2377675285066461,0.9145600345143563,0.6319108833347495,0.9471774407456163
DNAJB2,0.02278749999999999,0.961097802315658,0.53932,0.03868626932002829,0.3451625,0.4344080870911161,0.9841356341591891,0.1705860505958198,0.9471774407456163
DNAJB6,0.530875,0.11053743433712712,0.7940000000000002,0.006273649085112204,0.21846250000000006,0.6037225179842034,0.37072943160100397,0.0949550061731043,0.9619401148472417
DTD1,0.8508125,0.06343336459563269,1.5940600000000003,0.010618743462962254,0.45076250000000007,0.43570421279176064,0.2849651761192184,0.10042271686228481,0.9471774407456163
ECM1,0.08213,0.4462898103756874,0.21710000000000002,0.2639527463473575,0.13497,0.5819879257280818,0.6985613691177452,0.532984995717207,0.958195752801111
EDNRB,0.16171250000000004,0.4574406031212185,0.15941999999999998,0.45615781822103874,0.03461250000000002,0.9299486931435421,0.7051209296800314,0.7113543895612588,0.9940568131447077
EIF4E,0.2151500000000001,0.6193406984014277,0.72125,0.08516684194623678,0.250475,0.6737396673421494,0.8287375502460327,0.2767331270015067,0.9619401148472417
EP300,0.38925,0.020635169304608007,0.02467999999999998,0.9077053954487938,-0.40947500000000003,0.06360920150278572,0.20141570570411405,0.9627575638370238,0.9131181923353178
EPHA4,0.211725,0.1396699969412591,-0.1586,0.03588389502982704,-0.32897499999999996,0.03722664392537184,0.40591406614067166,0.16345253270950674,0.8478440298662206
ERMAP,0.20375000000000004,0.027607411716772876,0.11225000000000003,0.45004868325850733,0.060149999999999995,0.7388763574328141,0.21706690505232618,0.7059492960029335,0.9800993461384845
ERP29,0.716175,0.058423901403118934,1.1600100000000002,0.0033210254496894836,0.2473875000000001,0.5487689982463189,0.275079202439685,0.08790245739808741,0.9519862693342023
ESR1,0.0835,0.4718046058732759,-0.37674,0.02657006933324012,-0.51875,0.05054780291534865,0.7141483421203939,0.14090769621129867,0.9064257716854434
EVI5,0.6962875000000001,0.026465306130691094,0.96198,0.01946986037298748,0.015349999999999864,0.9711411073073679,0.21482755378190904,0.12230732740627313,0.994306177352909
F10,0.06954,0.5506301592796423,0.0997111111111111,0.043051102023033964,-0.039911111111111126,0.6786913837409629,0.7819001488465873,0.18173008296504853,0.9619401148472417
F11,0.20798999999999998,0.06042234882299776,0.14353000000000002,0.02648841819320659,-0.06446000000000002,0.6124653011594849,0.2800013577949013,0.14081302805373405,0.9619401148472417
F12,0.25695999999999997,0.03928734391658328,0.04032000000000002,0.6430809379428291,-0.21664,0.12213386430784444,0.24454706870110524,0.8293993835276697,0.9471774407456163
F13B,0.19163000000000002,0.19359199984517506,0.0558,0.30762116521041016,-0.13582999999999995,0.4531671052826457,0.4700605748306813,0.5786265415596706,0.9471774407456163
F2,0.04364,0.5660066072451744,0.056340000000000015,0.45662989710222524,0.012699999999999994,0.885793100219558,0.7904310553646234,0.7113876919600065,0.9939549333965099
FCN1,0.10250999999999995,0.6400745998038065,0.11896666666666669,0.6804610688826193,-0.006533333333333256,0.9858092399392973,0.8406522906676726,0.8448632587024221,0.9952946896706719
FGA,0.17451000000000003,0.2821677974627255,0.5114,0.23936511879208375,0.33689,0.47757006181095973,0.5711282798350008,0.5037619591627759,0.9471774407456163
FGF12,-0.11013749999999997,0.6574933045976042,-0.22212,0.06298384976421223,-0.11482500000000004,0.660588470650926,0.8515030334141825,0.2280773856210487,0.9619401148472417
FGF16,-0.06533749999999997,0.758661241823146,-0.23141000000000003,0.5462609562000396,-0.052737500000000076,0.9138663163924862,0.8994774256760418,0.7753329291246601,0.9940568131447077
FGF20,-0.001300000000000065,0.9944255944795364,-0.12196000000000003,0.30064103296151423,-0.02787499999999997,0.90413889902958,0.9967161633850612,0.5739333039902071,0.9939549333965099
FGF3,-0.24477499999999996,0.2575860534804762,-0.06725999999999999,0.7221660436281478,0.14677500000000004,0.7049935384347527,0.5469219668213448,0.8670714491947276,0.9701503587453412
FGF6,-0.10036250000000004,0.7159480926890968,-0.25038,0.24321479384535705,-0.09613749999999999,0.6474556005871641,0.8808440101844918,0.5085872343897929,0.9619401148472417
FGFR4,0.20145000000000002,0.01611580538116096,0.09653000000000003,0.16273342758761805,-0.050087499999999986,0.5253657209006728,0.18602441445179038,0.40864171816446315,0.9519862693342023
FGL1,0.23898000000000003,0.1346931408469783,0.42725555555555556,0.2190452711115534,0.16416666666666674,0.6855426861907914,0.4026273903403388,0.4817956518442718,0.9619401148472417
FN1,0.12201,0.22337888161997888,0.11213999999999999,0.043409624704651116,-0.00986999999999999,0.9347378736124583,0.505614140369413,0.18245704918778968,0.9940568131447077
FOLH1,0.010287499999999977,0.9182904956373953,-0.17148,0.38682070865082596,-0.05509999999999998,0.8336431729502929,0.9638608952373462,0.6550312634098713,0.9911725684990748
FOXJ3,-0.1211,0.33387129043461505,-0.017849999999999984,0.9000056469646946,0.2201125,0.28274224412404275,0.617898299256941,0.9590919806972334,0.9471774407456163
FUOM,0.079325,0.3447207083128172,-0.02014999999999998,0.6501457339304257,-0.08076249999999999,0.28630009216123903,0.6247929926113861,0.8333445459475443,0.9471774407456163
GAD2,0.09938750000000002,0.7257418924482084,-0.05746999999999998,0.7399427485415546,-0.07526250000000001,0.8484055885659019,0.888059008751702,0.876947073503464,0.9921602299275276
GAPDH,0.31186250000000004,0.13986515201567964,0.43254000000000004,0.07773709515405582,0.07981250000000001,0.7871142992493259,0.40591406614067166,0.25953589268479094,0.9839089183419631
GC,0.11193,0.1396164912624662,0.01605000000000001,0.7446386116313919,-0.09587999999999998,0.27729993590863317,0.40591406614067166,0.8796735991045553,0.9471774407456163
GCHFR,-0.039887500000000006,0.8101013992320603,-0.04646999999999999,0.5798548740125845,0.020537500000000028,0.912617548672942,0.9189964919173103,0.7938553680563715,0.9940568131447077
GHR,-0.02297499999999998,0.6339502894176453,-0.0509,0.17853517710654782,-0.031162500000000024,0.7019477354720992,0.8374756970814038,0.43350111598267554,0.9700481875903233
GIMAP7,0.12811250000000002,0.0779701800969934,-0.08831,0.3647442819522022,-0.21430000000000002,0.17192929625850947,0.309862566031069,0.6381781497830902,0.9471774407456163
GIPR,-0.3044,0.2887204454671251,0.10283000000000002,0.5684517470749115,0.4543875,0.14284967089410552,0.5786225571503503,0.7898355622306763,0.9471774407456163
GIT1,0.8735499999999999,0.04089810494104274,1.19515,0.007610068341710684,0.016625,0.9676174798087286,0.2466333628181511,0.09851817447883943,0.994306177352909
GLA,-0.04391250000000001,0.6040100458659117,-0.17712,0.16246703763474954,-0.052887499999999976,0.5210372884583094,0.8182965854529516,0.40864171816446315,0.9519862693342023
GLI2,0.058274999999999993,0.7708815986622084,-0.07177999999999998,0.6728565497421399,-0.01022499999999997,0.9651963851934262,0.9044109840540865,0.8432659569152545,0.994306177352909
GLRX5,0.3867625,0.10981842292559418,0.6974400000000001,0.009148160611214599,0.21466249999999998,0.3650019950342512,0.3691607855324894,0.09968436135564301,0.9471774407456163
GMPR2,0.29882500000000006,0.4622014059210471,0.8690199999999999,0.01883629752573114,0.42851249999999996,0.41135348631629587,0.7067480266166447,0.12149713735902679,0.9471774407456163
GNPDA2,0.0858875,0.35744704680039174,0.19144,0.08850654539492624,0.018437499999999975,0.8259624659422503,0.634933146009402,0.2805094178751815,0.9897676525572143
GP5,0.51325,0.043857292588985304,0.37217,0.06684845751831119,-0.0747625,0.8007090269368942,0.24788089811044448,0.23583338445085156,0.985768737086236
GPI,0.27257999999999993,0.30027331624191356,0.39859999999999995,0.03570934209488073,0.005555555555555536,0.9847260451264211,0.586181397421091,0.16311106054600272,0.9952946896706719
GSN,0.10028000000000001,0.4484237553412813,0.06403333333333333,0.3517183871631823,-0.04056666666666669,0.8252887158367817,0.6992097789408488,0.6283378170351361,0.9897676525572143
GSR,0.12942,0.3012160169570642,0.10849999999999999,0.22419649188039784,-0.038500000000000006,0.8029814738433884,0.587241312421934,0.48777265018452015,0.9858710632851442
HDAC8,0.243775,0.1542213077062521,-0.039100000000000024,0.8203304910388622,-0.28422500000000006,0.2071682124847581,0.4233630483907353,0.9202417671995528,0.9471774407456163
HEG1,0.11945,0.05435261569644991,0.02788999999999999,0.48525132743407573,-0.077075,0.280052251619558,0.2679328605976004,0.7318665630938164,0.9471774407456163
HGFAC,0.18511,0.19193670936554016,0.11227777777777777,0.09000980106389629,-0.09392222222222221,0.5082089723740619,0.46868806308112326,0.28357176959628766,0.9519862693342023
HIF1A,0.17968750000000003,0.12329147931008388,0.12200999999999995,0.520453803580829,0.016787499999999997,0.9502296052371306,0.3851915047279263,0.7633751010311027,0.9940568131447077
HMCN2,-0.09406249999999997,0.11209975408721287,-0.19860000000000005,0.00026865616136637944,-0.13691250000000013,0.00501509098482271,0.3726594973268113,0.035877809186110124,0.73125979714228
HRG,0.21698,0.17825476202286206,0.06602,0.3045095060195347,-0.15096000000000004,0.43872263325350314,0.45382364889356047,0.5756129252833632,0.9471774407456163
HS6ST2,0.2416125,0.05814060854535578,-0.12307000000000001,0.3121656178757662,-0.3225375,0.12216428919793886,0.2750678066123273,0.5841408706868607,0.9471774407456163
IDO1__Inflammation_II,-0.14748749999999994,0.29905340505023487,-0.35968,0.0452446751896134,-0.16373750000000004,0.4672591290502104,0.5849659813832158,0.18743431103805927,0.9471774407456163
IGFL4,0.1379375,0.34518115966427554,-0.11081999999999999,0.518952999145251,-0.13081249999999994,0.5241873945534579,0.624856590938781,0.7626302162748338,0.9519862693342023
IGLC2,0.055920000000000004,0.07415920954476171,0.017789999999999997,0.6783981286652954,-0.03813000000000001,0.44214332359095354,0.3041153980954954,0.8448002584323063,0.9471774407456163
IL12RB2,-0.22833749999999994,0.40012419822468165,0.46082,0.07996973117782696,0.5777749999999999,0.14211609096221084,0.6697965699121246,0.26458453851402663,0.9471774407456163
IL20RB,0.15076249999999997,0.4334912005022419,-0.05796,0.7291975341124814,-0.028024999999999967,0.8290735850726019,0.6857963720367232,0.872768660544241,0.9897676525572143
IL21R,0.080725,0.7507547464387339,-0.10991,0.568718670483995,-0.11975000000000002,0.7517286391537563,0.8948143793253551,0.7898355622306763,0.9807934968107775
IL31,0.5059124999999999,0.028582244027825138,0.10684999999999997,0.47157364440575966,-0.32974999999999993,0.23370312235089505,0.2180096336292813,0.7236691272628747,0.9471774407456163
IL31RA,-0.04728750000000001,0.759160175476389,0.02726999999999998,0.9104315105337186,0.07542500000000002,0.7655003204597673,0.8994774256760418,0.9646043194908278,0.9812023557990273
IL36A,0.8016625,0.011063231403595601,0.002780000000000016,0.9806912219490712,-0.785125,0.001090582789601073,0.1607836095052678,0.9903801979512528,0.6408264471695905
IL36G,-0.32695,0.07046698635058415,-0.48323,0.11881426237280852,-0.07330000000000003,0.8389354310858441,0.2983170113804269,0.338580313143852,0.9911725684990748
INHBB,-0.05406250000000002,0.6636586746018256,-0.21452,0.03023377656396299,-0.17811249999999995,0.3146176257600908,0.8534118446762307,0.1499236966328575,0.9471774407456163
INSR,0.0924375,0.3437663121040789,-0.011129999999999998,0.8993025549566559,-0.0740375,0.6332434493402188,0.6247929926113861,0.9589617350731834,0.9619401148472417
ITGA2,0.0477375,0.6587048856104973,-0.11176999999999997,0.10416031210272367,-0.16732499999999997,0.19856272508746203,0.8517935536635745,0.31290694985460343,0.9471774407456163
ITGAL,0.36905000000000027,0.8158923279001193,-0.3309000000000001,0.7602750349946654,-1.0608875000000006,0.6163909599614319,0.9219347890305949,0.8894141355095471,0.9619401148472417
ITIH1,-0.062240000000000004,0.25341098667765416,0.0491,0.4655889332709122,0.11134,0.25639605485501643,0.5418862932315189,0.7187550254385117,0.9471774407456163
ITIH4,0.08141999999999999,0.4333075396032823,-0.020059999999999995,0.819818200283466,-0.10147999999999999,0.44854761340542115,0.6857963720367232,0.9202417671995528,0.9471774407456163
JAM3,0.028737499999999985,0.8040153428462978,0.1889,0.1671324652419971,0.180025,0.346255003176413,0.9177144822387036,0.41676813253334294,0.9471774407456163
KDM3A,0.172175,0.4824555355448845,0.21381,0.03794501996131561,0.11873750000000002,0.5839609351743141,0.7261548992986018,0.16915077394888337,0.9584788980682318
KLK7,0.277475,0.004469649517987661,0.17920000000000003,0.10284154078024099,-0.07898749999999999,0.6029724723843326,0.132455724147496,0.3092614604015845,0.9619401148472417
KLKB1,0.09511999999999997,0.27000256526203564,0.08112,0.13502029847152847,-0.01399999999999999,0.8986143065326728,0.5588302640337062,0.3649398683618681,0.9939549333965099
KLRF1,0.185375,0.009128825532740394,0.04096,0.7513362701916754,-0.024524999999999988,0.8531536878985904,0.16058218162856128,0.8829703847292569,0.9934861415164719
LATS1,0.6214875,0.18946996495426463,0.65875,0.11775266448094099,-0.24560000000000007,0.48328757450895055,0.46690046372359106,0.3366425015278669,0.9471774407456163
LCAT,0.17618999999999999,0.38179257229841757,0.03707777777777777,0.5427806699779841,-0.16258888888888892,0.4659569029189957,0.6529141894137084,0.7750655887238835,0.9471774407456163
LEG1,0.06643750000000002,0.14978896793789756,-0.03320000000000001,0.5723189465197446,-0.061250000000000034,0.4038693547592982,0.4185675274429755,0.7914281913884341,0.9471774407456163
LGALS3BP,0.11751,0.07621359296366907,-0.002080000000000004,0.9660345257852078,-0.11959,0.21960063037586788,0.30778627833340055,0.9851473227202153,0.9471774407456163
LMOD1__Inflammation_II,-0.6023749999999999,0.17366913915560614,-0.27804,0.23313067914177632,0.29017499999999996,0.29551070838614496,0.4477889452645188,0.4971029451831099,0.9471774407456163
LPA,0.36406000000000005,0.11811633402843526,0.13258999999999999,0.054716899256055745,-0.23147000000000012,0.3449903069261224,0.37730147137714193,0.20770697927745627,0.9471774407456163
LRG1,-0.015470000000000012,0.858195240927536,0.01809999999999999,0.747459785046632,0.03357,0.7271904226508747,0.9387109522878261,0.8802001398549377,0.9762572927931781
LRIG3,-0.03882499999999999,0.8697258492672035,0.08272000000000002,0.553292558627455,0.10627500000000001,0.7673210144755357,0.9421733947746191,0.7800256896580915,0.9812023557990273
LYVE1,0.11803,0.32748457356629734,0.06839999999999999,0.24459633099926856,-0.04963,0.7264369786542959,0.6126357038150265,0.5099299844641849,0.9762572927931781
LZTFL1,0.023912499999999975,0.9311858637469876,0.38087,0.0025938431336153932,0.2947875,0.3427338679791111,0.9704945256078928,0.08039678490427653,0.9471774407456163
MARS1,0.594825,0.06722060298865683,0.9697700000000001,0.013507845709053693,0.15964999999999996,0.6575906406081035,0.2920613342370481,0.10760499143849832,0.9619401148472417
MBL2,0.11278999999999999,0.4084502967761011,-0.06636,0.2926913653778018,-0.17914999999999998,0.2333410723319918,0.6745514176099973,0.5660158836072964,0.9471774407456163
MCEMP1,0.8868499999999999,0.006358026955370794,0.7021200000000001,0.022902057797743795,-0.18884999999999996,0.6733842855394399,0.14708569444786923,0.13083395964939196,0.9619401148472417
MDH1,0.11420999999999999,0.3745892307440075,0.2794111111111111,0.02496763295929853,0.16453333333333336,0.3526330531421622,0.6482885363089169,0.13638983965633383,0.9471774407456163
MENT,0.001199999999999998,0.9783691302103197,-0.01760000000000001,0.620241569488134,-0.002812500000000006,0.9534431740226752,0.9905276709075592,0.8159957791399581,0.9940859712453828
MFAP4,-0.1870375,0.08172293237758405,-0.013250000000000007,0.8377844963568681,0.14934999999999998,0.22273378022188878,0.3148740765901557,0.9276996197143556,0.9471774407456163
MKI67,0.23266250000000002,0.44700319058589555,0.03860000000000001,0.8847428689326953,-0.21982500000000002,0.6263130138170526,0.6985613691177452,0.9507587962414992,0.9619401148472417
MOCS2,0.33596250000000005,0.04612698658736752,0.44300999999999996,0.06680749157923299,-0.049100000000000074,0.843749741527207,0.25189793047153486,0.23583338445085156,0.9921602299275276
MRC1,0.24164000000000002,0.03524521233454206,0.007077777777777782,0.9445595180854977,-0.22142222222222224,0.18147606521684337,0.23362760166379812,0.9759039812769209,0.9471774407456163
MRPS16,-0.10603749999999999,0.5146149063943044,0.04576000000000001,0.6248420662535049,0.18003750000000002,0.4542934175158029,0.7500365578314022,0.8163298356494793,0.9471774407456163
MST1,0.19715999999999995,0.21734877477749093,0.15041111111111113,0.08571837507493632,-0.0803333333333333,0.6099598506812407,0.4961699303001308,0.2770523498021594,0.9619401148472417
MTDH,0.09427500000000005,0.8082912533380457,0.89502,0.02540039979826578,0.46819999999999995,0.3969651060135172,0.9189964919173103,0.13718083567519276,0.9471774407456163
MXRA8,-0.018299999999999993,0.7641255693654594,-0.14740999999999999,0.033766298775271895,-0.08975,0.43608446143415047,0.9034208944851991,0.158226454618601,0.9471774407456163
MYOM3,0.031624999999999986,0.569191218758236,-0.06807999999999996,0.2451340016654519,-0.06488749999999993,0.5534931248590875,0.7924826018280079,0.5104207632126844,0.9519862693342023
NAGA,0.1357625,0.5933516847037434,-0.45079,0.032488124396193356,-0.48897500000000005,0.0897952545602925,0.8115082360526047,0.1557098033866494,0.9410047191440363
NAGPA,0.0554625,0.27383254070068125,-0.05831000000000001,0.2043268978991975,-0.08295000000000001,0.0589232933944989,0.5639966495021987,0.46592392007129474,0.9064257716854434
NDUFA5,0.05834999999999997,0.6929241101557176,0.21712000000000004,0.21767344405627476,0.11740000000000005,0.6432711046672868,0.8708243453580186,0.4801735962446528,0.9619401148472417
NECTIN1,-0.013974999999999987,0.9402950886359582,-0.0028400000000000205,0.9894185038806694,-0.12974999999999998,0.7271056393201742,0.9748462983536836,0.9938023440830098,0.9762572927931781
NEDD4L,0.011862499999999984,0.961914244976035,0.07151,0.6760693231881418,0.050550000000000025,0.8587929949020614,0.9841356341591891,0.8445117651049152,0.9938501124438283
NEDD9,0.14216249999999991,0.5220983500286063,-0.009409999999999941,0.9685461974217131,-0.03378749999999987,0.9285683916146508,0.755221529058241,0.9855505561952468,0.9940568131447077
NEXN,0.73308,0.04012071345879936,1.162422222222222,0.011471259282524954,0.29488888888888887,0.5702454969540987,0.2450616551807745,0.10306593202464316,0.9546950080840595
NFAT5,0.761375,0.09924121746431663,0.94801,0.021564193747170883,-0.06481250000000005,0.9183693505598823,0.3446462138417994,0.1279911135943193,0.9940568131447077
NHLRC3,0.08700000000000002,0.16964837426194568,-0.035079999999999986,0.5375816797037843,-0.09137500000000001,0.014358135246289464,0.4438351946407804,0.771952578186568,0.8143181893514128
NME1,0.14167499999999997,0.5522183687013837,0.09516999999999999,0.4400794278968698,0.001250000000000015,0.9967760522809532,0.7824539115564162,0.6987690261871067,0.998475295465885
NPHS1,-0.1052125,0.46950140299044985,-0.31646,0.023847878836738445,-0.21385,0.3437115268822359,0.7121296448043064,0.1329507932112667,0.9471774407456163
NPHS2,0.18921249999999998,0.17215252938698805,-0.26424000000000003,0.22273669062237708,-0.2184375,0.18178862813045302,0.4464114133618455,0.48582063626469474,0.9471774407456163
NRGN,0.39583,0.07294242459359841,0.6764222222222221,0.001972008413335773,0.1913111111111111,0.49415833932562625,0.30262011101754716,0.07198964174581236,0.9514005248615268
NUMB,0.3668875,0.11951036896126312,0.74369,0.010064003153263414,0.2598,0.5346881842343727,0.38000158442444915,0.10042271686228481,0.9519862693342023
NXPH3,0.07844999999999999,0.5163857447727986,-0.056579999999999984,0.5438016444843803,-0.11446249999999997,0.4694225050732743,0.7514320545529878,0.7753329291246601,0.9471774407456163
OLFM4,0.23305000000000006,0.09750027574011638,-0.4484699999999999,0.38421407691682763,-0.25734999999999997,0.4083924882002987,0.3402088006228764,0.6534097454391898,0.9471774407456163
ORM1,0.007050000000000001,0.8711873887837274,0.009910000000000002,0.6988917455069499,0.002859999999999997,0.9420098304870067,0.9421733947746191,0.8526424992269838,0.9940568131447077
PALLD,0.1797875,0.5808086251074065,-0.25417,0.47213158359155727,-0.5137125,0.3513643985499828,0.8015104464845281,0.7236691272628747,0.9471774407456163
PAXX,-0.023037500000000002,0.8695394202958446,0.20595,0.09326974040610808,0.1563125,0.4831781824781133,0.9421733947746191,0.29089861710525006,0.9471774407456163
PCBD1,-0.0576,0.09408135653487966,-0.03655999999999998,0.2757994610238909,0.033187500000000016,0.4222402009507994,0.33504366727209267,0.5481476741782618,0.9471774407456163
PDE5A,0.6868624999999999,0.05196549970852248,1.1395899999999999,0.047425397639856814,0.06979999999999997,0.8847334287204096,0.2636867670874595,0.1913953547608507,0.9939549333965099
PDIA3,0.039999999999999994,0.7367936109198967,0.18845000000000003,0.15130230492273036,0.1873,0.4163825964146902,0.8908228925443031,0.3914165048797616,0.9471774407456163
PDZK1,0.012862499999999999,0.9427386782500706,0.10425000000000002,0.567953374714165,0.03786250000000008,0.9212138380855651,0.9748462983536836,0.7898355622306763,0.9940568131447077
PENK,-0.16459999999999997,0.12710732596546484,-0.2617,0.0036913189598059516,-0.04161250000000004,0.6995994606884713,0.39185868172773947,0.08926735096139099,0.9686254549965735
PEPD,0.24094000000000002,0.24153401431751872,-0.002400000000000001,0.9780386635962455,-0.28040000000000004,0.2723934628537968,0.5283511686112606,0.9890752300323521,0.9471774407456163
PER3,0.14035,0.6458306359891188,-0.35001000000000004,0.4190087520430208,-0.3322750000000001,0.2743320595825245,0.8448131827854101,0.6827774340002191,0.9471774407456163
PF4,0.38054,0.24837926068510177,0.27527999999999997,0.6009361275415395,-0.10526000000000002,0.8652696642741422,0.5342154230547796,0.8065556613600013,0.9938501124438283
PGA4,0.16204999999999997,0.23917357034679348,0.10005555555555556,0.2673549969496475,-0.045011111111111106,0.8008951584155362,0.5263610109954152,0.537270164868717,0.985768737086236
PGLYRP2,0.14256,0.2080264715668993,0.027049999999999998,0.5752508341243706,-0.11550999999999997,0.3475825144721375,0.48515797982505404,0.7928828940840469,0.9471774407456163
PGR,0.10446249999999999,0.38122542703537676,-0.026469999999999983,0.8451053274859309,-0.15244999999999997,0.3079958469370393,0.6528565515007577,0.9304738797651969,0.9471774407456163
PHYKPL,0.108175,0.3210170226303677,0.19100999999999999,0.044219238659248865,0.139175,0.35602293061774537,0.6061362548123523,0.18453994770010393,0.9471774407456163
PI16,0.06486999999999998,0.22378790969094725,-0.029311111111111128,0.7176527489652595,-0.11529999999999999,0.15706645853383622,0.5061500220723657,0.8644787931365037,0.9471774407456163
PIKFYVE,0.421675,0.15913512899134988,0.77135,0.005994675718027699,0.08499999999999996,0.8181315328578236,0.42893487062072105,0.0949550061731043,0.9888671293493415
PINLYP,-0.0184625,0.9067331176974512,-0.18799000000000002,0.22160723550184924,-0.2572,0.16623817314318812,0.9584424708657584,0.4837162391563396,0.9471774407456163
PLCB1,-0.10301249999999999,0.6166728552344213,-0.07703999999999997,0.7225776475080561,0.0031999999999999806,0.9929568034580947,0.8271880433323693,0.8670910610058901,0.9980523737803223
PLG,0.16579000000000002,0.23913414778538644,0.048360000000000014,0.3574658835894724,-0.11743,0.47699084581531226,0.5263610109954152,0.6311507007126622,0.9471774407456163
PNLIP,-0.022300000000000052,0.8649086770234106,0.06656666666666669,0.4812075656492959,0.0775333333333334,0.5497910085442195,0.9414974779899149,0.7294692445456423,0.9519862693342023
POF1B,-0.16896249999999996,0.45673657971850923,-0.061389999999999965,0.7735475180860705,0.21780000000000005,0.5932254417325729,0.7047524970652924,0.8965217389100099,0.9619401148472417
POLR2A,0.5851124999999999,0.07205399148970616,0.16433,0.1671720022488333,-0.3531125,0.3033553261178781,0.3015592977161777,0.41676813253334294,0.9471774407456163
PON1,0.17534,0.2047326947107088,0.16305555555555556,0.024482098563887313,-0.027855555555555547,0.8860594407575152,0.48352464393895694,0.13520376988853558,0.9939549333965099
PPBP,0.6119900000000001,0.10055669037149967,0.27464999999999995,0.5314961485596328,-0.3373400000000001,0.5354469787154943,0.3479806316978398,0.767742297368757,0.9519862693342023
PPL,-0.10571250000000001,0.22212550481507723,0.019490000000000004,0.871991113147073,0.114675,0.5492445822566637,0.5031647903983785,0.9456074279954809,0.9519862693342023
PPM1B,0.07218749999999999,0.5431876244874965,-0.15114,0.24472473726838012,-0.16628750000000003,0.44033148393920796,0.7743256869210405,0.5099299844641849,0.9471774407456163
PRDX2,-0.33104999999999996,0.22888465821208182,0.00029999999999998545,0.9976711865588884,0.2364777777777777,0.5240230294525259,0.5121577500587178,0.9985286435303616,0.9519862693342023
PRKG1,0.9195875,0.05051199556158771,1.38742,0.016025047369171215,0.17316250000000005,0.7171150358103155,0.2603228448549085,0.11430549446691722,0.9740601361691527
PROS1,0.09981000000000004,0.3245790972722229,-0.016949999999999986,0.7099186007516123,-0.11676000000000002,0.376269461408127,0.610899031252909,0.859744785246594,0.9471774407456163
PRR4,0.305975,0.054049313915175326,-0.0026800000000000157,0.9753367516952267,-0.2601875,0.09000079172208107,0.26733482202489073,0.9884578739153419,0.9410047191440363
PRR5,0.06662500000000002,0.7467017729384761,-0.25673,0.5000910091825708,-0.14178749999999996,0.755201834757546,0.8937681928979407,0.744309718834039,0.9807934968107775
PRSS22,0.26449999999999996,0.05945676148114371,0.03987,0.618203133985064,-0.18538749999999996,0.19194664716043694,0.27722840239467006,0.8152068256948465,0.9471774407456163
PSMG4,-0.352975,0.27368096133357295,-0.16041,0.5312635044700337,0.24366250000000006,0.5615733945003827,0.5639966495021987,0.767742297368757,0.9519862693342023
PSTPIP2,0.5885625,0.14285478240087798,1.18787,0.027676720873615727,0.21635000000000001,0.6424973677364564,0.40748286475124224,0.14341129793065785,0.9619401148472417
PTGES2,-0.010487499999999983,0.9635002278900885,0.26614,0.40595067443766764,0.26767500000000005,0.5485918966936593,0.9841356341591891,0.6745945031096536,0.9519862693342023
PTP4A3,-0.05365,0.797100754409559,0.24157000000000006,0.277951533303466,0.32617500000000005,0.22438863294757447,0.916229270913648,0.5491739104543262,0.9471774407456163
PTPN9,-0.3269875,0.1363673964717427,0.13399,0.39982268562257883,0.4763875000000001,0.0328596103800272,0.40412510007265057,0.6671310876047785,0.818148604207796
PTRHD1,0.3888125,0.3787079618555803,0.81817,0.0163135868576765,0.2418000000000001,0.6066819036914091,0.6510497319670537,0.11489151717171664,0.9619401148472417
PZP,-0.017860000000000004,0.6596165279887642,-0.014710000000000025,0.8025180085979023,0.003149999999999975,0.9678720159408772,0.8520571965372098,0.909995333562577,0.994306177352909
QSOX1,0.12012999999999999,0.1519210159132442,0.0852,0.329981395782031,-0.03493,0.7412066251794514,0.4214768127980278,0.6055498693364192,0.9800993461384845
RABEP1,0.45832499999999987,0.1922707420576557,1.04857,0.03026029683569929,0.3146875,0.4645615226284192,0.46868806308112326,0.1499236966328575,0.9471774407456163
RALB,0.36995,0.14087141974550438,0.8506199999999999,0.019348833445604164,0.2627374999999999,0.5315372126722272,0.40591406614067166,0.12225133906061297,0.9519862693342023
RAP1A,-0.1606125,0.6522254452105308,0.20847000000000002,0.5522291118702756,0.170825,0.7350442940480024,0.8490200966010366,0.7796487893680296,0.9789483843667411
RBPMS,0.08669999999999999,0.6393870801704169,0.70712,0.10235567025265674,0.19180000000000003,0.5682106825890265,0.8406522906676726,0.30843175302800563,0.953399763247607
RELB,0.11767500000000003,0.6779953183939136,-0.062389999999999966,0.6413895751707657,-0.28933749999999997,0.3991915572595631,0.8620430951040879,0.8275812788105883,0.9471774407456163
REPS1,-0.22169999999999995,0.3643437812411455,-0.5651200000000001,0.001533670560821085,-0.4196875000000001,0.26824422454810604,0.640590207650842,0.07198964174581236,0.9471774407456163
RICTOR,0.5269375000000001,0.005161583201114661,-0.19932000000000002,0.25274194712374864,-0.7129500000000001,0.02319147665393689,0.132455724147496,0.5192698186360654,0.8143181893514128
RIDA,0.0047750000000000015,0.9724873157383581,0.13011999999999996,0.06793091943131098,0.11884999999999997,0.4712187841106209,0.9870537533283615,0.23816353375798527,0.9471774407456163
RLN2,0.2545749999999999,0.1524852226811551,0.0016200000000000658,0.9918598806448293,-0.16569999999999982,0.5277988454631114,0.42167127950606154,0.9952473802371956,0.9519862693342023
RNASE1,0.07866,0.4080191064944978,0.14055555555555554,0.28062596447535354,0.0441,0.8151209498518802,0.6743621376289951,0.5525999220030755,0.9888671293493415
RNASE4,0.27244999999999997,0.10919738454343153,0.21534444444444445,0.0008910088949766121,-0.08403333333333335,0.6268328518101547,0.3674936034233698,0.05453716944669346,0.9619401148472417
RNASE6,0.13619999999999996,0.2456408411607629,0.1259111111111111,0.17964605022368027,-0.010999999999999973,0.935669661862102,0.5326146061478386,0.4347659495622863,0.9940568131447077
RNF168,0.3376875,0.2816718293951909,-0.28758,0.257003042735419,-0.6817749999999999,0.2019378978541795,0.5707254032848765,0.5239937123918537,0.9471774407456163
RNF31,0.0023875000000000146,0.9911538056706306,0.16544,0.3018539144726999,0.22485,0.4782368108981149,0.9962401235238839,0.5745246840875246,0.9471774407456163
RPA2,0.39947499999999997,0.1971326824701859,0.08744,0.6411889385439309,-0.40217500000000006,0.3228007383753722,0.4755138104247998,0.8275812788105883,0.9471774407456163
S100A13,-0.009600000000000025,0.9253720898808068,0.05601000000000002,0.5202072200822206,0.08043750000000001,0.31400185364994165,0.9671800782887977,0.7633751010311027,0.9471774407456163
SAA4,0.035559999999999994,0.5342267863082975,-0.010350000000000003,0.8289059976465749,-0.045910000000000006,0.5921081966147914,0.7671350430956881,0.924710538541159,0.9619401148472417
SCGB3A1,-0.022425000000000007,0.7002057314997812,-0.09419,0.022234560462427107,-0.06616249999999999,0.20624935277389947,0.8753149244600926,0.12917053896370354,0.9471774407456163
SCRIB__Inflammation_II,0.8257625,0.04173090234135709,0.75696,0.01724873586518073,-0.27898750000000005,0.5667002902664021,0.2466909277241592,0.1171652532369276,0.9519862693342023
SDK2,0.031000000000000014,0.8140221201482357,-0.08045000000000001,0.46579631328622406,-0.08541249999999999,0.6452681198878035,0.9216173367998136,0.7187550254385117,0.9619401148472417
SELENOP,-0.11852999999999998,0.29720724128517045,0.29090000000000005,0.026504290168044564,0.40942999999999996,0.021502102674096128,0.5832965096164534,0.14081302805373405,0.8143181893514128
SELL,0.14806,0.09776300069073623,0.06807,0.20161119181526435,-0.07998999999999998,0.4342284313699639,0.340720873107216,0.46312250316907483,0.9471774407456163
SEMA3G,-0.03028750000000001,0.751831051525872,-0.0708,0.14741931206205702,-0.0493625,0.4762441527962601,0.8957338318665904,0.3849937234118431,0.9471774407456163
SEMA6C,-0.0829625,0.6308605870005934,0.10417999999999998,0.49796628607226634,0.24026250000000005,0.3826938459566711,0.8357755500914502,0.7422754685339008,0.9471774407456163
SERPINA1,0.018850000000000006,0.5135388198663026,-0.05019,0.09171431037028584,-0.06904000000000002,0.011822926062501208,0.7496558826679988,0.28696128207444066,0.7865420294170457
SERPINA3,0.04131,0.5210429215314709,0.012310000000000001,0.6336184017984896,-0.028999999999999998,0.6067092811516941,0.7548442324750797,0.8224982846757525,0.9619401148472417
SERPINA4,0.18708999999999998,0.15861915188055117,0.012739999999999996,0.7299081532702922,-0.17435,0.22470187224299593,0.4279367017677313,0.872768660544241,0.9471774407456163
SERPINA5,0.08885999999999995,0.37052591755217246,-0.011779999999999985,0.9076356318569446,-0.10063999999999995,0.48370334682584704,0.6451445017097125,0.9627575638370238,0.9471774407456163
SERPINA6,0.20177,0.20051139337593882,-0.0030900000000000346,0.9437415246309525,-0.20486000000000004,0.23035161956807687,0.4789275200524941,0.9756201968211607,0.9471774407456163
SERPINA7,0.08022,0.4338486060170226,-0.05836,0.41245765320727046,-0.13858,0.36964549166419514,0.6857963720367232,0.6780591774201841,0.9471774407456163
SERPINC1,0.12123999999999999,0.14031161853658256,0.03691,0.2549333626330096,-0.08432999999999999,0.3241528626524594,0.40591406614067166,0.5215899902811985,0.9471774407456163
SERPIND1,0.12596000000000002,0.2775224946950869,0.06044999999999998,0.17914524085493402,-0.06551,0.6156733562849581,0.5658300412312042,0.4342646185080826,0.9619401148472417
SERPINF1,0.017039999999999993,0.7693919136332702,0.028560000000000002,0.5329996088634217,0.011520000000000002,0.8282684265825613,0.9044109840540865,0.7679910073726234,0.9897676525572143
SERPINF2,0.05083,0.3545883259507209,-0.024569999999999995,0.5687548405117956,-0.0754,0.21025409934504957,0.6325688412166488,0.7898355622306763,0.9471774407456163
SERPING1,0.15616999999999998,0.14148125573107564,-0.02085999999999999,0.695810136166549,-0.17702999999999997,0.15136478860833988,0.40591406614067166,0.8514328113524868,0.9471774407456163
SERPINI1,0.028375000000000004,0.7452181422646078,-0.06655,0.6577582394660166,0.069275,0.6102717889701768,0.8932888216945809,0.836939674123498,0.9619401148472417
SFRP4,-0.16262500000000002,0.034106919669675606,-0.09615,0.03878933908848439,0.09575,0.051218176560292705,0.23195863423496976,0.1705860505958198,0.9064257716854434
SHBG,0.19624,0.1414784096520578,0.06770000000000002,0.3620303695047919,-0.15263333333333332,0.33842998371175026,0.40591406614067166,0.6360506049854686,0.9471774407456163
SHH,0.1134375,0.6306759107798399,0.06044000000000001,0.7859730153901368,-0.027387499999999995,0.9455380218744609,0.8357755500914502,0.9023793353717162,0.9940568131447077
SIRT1,-0.078575,0.7953372662301499,-0.07501,0.7525095136090394,-0.13147500000000006,0.6825886805511003,0.9145600345143563,0.883995582160479,0.9619401148472417
SLC9A3R1,0.18398750000000003,0.5200431697658847,0.17815999999999999,0.45496963046932015,-0.11915,0.8002594083648185,0.7539644719220802,0.7098782657030603,0.985768737086236
SLITRK1,0.07572499999999999,0.6109651708095865,-0.28329,0.013627848424936901,-0.27031250000000007,0.18927571803834906,0.8234016843296169,0.10780471071221395,0.9471774407456163
SMPD3,-0.08537500000000002,0.495444030640109,-0.007629999999999993,0.9589593107111688,0.091725,0.5925414095896775,0.7355303496819809,0.9820120105327369,0.9619401148472417
SNCA,-0.2552249999999999,0.7797240940884258,0.8167899999999999,0.049686303947608826,0.6781499999999998,0.41381793001844847,0.9076186166528506,0.1970018367045543,0.9471774407456163
SNX15,-0.30862500000000004,0.1878097045846412,0.2325,0.34002804563710476,0.3568625000000001,0.17792304149373916,0.4659758328800068,0.6159077670048174,0.9471774407456163
SOD3,0.24820999999999996,0.07634284853035322,0.1470555555555556,0.06702548536979613,-0.11994444444444438,0.47743456144410124,0.30778627833340055,0.23583338445085156,0.9471774407456163
SPART,0.6330125000000001,0.07393352808759919,0.8690599999999999,0.0141796277351154,0.08567499999999997,0.8115825023172671,0.3041153980954954,0.1093431661043807,0.9879395392394905
SPINK2,0.12940000000000002,0.00386525959678296,0.05442,0.11255087712034313,-0.0827,0.12165072099409419,0.132455724147496,0.32597300059285167,0.9471774407456163
SPRED2,0.3675625,0.1728202345643814,0.39698999999999995,0.08838701220108403,-0.06814999999999999,0.8650988117091896,0.44765658317497314,0.28049329032635595,0.9938501124438283
SSBP1,0.0635,0.7325298067916679,-0.36671000000000004,0.022202940213891242,-0.41793749999999996,0.038090886835521705,0.8891674808110236,0.12917053896370354,0.8542826375783418
ST13,-0.09369999999999995,0.8275235184509346,0.5619099999999999,0.07244126579100618,0.47611249999999994,0.3446149946356598,0.9258422409472198,0.2466192802942945,0.9471774407456163
ST8SIA1,0.09234999999999993,0.6423822598598645,0.11878999999999999,0.525762078937507,-0.0011374999999999857,0.997597692844998,0.8429294682752487,0.7643191429581374,0.9986173838427952
STAT2,0.435975,0.08398386584716701,0.39825,0.03686350449201133,-0.2189125,0.45076182699525735,0.31838012626964735,0.16662304030389122,0.9471774407456163
STX5,0.07502499999999998,0.722170389767498,-0.07012,0.7169804606100915,-0.16074999999999998,0.3604779899439495,0.8862333638067327,0.8640232129911602,0.9471774407456163
STX7,0.7240249999999999,0.03258483360624053,0.65571,0.0036982367654092158,-0.23640000000000003,0.44292651565345953,0.22551429244478374,0.08926735096139099,0.9471774407456163
SUMF1,0.1898125,0.2924399422484452,0.22268999999999997,0.20122004738302504,0.21531249999999996,0.34955311061441935,0.5801408172356057,0.4625856801340591,0.9471774407456163
SUSD5,0.0369375,0.42386614809186507,-0.11639999999999999,0.03594510109859567,-0.13265,0.046164371003528,0.6846620519596706,0.16347787465584224,0.9064257716854434
SYAP1,0.178475,0.20872761685029978,0.3917999999999999,0.0019728948913432898,0.13579999999999998,0.23418022134639488,0.48554373579270055,0.07198964174581236,0.9471774407456163
TBCA,0.22150000000000003,0.663816248796399,0.8051400000000001,0.04647229389951662,0.3561875,0.5830290678538792,0.8534118446762307,0.18963277705108308,0.9584788980682318
TCN1,0.016859999999999993,0.8279947840116016,-0.026911111111111104,0.7751685495311048,-0.023211111111111103,0.8352810428524704,0.9258422409472198,0.8973322312800042,0.9911725684990748
TERF1,0.22362500000000002,0.11709641098084692,-0.22816999999999998,0.09975640377883034,-0.454325,0.040293652629114655,0.37730147137714193,0.30371431533907106,0.8704614075319034
TF,0.18067,0.11298782578923956,0.01166,0.801678918925939,-0.16901,0.21136715848765603,0.37424828880359173,0.9097461042118226,0.9471774407456163
TGFBR1,-0.13505,0.5054258646905874,-0.36673,0.007260606449020867,-0.26727500000000004,0.2230396432468053,0.7413585573943813,0.09772900575722467,0.9471774407456163
TGOLN2,-0.07744999999999999,0.4707708702570029,0.029022222222222244,0.7301788181135958,0.01742222222222224,0.8748695175976675,0.713318626516284,0.872768660544241,0.9939549333965099
THSD1,0.032325000000000007,0.8710861264346158,-0.14537999999999998,0.4379878343752256,-0.2436375,0.4208033833771728,0.9421733947746191,0.6970792293577533,0.9471774407456163
TLR1,0.01807499999999998,0.9392647241066521,0.17549,0.11109420922796025,0.08736250000000004,0.7371951101622527,0.9747545561806318,0.32348343578964045,0.9791756517678635
TLR4,0.1786375,0.246769620949602,-0.40447000000000005,0.37381936400496896,-0.48463750000000005,0.39158677491645255,0.5337442985488999,0.6453697186018412,0.9471774407456163
TNFAIP8L2,0.2748,0.17015694021618863,0.42094000000000004,0.05034410530075868,0.01002500000000002,0.9643814781925851,0.44397965395662714,0.1981120624515121,0.994306177352909
TNFRSF17,0.14576250000000002,0.04109084128120994,-0.08413000000000001,0.2706332059594219,-0.21546250000000003,0.05375416292133827,0.2466333628181511,0.5408982034753617,0.9064257716854434
TNFSF9,0.17598750000000002,0.3518835577105353,-0.29335999999999995,0.0999160904387337,-0.452025,0.07272891098422928,0.6315417792019259,0.30388558354968903,0.9151422335713614
TOP2B,0.19262500000000007,0.3598983835558086,0.4264199999999999,0.05020816592691608,0.3343124999999999,0.3284164294057793,0.6377451452876753,0.1981120624515121,0.9471774407456163
TP53BP1,0.060624999999999984,0.5381830952084475,0.07703999999999997,0.6199732606746919,0.186325,0.21098674118211577,0.7698061994753743,0.8159957791399581,0.9471774407456163
TP53I3,0.067625,0.7650956784342389,0.24369000000000002,0.07747668460225861,0.07693750000000003,0.7607184676250174,0.9042039836041005,0.25916259798484664,0.9807934968107775
TPD52L2,0.6320625,0.06964341483137602,1.00549,0.012350483358430522,0.20940000000000003,0.6361554508470009,0.2970382751514861,0.10425158837055143,0.9619401148472417
TPSG1,0.38144999999999996,0.2201321510073364,-0.18605,0.3763128877947983,-0.6382625,0.052217030725198926,0.5005027952366513,0.6480699087579822,0.9064257716854434
TRAF3,-0.04706250000000001,0.7398819906426051,-0.04678,0.6998202545337315,0.04417499999999999,0.8150872380687944,0.8913745191791196,0.8526711405448539,0.9888671293493415
TREML1,0.24575,0.23221406156114238,0.23966666666666667,0.4758742312661578,-0.05721111111111118,0.8850531719360949,0.5156802062484024,0.7259873160344614,0.9939549333965099
TSC1,0.5206375,0.015151501574869573,0.38964,0.006416856742949869,-0.23181249999999995,0.23316571726034077,0.18170757096257206,0.0949550061731043,0.9471774407456163
TSPYL1,0.20555,0.30544786293354953,0.19568000000000002,0.24936134791310316,-0.007012499999999949,0.9797295435489102,0.5909161466958172,0.5148444414397028,0.994306177352909
TTR,0.17861,0.12733562405464463,0.04079999999999999,0.41647010785943195,-0.13781000000000004,0.2940575754900559,0.3921510099292934,0.6813163011170328,0.9471774407456163
TXN,0.21545,0.18794464328209942,0.22917777777777776,0.11124094093009464,-0.05360000000000003,0.7179125286435979,0.4659758328800068,0.3235142503081567,0.9742388033047994
TYRP1,0.047875000000000036,0.7127753353910287,-0.04555000000000001,0.768077930888447,-0.015600000000000058,0.9416665758929708,0.8796330121560565,0.8937081033466365,0.9940568131447077
UBE2Z,0.01865,0.9260985529629664,0.26205999999999996,0.3102231248500734,0.17456249999999998,0.6692072816520398,0.9672511726289355,0.5820150324454123,0.9619401148472417
UBXN1,-0.06875000000000002,0.8272137112988828,0.71764,0.007389205835359611,0.6166875,0.13461556586123657,0.9258422409472198,0.09823297169360423,0.9471774407456163
UNC5D,0.024250000000000008,0.9142846299835483,-0.01714,0.9256118899382482,0.17217499999999994,0.47142204707249424,0.9619715151992951,0.9708865467546077,0.9471774407456163
UROD,0.11193750000000001,0.7824613153653571,0.67269,0.03782581739702284,0.373975,0.4749250343543946,0.9091161222172504,0.16915077394888337,0.9471774407456163
VAMP8,0.908075,0.02898581767343483,1.02385,0.006456924121046846,-0.10147499999999993,0.8271261884166683,0.2180096336292813,0.0949550061731043,0.9897676525572143
VASP,0.45284,0.05387994279572177,0.5778444444444444,0.013129068893955457,-0.0024444444444444713,0.992779305720513,0.26733482202489073,0.10655581328851142,0.9980523737803223
VEGFB,0.06255,0.696862430229322,-0.08922000000000004,0.6781843465120891,-0.03522500000000005,0.8814080016996325,0.8737224502262331,0.8448002584323063,0.9939549333965099
VNN1,0.18537,0.18049826929656262,0.03339999999999997,0.6728908344755571,-0.15095555555555562,0.3518241041060693,0.455979290793896,0.8432659569152545,0.9471774407456163
VTI1A,0.396,0.03398891671041325,0.74205,0.011767904247713344,0.21121249999999994,0.48828586819195796,0.23195863423496976,0.10398219314744361,0.9494267907001803
WASL,0.13725000000000004,0.5673881814716062,0.27452,0.39293612632780095,0.20673749999999996,0.6774778975524419,0.7915415371147099,0.6611949250578919,0.9619401148472417
XIAP,0.6532250000000001,0.08194107674296512,0.54076,0.03282444714204525,-0.3074125000000001,0.4094656396540456,0.3148740765901557,0.15648322394451641,0.9471774407456163
YWHAQ,0.248075,0.38359022421666344,0.7668499999999999,0.021633442069251323,0.3098874999999999,0.43093726123946086,0.6551169953113499,0.12802510555170873,0.9471774407456163
YY1,-0.09060000000000004,0.8050488943255463,-0.17519,0.39723971248196144,-0.15942499999999998,0.48868281398479607,0.9185373403994,0.6646299973075186,0.9495005289691986
ZBP1,0.12328749999999997,0.39498246485913246,-0.20006999999999991,0.1567778564825581,-0.21333749999999996,0.31191409235998024,0.6673136755354406,0.3994911902391637,0.9471774407456163
ZNF174,0.5199374999999999,0.017982351438763998,0.041589999999999974,0.8719156168549598,-0.32519999999999993,0.4349763571424399,0.19132443784127806,0.9456074279954809,0.9471774407456163
ABHD14B,0.12346666666666661,0.5418728669093023,0.496488888888889,0.059888059895003516,0.3730222222222223,0.17802523534506184,0.7735774941591497,0.2202425989252029,0.9471774407456163
ACVRL1,0.0833,0.28012969558816075,0.07296666666666665,0.5466293068818813,-0.010333333333333337,0.9365511939395481,0.5695647374657552,0.7753329291246601,0.9940568131447077
ADAM22,-0.012155555555555555,0.899411129119332,-0.11551111111111109,0.3649214743483974,-0.10335555555555556,0.4214756865564179,0.9557876334426334,0.6381781497830902,0.9471774407456163
ADAM8,0.08922000000000001,0.11998281785648705,0.05518000000000003,0.6166583160583237,-0.03403999999999999,0.7614367988946997,0.38067982598526884,0.8149987101121705,0.9807934968107775
ADGRB3,-0.001133333333333332,0.9848061181633094,-0.04438888888888888,0.6472357739521206,-0.043255555555555554,0.6428219158404391,0.9925764580321794,0.8314729793927986,0.9619401148472417
AFP,0.0941111111111111,0.20297189067201735,0.04868888888888891,0.6350158305887483,-0.045422222222222204,0.6546311526078361,0.4820787508442902,0.8231538518962562,0.9619401148472417
AGR2,0.15834444444444434,0.7866321555794497,-0.31252222222222226,0.46681891497276295,-0.4494625,0.6540746048936634,0.9109677860041083,0.7195771102780575,0.9619401148472417
AHSP,-0.95373,0.05991076384144339,-0.2473,0.238371960661212,0.7064300000000001,0.09881941680996714,0.2780692324899853,0.5031155319128167,0.9471774407456163
AKT1S1,-0.4795222222222222,0.08189876649685754,0.03046666666666669,0.8934711482376663,0.6517,0.06594865779101955,0.3148740765901557,0.9559425468034463,0.9151422335713614
ALDH1A1,-0.39611,0.01349615470783597,0.04700999999999998,0.5071857201175778,0.44311999999999996,0.009945918268454264,0.1746771036635334,0.7506859676097952,0.7865420294170457
AMFR,0.34811111111111104,0.07189534840025377,-0.1521222222222222,0.4486611727843173,-0.4928499999999999,0.01730398292931389,0.30141444717461124,0.7051189729663565,0.8143181893514128
ANXA10,-0.44323333333333337,0.0631733844827445,-0.09413333333333335,0.6190706467995151,0.3030125,0.3403396787872822,0.28423185851501276,0.8156186369044731,0.9471774407456163
ANXA3,0.59503,0.010490165814284339,0.65251,0.02025699955151307,0.05748000000000001,0.8585949954406734,0.1607836095052678,0.12476952763594423,0.9938501124438283
ANXA5,0.04223333333333333,0.7918260630555769,-0.10157777777777778,0.4314835250873498,-0.0517,0.6490099234244584,0.9130239298497979,0.6914139085199341,0.9619401148472417
APOH,0.04878,0.4928372000010174,0.06637000000000001,0.3641769802433874,0.017590000000000012,0.8454538765163827,0.73354262225242,0.6381781497830902,0.9921602299275276
APP,0.19207000000000002,0.1965815512531865,-0.09893999999999997,0.7626171671062769,-0.29100999999999994,0.40831063332914597,0.47479719749017707,0.8894677399596037,0.9471774407456163
APRT,0.5045444444444445,0.27009495402582123,1.493377777777778,0.00683078706803327,0.9888333333333335,0.0882152917755675,0.5588302640337062,0.09742161362078518,0.936333047242807
ARID4B,-0.11097777777777779,0.6290752436618039,0.2188555555555555,0.15134416254030264,0.35351250000000006,0.180720054102255,0.8349519806418768,0.3914165048797616,0.9471774407456163
ARSA,0.14148,0.2254926327968515,-0.011730000000000008,0.9512950829575221,-0.15321,0.4753262514587596,0.5088539848446139,0.9789879386654082,0.9471774407456163
ASAH2,0.026277777777777764,0.558828242856169,0.026011111111111124,0.8385766820153464,-0.00026666666666666196,0.9985364503866276,0.7865539697497546,0.9279616918120858,0.9990080677395182
ASGR1,0.2447888888888889,0.0022082269037491274,0.17094444444444445,0.07292834201732079,-0.07384444444444445,0.4743367911849833,0.10137141630023339,0.24799012598019501,0.9471774407456163
ATF2,0.1562222222222222,0.47030153456639845,0.19927777777777778,0.16166007544066113,0.0035125000000000017,0.9912728059195288,0.7129751850134565,0.40859458058122994,0.9979739900608579
ATP5PO,-0.2825555555555555,0.21931362358216558,-0.02305555555555556,0.9293372974170915,0.3374875,0.39039440668887027,0.499491027972405,0.9720160127488128,0.9471774407456163
ATP6V1F,-0.10743333333333331,0.7136193690374957,0.09342222222222221,0.6677721351469063,0.05908749999999996,0.7907015601246024,0.8796330121560565,0.8418182513758283,0.985768737086236
ATXN10,0.4714777777777777,0.11608694084402578,-0.23856666666666668,0.4861529970316435,-0.3728375000000001,0.31682025905439576,0.3760346551265135,0.7318665630938164,0.9471774407456163
B4GAT1,0.07995000000000001,0.27586327070465605,0.12791000000000002,0.05360009023644434,0.047960000000000017,0.6349014926786865,0.5640127274393038,0.20558363591993928,0.9619401148472417
BAG3,-0.06821111111111115,0.5869025469995952,0.011566666666666671,0.9157040315184688,0.07977777777777781,0.6031741865481126,0.8062887815380522,0.966357199928614,0.9619401148472417
BAX,-0.2915111111111111,0.2837462976694313,0.18258888888888888,0.6271914796598781,0.44713749999999997,0.33723146248617464,0.5729530051909204,0.8186088703868155,0.9471774407456163
BCAM,0.034510000000000006,0.5104209653836833,0.12985000000000002,0.06509398409866628,0.09534,0.25992812495019774,0.7475657010454942,0.2323768229427479,0.9471774407456163
BCAN,-0.22060000000000002,0.05291405624356774,-0.36614444444444444,0.010443920188534895,-0.14554444444444442,0.1929280242914526,0.26665779973173587,0.10042271686228481,0.9471774407456163
BIN2,0.8168399999999998,0.016934122665809563,1.50995,0.005584221884526696,0.6931100000000001,0.17922603642361123,0.18792396730917132,0.0949550061731043,0.9471774407456163
BLVRB,-0.5307499999999999,0.043852062667803726,-0.20851999999999996,0.04524624184944766,0.32222999999999996,0.173285759400499,0.24788089811044448,0.18743431103805927,0.9471774407456163
BMP4,-0.03404444444444435,0.706214572504968,-0.037844444444444424,0.5721443497044684,-0.003800000000000075,0.9766388222863658,0.8777618404745452,0.7914281913884341,0.994306177352909
BRK1,-0.41888888888888887,0.11538332976294204,0.052622222222222244,0.8034667717437183,0.2606625,0.3931651128623359,0.3760346551265135,0.9103684440351115,0.9471774407456163
BST1,-0.019779999999999985,0.7105044165976839,0.06730999999999998,0.11584244186052092,0.08708999999999997,0.23642332097129506,0.8795228110402308,0.333346899160505,0.9471774407456163
BST2,0.054690000000000016,0.5375610323333719,0.14006,0.0533477424508631,0.08537,0.40810172575636106,0.7696658445396913,0.205151397016539,0.9471774407456163
C19orf12,0.004288888888888866,0.9821189163391144,0.03713333333333329,0.8463598876921773,-0.120925,0.6639241480249141,0.9919097202489922,0.9309394790383752,0.9619401148472417
C2CD2L,0.29066666666666663,0.20789281222789846,0.18552222222222226,0.41796783647458335,-0.013037499999999994,0.9665111258270127,0.48515797982505404,0.6822163908679588,0.994306177352909
CA2,-0.5418500000000002,0.3267061918770764,0.22027999999999998,0.4122103568244917,0.7621300000000002,0.15108506965200033,0.6121573926880424,0.6780591774201841,0.9471774407456163
CA6,0.023450000000000016,0.6084325285856018,0.10262999999999997,0.0518665410385763,0.07917999999999996,0.0798539226009597,0.821873457004367,0.20156600207848832,0.9151422335713614
CALB2,0.2211777777777778,0.09907028073816052,0.2438666666666667,0.04807912323465468,-0.03856249999999997,0.8372878204493979,0.3444597453357581,0.19350200556632252,0.9911725684990748
CALCA,0.7087111111111111,3.2510348293633293e-07,0.5984111111111111,0.0015832982462454846,-0.11030000000000004,0.3581780700179511,0.0009551540328669462,0.07198964174581236,0.9471774407456163
CARHSP1,-0.6335999999999999,0.1908574784717946,0.06876666666666668,0.6050352050455287,0.6463749999999999,0.26547006382279376,0.4678993083835949,0.8081335597150143,0.9471774407456163
CASP1,-0.5594555555555556,0.31830283288989764,0.3956555555555556,0.35235359572741015,0.8753125,0.30586331627919927,0.6043733302914616,0.6289276210492899,0.9471774407456163
CASP10,-0.29064444444444454,0.770254063563166,0.29798888888888886,0.5173710854796864,1.0641375,0.427950655371112,0.9044109840540865,0.7611598643662085,0.9471774407456163
CC2D1A,0.5717444444444444,0.16635359740188516,1.2631333333333332,0.007159825611388621,0.6913888888888889,0.14253571671040932,0.4379452232676869,0.09772900575722467,0.9471774407456163
CCL19,0.07640999999999999,0.37333984787823493,0.24788000000000004,0.008864072619648784,0.17147000000000004,0.19551494072944192,0.6467408449683103,0.09968436135564301,0.9471774407456163
CCL2,-0.19634444444444446,0.08222609789297176,-0.14787777777777777,0.47218302143054147,0.04846666666666667,0.8378046312987197,0.3149677648103664,0.7236691272628747,0.9911725684990748
CCN5,-0.013280000000000017,0.8944784126153928,0.12601999999999997,0.2834761534371193,0.13930000000000003,0.3379608112434375,0.9535477417503716,0.5552532745353156,0.9471774407456163
CCS,-0.060500000000000026,0.8458816307476635,0.4704222222222223,0.07229272296479418,0.5309222222222222,0.14483516848361686,0.9305256142302728,0.2463990952094725,0.9471774407456163
CD109,0.03688,0.39917720175721105,0.06533000000000003,0.34779086860286,0.028449999999999996,0.5502665269626472,0.6693964718965103,0.6238153674940188,0.9519862693342023
CD164,0.23196999999999995,0.16842243907083443,0.15167,0.1617411494948844,-0.08030000000000001,0.6011651220990702,0.44141402853712003,0.40859458058122994,0.9619401148472417
CD177,0.07317000000000003,0.1417521551600848,0.07604000000000001,0.4583062859783812,0.0028699999999999976,0.9812695810096073,0.40591406614067166,0.7135685576070397,0.9952946896706719
CD274,0.16317777777777775,0.29519017072642856,0.19339999999999996,0.16810761762709006,0.0302222222222222,0.8683035801987447,0.5826324126828532,0.41804461000796117,0.9938501124438283
CD300C,0.06217000000000002,0.4103791084052082,0.09262,0.0951134045698887,0.030449999999999998,0.7122876046151562,0.6755493062533279,0.29415071855403474,0.9731307826730388
CD300LG,-0.0034199999999999786,0.9546314127323985,0.07811000000000001,0.1334009129848792,0.08152999999999998,0.2638106156775638,0.9816965665410523,0.36256418348711844,0.9471774407456163
CD34,-0.04436000000000001,0.5788536835762645,0.013649999999999973,0.8135925769104433,0.058009999999999985,0.5836432408176828,0.801070241331637,0.9168910590574922,0.9584788980682318
CD63,0.4229,0.02879252372156506,0.38635555555555556,0.13624842959552644,-0.03654444444444449,0.8762208205231214,0.2180096336292813,0.3672457671116116,0.9939549333965099
CD74,0.14737,0.06581290534206777,0.15010999999999997,0.02470966912164623,0.0027399999999999786,0.9746723909337013,0.28944474925273095,0.13583746298696903,0.994306177352909
CD8A,0.25347,0.0006956110493033873,0.2988,7.519926521114513e-05,0.04532999999999997,0.3541289016463214,0.05351589916471161,0.023214424440520416,0.9471774407456163
CD99,0.05298999999999998,0.17324218348194162,0.15118,0.004025033560731603,0.09819000000000001,0.01538074176459612,0.44765658317497314,0.08945185066478033,0.8143181893514128
CD99L2,0.008409999999999996,0.8660273735383087,0.12835,0.0422934688264226,0.11994,0.012663902908445551,0.9415628051776928,0.17930477837233708,0.8054741543349357
CDCP1,0.061777777777777786,0.3909170290817797,-0.009666666666666688,0.9122808110626961,-0.07144444444444448,0.41661343110869553,0.6622101474554098,0.9654868662558705,0.9471774407456163
CDH15,-0.06987000000000002,0.46629236730480406,-0.010160000000000013,0.9237000174822766,0.05971,0.681525097454247,0.7094598524813642,0.9699180312233483,0.9619401148472417
CDH3,-0.025869999999999997,0.6552327661676882,-0.06977000000000003,0.3942862799496435,-0.04390000000000003,0.6314121170414617,0.8508320689485187,0.6620078001496004,0.9619401148472417
CDHR1,0.07292222222222225,0.6849860707623301,-0.16728888888888888,0.3567728997788561,-0.41288749999999996,0.17221078083587865,0.8670784471778223,0.6310648883505595,0.9471774407456163
CERT,-0.02788888888888887,0.8774008880846208,0.2342444444444444,0.41957777403438956,0.18411249999999996,0.5249878656888881,0.9440881422567791,0.6833256652511288,0.9519862693342023
CETN2,0.35564444444444443,0.22026892928556507,0.6864888888888889,0.010598476020337994,0.36970000000000003,0.16580485378503831,0.5005027952366513,0.10042271686228481,0.9471774407456163
CGA,0.20965999999999996,0.19419087572579302,0.32011,0.03908446403626272,0.11045000000000002,0.5307243479851054,0.470348551428178,0.1705860505958198,0.9519862693342023
CHGB,-0.28942999999999997,0.01874315595432773,-0.32149,0.04337155700489148,-0.03206000000000002,0.8472835797053616,0.19465958039720954,0.18245704918778968,0.9921602299275276
CHMP1A,0.5769555555555556,0.11572516822172087,1.2304666666666668,0.01739631699675725,0.6535111111111112,0.17001819532910042,0.3760346551265135,0.1171652532369276,0.9471774407456163
CLEC10A,-0.008522222222222202,0.8835066281407646,-0.003377777777777776,0.9659731463298142,0.005144444444444427,0.9508967417855785,0.9473512676925425,0.9851473227202153,0.9940568131447077
CLEC11A,0.03963000000000001,0.42954773138237745,0.21373000000000003,0.010139432420864375,0.17409999999999998,0.07702488030541436,0.6857963720367232,0.10042271686228481,0.9151422335713614
CLEC14A,-0.043360000000000024,0.390058672812561,0.12718000000000002,0.051654978706879816,0.17054000000000002,0.040719299798637004,0.661658418431469,0.20127629634060065,0.873235786922595
CLEC1B,1.0501900000000002,0.0018501932458673343,1.03413,0.006006851036107869,-0.016059999999999963,0.9616197792427827,0.09372185786824531,0.0949550061731043,0.994306177352909
CLPP,0.5252333333333333,0.030744302765480114,0.9258555555555557,0.04011569323123818,0.4006222222222223,0.3882975538445349,0.22247970818960736,0.17348277017321043,0.9471774407456163
CLPS,-0.09884999999999997,0.267039342707187,0.20327,0.029686892220429712,0.30212,0.015654140023383063,0.554996159595443,0.1493275125658018,0.8143181893514128
CLSPN,-0.14126666666666665,0.1977572639308923,0.06291111111111111,0.6378989488268598,0.1303625,0.46065156067661095,0.47662907418290534,0.8246641921380339,0.9471774407456163
CLSTN1,0.4461666666666667,0.2641468597280931,0.11767777777777774,0.6329219450358414,-0.22422500000000004,0.6219629921537457,0.5539419678142423,0.822071032058047,0.9619401148472417
CNTN3,-0.00641000000000001,0.9144950449120597,0.07429999999999999,0.16461718603429482,0.08070999999999999,0.35755980445727753,0.9619715151992951,0.4123148274243463,0.9471774407456163
CNTN4,0.05614000000000001,0.42574577053356677,0.12576,0.10857900602225656,0.06962,0.3639070563722643,0.6853124768051386,0.31900511969338974,0.9471774407456163
CNTN5,0.06519,0.2641499989474995,0.06943999999999999,0.16231264950297958,0.004250000000000004,0.9517637220476728,0.5539419678142423,0.40863287424143446,0.9940568131447077
COPE,-0.031688888888888905,0.8393499741725883,-0.08863333333333333,0.5541299751622991,0.017987499999999997,0.9423688914582544,0.9284924568666677,0.780457270866172,0.9940568131447077
CPA2,-0.12913000000000002,0.3539533259053985,-0.015220000000000039,0.8563055944259813,0.11390999999999998,0.5173210251605956,0.6325516250061198,0.9359471117647072,0.9519862693342023
CPM,0.08009999999999999,0.24877747922554583,0.10412999999999999,0.0938226342396974,0.024030000000000006,0.7169443727830196,0.5342896447110042,0.291694073435165,0.9740601361691527
CPPED1,0.10402999999999998,0.6842370648583896,0.38018,0.009076180039581612,0.27615,0.31825855490812155,0.8665036623077366,0.09968436135564301,0.9471774407456163
CRADD,0.49327777777777776,0.25947571949211984,1.1825777777777777,0.00534029980412954,0.6892999999999999,0.1745211636057123,0.5484458013437756,0.0949550061731043,0.9471774407456163
CRIP2,-0.24368888888888898,0.021710643373088413,-0.2740666666666667,0.02282267842697756,-0.030377777777777712,0.8086562208353067,0.20240610399962805,0.13083395964939196,0.9878909085586111
CRTAM,0.08807777777777781,0.19145259077859458,0.008788888888888895,0.9172769889614842,-0.07928888888888891,0.43923387974650563,0.46868806308112326,0.9665469627857719,0.9471774407456163
CSF2RA,0.04837777777777777,0.5355144393022044,0.035866666666666665,0.6653544941148128,-0.012511111111111103,0.8970804968806753,0.7683961001035375,0.840417671414153,0.9939549333965099
CST5,0.04753333333333335,0.6740038120574164,-0.11472222222222224,0.26852243074030707,-0.16225555555555557,0.047123085714921,0.8590990020931408,0.5384558530499906,0.9064257716854434
CTRB1,-0.17703999999999995,0.0003253301114672234,-0.050480000000000025,0.29916298707251854,0.12655999999999995,0.0515053443245006,0.03509975341493238,0.5729407736044999,0.9064257716854434
CTSS,0.13266000000000003,0.05854328574320616,0.22549000000000002,0.008714405705749544,0.09282999999999997,0.1662391935710204,0.2752002776216635,0.09968436135564301,0.9471774407456163
CX3CL1,0.08031111111111114,0.46556704084271394,-0.07343333333333334,0.6891124913986304,-0.15374444444444446,0.4421560549887974,0.7094584885870817,0.8471182007235046,0.9471774407456163
CXCL11,0.23472999999999997,0.020810324898609837,0.23357,0.07847234304084345,-0.0011600000000000165,0.9937795255206019,0.20208599072969882,0.2609637258317448,0.9982011704117378
CXCL13,0.38082999999999995,0.0003968951955395472,0.33113000000000004,0.04627056834945823,-0.04969999999999995,0.7627284258056527,0.03764807680266044,0.1890722250496638,0.9812023557990273
CXCL8__Neurology,-0.004011111111111126,0.9772895306639564,-0.004288888888888898,0.9896166624851161,-0.0002777777777777842,0.9994798129595637,0.990095393479553,0.9938023440830098,0.9994798129595637
DARS1,0.6599444444444446,0.11330227717730834,1.221588888888889,0.0047020633791731705,0.5616444444444445,0.26763152104601146,0.37444554594705504,0.09387583957661252,0.9471774407456163
DBI,0.34443999999999997,0.14922168925073842,0.67466,0.008974408327109974,0.3302199999999999,0.26635406714715915,0.4183333234910968,0.09968436135564301,0.9471774407456163
DCTN6,-0.21898888888888887,0.21554394490029222,0.4151111111111111,0.27529912430314074,0.8996249999999999,0.011755363195618776,0.49497306064012997,0.5476159967519482,0.7865420294170457
DDR1,-0.007419999999999987,0.9270663156749241,0.03832,0.4807679617524523,0.04573999999999999,0.5737613018983101,0.9675740090418924,0.7294692445456423,0.956703010770281
DKK1,0.39855999999999997,0.010122924143340728,0.13466,0.6707508828700268,-0.26389999999999997,0.38867230941927744,0.1607836095052678,0.8427335747764957,0.9471774407456163
DKK4,0.24166666666666664,0.06216271460630828,0.2753777777777777,0.06270764638540308,0.03371111111111115,0.8322960934285462,0.28140840602979,0.22784415904637248,0.9911385037330857
DNMBP,0.5503555555555555,0.04955337758943518,0.9647333333333334,0.0042538232913806925,0.41437777777777784,0.21459754243232673,0.2581595471999858,0.09065588056773868,0.9471774407456163
DPEP1,0.027633333333333336,0.6574763374077504,0.07006666666666667,0.361408459824397,0.04243333333333332,0.6064707201237352,0.8515030334141825,0.6358191945892685,0.9619401148472417
DRAXIN,0.11032222222222227,0.14684293821970001,0.08778888888888887,0.23312549492026627,-0.022533333333333374,0.7918438308302602,0.41343533838148366,0.4971029451831099,0.985768737086236
DSC2,0.013189999999999997,0.839950691649273,0.05658999999999999,0.34099223751782537,0.043399999999999994,0.34714598636119265,0.9284924568666677,0.6168935922582334,0.9471774407456163
DSG2,0.08373000000000003,0.026001759210184976,0.057389999999999976,0.3824632230736653,-0.02634000000000005,0.7242966867842746,0.21482755378190904,0.6530546807260571,0.9762572927931781
DUSP3,0.053944444444444524,0.8599576690694442,0.10431111111111112,0.4006994340463559,-0.08885000000000001,0.6455684216832944,0.939589301497221,0.6671940737676894,0.9619401148472417
EBAG9,0.49863333333333326,0.13907215521098887,1.3497666666666668,0.002374024089268334,0.8511333333333335,0.05316862763622172,0.40591406614067166,0.07664706345352049,0.9064257716854434
ECE1,-0.09077777777777779,0.7355936138765656,0.46752222222222223,0.03475563744608965,0.49474999999999997,0.11591827909006075,0.8901046283234555,0.16000067057421485,0.9471774407456163
EFNA1,0.20828999999999995,0.04370193525711778,0.12240999999999998,0.18992848428302975,-0.08588,0.5005594181817674,0.24788089811044448,0.4485610022697278,0.9519862693342023
EFNA4,0.0968222222222222,0.20471214148535255,-0.026200000000000008,0.8212528877631694,-0.12302222222222221,0.26419590019548866,0.48352464393895694,0.9203498853294734,0.9471774407456163
EIF4B,0.031199999999999936,0.9469160653730135,0.6734000000000001,0.012073960989667183,0.6422,0.1654359891937289,0.9761541754617242,0.10425158837055143,0.9471774407456163
ENO1,0.6115999999999999,0.09278962087248091,0.8603299999999999,0.038646618233177006,0.24872999999999998,0.6003598031993191,0.3316495208313247,0.1705860505958198,0.9619401148472417
ENO2,0.43548,0.06920374896578023,0.75544,0.01063969868282434,0.31995999999999997,0.3603434411727734,0.2970382751514861,0.10042271686228481,0.9471774407456163
EPHA10,0.13052222222222218,0.678706140358613,-0.40597777777777777,0.1990145637540995,-0.4073375,0.2926921287685361,0.8621005794957219,0.45949071036134215,0.9471774407456163
EPHB6,-0.018966666666666663,0.7479568891320851,-0.07696666666666667,0.4755644021122042,-0.05800000000000002,0.6415633026360522,0.8937681928979407,0.7259873160344614,0.9619401148472417
EREG,0.21606666666666666,0.3057156375008993,-0.19574444444444442,0.683844813399602,-0.4118111111111112,0.3271412085614713,0.5909161466958172,0.8448632587024221,0.9471774407456163
EZR,-0.01413999999999999,0.86568648477369,0.044549999999999985,0.5223213189893309,0.058689999999999985,0.6303970351598088,0.9415628051776928,0.7633751010311027,0.9619401148472417
F11R,0.43974,0.02785371790494451,0.75198,0.0017224551947206798,0.31223999999999996,0.2509396119848902,0.21706690505232618,0.07198964174581236,0.9471774407456163
FABP5,0.3431100000000001,0.18477014286328458,0.6557000000000001,0.004339522681940339,0.31259,0.34900955270179845,0.4620039827509192,0.09141445887546157,0.9471774407456163
FCER2,0.12994,0.009624888243434023,0.33213,0.0020092411923609984,0.20218999999999995,0.03773628674914369,0.16058218162856128,0.07198964174581236,0.8528400805306474
FCRL5,-0.006939999999999993,0.9004043497403013,0.10899000000000003,0.1688968523075051,0.11593,0.19410192375197674,0.9558530380725592,0.41804461000796117,0.9471774407456163
FGR,0.23606666666666667,0.1423286323278439,-0.04474444444444444,0.7766154665316025,-0.2653,0.20704605779016189,0.4065869324911242,0.8975988358260614,0.9471774407456163
FHIT,0.49211111111111117,0.24698760897934308,0.7296222222222222,0.057597452098435566,0.2977124999999999,0.6092521781389499,0.5337442985488999,0.21536352833130887,0.9619401148472417
FKBP4,-0.23433333333333334,0.385170378536274,0.07195555555555555,0.62488965295292,0.3062888888888889,0.22300136535414503,0.6555758334229149,0.8163298356494793,0.9471774407456163
FKBP5,0.8219333333333333,0.036569335354961874,1.3866666666666665,0.0018431860348730282,0.5647333333333333,0.14549174450298705,0.23822773231236805,0.07198964174581236,0.9471774407456163
FKBP7,-0.27237777777777783,0.16088941392681574,-0.0208,0.8073236220600576,0.24867500000000003,0.3139950247532782,0.4304231445036629,0.9123443540640651,0.9471774407456163
FLRT2,-0.1048888888888889,0.29600452239764774,0.02735555555555556,0.8294025871261419,0.13224444444444444,0.39234692564773577,0.5826324126828532,0.924710538541159,0.9471774407456163
FMNL1,0.1569222222222222,0.5747399111191345,0.1754888888888889,0.43655321671224867,0.1158875,0.7537920022805825,0.7976314874199419,0.6963047506517842,0.9807934968107775
FOLR2,0.028170000000000008,0.771119644334747,0.12525000000000003,0.1466087664998279,0.09708000000000001,0.1393410595837451,0.9044109840540865,0.3849937234118431,0.9471774407456163
FOSB,-0.2724,0.11807304669950916,0.008344444444444425,0.9672495673678263,0.42068749999999994,0.07424415398988078,0.37730147137714193,0.9855505561952468,0.9151422335713614
FRZB,0.25585555555555556,0.0002909850894538382,0.5154555555555556,0.023301652248814874,0.2596,0.18252857010207496,0.03509975341493238,0.1319080044451216,0.9471774407456163
FUT3_FUT5,0.08118,0.13214469442380125,0.0213,0.6112916864171178,-0.05988,0.4693477474546115,0.3994250125690618,0.811190142137982,0.9471774407456163
FUT8,0.18061111111111108,0.22989958655015202,-0.048000000000000015,0.8664888396185977,-0.22861111111111113,0.440116539160746,0.513449187222346,0.9411254014045988,0.9471774407456163
FYB1,0.71293,0.007890553235303157,1.2053,0.013224252514704826,0.49237000000000003,0.36050657945815023,0.158084765867325,0.1070326553394016,0.9471774407456163
GBP4,0.22617777777777784,0.36686878849642857,0.06194444444444444,0.5765801704140379,-0.21842499999999998,0.47604393662191935,0.642258017569033,0.7928828940840469,0.9471774407456163
GDNF,0.012233333333333322,0.9671860745243803,-0.14173333333333332,0.3831197268720279,-0.237925,0.534352892289345,0.9849541375918992,0.6532825058328601,0.9519862693342023
GFRA3,-0.0031777777777777794,0.9459771981104965,-0.04767777777777779,0.6544398292864506,-0.04450000000000001,0.6323294027499468,0.9758711404665165,0.836019487231594,0.9619401148472417
GGA1,0.17886666666666667,0.4965225888539033,0.08866666666666667,0.7192827224790129,-0.06799999999999998,0.8727605015218748,0.736387362974643,0.8660871469849755,0.9938501124438283
GGT1,0.07751000000000001,0.207171815505255,0.03493,0.6439207768506023,-0.04258,0.6574743925423645,0.48515797982505404,0.8294038487046825,0.9619401148472417
GGT5,0.09067777777777777,0.12561902193649624,0.14572222222222223,0.2589795943768614,0.05504444444444444,0.6602388954855063,0.38849335415729047,0.5261298669009519,0.9619401148472417
GHRHR,0.006277777777777802,0.964403634959966,0.009255555555555548,0.955158674883023,0.0519,0.815740882940149,0.9841356341591891,0.9812084569252874,0.9888671293493415
GKN1,0.0444888888888889,0.692385648910495,0.12296666666666664,0.4179365037277539,0.02991250000000001,0.8600264710535499,0.8708243453580186,0.6822163908679588,0.9938501124438283
GLB1,0.013811111111111107,0.8635297161589044,-0.08924444444444446,0.6449044748784081,-0.10305555555555562,0.6207545477128609,0.9408582690468602,0.8299296308334485,0.9619401148472417
GLT8D2,0.039299999999999974,0.8616514833259242,0.13755555555555554,0.30504742160183673,0.08699999999999998,0.6023882295684104,0.9398840363485742,0.5756129252833632,0.9619401148472417
GNLY,0.15179,0.004846849904132687,0.29005,0.007678918296682855,0.13826,0.23929688027766263,0.132455724147496,0.09851817447883943,0.9471774407456163
GOLM2,0.09556,0.17514932577463535,0.019319999999999997,0.7595900387233754,-0.07624,0.47805977721302184,0.4486388135360756,0.8894141355095471,0.9471774407456163
GP6,0.5574999999999999,0.018685791039379476,0.71103,0.015747331459082203,0.15353000000000003,0.6042286222360848,0.19465958039720954,0.11399168176846225,0.9619401148472417
GPC5,0.04036666666666669,0.6641780502072772,0.10010000000000001,0.5110248086822538,0.059733333333333305,0.7287885654440468,0.8534118446762307,0.7544677828685736,0.9762572927931781
GPKOW,-0.2670444444444444,0.06289877843770406,0.3278333333333333,0.014384901911341936,0.595475,0.004429830060467521,0.2838657619815277,0.11029325967694482,0.7204244661560001
GRN,0.07259,0.0849101426912751,0.10543,0.09851211379819799,0.03283999999999999,0.6233177039635313,0.32065038461049644,0.3011743916119726,0.9619401148472417
GSTP1,0.0020111111111110747,0.9950199139579252,0.40476666666666666,0.01925811871144789,0.28845,0.42769524687811644,0.9967161633850612,0.121940415461711,0.9471774407456163
GUCA2A,-0.04636,0.3193814774813479,0.05174000000000001,0.14735562961230747,0.0981,0.053467224673844176,0.6046023072423969,0.3849937234118431,0.9064257716854434
HARS1,0.67362,0.03535008212763692,1.2447,0.005664789637766182,0.57108,0.22293059396624648,0.23362760166379812,0.0949550061731043,0.9471774407456163
HAVCR2,-0.05266000000000002,0.2810359719820833,0.00270999999999999,0.9582309406636098,0.05537000000000001,0.4430877443494038,0.5704330152159379,0.9820120105327369,0.9471774407456163
HMOX2,-0.026722222222222237,0.816422388617228,0.3248888888888889,0.13000105394916028,0.40197499999999997,0.04451286474272447,0.9219347890305949,0.35590429931705025,0.9064257716854434
HNMT,-0.19318888888888888,0.021318917653080777,-0.011355555555555515,0.9446803685335476,0.18183333333333335,0.24061395840067648,0.20240610399962805,0.9759039812769209,0.9471774407456163
HSP90B1,0.1490111111111111,0.412616571208252,-0.01562222222222224,0.9219159641354434,-0.1947,0.47014236910497786,0.6773535287776674,0.9695939683204332,0.9471774407456163
IDI2,0.07701111111111113,0.7842422600787661,-0.06636666666666666,0.6733498757396825,-0.031625000000000014,0.9272386738370557,0.9091161222172504,0.8432659569152545,0.9940568131447077
IFNGR2,-0.045077777777777786,0.4527888897840514,-0.051188888888888874,0.467160918316482,-0.0061111111111110915,0.9498146021202746,0.702372628397858,0.7197266796087174,0.9940568131447077
IFNL1,-0.03342222222222227,0.9075046405532177,-0.4151111111111111,0.12673793637854353,-0.5481125,0.14978808899444082,0.9584424708657584,0.3506177561960084,0.9471774407456163
IGF2R,0.007429999999999997,0.8728918425826991,-0.00731,0.8953056027654003,-0.014739999999999993,0.8604751618447539,0.9431161755865928,0.9561666786000046,0.9938501124438283
IGFBP4,0.059780000000000014,0.18624000842268415,0.16844,0.10846338729168506,0.10866,0.35149559389667273,0.463706054869361,0.31898441627924995,0.9471774407456163
IL17RA,0.034549999999999984,0.4667360480402709,0.15655999999999998,0.028273540448776686,0.12201,0.035646159018329064,0.709767344276561,0.14536309350686408,0.8415020014114034
IL18RAP,-0.054477777777777674,0.49765611764713324,-0.005833333333333333,0.9522392441133849,0.048644444444444344,0.7285221117792102,0.7371266755582095,0.9793018336498753,0.9762572927931781
IL1R1,0.05361999999999999,0.23170932689135965,0.14141000000000004,0.020792304010102708,0.08779000000000002,0.19352001508629257,0.5154114892674676,0.12619832834271547,0.9471774407456163
IL1RAP,0.001969999999999966,0.9719352683892244,0.08779000000000003,0.08769256689403762,0.08582000000000005,0.21336835962083958,0.9870537533283615,0.27943683463631513,0.9471774407456163
IL34,0.09912222222222222,0.6119208773741464,0.1788333333333333,0.34572492562324203,0.15806249999999994,0.5557583821724201,0.8239247486596887,0.6214723373061036,0.9519862693342023
IL6__Neurology,0.4890333333333333,0.04204064748280498,0.5529222222222221,0.015462902141194187,0.0638888888888889,0.7998259785964857,0.24685823074111005,0.11371616180726626,0.985768737086236
IL7R,-0.07142000000000001,0.3079209969760956,0.12331999999999999,0.02677305535590187,0.19473999999999997,0.011081452350137685,0.5928387215699665,0.14129952833858567,0.7865420294170457
ILKAP,0.2707333333333333,0.35671581728515867,0.03152222222222218,0.8894267469063475,-0.2776,0.47972689451056094,0.6340175869230468,0.9531730780145414,0.9471774407456163
IMPA1,0.33593333333333336,0.0729057626055723,0.7854777777777777,0.0008033370282507699,0.4495444444444443,0.08108409688606365,0.30262011101754716,0.05453716944669346,0.9151422335713614
ING1,-0.24684444444444445,0.09029577759165779,0.41030000000000005,0.018514364976268457,0.6365500000000001,0.023845868581456195,0.3296238050186684,0.1211858002896621,0.8143181893514128
INHBC,0.03952,0.6654096547591359,0.07841,0.18361789741831422,0.038889999999999994,0.48465342610023066,0.8534118446762307,0.44002396624388834,0.9471774407456163
IPCEF1,0.20752222222222227,0.2663747331500325,0.4604888888888888,0.19909178839005737,0.2529666666666666,0.30684028335579844,0.554996159595443,0.45949071036134215,0.9471774407456163
ISLR2,-0.018188888888888897,0.8984748855389844,-0.01951111111111113,0.943116854072563,-0.04420000000000002,0.9023894133808397,0.9557274488463201,0.9753176055139704,0.9939549333965099
ITGA5,0.031120000000000016,0.6393127520502535,0.21501,0.011276192794162336,0.18389000000000003,0.1176283955562215,0.8406522906676726,0.10291824152316259,0.9471774407456163
ITGAM,0.04440000000000002,0.6393957812086516,0.07283000000000003,0.43980164877665917,0.028430000000000028,0.8179825969502549,0.8406522906676726,0.6987690261871067,0.9888671293493415
IVD,-0.13757777777777777,0.6456785304546832,-0.08376666666666664,0.6988092988574142,-0.09652499999999994,0.8490019123162056,0.8448131827854101,0.8526424992269838,0.9921602299275276
JAM2,0.04783,0.4251006939102313,-0.022050000000000014,0.7472982403762378,-0.06988000000000001,0.4075121514259421,0.6853124768051386,0.8802001398549377,0.9471774407456163
KCNIP4,0.1723777777777778,0.1909500581184242,0.001188888888888906,0.9958524202145969,-0.10001249999999999,0.7199442679017884,0.4678993083835949,0.9981638582409792,0.9751942181168531
KEL,-0.0159,0.9317102447822802,0.3785888888888888,0.005627814573531283,0.36415000000000003,0.16346617216058745,0.970559142131258,0.0949550061731043,0.9471774407456163
KIRREL2,0.18606666666666666,0.27852038557615116,0.2181666666666667,0.1055984025839847,-0.015249999999999958,0.9260682746817664,0.5674707994609793,0.3149726972505046,0.9940568131447077
KLB,-0.06043333333333337,0.6987378041919912,0.4390444444444445,0.03459047141934203,0.5609125000000001,0.057436293653212005,0.8743928126718273,0.15979057394658316,0.9064257716854434
KRT14,-0.005911111111111089,0.9816424380689642,0.17593333333333333,0.05972105389869219,0.06462499999999997,0.801355062074601,0.9919097202489922,0.22015113720747512,0.9858710632851442
KRT5,0.25403333333333333,0.17806800204725176,0.20364444444444446,0.42379909100083535,0.09129999999999999,0.7872208179355458,0.4537413616780795,0.6867785638096908,0.9839089183419631
LAIR2,0.1967222222222222,0.06563821906342798,0.2542222222222221,0.06931730403236712,0.057499999999999996,0.6705069572405657,0.28944474925273095,0.2404418409056607,0.9619401148472417
LAMP2,0.045149999999999996,0.46628284287922994,0.043359999999999996,0.2259381440051421,-0.0017899999999999943,0.9750827305806057,0.7094598524813642,0.49025573640111336,0.994306177352909
LAYN,-0.0694,0.15738854431408578,-0.11986666666666664,0.20482441144767416,-0.05046666666666663,0.5786264961629211,0.4279367017677313,0.46592392007129474,0.958195752801111
LBR,0.49090999999999996,0.03938519124249191,0.75255,0.021895911951784138,0.26164,0.4192551777559961,0.24463782636456918,0.1289182150588012,0.9471774407456163
LGALS8,0.47903,0.009213411067369068,0.7084299999999999,0.0017917706856119971,0.22939999999999997,0.3053989858403062,0.16058218162856128,0.07198964174581236,0.9471774407456163
LIF,-0.17023333333333335,0.6271856296837099,0.09192222222222224,0.6310081698539025,0.46676249999999997,0.22356917560488093,0.834165405165568,0.8213779081903835,0.9471774407456163
LILRA2,0.03629999999999999,0.41534455752172195,0.14092,0.023661591139671763,0.10462,0.211069680745118,0.6790663939893261,0.1324899433562284,0.9471774407456163
LPO,-0.015399999999999994,0.8165205712244553,-0.029511111111111116,0.7780786183172251,-0.014111111111111118,0.8975733674840767,0.9219347890305949,0.897877054444622,0.9939549333965099
LRPAP1,0.12481,0.040010946343927045,0.16673999999999997,0.012875851135424748,0.041929999999999995,0.552273355791636,0.2450616551807745,0.10566829786558075,0.9519862693342023
LXN,-0.08924444444444447,0.6312409617606971,-0.05992222222222224,0.592972374691404,0.029322222222222225,0.887090790436343,0.8357755500914502,0.801727030300665,0.9939549333965099
LY96,0.0017555555555555597,0.9829460326648666,0.053599999999999995,0.5446888120587577,0.051844444444444436,0.5385730080261627,0.9920630175092332,0.7753329291246601,0.9519862693342023
LYPD1,-0.10965555555555556,0.38680824441233175,0.16787777777777782,0.1224893575209336,0.2250875,0.29731532983733816,0.6572831822344886,0.3447066402265353,0.9471774407456163
MAD1L1,-0.1139111111111111,0.5149161801041315,0.17332222222222227,0.3539204911632692,0.28723333333333334,0.1498616741440397,0.7500365578314022,0.6298112677393609,0.9471774407456163
MAP4K5,0.5201555555555555,0.07010529168761692,1.2505888888888888,0.002631322720261679,0.7304333333333334,0.07712619976857496,0.2978125574274227,0.08052943908467514,0.9151422335713614
MAPT,0.20752222222222227,0.49777376593175215,-0.4943333333333333,0.1582116343047872,-0.3646125,0.4585687554619967,0.7371266755582095,0.40279530466851377,0.9471774407456163
MASP1,-0.002622222222222242,0.9572483402948184,0.06021111111111113,0.46449708063052275,0.06283333333333337,0.5072870028284004,0.982667932839335,0.7178813376604292,0.9519862693342023
MATN3,0.19282222222222226,0.005356039357153692,0.16896666666666665,0.03447089962508285,-0.0238555555555556,0.7848440300077257,0.134345955922602,0.15974054116481612,0.9839089183419631
MAX,0.3538555555555555,0.13486622646846494,0.9430666666666667,0.0145636248792077,0.775,0.17435938948324514,0.4026273903403388,0.11030147269601408,0.9471774407456163
MDGA1,0.03623333333333334,0.6161042439011754,-0.014644444444444436,0.9176827217650922,-0.0508777777777778,0.7290362492812229,0.8270717054761632,0.9665469627857719,0.9762572927931781
MESD,0.7159800000000001,0.010447378934161656,1.15431,0.0033048958682647444,0.43833,0.29180125519017014,0.1607836095052678,0.08790245739808741,0.9471774407456163
METAP1,0.04321111111111113,0.799854641141168,0.44627777777777783,0.00816229104275377,0.49072499999999997,0.041348056567587464,0.9170689209537646,0.09950544018095675,0.8802941318519707
MFGE8,-0.02704000000000001,0.7489399723801919,0.12334,0.13819348959224959,0.15038,0.22745567651716878,0.8937681928979407,0.37112657442598657,0.9471774407456163
MIF,0.54728,0.2074701803821866,1.1717300000000002,0.008719619175264325,0.62445,0.2627450383291437,0.48515797982505404,0.09968436135564301,0.9471774407456163
MITD1,0.778988888888889,0.040672363459475704,1.4698,0.008814648343502667,0.690811111111111,0.17981198838040943,0.2463822759668858,0.09968436135564301,0.9471774407456163
MMP13,-0.21224444444444446,0.18155705231943842,0.24481111111111112,0.23657772586643858,0.42893749999999997,0.0800738860893318,0.4574739448666467,0.5014901577168807,0.9151422335713614
MMP3,-0.40984999999999994,3.6580992567534225e-05,-0.34922000000000003,0.0019334103928953326,0.06063,0.4102331274265276,0.010747495616341555,0.07198964174581236,0.9471774407456163
MMP8,0.2736599999999999,0.15224665471601648,-0.1412299999999999,0.7960411223176463,-0.4148899999999999,0.4257347012523651,0.42167127950606154,0.9082597349006777,0.9471774407456163
MMP9,-0.03597999999999997,0.8007280883787109,-0.23487999999999998,0.599448467133027,-0.1989,0.6796477781719961,0.9170689209537646,0.8055872647917702,0.9619401148472417
MPO,0.13091999999999998,0.33897238067701474,0.02368,0.9382524543988688,-0.10724,0.7686639681304566,0.6224380340181683,0.9741843881381597,0.9812334329398464
MRPL46,-0.09307777777777776,0.6502846929278543,0.4696111111111111,0.014050142440633422,0.5486,0.06046952050726579,0.8472445356195281,0.10931654372901348,0.9064257716854434
MSR1,0.09431000000000003,0.1168590260737985,0.08431000000000004,0.38385612404617697,-0.009999999999999986,0.9178084542519249,0.37730147137714193,0.6534005170612214,0.9940568131447077
MUC13,0.3852555555555556,0.11814749954627998,0.20275555555555558,0.5775807699067093,-0.29918749999999994,0.42675778112810625,0.37730147137714193,0.792959019619585,0.9471774407456163
MYOC,-0.79078,1.3886835065687764e-05,-0.65112,0.00048446068564611956,0.13965999999999998,0.2384082372751279,0.0068221415408435855,0.040667014126522835,0.9471774407456163
NAAA,0.11217777777777778,0.19254712352654138,0.050066666666666655,0.629801370816115,-0.06211111111111113,0.5082045176869129,0.46868806308112326,0.8201934518872988,0.9519862693342023
NCAM2,0.09032,0.0489896255392717,0.055200000000000006,0.5473248791710501,-0.03512,0.6656902923362356,0.2581595471999858,0.7753329291246601,0.9619401148472417
NCAN,0.04471000000000002,0.6597788026283704,0.08972,0.15318505581167347,0.045009999999999974,0.6653945310216114,0.8520571965372098,0.39444144958343264,0.9619401148472417
NDRG1,-0.024744444444444402,0.9430318610481578,-0.041333333333333326,0.6596063184641174,-0.08022500000000005,0.8494276710576283,0.9748462983536836,0.8382021469063914,0.9921602299275276
NEFL,0.03444444444444442,0.9374035173512694,-0.5028444444444445,0.13295549721590982,-0.6031875,0.10331885613924167,0.9736752521360483,0.36168819520402135,0.9471774407456163
NGF,0.045122222222222216,0.5158629670354212,0.024866666666666662,0.558490531184844,-0.02025555555555555,0.8180655840063439,0.751043308795871,0.7838679984788833,0.9888671293493415
NID2,0.03432000000000001,0.7387231317298896,0.09198999999999999,0.7339138507509275,0.05767000000000001,0.8089233712094289,0.891321790974298,0.8745463365067239,0.9878909085586111
NMNAT1,0.048511111111111095,0.729508013123723,0.26294444444444437,0.38498425150242366,0.21443333333333336,0.4921136167936683,0.8882760281987466,0.6534279208053846,0.9502255522036434
NOMO1,0.002520000000000011,0.9555603383667196,0.09014,0.17460392536842748,0.08761999999999999,0.1688431467482355,0.9819644190701022,0.42677731508522454,0.9471774407456163
NOS1,-0.06885555555555554,0.8027765190760291,0.004833333333333344,0.9861311074986132,0.09226250000000004,0.8247635140535462,0.9170689209537646,0.9936294736266619,0.9897676525572143
NOS3,0.34884444444444446,0.053949141481748314,0.47381111111111107,0.011334265709733034,0.07769999999999996,0.5916209732636816,0.26733482202489073,0.10291824152316259,0.9619401148472417
NPM1,0.13467777777777779,0.3447183359329093,0.5451777777777778,0.06810088537876155,0.4105,0.21269448333566185,0.6247929926113861,0.23847485249439979,0.9471774407456163
NPTX1,-0.00507,0.8862475165682702,0.06745999999999999,0.14738179997693615,0.07253000000000001,0.16076787907607568,0.9487554263749989,0.3849937234118431,0.9471774407456163
NRP2,0.19144999999999998,0.021644274860279835,0.21098,0.01568978597084176,0.01952999999999998,0.8578362402872768,0.20240610399962805,0.11399168176846225,0.9938501124438283
NSFL1C,0.20348000000000002,0.5660540981916841,0.80085,0.015360382854317204,0.59737,0.1838162385189499,0.7904310553646234,0.11367457135008552,0.9471774407456163
NTRK3,-0.02697,0.7451988011425463,0.02099,0.8337311570044468,0.047960000000000017,0.4097153849153714,0.8932888216945809,0.9263876383592047,0.9471774407456163
NUDT5,0.26355,0.25246177184139257,0.53945,0.012318246537345638,0.2758999999999999,0.3165828580052349,0.5410158174106575,0.10425158837055143,0.9471774407456163
NXPH1,-0.2698888888888889,0.4424087711845297,0.09583333333333334,0.7691488233375132,0.432925,0.45331099895657256,0.6947070923250392,0.8938921056034864,0.9471774407456163
OBP2B,0.7474222222222222,1.3932215536099901e-05,0.3523333333333333,0.0057923204449385505,-0.3950888888888889,0.0033910482207382933,0.0068221415408435855,0.0949550061731043,0.7204244661560001
ODAM,-0.017533333333333328,0.9082041657216717,0.28700000000000003,0.12553810454096753,0.2771625,0.2762444786456048,0.9584424708657584,0.34975083455389644,0.9471774407456163
OGN,0.07008,0.17726958355464192,0.12125000000000001,0.15439518402178248,0.05117000000000001,0.45815316101647174,0.45236632271299837,0.39582290633158546,0.9471774407456163
OXT,0.07439999999999998,0.3191710864152808,0.024960000000000048,0.7635524480021632,-0.04943999999999994,0.5860116880892233,0.6045935860013507,0.8895140035850067,0.9605501331353945
PADI4,-0.14341111111111107,0.6568799226741715,0.08795555555555556,0.6237205015624449,0.35608749999999995,0.32533182332174526,0.8515030334141825,0.8163298356494793,0.9471774407456163
PAEP,0.16760000000000005,0.27438379810723573,-0.023722222222222224,0.7365109271199801,-0.19132222222222228,0.13370342239928135,0.5640127274393038,0.875351579238876,0.9471774407456163
PAK4,-0.1104,0.38533877040156517,0.10093333333333333,0.6070923812664305,0.33654999999999996,0.17727329616182547,0.6555758334229149,0.8089058576692847,0.9471774407456163
PAMR1,0.06484,0.1127100125363521,0.26653000000000004,0.0003935893358957215,0.20169,0.002489875188374766,0.37374945466343396,0.038545515628720994,0.7204244661560001
PARK7,0.21067,0.4303787938671262,0.76163,0.00950815643074633,0.5509600000000001,0.14398165584214784,0.6857963720367232,0.10013064300764872,0.9471774407456163
PBLD,0.026799999999999997,0.8978314197312127,0.23941111111111107,0.05004781151818041,0.20549999999999996,0.30448700898681974,0.955413531966908,0.1981120624515121,0.9471774407456163
PDCD5,-0.11568,0.6889781042990293,0.37540999999999997,0.05809996968899003,0.4910900000000001,0.14884830987083758,0.8704422443970983,0.21536352833130887,0.9471774407456163
PEBP1,0.17068,0.5594803417691034,0.5503199999999999,0.009368203509955448,0.37964,0.2040686525724535,0.7865539697497546,0.09968436135564301,0.9471774407456163
PECAM1,0.15635,0.21730655684707711,0.33698999999999996,0.0002571281680661093,0.18064000000000002,0.12191184118126866,0.4961699303001308,0.035877809186110124,0.9471774407456163
PFDN2,0.333088888888889,0.6162219071774409,0.4876666666666667,0.2467826919282971,0.23539999999999994,0.7435811581152764,0.8270717054761632,0.513126361560748,0.9800993461384845
PHOSPHO1,-0.1485777777777778,0.20907166861812526,-0.09361111111111116,0.42569265302867376,0.054966666666666636,0.7861508797875103,0.48595930569624374,0.687375997862512,0.9839089183419631
PIGR,-0.009669999999999996,0.802825481515685,0.045419999999999995,0.7227726373054543,0.055090000000000014,0.68448289626244,0.9170689209537646,0.8670910610058901,0.9619401148472417
PIK3IP1,-0.04819000000000001,0.3061871380058453,0.04078000000000002,0.43183952421173555,0.08897000000000001,0.15134582227971405,0.5914384033275303,0.6914139085199341,0.9471774407456163
PILRA,-0.009279999999999993,0.8591237101974943,0.06921000000000001,0.3021241105906145,0.07849,0.3295979569653836,0.93937679961304,0.5745246840875246,0.9471774407456163
PLA2G10,-0.1831888888888889,0.07756020729871872,0.06602222222222222,0.5335158768031056,0.24921111111111108,0.08891658277084517,0.3091884518909574,0.7679910073726234,0.936333047242807
PLA2G7,0.08667,0.023801644752041606,0.19069999999999998,0.0002683125426472393,0.10403,0.03230504824088167,0.20591960527563152,0.035877809186110124,0.818148604207796
PLAU,0.1223,0.026252215392597564,0.24036,0.0021131272146791905,0.11806000000000001,0.16707406471958688,0.21482755378190904,0.0727519727864671,0.9471774407456163
PLIN1,0.21815555555555552,0.09190394681566484,0.2451888888888889,0.02842031410281639,0.03191250000000003,0.8505327289377405,0.3316495208313247,0.14536309350686408,0.9921779098662884
PMVK,1.0817666666666665,0.02431016545808632,1.5840333333333332,0.015559529287447596,0.6831375,0.25920475629428813,0.2078612842620478,0.11371616180726626,0.9471774407456163
PPCDC,0.14091000000000004,0.47437782855127353,0.48573000000000005,0.003665949305098588,0.34482,0.1344767521400283,0.716566611971024,0.08926735096139099,0.9471774407456163
PPP3R1,0.29775555555555555,0.08095663027281959,0.5612222222222223,0.005280448365707322,0.2634666666666667,0.22283175733291927,0.31461716897029623,0.0949550061731043,0.9471774407456163
PRDX1,0.1623888888888889,0.34045155663775895,0.5259333333333334,0.004195742326445975,0.36354444444444445,0.033394459900563986,0.6226313852272063,0.09064037466984025,0.8195133879037854
PRL,2.03595,2.7455262899271638e-05,2.4385200000000005,0.00021071795517802597,0.40257000000000004,0.17630316533351353,0.008962618044228897,0.035877809186110124,0.9471774407456163
PRTFDC1,0.5828000000000001,0.15165635048172102,1.3317333333333332,0.011337151669279075,0.7759125,0.07142806934197371,0.4214768127980278,0.10291824152316259,0.9151422335713614
PSG1,-0.05183333333333332,0.5695138593678846,-0.12735555555555558,0.35357210137450135,-0.07552222222222225,0.5298767079268156,0.7924826018280079,0.6297200566042782,0.9519862693342023
PSME1,0.03368888888888889,0.8759032893316323,0.2401444444444444,0.06435567799453376,0.2064555555555556,0.32254584050212165,0.9431161755865928,0.23058168530236609,0.9471774407456163
PSME2,-0.06586666666666666,0.8393706762851171,0.25693333333333335,0.2137818380721329,0.3228,0.2788216698108232,0.9284924568666677,0.47582654564842913,0.9471774407456163
PTEN,0.2465444444444444,0.2884824697289518,-0.023411111111111122,0.9279901358691319,-0.30338750000000003,0.3342877980308582,0.5785402703506215,0.9717830682769362,0.9471774407456163
PTK7,0.04402222222222221,0.9035851148522674,0.20214444444444446,0.27749916321666146,0.18422500000000003,0.687053041224822,0.957695911773435,0.5489028835649923,0.9626164392654134
PTPN1,0.7137555555555555,0.06091964457719067,1.1617777777777778,0.009839793176747285,0.4480222222222224,0.2737235081026037,0.28096605642885975,0.10042271686228481,0.9471774407456163
PTPRN2,-0.3843444444444445,0.015969523589929452,-0.607088888888889,5.0711689096565775e-05,-0.22274444444444447,0.07703916113565931,0.18602441445179038,0.01862386782071378,0.9151422335713614
PTS,-0.028455555555555543,0.891604636643992,0.11835555555555557,0.44731319058015784,0.2353875,0.36966370433095685,0.9522117129989272,0.7044701314260123,0.9471774407456163
PVR,0.030689999999999995,0.7543232017371337,-0.0036400000000000043,0.9557332360283509,-0.034329999999999986,0.7434958953904981,0.897010099979518,0.9814555216537206,0.9800993461384845
PXN,-0.2326,0.18048135427846554,-0.13414444444444446,0.3998699269135517,0.10394999999999999,0.6876864693299695,0.455979290793896,0.6671310876047785,0.9626164392654134
RAB6B,0.18858888888888886,0.6270616165633804,0.6186666666666667,0.019102386373298173,0.5036875000000001,0.3017388990270702,0.834165405165568,0.12149713735902679,0.9471774407456163
RASA1,0.04078888888888892,0.7947540482978989,0.16361111111111107,0.20517377690117233,0.02764999999999998,0.875128441246233,0.9145600345143563,0.46592392007129474,0.9939549333965099
RBKS,-0.24694444444444447,0.26898673030964565,0.06731111111111113,0.5305369457609359,0.31425555555555557,0.17430235747850822,0.5573222945343715,0.767742297368757,0.9471774407456163
RELT,0.06861999999999999,0.14304557327548803,0.06448000000000001,0.41288218802066345,-0.00414,0.9610182031148591,0.407631323262254,0.6780591774201841,0.994306177352909
RGMA,0.04228,0.594857086851714,0.01098999999999999,0.7834279635313925,-0.03129000000000002,0.704265170169905,0.8121236622538734,0.9012005861394168,0.9701503587453412
RGMB,0.08576999999999999,0.1640473291262561,0.11294,0.21070051471108267,0.02717000000000001,0.8169138588439261,0.4360729246352905,0.4718278294368604,0.9888671293493415
RHOC,1.0311666666666666,0.02887154440222043,2.0137888888888886,0.006410921651364739,0.9826222222222221,0.1595770287583608,0.2180096336292813,0.0949550061731043,0.9471774407456163
ROBO2,0.06502000000000001,0.3833780547423632,0.03359999999999999,0.5957975703327963,-0.031420000000000024,0.6412706355800204,0.6551169953113499,0.8036975489613204,0.9619401148472417
RSPO1,0.3665333333333333,0.005395787201792728,0.3585333333333333,0.015752424369637738,-0.008000000000000044,0.964407205787635,0.134345955922602,0.11399168176846225,0.994306177352909
RWDD1,0.39546000000000003,0.19391586682121353,0.9664499999999998,0.006620373279292514,0.5709900000000001,0.16850948480658437,0.470348551428178,0.09581604283035175,0.9471774407456163
S100A16,-0.11505555555555559,0.6563246818267111,0.14762222222222224,0.5370497057105121,0.227325,0.4389841612918767,0.8513385939103211,0.7717574527790811,0.9471774407456163
SCARA5,0.011949999999999999,0.8911373785319522,0.17175,0.2094741771782125,0.1598,0.30341538261103584,0.9522092043529682,0.469797811106556,0.9471774407456163
SCARB1,-0.28404444444444443,0.163142964559572,-0.23450000000000001,0.0667146894718229,0.02014999999999998,0.9065853265182877,0.4349492104138135,0.23583338445085156,0.9939549333965099
SCARB2,0.05938888888888889,0.26552366808833094,-0.007255555555555567,0.9401114042743801,-0.06664444444444446,0.5656311601531141,0.5548424870864269,0.9741843881381597,0.9519862693342023
SCARF2,0.1135,0.20829930211965425,0.03412,0.5774775256852986,-0.07937999999999999,0.36888528814912835,0.4853158997839367,0.792959019619585,0.9471774407456163
SEMA4D,0.15108000000000002,0.15350471108141503,0.0893,0.5262857202172424,-0.061780000000000015,0.6193566412982718,0.4226774518811597,0.7647020009882582,0.9619401148472417
SERPINB1,0.56378,0.035005137182503664,0.8772800000000001,0.00934956111680793,0.3135,0.3627749466780972,0.23362760166379812,0.09968436135564301,0.9471774407456163
SERPINB6,0.38837,0.05048734125343376,0.58694,0.0023011381068980766,0.19856999999999997,0.39524289484163255,0.2603228448549085,0.0759634130119837,0.9471774407456163
SERPINB9,0.2894111111111111,0.11789648658771071,0.6101777777777778,0.016887135155900478,0.3207666666666666,0.1357156411863216,0.37730147137714193,0.11650559759010226,0.9471774407456163
SESTD1,0.31049999999999994,0.24283307768073376,0.646688888888889,0.019413555729337974,0.494525,0.2204710361356703,0.529260817675071,0.12230732740627313,0.9471774407456163
SETMAR,0.011177777777777767,0.8521310606452308,0.08704444444444445,0.3219754305954205,0.07586666666666668,0.36439545465785494,0.934513272182041,0.5953202108806454,0.9471774407456163
SFRP1,0.8644888888888889,0.007097839645151811,0.9442111111111111,0.000677230091571482,0.07972222222222229,0.8112164334668834,0.15333869242085896,0.05091172935705849,0.9879395392394905
SIGLEC15,-0.0010444444444445392,0.9924783472057066,0.11785555555555553,0.38378303442374073,0.1214875000000001,0.640588513859937,0.9967161633850612,0.6534005170612214,0.9619401148472417
SIGLEC5,0.17889999999999998,0.08513492580052437,0.3436,0.00259962374605387,0.1647,0.303954288048065,0.32108653658785696,0.08039678490427653,0.9471774407456163
SIRT5,0.20085555555555556,0.4380918150405513,-0.19671111111111117,0.3281956252743153,-0.4526000000000001,0.13961512343948293,0.6894021170804177,0.6037813068603246,0.9471774407456163
SKAP1,0.16793333333333335,0.41410776407210015,0.5218777777777778,0.02885700116201232,0.35394444444444445,0.0859661695700002,0.6777986689937773,0.14642809916060828,0.9293982399623588
SLC16A1,0.3171555555555555,0.07867427069092664,0.2911777777777778,0.22742448334547774,-0.1414999999999999,0.5654871597147502,0.31109691425295083,0.49228251092246117,0.9519862693342023
SLC27A4,0.46163333333333334,0.10594834145103568,0.41563333333333335,0.17718231415460428,-0.2915999999999999,0.2358299153338506,0.36177926570406826,0.4312855335428562,0.9471774407456163
SLC39A14,0.14024444444444442,0.4964926203316474,0.08755555555555555,0.46436206506759425,-0.09718750000000001,0.6791875929830332,0.736387362974643,0.7178813376604292,0.9619401148472417
SLIT2,0.45376666666666665,0.06937337032231111,0.4851333333333334,0.09706070576579875,0.10037500000000005,0.7883393348425344,0.2970382751514861,0.29797738091945325,0.9841376729491698
SMARCA2,0.14711111111111114,0.6323739100973392,0.15138888888888907,0.6160394062096959,0.21386250000000012,0.4656516404083967,0.8363611456684926,0.8145674935678174,0.9471774407456163
SMPD1,0.1232,0.2613390141570161,0.043469999999999995,0.4953188716033252,-0.07973000000000001,0.4416876679303464,0.5511945610863699,0.740583636015557,0.9471774407456163
SNCG,-0.01931111111111113,0.8809115425546483,-0.07874444444444445,0.5660341246491933,-0.05943333333333335,0.7597196627604386,0.9459496023485222,0.78890334830139,0.9807934968107775
SOD2,0.031209999999999988,0.6453778595268345,0.24948,0.00037378996132405326,0.21827000000000005,0.02597127736416474,0.8448131827854101,0.038545515628720994,0.8143181893514128
SPINK1,0.03970999999999999,0.4530493555082671,0.08559,0.21769613008777314,0.04588,0.621029707428931,0.7024058081706008,0.4801735962446528,0.9619401148472417
SPINK5,-0.15252,0.0013551164249433496,-0.013129999999999998,0.8630839957958842,0.13939,0.09195575386860692,0.0812516746221135,0.9391632517215955,0.9418349502692044
SPINT1,6.000000000001282e-05,0.9990567803266948,-0.019879999999999995,0.6176104012252883,-0.019940000000000006,0.798900167356305,0.9993969426625228,0.8152068256948465,0.985768737086236
SPOCK1,0.3218,0.000588212452131402,0.3262222222222222,0.0039025753340544774,0.0044222222222222475,0.9450771438168841,0.04871692006978372,0.08928843696673039,0.9940568131447077
SSB,0.07455555555555556,0.7872106377334196,0.1446,0.5786963281726938,0.01915,0.9653294897541025,0.9110280285752319,0.793378353789722,0.994306177352909
STAMBP,0.22754444444444444,0.5053857957138141,0.9358888888888889,0.009307194447002592,0.7083444444444444,0.08886408887091561,0.7413585573943813,0.09968436135564301,0.936333047242807
STC1,-0.004710000000000017,0.9432138406434256,0.011950000000000006,0.9129768014772246,0.01666000000000003,0.8964861524772457,0.9748462983536836,0.9655600585817444,0.9939549333965099
STC2,-0.03832000000000002,0.24552819937457385,0.043379999999999995,0.411572743794275,0.08170000000000001,0.26863499050263545,0.5326146061478386,0.6780591774201841,0.9471774407456163
STIP1,0.23326000000000008,0.36428825817237576,0.62128,0.006270045486467456,0.38802000000000003,0.21799879215003537,0.640590207650842,0.0949550061731043,0.9471774407456163
STK24,0.023966666666666667,0.9116457044338412,0.5758777777777779,0.013123531252221132,0.541525,0.14730180938564016,0.9605484970537571,0.10655581328851142,0.9471774407456163
SULT1A1,1.1408299999999998,0.01709393266211647,1.78521,0.011340141634384637,0.64438,0.3826188125441611,0.18792396730917132,0.10291824152316259,0.9471774407456163
SUMF2,0.5166700000000001,0.0003972397484283437,0.45914,0.0006971846378713058,-0.05753000000000006,0.6309620510701864,0.03764807680266044,0.05091172935705849,0.9619401148472417
SUSD2,0.04448000000000002,0.5187845998849688,0.05687,0.2592941374724926,0.01238999999999998,0.860111349703556,0.7526860022034758,0.5261298669009519,0.9938501124438283
TARBP2,0.9616111111111112,0.04488517283688103,0.5693777777777779,0.3050068219898612,-0.374325,0.5510860956567221,0.24788089811044448,0.5756129252833632,0.9519862693342023
TBC1D17,-0.15747777777777774,0.3133006312108079,0.07360000000000001,0.5040656950458674,0.16547499999999998,0.2925624936945737,0.598421348715238,0.7487533194554231,0.9471774407456163
TBCB,0.8964444444444442,0.08357484034418212,1.9032000000000002,0.007645219899503493,1.0067555555555558,0.14123893857706626,0.3176492638178617,0.09851817447883943,0.9471774407456163
TBCC,0.4298444444444445,0.147880014630552,1.0343333333333333,0.009801466319241654,0.6044888888888889,0.13963933836858405,0.4149679875688269,0.10042271686228481,0.9471774407456163
TCL1A,0.12218888888888887,0.5136538019121495,0.4569222222222222,0.13695196943724003,0.3347333333333333,0.17564728368371985,0.7496558826679988,0.36880374537727884,0.9471774407456163
TDGF1,-0.02182222222222221,0.9452598000416941,-0.1763,0.7019311351385654,-0.26259999999999994,0.6120960733790679,0.9758711404665165,0.8538422506610438,0.9619401148472417
TDRKH,0.6339666666666667,0.018792225025430674,0.8416888888888888,0.003873149056861297,0.27990000000000004,0.4699862734378163,0.19465958039720954,0.08928843696673039,0.9471774407456163
TFF1,0.07678999999999997,0.236069322914426,0.24847000000000002,0.0029196019953123937,0.17168000000000005,0.06039512105807733,0.5226613946666041,0.0840959868845864,0.9064257716854434
THBS2,-0.06156999999999998,0.12474964723228903,-0.012790000000000013,0.8196022745345847,0.048779999999999976,0.4013621230512946,0.38702688866786183,0.9202417671995528,0.9471774407456163
THY1,-0.009950000000000004,0.9049263250547144,-0.09315999999999998,0.10838507477453241,-0.08320999999999998,0.42761108869026687,0.9580805560399103,0.31898441627924995,0.9471774407456163
TIGAR,0.11374444444444443,0.4909292196804078,0.09190000000000002,0.6882222715155797,-0.05591250000000002,0.8138762356009286,0.7324676564515306,0.8466612775525659,0.9888671293493415
TIMP4,0.47356999999999994,2.09680295823992e-05,0.45276999999999995,2.9733713187220894e-05,-0.020799999999999996,0.8421358611194443,0.008800581559012694,0.01485244556375714,0.9921602299275276
TMPRSS5,0.03006666666666667,0.5720004033402022,-0.10060000000000002,0.17536921294156138,-0.13066666666666668,0.15503665412362544,0.7945802293208104,0.42829156078329783,0.9471774407456163
TMSB10,-0.08190999999999997,0.6211887450473903,0.10717999999999997,0.6054396539429034,0.18908999999999992,0.434366489248594,0.8295693331587422,0.8081335597150143,0.9471774407456163
TNF__Neurology,0.027044444444444444,0.8409962154099525,0.10046666666666668,0.42750338869615845,0.08755000000000002,0.7313184600696323,0.9285407293778432,0.6882218936927745,0.9779761655369047
TNFRSF10A,0.07697777777777778,0.10544523865645174,0.002600000000000007,0.9810633998204694,-0.07437777777777778,0.586748512989016,0.3609934461627749,0.9903801979512528,0.9609069850399827
TNFRSF10B,0.0871111111111111,0.1407592103582773,-0.06735555555555557,0.5693955249072418,-0.15446666666666667,0.2630689944074725,0.40591406614067166,0.789841384408629,0.9471774407456163
TNFRSF1A,0.03075999999999999,0.4610724865574418,0.04567,0.6004437755904795,0.014910000000000017,0.8685099672303178,0.7065544658945783,0.806263168503121,0.9938501124438283
TNFRSF1B,-0.0926,0.1172255897196822,0.07905999999999999,0.15640608389938626,0.17166,0.020464324718466213,0.37730147137714193,0.3988898216114556,0.8143181893514128
TNFRSF21,0.026390000000000004,0.7117336631126949,0.01743999999999999,0.7359960366821341,-0.008950000000000014,0.9051134634632516,0.8796330121560565,0.875351579238876,0.9939549333965099
TNFRSF6B,-0.06950000000000003,0.29844039099041475,-0.009933333333333337,0.9358459188783416,0.05956666666666669,0.587759054186455,0.5845452458198924,0.9738702899475299,0.9614900340756152
TNFRSF8,0.032219999999999985,0.5839210282350789,0.05128000000000001,0.22754242676402392,0.01906000000000003,0.7861982909163053,0.8035409746860241,0.49228251092246117,0.9839089183419631
TNFRSF9,0.04748888888888888,0.44225452181773317,0.005177777777777772,0.9530744328905588,-0.04231111111111111,0.6350366619993008,0.6947070923250392,0.9794098229564399,0.9619401148472417
TNFSF14,0.19444444444444445,0.3224926879508188,0.033733333333333365,0.9306210066486873,-0.16071111111111108,0.6841279514528444,0.6085314818237031,0.9729880670325581,0.9619401148472417
TNR,0.16043333333333332,0.05753649354943226,0.18647777777777777,0.10473665242742171,0.026044444444444426,0.7668897764459572,0.2740939770659072,0.3139962090120051,0.9812023557990273
TNXB,0.02863999999999997,0.5186898891306603,0.07346,0.2964828732644831,0.044820000000000026,0.5133653167566795,0.7526860022034758,0.5696969794970905,0.9519862693342023
TPPP3,0.2691222222222222,0.1559038777068776,-0.05898888888888888,0.6702700291151671,-0.3073625,0.274949082215359,0.4268831246065297,0.8427335747764957,0.9471774407456163
TREML2,0.13486,0.05257777518553369,0.21350000000000002,0.035098267431788545,0.07864,0.3094452368902589,0.265800976127076,0.16087162201964858,0.9471774407456163
TST,0.1089222222222222,0.6720527006169706,0.22956666666666672,0.35852731535246407,0.1630000000000001,0.6407426571012667,0.8577284250272197,0.6319108833347495,0.9619401148472417
TXLNA,0.2767888888888888,0.18535338803048962,0.9047666666666666,0.009508662150828453,0.6279777777777777,0.08262845300494849,0.4627806845639277,0.10013064300764872,0.9160845091642968
TXNDC5,0.17247000000000004,0.4625548770928778,0.43527000000000005,0.016856585039291234,0.26280000000000003,0.2973805806182388,0.7067480266166447,0.11650559759010226,0.9471774407456163
TXNRD1,0.12199999999999996,0.27703334571480603,0.39865000000000006,0.0003648702644993679,0.27665000000000006,0.06275878757448208,0.5655700586006247,0.038545515628720994,0.9131181923353178
ULBP2,0.0954111111111111,0.05948649143599895,-0.02552222222222221,0.8011240908029026,-0.12093333333333331,0.25572740427792545,0.27722840239467006,0.9094677661433261,0.9471774407456163
VCAN,0.23462999999999998,0.004451303525946664,0.25296,0.005861960527535856,0.01833000000000003,0.8732603285177493,0.132455724147496,0.0949550061731043,0.9938501124438283
VSIG4,-0.030309999999999993,0.6610867215251952,0.11052,0.0032119196889640747,0.14082999999999998,0.025223751429076114,0.8529963934304012,0.08757502181897904,0.8143181893514128
VSTM1,0.08035555555555557,0.7056024515952062,-0.14342222222222223,0.41900700269738544,-0.14056249999999998,0.6279157707665635,0.8777618404745452,0.6827774340002191,0.9619401148472417
VTA1,0.32115,0.34614211084869273,0.85602,0.013603285570257693,0.53487,0.2823027887140215,0.6254400502296797,0.10780471071221395,0.9471774407456163
VWC2,-0.016466666666666678,0.8495879401364347,-0.05325555555555556,0.6160547892129647,-0.03678888888888888,0.7825190024562246,0.9331097040340716,0.8145674935678174,0.9839089183419631
WARS,0.031699999999999985,0.6957551863357304,0.20638,0.0017465358090966476,0.17468,0.058469847773007566,0.8731861330433046,0.07198964174581236,0.9064257716854434
WASF3,-0.19937777777777776,0.8759079027931783,-0.2906666666666668,0.3732884225111315,0.630475,0.6016716823536881,0.9431161755865928,0.6451302266692378,0.9619401148472417
WFIKKN1,0.11648888888888886,0.0424959713278347,0.0282111111111111,0.8375222301767937,-0.08827777777777777,0.504201942377517,0.2472453453292043,0.9276996197143556,0.9519862693342023
WWP2,0.16200000000000003,0.423893898064888,0.5566666666666666,0.00812790888294756,0.39466666666666655,0.10813687111670965,0.6846620519596706,0.09949915124208306,0.9471774407456163
XRCC4,0.23734444444444447,0.09027149779428154,0.1309111111111111,0.3122611458852705,-0.2038,0.2327676200685812,0.3296238050186684,0.5841408706868607,0.9471774407456163
ADGRV1,0.04865,0.7847237869104653,-0.4085333333333334,0.18329539625023233,-0.6410857142857144,0.21553116646070253,0.9091161222172504,0.44002396624388834,0.9471774407456163
AGBL2,0.5790124999999999,0.689463698358426,0.14312222222222218,0.41056229229515495,-0.1488428571428572,0.9268371200999929,0.8704960660838228,0.6780591774201841,0.9940568131447077
AIDA,-0.04102222222222222,0.9066487322211141,0.11478749999999999,0.700014564667865,0.20855714285714275,0.6032302623047483,0.9584424708657584,0.8526711405448539,0.9619401148472417
AK2,1.01263,0.005229701838362674,1.19498,0.015812684206982786,0.18235000000000007,0.7277210573169683,0.132455724147496,0.11414660000028361,0.9762572927931781
AKR1B10,-0.3452111111111111,0.2645129124034604,0.207675,0.5764658806803233,0.47369999999999995,0.15946389986215276,0.5540713072495774,0.7928828940840469,0.9471774407456163
AKT2,0.67547,0.08944455335802225,0.46036666666666665,0.09778556892003049,-0.002577777777777765,0.9961437956392982,0.32918626561802783,0.2998893543706154,0.9982011704117378
ALDH5A1,-0.021379999999999982,0.8995074222154122,0.32120000000000004,0.00885903883105743,0.39230000000000004,0.07682286821765663,0.9557876334426334,0.09968436135564301,0.9151422335713614
AMIGO1,-0.27449999999999997,0.29184550473530113,-0.3233125,0.10219516087017354,-0.04064285714285714,0.9073475600304424,0.5797037768246098,0.3082642532202976,0.9939549333965099
AMPD3,-0.5810799999999999,0.08000037505450727,-0.3603199999999999,0.2197972446425162,0.22076,0.5897936101974697,0.31273216757642663,0.4817956518442718,0.9619401148472417
AP2B1,0.1466222222222222,0.41297275157922475,0.365575,0.08524284545145118,0.2203714285714286,0.46865529348996493,0.6773535287776674,0.2767331270015067,0.9471774407456163
AP3S2,0.2876,0.034297673018855744,0.45494,0.011307605811634225,0.16734,0.3250521484134899,0.23197075584132557,0.10291824152316259,0.9471774407456163
ARFIP1,0.12560000000000002,0.5610780653904052,0.21394444444444444,0.29512319762450406,0.042011111111111075,0.9069442111330219,0.7866843661093414,0.5678270822664001,0.9939549333965099
ARHGEF1,0.5267299999999999,0.04449121296651,0.7629999999999999,0.009286598638991284,0.23626999999999998,0.4545131231703893,0.24788089811044448,0.09968436135564301,0.9471774407456163
ARHGEF10,0.4673800000000001,0.08565429149284258,0.8466222222222223,0.02031092099094015,0.3346777777777779,0.41325456424102935,0.3213950298926839,0.1248399286012179,0.9471774407456163
ARHGEF5,0.201225,0.6138371822983617,0.33573333333333333,0.5332080334326605,-0.03221428571428562,0.9407719101885895,0.8255129178886191,0.7679910073726234,0.9940568131447077
ARID3A,0.15915,0.4478831461735354,0.10607777777777777,0.577068751467565,0.03859999999999997,0.9057379201977387,0.6992097789408488,0.792959019619585,0.9939549333965099
ARMCX2,0.19488750000000005,0.5619261785364456,0.018399999999999972,0.9156642497211422,-0.37101428571428585,0.48421971742159653,0.7870407314470891,0.966357199928614,0.9471774407456163
ART5,0.37958749999999997,0.023228386071217168,-0.1182222222222222,0.5204879654640888,-0.5905142857142857,0.06923268751340796,0.20449843111752022,0.7633751010311027,0.9151422335713614
ASPSCR1,-0.061589999999999964,0.8561455948871155,0.23893333333333333,0.2087506816713124,0.32188888888888884,0.3922436210900644,0.9368177868820653,0.46920109244424096,0.9471774407456163
ATXN2,0.18911250000000004,0.3092625320829005,0.2361555555555555,0.2098049806060552,-0.13391428571428582,0.7174007988130149,0.5949669145886302,0.47018080321936706,0.9740601361691527
ATXN2L,0.011339999999999994,0.9377827303364815,0.016411111111111105,0.9344202140599371,0.04924444444444444,0.8736141169696555,0.9736752521360483,0.9738702899475299,0.9938501124438283
ATXN3,0.31589,0.3546088772919743,0.68019,0.020490605461339788,0.3643000000000001,0.342643415449132,0.6325688412166488,0.12568141721381274,0.9471774407456163
AZI2,0.7379200000000001,0.009874960676682127,0.7225444444444444,0.06079386312392943,-0.047200000000000006,0.9170381826258351,0.16058218162856128,0.22243134477970694,0.9940568131447077
BAP18,0.10419,0.4464008489960344,0.05748000000000002,0.8079770377264726,-0.04670999999999997,0.8442426405592633,0.6985613691177452,0.9126630283892259,0.9921602299275276
BATF,0.21723333333333328,0.2725648621298924,0.15686250000000002,0.5347147127397074,-0.07891428571428569,0.6829597709441488,0.5630435581098886,0.7689632041259228,0.9619401148472417
BCAT2,0.4726375,0.10691604339719588,-0.3717555555555556,0.2340084765956448,-0.9866428571428572,0.04018456917610842,0.3631437404635393,0.49777469186182,0.8704614075319034
BCL2L1,0.05051999999999997,0.888820491655224,1.02554,0.01722529404423829,0.97502,0.05741411048132537,0.9506205331208767,0.1171652532369276,0.9064257716854434
BHLHE40,-0.5201125,0.3322526164044736,-0.9350111111111112,0.012397695514549991,-0.08575714285714284,0.8383980542588167,0.6162614816896108,0.10425158837055143,0.9911725684990748
BLOC1S2,0.6633249999999999,0.08180715958820013,-0.27376666666666666,0.5904546215362243,-0.5952142857142857,0.45022476902333763,0.3148740765901557,0.8016229101334497,0.9471774407456163
BLOC1S3,0.24275000000000002,0.08423257659470258,0.43131,0.006074156685655813,0.18856,0.3640554937124457,0.31891148200417035,0.0949550061731043,0.9471774407456163
BOLA1,0.49709999999999993,0.05323426928946382,-0.7324777777777779,0.029201298834099,-1.5818857142857143,0.0007064065811294609,0.2671409703767263,0.14751506137222065,0.6408264471695905
BRD2,0.12974999999999998,0.36573661083478826,-0.028711111111111094,0.8266967211102929,-0.0551428571428571,0.8571538739854359,0.642258017569033,0.9235113941528672,0.9938501124438283
BRME1,-0.09387499999999999,0.7380466605839584,-0.25060000000000004,0.10141868681701659,-0.36991428571428575,0.23004629630094128,0.8912376032863418,0.30717315181555777,0.9471774407456163
BRSK2,0.5201100000000001,0.12199766585248599,0.037077777777777765,0.8861264937808805,-0.5071333333333333,0.18315215321232728,0.38248972835972955,0.9516915218648025,0.9471774407456163
C1QBP,0.040739999999999985,0.7336895045765478,0.1059888888888889,0.1193516201240011,0.03438888888888894,0.7807715466649254,0.8899097403406183,0.3390530971187419,0.9839089183419631
C1QTNF6,0.24706000000000006,0.13837750325817216,-0.21466666666666667,0.4271844687188776,-0.4310666666666666,0.2873967075634003,0.4053370932926319,0.6882218936927745,0.9471774407456163
C2orf69,0.35425555555555555,0.12128978621855556,0.4534125,0.1195571846885693,0.07635714285714286,0.8198805744677693,0.3815303981907026,0.3390530971187419,0.9897676525572143
C7orf50,-0.014589999999999988,0.8385524890543391,0.03776,0.3879645159382408,0.052349999999999994,0.47466291449699793,0.9284924568666677,0.6555250918880599,0.9471774407456163
CABP2,0.8860222222222222,0.033407252482754196,0.49302500000000005,0.2701914568495747,-0.1105285714285714,0.8819354385850169,0.2293236163418968,0.5403829136991494,0.9939549333965099
CACNA1C,0.04164999999999998,0.8333537062322738,-0.2374,0.2912969542142384,-0.29725714285714283,0.4062586751586863,0.9277730916674576,0.5649045884365891,0.9471774407456163
CACNB1,0.04909999999999998,0.8194315132796721,-0.9728,0.007491426423842864,-0.9515857142857141,0.030985671550823195,0.9238257045340279,0.09825808407701042,0.818148604207796
CACNB3,0.7182099999999999,0.04240630205111011,1.0212666666666665,0.0029569868738652146,0.20137777777777777,0.5862036721278974,0.2472453453292043,0.08434589743122331,0.9605501331353945
CADPS,0.05867777777777778,0.7296260957777481,-0.32111249999999997,0.16911253062554915,-0.5145142857142856,0.04209683769924777,0.8882760281987466,0.4182261068837234,0.8859974848166609
CALCB,0.42955,0.0012104541241490482,0.11905999999999999,0.2176321988057854,-0.31049,0.05158664732061813,0.07566625993084901,0.4801735962446528,0.9064257716854434
CAMLG,0.15206666666666668,0.5374936012351705,0.3112125,0.1960745507714796,0.2385,0.4788892130060671,0.7696658445396913,0.4561100793084775,0.9471774407456163
CAMSAP1,0.9187399999999997,0.0221087425930879,1.2766222222222219,0.02078035787786135,0.34065555555555566,0.485361746525409,0.20252457753886477,0.12619832834271547,0.9471774407456163
CAPS,0.05660999999999998,0.18859454978414691,-0.011579999999999997,0.905435370435323,-0.06819,0.5358307067082143,0.4664063865873937,0.9620864804119272,0.9519862693342023
CASC3,-0.007288888888888906,0.9726074254205604,0.4262375,0.09136319623764921,0.4581142857142857,0.19095675354910982,0.9870537533283615,0.2861674526079034,0.9471774407456163
CASP7,0.13505999999999999,0.5637753736895159,0.5196799999999999,0.030008039713801334,0.38461999999999996,0.26013916109094976,0.787998119838153,0.14968356651807865,0.9471774407456163
CBLN1,-0.20597500000000002,0.4914476083842084,-0.5059444444444445,0.06426452853031107,-0.32341428571428565,0.4808323816204897,0.7325586369522092,0.23058168530236609,0.9471774407456163
CCAR2,-0.023419999999999993,0.8101380855418817,0.036170000000000015,0.6717858798528304,0.05959000000000001,0.658671207868643,0.9189964919173103,0.8432659569152545,0.9619401148472417
CCDC28A,-0.25274444444444444,0.4467167814677315,-0.4610375,0.1862748506975733,-0.36344285714285707,0.5078964849314476,0.6985613691177452,0.44385686240832956,0.9519862693342023
CCDC50,0.21309999999999998,0.07389299700276256,0.1271888888888889,0.3192158264735684,-0.024277777777777773,0.877185397769753,0.3041153980954954,0.591673485368984,0.9939549333965099
CD164L2,-0.12700000000000003,0.6121945971150784,0.09796249999999998,0.5528714577376839,0.0954857142857143,0.746931420399461,0.8239247486596887,0.77980621355416,0.9807934968107775
CD3D,0.1876625,0.12705363003556808,-0.2218444444444444,0.3446067047838925,-0.4002857142857143,0.09484580465104545,0.39185868172773947,0.6199966311421164,0.9443341999213253
CDAN1,0.24584,0.00695153089181637,0.16509999999999997,0.11132501942190146,-0.08074,0.5767350527577176,0.15333869242085896,0.3235142503081567,0.9570494671275532
CDH23,0.14779000000000006,0.02643712937681695,-0.10905000000000005,0.15470265860372875,-0.2568400000000001,0.02786806391590569,0.21482755378190904,0.3959202186217379,0.8143181893514128
CDH4,-0.1166625,0.582941022080196,-0.4292666666666667,0.015558401259820014,-0.32695714285714284,0.2736979299503171,0.8033211645739287,0.11371616180726626,0.9471774407456163
CDK5RAP3,0.20894000000000004,0.26389078298366075,0.003711111111111091,0.9833268324545625,-0.19965555555555564,0.43804969432075014,0.5539419678142423,0.9921065363157641,0.9471774407456163
CDKL5,-0.0016125000000000167,0.9907787354083737,-0.020422222222222244,0.9312601921359951,0.07414285714285715,0.8053439405961428,0.9962039440895969,0.9729880670325581,0.986281592770344
CEND1,0.10887499999999997,0.5812551917490736,-0.7505555555555556,0.0036595224961249286,-0.9507285714285716,0.026946855250558666,0.8017501189477833,0.08926735096139099,0.8143181893514128
CGN,0.2018777777777777,0.4166883228459958,0.15914999999999999,0.3716637299257443,0.06842857142857146,0.78764348687894,0.6808844785992968,0.6441748793282123,0.9839089183419631
CHCHD10,-0.04246000000000004,0.8056861571480949,-0.0116,0.9420237276719057,0.030860000000000044,0.8179745413152272,0.9187295282631806,0.9745301802464996,0.9888671293493415
CHM,-0.06957777777777777,0.6808428535065341,-0.084925,0.7369942144612698,0.16131428571428572,0.504637463168909,0.8633216675020272,0.8755717760158555,0.9519862693342023
CHP1,-0.30142499999999994,0.42158642474570196,-0.6702999999999999,0.03799847202391526,-0.5667571428571427,0.35538354634696634,0.6839430789082674,0.16915077394888337,0.9471774407456163
CHRM1,-0.22618888888888888,0.5679529546195163,-0.1306124999999999,0.6382867164472052,-0.2041999999999999,0.7370934808567302,0.7919533842772373,0.8246641921380339,0.9791756517678635
CIT,-0.24167777777777774,0.3018084058040773,-0.04372500000000004,0.9008817218863523,0.07497142857142859,0.8558942621177938,0.5880060319975989,0.9593296480254089,0.9938501124438283
CLEC2L,0.04335555555555556,0.7675056042700679,-0.10874999999999999,0.596824523981826,-0.06644285714285712,0.6834811032629122,0.9044109840540865,0.8047133783655827,0.9619401148472417
CLGN,0.09921111111111107,0.7501223222114537,0.3224625,0.33991307931290904,0.01347142857142861,0.9704564463754402,0.8947865946639265,0.6159077670048174,0.994306177352909
CLIC5,0.17672222222222222,0.16729817518006337,-0.06225000000000003,0.7480802413947514,-0.30944285714285724,0.27136704281598206,0.4392511516345185,0.8802001398549377,0.9471774407456163
CLNS1A,0.12842222222222222,0.36703373315137017,-0.3188875,0.1060938557481012,-0.4651571428571429,0.0017059279527248516,0.642258017569033,0.31580926868077136,0.7204244661560001
CLSTN3,0.18941000000000002,0.04484408542677084,-0.10214000000000001,0.45285296473188597,-0.2915499999999999,0.058013494710147266,0.24788089811044448,0.7084568745379558,0.9064257716854434
CNGB3,-0.18003750000000002,0.42788124231607727,-0.029922222222222197,0.860647877895418,-0.008485714285714272,0.9835948200182314,0.6857963720367232,0.9380102152741221,0.9952946896706719
CNTF,-0.5311374999999999,0.3236068982476564,-0.6503222222222222,0.14554383941777121,-0.016742857142857077,0.9821636889742364,0.6095350281760386,0.3841636099062122,0.9952946896706719
CNTNAP4,0.26934444444444444,0.1460408192996586,-0.10450000000000001,0.48254655411239156,-0.43014285714285716,0.09223778963261044,0.4125653145215355,0.7300318104954718,0.9418349502692044
COL28A1,0.33737777777777783,0.08209446653099363,0.295625,0.11407923876346689,-0.05525714285714284,0.8395819472065631,0.3148740765901557,0.32956224531668216,0.991435595214181
CORO6,-0.1737125,0.364449356034692,-0.20270000000000002,0.3990973640603499,-0.049742857142857186,0.9100029632778504,0.640590207650842,0.6665992357073951,0.9940568131447077
CRTAP,-0.04602222222222222,0.731156910309749,-0.11973750000000002,0.3788066747324045,-0.02182857142857145,0.8699755310680225,0.8883949555376521,0.6500931983361813,0.9938501124438283
CRYBB2,0.15319,0.02911004616348655,-0.056450000000000014,0.20579211464348138,-0.20964,0.018341977721267645,0.2180096336292813,0.46592392007129474,0.8143181893514128
CRYGD,0.4470599999999999,0.11929943745219873,0.6350199999999999,0.01918026996337214,0.18796000000000002,0.5419855060905292,0.37974187132671705,0.12170979082589059,0.9519862693342023
CRYM,0.13128749999999997,0.659105770195153,-0.29981111111111114,0.24430665111977365,-0.36827142857142864,0.47467176105131437,0.8519369788092211,0.5098648206851476,0.9471774407456163
CSNK2A1,-0.21294,0.3773361510372517,-0.0639111111111111,0.7990319248057955,0.12487777777777777,0.7433028978202021,0.6502132620219622,0.9088485462947841,0.9800993461384845
CSPG5,0.011937499999999962,0.9650424649464342,-0.13657777777777774,0.6628717049828075,-0.010371428571428523,0.9772300253381092,0.9841356341591891,0.8398089992408315,0.994306177352909
CTNNA1,0.15331250000000002,0.3040378583629278,-0.05371111111111112,0.665806154340395,-0.21107142857142858,0.19118893109733034,0.5892237650859379,0.840626764697929,0.9471774407456163
CTRL,0.12093999999999998,0.25573728656015865,-0.18136000000000002,0.08508847056161864,-0.3023,0.10897591367545179,0.5452511958735458,0.2767331270015067,0.9471774407456163
CUZD1,-0.32704444444444447,0.023298074918046283,-0.14367500000000002,0.5314202622983429,0.14807142857142858,0.5809567757385895,0.20449843111752022,0.767742297368757,0.958195752801111
DCC,-0.0583777777777778,0.7699349570260493,0.012287500000000035,0.9371102531222387,-0.011371428571428564,0.9535697822215123,0.9044109840540865,0.9741843881381597,0.9940859712453828
DCUN1D1,0.04043749999999997,0.9107227960765494,-0.7168777777777777,0.04541659512509361,-0.7552714285714285,0.06964008602548247,0.9604104719572514,0.18755223492185816,0.9151422335713614
DDHD2,0.44956000000000007,0.12347041135879262,0.6132222222222221,0.037857753180798245,0.14109999999999998,0.7037873794589425,0.3851915047279263,0.16915077394888337,0.9701503587453412
DDX25,0.26809999999999995,0.11185193793751753,-0.026624999999999996,0.7748205342615191,-0.21971428571428572,0.22591858134267995,0.3726594973268113,0.8973322312800042,0.9471774407456163
DDX53,0.056377777777777784,0.8291921462576777,-0.1119125,0.7103731522332186,-0.09727142857142856,0.8003604123152908,0.925946988105305,0.8599407998604023,0.985768737086236
DEFB104A_DEFB104B,-0.1808875,0.28937545403784404,-0.10752222222222224,0.5481589510538964,0.1939714285714286,0.5409563479716023,0.5795399345352323,0.7757732486194935,0.9519862693342023
DEFB116,0.13736250000000003,0.527535044034953,-0.10517777777777776,0.5906952432647943,-0.2134142857142857,0.34556099980437466,0.7601265126898931,0.8016229101334497,0.9471774407456163
DEFB118,-0.23422500000000002,0.07637038696563955,-0.21810000000000004,0.49028584749441384,0.10425714285714283,0.8267514062610657,0.30778627833340055,0.734928479560504,0.9897676525572143
DGCR6,0.117475,0.6698661334342402,-0.09537777777777777,0.643931306635596,-0.11780000000000003,0.7804334997644129,0.8560533710438442,0.8294038487046825,0.9839089183419631
DHRS4L2,0.050469999999999994,0.6269771232670445,0.15408,0.09958809843070039,0.10361000000000002,0.5107480896191197,0.834165405165568,0.30351642447032967,0.9519862693342023
DIPK1C,0.10805555555555552,0.5503611072040115,-0.1474875,0.6221385943391387,-0.25118571428571423,0.49119718976751126,0.7818960024010569,0.8163298356494793,0.9500051193529192
DLG4,0.6954100000000001,0.011696247670205188,0.96634,0.00884481662502266,0.27093,0.4845034546829141,0.16229553232399993,0.09968436135564301,0.9471774407456163
DLGAP5,0.02025,0.8755284278591784,-0.02386666666666668,0.8250527540228021,-0.08211111111111112,0.6693064359144646,0.9431161755865928,0.9223763285079879,0.9619401148472417
DNAJA4,-0.51851,0.14579806084443603,-0.025310000000000034,0.8939237166803999,0.4932,0.18427613656161276,0.41227594105962756,0.9559909621853429,0.9471774407456163
DNAJC21,0.03926999999999999,0.740232463238548,0.09165000000000001,0.4796013307041084,0.05238,0.7956079436829311,0.8913745191791196,0.7285774093116186,0.985768737086236
DNLZ,0.2470874999999999,0.34510266773293613,0.009844444444444593,0.9906101798420661,-0.038957142857142656,0.9614468070904505,0.624856590938781,0.9943330059364505,0.994306177352909
DNM3,0.13601000000000002,0.13941221005668647,0.2834666666666667,0.12097275401201947,0.14575555555555553,0.40417277510888305,0.40591406614067166,0.341748030083955,0.9471774407456163
DNPEP,0.08328000000000005,0.4234836678235333,0.13976000000000005,0.14361853128609814,0.05647999999999999,0.5097816203529364,0.6846620519596706,0.3815110713549334,0.9519862693342023
DOC2B,0.3877,0.09297105862793312,-0.2031375,0.4482746554843129,-0.8117428571428571,0.009920535092964177,0.331894253036291,0.7051189729663565,0.7865420294170457
DOCK9,0.129125,0.5713847471850353,-0.20156666666666664,0.31980173409324253,-0.5215,0.13228257798235749,0.7941004669960424,0.591673485368984,0.9471774407456163
DOK1,1.43348,0.009228002064001428,1.9432299999999998,0.009201435827287259,0.5097499999999999,0.5245219484873178,0.16058218162856128,0.09968436135564301,0.9519862693342023
DSCAM,0.07269999999999999,0.5795359849899955,-0.03297777777777776,0.7977676807913789,-0.12388888888888887,0.5320018361002752,0.8015077731918164,0.9086519109157278,0.9519862693342023
DTX2,0.3403333333333334,0.0620905676254193,-0.48161250000000005,0.02268288048581768,-0.7474999999999999,0.04594256136780624,0.28140840602979,0.13083395964939196,0.9064257716854434
DUSP29,0.02826666666666671,0.8854528026771447,-0.018837500000000035,0.9391172386507891,-0.21281428571428576,0.41079838739339447,0.9487455631894424,0.9741843881381597,0.9471774407456163
DXO,0.24788999999999994,0.12473738201221075,0.47142999999999996,0.01283327544445678,0.22354000000000002,0.420065658216044,0.38702688866786183,0.1056139026773502,0.9471774407456163
DYNLT1,0.04501111111111111,0.8058427482417345,-0.07636250000000003,0.6801271639859181,-0.16875714285714288,0.41973830474178825,0.9187295282631806,0.8448632587024221,0.9471774407456163
ECSCR,0.05352500000000002,0.7974304943289297,-0.47391111111111095,0.010089732602514417,-0.5132999999999999,0.09461529419650808,0.916249821016189,0.10042271686228481,0.9443341999213253
EDF1,0.30294000000000004,0.18466659517022158,0.2682888888888889,0.1769401461406348,-0.1916888888888889,0.3469483671718264,0.4620039827509192,0.4310531918417786,0.9471774407456163
EFHD1,-0.16115000000000004,0.20145720175342846,-0.20255555555555552,0.10771645487658141,-0.03458888888888889,0.8631364078256047,0.4792560799607877,0.31838123181830597,0.9938501124438283
EFNB2,-0.0645888888888889,0.7309905271107446,0.014787499999999981,0.9742255655396239,0.07644285714285723,0.8864396816563156,0.8883949555376521,0.9879089066979366,0.9939549333965099
EIF1AX,-0.12305000000000006,0.43578626460197,-0.27164,0.07753707407375092,-0.14858999999999994,0.34793189844561556,0.6873135120828383,0.25916259798484664,0.9471774407456163
EIF4G3,0.74995,0.0440123223827299,1.1055111111111111,0.010050058262513144,0.2694666666666668,0.5494839207987405,0.24788089811044448,0.10042271686228481,0.9519862693342023
ELAC1,0.58372,0.04736220429900809,0.688211111111111,0.03457882563189252,0.11247777777777783,0.7947528684235209,0.25392364275636087,0.15979057394658316,0.985768737086236
ELAVL4,0.22852500000000003,0.4468292873246197,0.4668111111111112,0.09630665545033493,0.27859999999999996,0.5482576790243938,0.6985613691177452,0.2964811196900699,0.9519862693342023
EPB41L5,-0.09758888888888888,0.5805633815986718,0.4538875,0.15527317390039566,0.5910285714285713,0.06485818867593963,0.8015104464845281,0.3967238291796517,0.9138547887751841
ERC2,0.42685555555555554,0.32846998279711187,0.485825,0.19145446265708352,0.06677142857142858,0.9182827650971572,0.6131161432388276,0.45072515904971133,0.9940568131447077
ESYT2,0.88202,0.00846211031485845,1.21446,0.004486180953110513,0.33243999999999996,0.4864842607505565,0.158084765867325,0.09281971577632878,0.9471774407456163
FAM171A2,0.031219999999999894,0.8004084856526914,0.11213333333333336,0.3076292232526227,0.09351111111111125,0.3490755859258815,0.9170689209537646,0.5786265415596706,0.9471774407456163
FARSA,0.3010555555555556,0.3551777887037404,0.7865,0.06334399273652767,0.5868571428571426,0.1799832876666957,0.6328501639491495,0.2283492646133967,0.9471774407456163
FBN2,0.4963777777777778,0.16605812784705687,-0.6486500000000001,0.21977187649471622,-0.9915571428571427,0.17437933721762616,0.4379452232676869,0.4817956518442718,0.9471774407456163
FCER1A,0.018320000000000013,0.9079221279125909,-0.0359888888888889,0.8118547858590293,-0.09932222222222224,0.615095739699731,0.9584424708657584,0.9159866977165239,0.9619401148472417
FGD3,0.58951,0.06862110940031853,0.17448888888888892,0.6112214069150519,-0.22064444444444434,0.6262782540409508,0.29544507895651434,0.811190142137982,0.9619401148472417
FGFBP3,0.43273,7.833723381288828e-07,0.44866,0.0002970692289709678,0.01593000000000002,0.8649051265498338,0.0011507739647113287,0.03636622477986264,0.9938501124438283
FH,-0.197425,0.3565476947111357,-0.02592222222222223,0.8792317072405584,0.25372857142857136,0.5089033835074341,0.6340175869230468,0.9479601526838835,0.9519862693342023
FKBP14,0.6048800000000001,0.010537414221740145,0.4133888888888889,0.14881398960733755,-0.21865555555555552,0.4803603357897187,0.1607836095052678,0.38758141757025877,0.9471774407456163
FNDC1,0.06364,0.5595295428104108,0.058689999999999985,0.6859723183718772,-0.004950000000000021,0.9743189531540671,0.7865539697497546,0.846078895980009,0.994306177352909
FRMD7,0.05103333333333331,0.8482012822585849,0.21474999999999997,0.4120111898420771,0.32505714285714277,0.5488951727599265,0.9322915702490544,0.6780591774201841,0.9519862693342023
FTCD,-0.018340000000000002,0.8494802945887288,-0.06913999999999995,0.4052037531309177,-0.05079999999999998,0.7075438899851434,0.9331097040340716,0.6739364322085841,0.9722609088068683
FZD10,-0.030344444444444445,0.8406364653728169,-0.165975,0.6095889577901443,-0.0689714285714285,0.8459750825232398,0.9284924568666677,0.8096620063234375,0.9921602299275276
FZD8,0.015112500000000029,0.9492882738130346,-0.12148888888888891,0.6909633688733655,-0.14132857142857147,0.6674036156317815,0.9776340142681724,0.8478107380488457,0.9619401148472417
GABRA4,-0.22678749999999998,0.5712870527496576,0.2528111111111111,0.3148726804425056,0.2602999999999999,0.618042697458578,0.7941004669960424,0.587735664002593,0.9619401148472417
GART,0.07746,0.5038112990933243,0.02604444444444445,0.789765933442203,-0.0712111111111111,0.5518125430149151,0.7411894298834737,0.9039081856070091,0.9519862693342023
GAST,-0.18727,0.2979181629123841,-0.08463999999999998,0.6869176440844608,0.10263000000000007,0.7174493310653665,0.5839116495240724,0.846078895980009,0.9740601361691527
GBA,0.10872222222222222,0.6900290290517683,0.81955,0.10189150676388445,0.7241714285714286,0.26718879987133365,0.8707607464532202,0.3076641797248639,0.9471774407456163
GBP1,-0.012619999999999975,0.9221352036460773,0.01882000000000001,0.8810450703642865,0.03143999999999999,0.860673131161686,0.9658585484178877,0.9481723138206132,0.9938501124438283
GCC1,0.86808,0.029274594428953495,1.3558499999999998,0.017367151707802314,0.4877700000000001,0.43141203569005915,0.21829634119864305,0.1171652532369276,0.9471774407456163
GFRAL,0.23012000000000002,0.09043586235790527,0.11499000000000001,0.3054523447146633,-0.11513000000000002,0.5566949633466756,0.3296238050186684,0.5759119419853725,0.9519862693342023
GID8,0.1337,0.41881287204614315,-0.12803333333333336,0.5686470701069767,-0.21977777777777782,0.5250840744614846,0.6824582462959337,0.7898355622306763,0.9519862693342023
GIGYF2,0.5873600000000001,0.053749704981814805,0.9265111111111111,0.02278870320864999,0.3096888888888889,0.556130509404052,0.26733482202489073,0.13083395964939196,0.9519862693342023
GIPC2,0.023180000000000013,0.8416943012944605,0.09979,0.41657895416174884,0.07660999999999998,0.6952690575010556,0.9289623806172521,0.6813163011170328,0.965203389127979
GLP1R,-0.178325,0.5050017327346235,-0.07267777777777772,0.8255634825220505,-0.04278571428571427,0.9433809677623153,0.7413585573943813,0.922596238740884,0.9940568131447077
GNAS,-0.05343,0.6550561563338636,-0.0034222222222222124,0.9736352471627672,0.015688888888888888,0.9259476944456196,0.8508320689485187,0.9879089066979366,0.9940568131447077
GNGT1,0.27455555555555555,0.22880110393575406,-0.24612499999999998,0.4433887764511458,-0.5011857142857142,0.047668057844815606,0.5121577500587178,0.701495005499982,0.9064257716854434
GOLGA3,0.10049000000000001,0.6932453624253736,0.47256666666666663,0.03937737171691529,0.45052222222222216,0.299234929666295,0.8708243453580186,0.17114011553890107,0.9471774407456163
GPR101,0.19968750000000005,0.4341910440820015,0.0042777777777777935,0.9780161126851534,-0.2529285714285714,0.2399525405868151,0.685835100813398,0.9890752300323521,0.9471774407456163
GPR158,0.06822000000000002,0.5603870784121843,-0.41521111111111114,0.025075286451776518,-0.46283333333333343,0.0361966076477397,0.7866526864624023,0.13638983965633383,0.8427472265821621
GRIK2,-0.12228999999999998,0.5267662168477283,-0.1974,0.12090272182303517,-0.13570000000000002,0.5818815116300047,0.759391140872731,0.341748030083955,0.958195752801111
GRIN2B,0.10843749999999999,0.5018321016302029,-0.11902222222222224,0.5689866682354456,-0.3098857142857144,0.36045484317014115,0.73963831535161,0.7898355622306763,0.9471774407456163
GSTT2B,0.49481,0.005122316013057459,0.48028999999999994,0.04111263838659166,-0.014520000000000043,0.955436482919191,0.132455724147496,0.17573609264650172,0.994306177352909
GTPBP2,0.5057555555555555,0.1519117759479423,0.86565,0.05552820149249782,0.45360000000000006,0.4450686944850869,0.4214768127980278,0.2097426442910054,0.9471774407456163
HDAC9,-0.14161250000000003,0.6281539282510127,-0.34725555555555554,0.02005627437894339,-0.35684285714285713,0.22143690076600145,0.8346975310725804,0.12457787341508601,0.9471774407456163
HDGFL2,0.45937,0.0269461840151029,0.71515,0.007831799025982083,0.25577999999999995,0.2560739940148026,0.21537709065064128,0.09863113153934558,0.9471774407456163
HEPACAM2,0.20554999999999998,0.0010929915673064325,-0.10645999999999997,0.19310342917462164,-0.31201,0.015489540156713446,0.07136020499436219,0.4533234054803634,0.8143181893514128
HHEX,0.65339,0.015238273229667166,0.8875600000000002,0.014265432005245809,0.23417000000000004,0.5107244853311755,0.18170757096257206,0.10971685662673347,0.9519862693342023
HIP1R,0.13455,0.2906244352966135,-0.06241000000000001,0.49583446902363704,-0.19696,0.30206715690065733,0.5797037768246098,0.7406007473266119,0.9471774407456163
HJV,0.15699000000000002,0.3670117835546097,-0.09522222222222225,0.6581230536447762,-0.21403333333333333,0.4394349053261889,0.642258017569033,0.8370413556746115,0.9471774407456163
HLA-A,0.11354000000000002,0.04868160525895256,-0.05022222222222225,0.5129698133967413,-0.16586666666666675,0.1506739396537084,0.2572420076453284,0.7563114658599682,0.9471774407456163
HNF1A,0.14373333333333335,0.4582801523016967,-0.3521375,0.13853861342541385,-0.46864285714285714,0.09435152077813812,0.7053049174763671,0.37137449474805284,0.9443341999213253
HNRNPUL1,0.08505,0.5378400691768663,0.04278888888888889,0.6354366698777091,-0.03523333333333336,0.8716943798083329,0.7696902694796071,0.8231538518962562,0.9938501124438283
HSD17B14,0.040969999999999986,0.6012470513390651,0.01578999999999998,0.835558468389771,-0.02518,0.826734648227199,0.8166730637236123,0.9276996197143556,0.9897676525572143
HTR1A,0.48128750000000003,0.04116225233067719,-0.36236666666666667,0.05989579187925021,-0.6663857142857142,0.0809745919339175,0.2466333628181511,0.2202425989252029,0.9151422335713614
HTR1B,-0.3792875,0.1625890035457827,0.0747222222222222,0.7217688613729278,0.2161142857142857,0.5784781375611954,0.433866023994105,0.8670714491947276,0.958195752801111
IDO1__Neurology_II,0.15675,0.33684255952865405,0.021722222222222184,0.9290149469323425,-0.09134444444444446,0.7192258738855914,0.6200773432927228,0.9720160127488128,0.9747503953345962
IFNL2,0.05251249999999999,0.8102625394200554,-0.14935555555555557,0.2817101652782116,-0.13278571428571426,0.6620619504853338,0.9189964919173103,0.5535061522716388,0.9619401148472417
IFT20,0.08213333333333332,0.4843811095019771,0.2031,0.3030145443905754,0.11578571428571424,0.5989460446649735,0.7278712198991995,0.5754730002711768,0.9619401148472417
IGBP1,0.14204,0.7661980909357274,0.3769555555555556,0.35669125125678824,0.2594333333333334,0.7520473192229595,0.9044109840540865,0.6310648883505595,0.9807934968107775
IGDCC3,0.03928749999999995,0.9075147954498421,-0.45676666666666654,0.11431080311735861,-0.5360857142857142,0.13976775278967288,0.9584424708657584,0.32990681685540235,0.9471774407456163
IL13RA2,0.11750000000000002,0.8363814862121008,-0.35236666666666666,0.292755285200171,-0.5372285714285714,0.43445507446681797,0.9282085879923174,0.5660158836072964,0.9471774407456163
IMPACT,0.27391999999999994,0.41148406914068114,0.6872400000000001,0.030388019401808995,0.41332,0.33241526564466967,0.6763963451297045,0.1502572744627411,0.9471774407456163
IMPG1,0.19455,0.2657442384166969,-0.11637777777777776,0.48995556156636844,-0.49505714285714275,0.053967859404266114,0.5548427053900161,0.734928479560504,0.9064257716854434
INPP5J,0.006930000000000003,0.9798846114444449,0.3067,0.18357161038518718,0.18067777777777774,0.5837944791921872,0.9909796279575184,0.44002396624388834,0.9584788980682318
INSL3,0.32675,0.0034149877828909335,0.12330999999999989,0.11655441606176796,-0.20344000000000007,0.11943383284511756,0.12671339278738336,0.33441101014597097,0.9471774407456163
ITPRIP,-0.16923749999999999,0.5253784035781623,-0.13923333333333335,0.4706652874355194,-0.04840000000000001,0.7719165541141337,0.7581344546722205,0.7228513405570078,0.9812334329398464
KCNC4,-0.06726250000000003,0.7900243989365849,-0.4290111111111112,0.19705963880092142,-0.3122428571428571,0.4731656557557047,0.9125468278239515,0.4573153387022963,0.9471774407456163
KCNH2,-0.22887777777777776,0.3300956450999499,-0.4232499999999999,0.07160138380542143,-0.127,0.6329198137884309,0.6149784434392218,0.24489507057081275,0.9619401148472417
KCTD5,0.10794999999999999,0.34463326713810305,0.21223,0.1959016863297963,0.10428,0.6521734340388271,0.6247929926113861,0.4560690605680995,0.9619401148472417
KIAA0319,0.08101000000000001,0.2645888509432121,-0.13026999999999997,0.5431247617361394,-0.21128,0.3331579354421445,0.5540713072495774,0.7750655887238835,0.9471774407456163
KIF20B,-0.11581249999999993,0.808424398146826,-0.2594666666666666,0.6447381595402406,-0.5505571428571431,0.29615502060935206,0.9189964919173103,0.8299296308334485,0.9471774407456163
KIRREL1,-0.2824,0.3433556180427121,-0.060188888888888896,0.8183814059619388,0.04674285714285716,0.9239380891089479,0.6247929926113861,0.9199960516153218,0.9940568131447077
KLF4,-0.365725,0.13397193995571782,-0.47691111111111106,0.2548305599358229,-0.007857142857142754,0.9847809828109132,0.4012329863301722,0.5215899902811985,0.9952946896706719
KLHL41,-0.026729999999999955,0.8934175258922904,-0.1575666666666667,0.1108364599357545,-0.14150000000000007,0.5461904401664264,0.9531084571792118,0.3233739019774049,0.9519862693342023
KLRC1,0.19711249999999997,0.33850520687223473,-0.3215444444444445,0.23788016852930624,-0.2599714285714286,0.5087618799981352,0.6219689166920735,0.502438486800217,0.9519862693342023
KLRK1,0.13362000000000002,0.13110123334475976,0.10472999999999996,0.603260300228355,-0.028890000000000027,0.8970327912184886,0.39790849542035556,0.8080700860769398,0.9939549333965099
KRT8,-0.693975,0.15797731634278328,-0.44259999999999994,0.12642654958678312,0.26868571428571436,0.7152037760173691,0.4279367017677313,0.3506177561960084,0.9740601361691527
LCN15,0.06680000000000001,0.4358288199490564,0.04975555555555557,0.6681824922424886,-0.004555555555555572,0.97269014656602,0.6873135120828383,0.8418182513758283,0.994306177352909
LDLRAP1,0.60456,0.005196636818500318,0.8406333333333333,0.09208918010957698,0.15421111111111108,0.7663445254096382,0.132455724147496,0.2875993985215031,0.9812023557990273
LELP1,0.5293875,0.02668892346167352,-0.25400000000000006,0.3628292994133183,-1.0427714285714287,0.02451538622217345,0.21482755378190904,0.6367935971782134,0.8143181893514128
LEO1,0.34426999999999996,0.041701644289032114,0.2323,0.2522235394063722,-0.11130000000000001,0.618680034077666,0.2466909277241592,0.5192018942088013,0.9619401148472417
LETM1,0.29303,0.20435654521145732,0.039599999999999996,0.7940053813390201,-0.32116666666666666,0.3486341424768074,0.48341347007347957,0.9069937054331418,0.9471774407456163
LMNB2,0.027639999999999998,0.8216186232949142,-0.010420000000000013,0.8747895164585973,-0.038060000000000004,0.7723243778554846,0.9255811024695006,0.9462929305432102,0.9812334329398464
LMOD1__Neurology_II,0.09293,0.29481597693429346,-0.1436111111111111,0.20682763031727625,-0.24134444444444444,0.10593554846790289,0.5826324126828532,0.4672542118280701,0.9471774407456163
LMOD2,-0.06942499999999999,0.8849956209880065,-0.3017666666666667,0.478532066666876,-0.3906,0.6009184871041013,0.9486016543096546,0.7277055962045971,0.9619401148472417
LRFN2,-0.12796666666666667,0.5969179675875047,-0.1892375,0.22501895619844006,0.051742857142857104,0.8720533085393214,0.8130062618566842,0.48898350096968707,0.9938501124438283
LRP2,0.06388888888888886,0.8180564220900812,0.1069,0.6483182299203536,-0.07189999999999998,0.8814917740761287,0.9226294695204065,0.832135849500218,0.9939549333965099
LRP2BP,0.47276666666666667,0.17969492643104756,-0.3829,0.08069522041454551,-1.139657142857143,0.03264753861610901,0.455979290793896,0.2660859232075586,0.818148604207796
LRRC38,-0.21284444444444445,0.5474963617326181,0.27604999999999996,0.5392118985124521,0.7104714285714285,0.16245323232870107,0.7789560826975457,0.7735373817527267,0.9471774407456163
LRTM1,0.15486666666666668,0.5511333640384286,-0.16632499999999997,0.4987334159041671,-0.13837142857142856,0.7524794453241276,0.7822366297318373,0.7430419756219284,0.9807934968107775
LRTM2,0.05849,0.6940443469452378,-0.24481111111111112,0.03914539011515467,-0.28005555555555556,0.09768403228972164,0.8714112356090208,0.1705860505958198,0.9443341999213253
LYPLA2,-0.32305,0.28601070505687776,-0.10307777777777778,0.5879455470875314,0.028657142857142843,0.9262417339459224,0.5759420503475715,0.8015703096720035,0.9940568131447077
LYSMD3,0.32959999999999995,0.07748676052179022,0.30568750000000006,0.11584315318001212,-0.03307142857142848,0.8872846761257334,0.3091884518909574,0.333346899160505,0.9939549333965099
MAG,0.09076666666666665,0.6139365982255387,0.0036249999999999824,0.9890134821468608,-0.07028571428571427,0.860174765063178,0.8255129178886191,0.9938023440830098,0.9938501124438283
MAP1LC3A,0.13296249999999998,0.5214473130131095,-0.6457333333333334,0.025363412896595813,-0.8450142857142857,0.10602237997154784,0.7549910882889711,0.13718083567519276,0.9471774407456163
MAP2,0.14738,0.012433377251542099,0.19952,0.017513235331119117,0.05214,0.623233851753749,0.16738291361376853,0.1171652532369276,0.9619401148472417
MCEE,0.10980999999999999,0.5870155560619107,0.010699999999999994,0.956441370879362,-0.06325555555555556,0.8024508955866305,0.8062887815380522,0.9818395344666546,0.9858710632851442
MDM1,0.08419999999999996,0.6739140345937036,0.2538125,0.3188529308134407,0.2740714285714286,0.5064405456313197,0.8590990020931408,0.591483756000755,0.9519862693342023
MFAP3L,0.2620555555555556,0.2041020322200032,-0.19113750000000002,0.12472199498406049,-0.41792857142857154,0.21680955866115706,0.4832004598407489,0.34832055253153016,0.9471774407456163
MICALL2,0.7275111111111112,0.06392878241407379,0.7802,0.06027571359269293,0.1732285714285715,0.7469841571887259,0.2858293238383517,0.22108620041864147,0.9807934968107775
MINK1,0.9806299999999999,0.022618767597439592,1.8336099999999997,0.010531586484369571,0.8529800000000002,0.2583026086951288,0.20252457753886477,0.10042271686228481,0.9471774407456163
MN1,0.06425555555555557,0.8296932184934659,-0.20582499999999998,0.37919767692920403,-0.5576714285714286,0.21571037999864345,0.9261545121329039,0.6500931983361813,0.9471774407456163
MORC3,0.12377,0.11761467333980853,0.14049999999999999,0.1428013861465096,0.016730000000000002,0.8970353809602477,0.37730147137714193,0.3800276019007656,0.9939549333965099
MRI1,-0.12462222222222229,0.7137662018311908,0.3354125,0.20565915640244553,0.6316142857142858,0.11723087154501342,0.8796330121560565,0.46592392007129474,0.9471774407456163
MRPL28,0.15586000000000005,0.41943198604379694,-0.06042222222222222,0.7118452111261973,-0.3065888888888889,0.1561428598352841,0.6827097922419254,0.8606368318951187,0.9471774407456163
MRPL58,0.30166,0.20653408313564325,-0.005100000000000015,0.9729862500096271,-0.3523333333333334,0.232473960246414,0.48515797982505404,0.9877794065405268,0.9471774407456163
MSLNL,0.1331888888888889,0.6655612718876134,-0.015600000000000017,0.9413578890143754,-0.04067142857142857,0.9046694216929856,0.8534118446762307,0.9741843881381597,0.9939549333965099
MTHFD2,0.07282,0.4612564552708649,0.10747,0.2739805344589062,0.03465000000000001,0.7272189089269518,0.7065544658945783,0.545362337561156,0.9762572927931781
MYCBP2,0.17791,0.40101804580781764,0.39441111111111105,0.09378180632739051,0.1417777777777778,0.6799253615729042,0.669807287426588,0.291694073435165,0.9619401148472417
MYL6B,0.024344444444444478,0.936201577425267,0.48987500000000006,0.22843050707517645,0.2189714285714285,0.711832892483881,0.9733051077407765,0.49235069347019844,0.9731307826730388
MYLPF,-0.23947777777777782,0.2330393766663608,-0.10412500000000002,0.6797507865670429,0.07597142857142865,0.8264327378987666,0.5163421482999759,0.8448002584323063,0.9897676525572143
MYO6,0.13487,0.42901871874274444,0.00331111111111111,0.9880919341643348,-0.14492222222222223,0.6051577073434072,0.6857963720367232,0.9938023440830098,0.9619401148472417
MYOM1,0.051112500000000005,0.8396031107253226,0.027788888888888887,0.7775818789452059,-0.2210857142857143,0.4793264583604754,0.9284924568666677,0.8977392084166032,0.9471774407456163
NAA80,0.5985555555555556,0.09053996278082552,0.384725,0.21958596690050053,-0.0029142857142856787,0.9953444850330286,0.3296238050186684,0.4817956518442718,0.9982011704117378
NAPRT,-0.11662000000000002,0.4215489200408965,-0.04825999999999998,0.6652156326478085,0.06836,0.7148531538072409,0.6839430789082674,0.840417671414153,0.9740601361691527
NARS1,0.18474999999999997,0.3889986880606652,0.3964000000000001,0.018901896613298316,0.1910888888888889,0.4502861922683752,0.6606232055041816,0.12149713735902679,0.9471774407456163
NEO1,-0.045320000000000006,0.46345976894247387,-0.03601111111111111,0.713246871670355,0.03817777777777776,0.7852009474397531,0.7077155931148588,0.8611726780542011,0.9839089183419631
NFIC,0.09022,0.5178228495412717,-0.05362222222222221,0.5990373156861728,-0.16323333333333329,0.3769003856309471,0.7524149812210584,0.8054790084604008,0.9471774407456163
NGRN,0.033979999999999996,0.6837466791853002,0.039889999999999995,0.5714190905134886,0.005910000000000001,0.9544984768152569,0.8662560342589098,0.7912215885111487,0.9940859712453828
NLGN1,0.041211111111111136,0.8746831879562955,-0.12608749999999996,0.45249444999334265,-0.2537428571428571,0.5088854180368071,0.9431161755865928,0.7082731454877148,0.9519862693342023
NLGN2,0.14001249999999998,0.4946705536549584,-0.36700000000000005,0.03899734224329678,-0.6734,0.050658517497883374,0.7352533703143306,0.1705860505958198,0.9064257716854434
NMT1,0.08874999999999998,0.4315401645035417,0.27021111111111107,0.23773152046642287,0.2519,0.3287546918264702,0.6857963720367232,0.502438486800217,0.9471774407456163
NRN1,-0.03363999999999997,0.787304344640066,0.08551111111111115,0.3480131410222714,0.10547777777777777,0.2339421766295058,0.9110280285752319,0.6238331960484645,0.9471774407456163
NRXN3,-0.057022222222222196,0.7227417085367364,-0.16057500000000002,0.20819290027519205,-0.053171428571428626,0.8508676342071186,0.8862333638067327,0.4686340263624015,0.9921779098662884
NT5C1A,0.20578999999999997,0.13305972453597745,0.06969000000000002,0.6825070745676358,-0.13609999999999997,0.46907738377929653,0.40095330326841205,0.8448632587024221,0.9471774407456163
OCLN,0.13999999999999999,0.1981216502679218,0.3633777777777778,0.05471926547336662,0.21035555555555557,0.19906134522924482,0.4768077784068191,0.20770697927745627,0.9471774407456163
OMP,-0.2844375,0.2114641051817581,0.13429999999999997,0.26143524193107875,0.35482857142857144,0.23799071740144373,0.48919806379842934,0.5296908418865237,0.9471774407456163
OPHN1,0.63809,0.016791795017737015,0.9137599999999999,0.023156871346427153,0.2756700000000001,0.5680051083502662,0.18792396730917132,0.1318505581701608,0.953399763247607
OSBPL2,0.15133,0.20748411530352168,-0.037910000000000006,0.6983196223342044,-0.18924000000000002,0.25290208064110914,0.48515797982505404,0.8526424992269838,0.9471774407456163
OSTN,0.14830000000000002,0.45908878714583345,-0.2066375,0.4682442989912661,-0.3928571428571429,0.23314805220449977,0.7054408245996123,0.7202754641843829,0.9471774407456163
OTOA,0.10493750000000002,0.6472384822787864,-0.3003111111111111,0.12238231384998001,-0.4666428571428572,0.05147475917137641,0.8451496270822554,0.3447066402265353,0.9064257716854434
OTUD7B,0.52014,0.009482620344768003,0.40208888888888883,0.09495012684485202,-0.05100000000000003,0.8390105003024637,0.16058218162856128,0.293955187218309,0.9911725684990748
PAFAH1B3,-0.0007199999999999984,0.9946473819779095,0.0130888888888889,0.8649380618852861,-0.030522222222222204,0.8176616773848571,0.9967161633850612,0.9404840954178276,0.9888671293493415
PALM2,0.21902000000000005,0.02140868374096008,-0.12524000000000002,0.3130211165314842,-0.34426000000000007,0.06953897348646439,0.20240610399962805,0.5848972708803681,0.9151422335713614
PCARE,-0.007974999999999996,0.9639326520468662,-0.09594444444444443,0.6205458825858297,-0.1191,0.5447639047282808,0.9841356341591891,0.8159957791399581,0.9519862693342023
PCBP2,0.45018,0.023455435080983238,0.22167777777777775,0.18734853632586299,-0.24742222222222227,0.40083705960327953,0.20449843111752022,0.4446122776457071,0.9471774407456163
PCDH12,0.009239999999999983,0.9010989097276327,0.01754444444444445,0.8200345217880313,-0.0006444444444444475,0.9958517684945098,0.9558530380725592,0.9202417671995528,0.9982011704117378
PDLIM5,1.0693899999999998,0.011585318178704462,1.0601333333333334,0.03053219634249708,-0.014188888888889029,0.9793107734342785,0.16229553232399993,0.1502572744627411,0.994306177352909
PDRG1,0.02489999999999999,0.868284638232987,-0.45907499999999996,0.045471074308697665,-0.5142857142857141,0.06426418224694466,0.9421733947746191,0.18755223492185816,0.9131181923353178
PFDN6,-0.6874666666666667,0.01158765354675481,0.14932499999999999,0.6947702719273308,0.8376285714285715,0.11353647449823515,0.16229553232399993,0.8511527764695752,0.9471774407456163
PGM2,-0.09857777777777775,0.6750598343696227,-0.10016249999999999,0.6412275553818008,-0.08410000000000004,0.8241839233591586,0.8596990868565025,0.8275812788105883,0.9897676525572143
PHACTR2,1.1614600000000002,0.00857204288715382,1.103933333333333,0.04236455328132502,-0.07661111111111128,0.8946828699461447,0.158084765867325,0.1793473451592693,0.9939549333965099
PIBF1,0.3458799999999999,0.22641868073586585,0.5664222222222222,0.030600207309644117,0.21053333333333338,0.5630604260451848,0.5097456582390605,0.1503401489560776,0.9519862693342023
PLB1,0.23339,0.13471236401060055,0.023340000000000007,0.839774913090421,-0.21005000000000001,0.3315170258721464,0.4026273903403388,0.9289377615435455,0.9471774407456163
PLCB2,0.85788,0.04468952447440425,0.6332800000000001,0.2769810826702406,-0.2245999999999999,0.771461255686913,0.24788089811044448,0.5489028835649923,0.9812334329398464
PLEKHO1,0.6450199999999999,0.005015484302064258,0.9109999999999999,0.004791395081425002,0.26598,0.4323191314767889,0.132455724147496,0.09387583957661252,0.9471774407456163
PLSCR3,0.5799,0.013014719397195782,0.61156,0.01025000245425675,0.03165999999999998,0.9014652396960224,0.17146746900879464,0.10042271686228481,0.9939549333965099
PLXDC2,-0.06595000000000002,0.7201229192014444,0.1525,0.21873240885225276,0.21844999999999998,0.4143352460593025,0.8844988029322088,0.48173599490848473,0.9471774407456163
PMS1,0.15312222222222222,0.5235389457287367,-0.5645749999999999,0.38821023385482,-0.5755714285714285,0.5493156620892424,0.7565948954997681,0.6555250918880599,0.9519862693342023
PNLIPRP1,0.11334999999999995,0.3843433024670687,0.06885999999999999,0.6754782793351912,-0.04448999999999996,0.8106689187015559,0.6555758334229149,0.8445117651049152,0.9879395392394905
PNMA2,0.1606125,0.3837496082133537,-0.10817777777777776,0.5462140183287802,-0.3434285714285714,0.2269351341519378,0.6551169953113499,0.7753329291246601,0.9471774407456163
PPP1R14A,0.52565,0.040314951975257765,0.6273333333333334,0.006111628343273523,0.07337777777777783,0.8255901139965465,0.24522842423044994,0.0949550061731043,0.9897676525572143
PPP1R14D,0.11276000000000001,0.39700921004687406,0.1862888888888889,0.39589672323504166,0.11714444444444444,0.6388352553523569,0.6684315525029891,0.6634306212092074,0.9619401148472417
PPT1,0.20153333333333331,0.3919611245183179,-0.3863875,0.1298870930417058,-0.6384142857142858,0.16694666992252752,0.6633535621168306,0.35590429931705025,0.9471774407456163
PRKAG3,0.3767333333333333,0.29872160712089485,0.1705375,0.4538737087545528,-0.4397571428571428,0.21763553193541202,0.5847062503139168,0.7089212952264095,0.9471774407456163
PRKAR2A,0.6058300000000001,0.06299821399558969,0.8426400000000001,0.021192063399655937,0.23680999999999996,0.547064781366609,0.283878455090556,0.12680709219590458,0.9519862693342023
PRND,0.17140000000000002,4.616506190754954e-05,0.03160999999999998,0.5909963240188637,-0.13979000000000003,0.045229820445384504,0.012330268353125505,0.8016229101334497,0.9064257716854434
PRSS53,0.06552,0.4095784721179442,-0.058110000000000016,0.46282586547896853,-0.12363000000000005,0.3059099817654114,0.6749128371476515,0.7168067436885659,0.9471774407456163
PSMD1,-0.10114000000000001,0.8703975824871502,0.7770555555555555,0.23555715688754075,1.0993777777777778,0.366499141235474,0.9421733947746191,0.49968731186685544,0.9471774407456163
PSMD5,-0.14624444444444443,0.3670358105848899,0.031749999999999994,0.857478089473004,0.2891571428571429,0.3032091981285239,0.642258017569033,0.9363010296279733,0.9471774407456163
PTH,0.33442222222222223,0.4020722783102385,0.5731374999999999,0.16537286540553384,0.044757142857142794,0.8906789186960986,0.6704247183175259,0.4138547517559271,0.9939549333965099
PTPRR,-0.28240000000000004,0.04502610406836403,-0.68052,2.365040141421936e-05,-0.39812000000000003,0.007911757600840659,0.24819267120610417,0.01485244556375714,0.7865420294170457
RAB3GAP1,-0.07168749999999999,0.6980239834476698,0.27584444444444445,0.03387489447076243,0.37122857142857146,0.11422352651946363,0.8743928126718273,0.158226454618601,0.9471774407456163
RAC3,-0.04015555555555555,0.6383543941075067,0.08091249999999997,0.763565118121643,0.0718142857142857,0.8003341651909073,0.8406522906676726,0.8895140035850067,0.985768737086236
RANBP2,-0.18021250000000005,0.4226217610784103,-0.21265555555555554,0.37535932639527414,0.1139142857142857,0.4347627362639906,0.6846620519596706,0.6468068627268713,0.9471774407456163
RBFOX3,-0.08621999999999999,0.4489673697481543,-0.036699999999999997,0.7726568970987834,0.048211111111111114,0.6623602835826945,0.6993987976246434,0.8961303102321058,0.9619401148472417
RBM17,0.6409299999999999,0.00013000001438702414,0.06531111111111111,0.5225072279935878,-0.5556333333333333,0.007345632937705284,0.023871252641817307,0.7633751010311027,0.7865420294170457
RBP1,-0.18469999999999998,0.14319717330262127,-0.09283749999999999,0.6820759664058116,0.16487142857142856,0.2647960466657033,0.4076679216696718,0.8448632587024221,0.9471774407456163
REEP4,0.51437,0.04684801632326112,0.39308888888888893,0.08419600634181758,-0.11975555555555552,0.674586314647784,0.25306652687523795,0.2742437545812196,0.9619401148472417
RGCC,0.5136000000000001,0.08025873897617845,0.4768666666666667,0.038725883463662236,-0.06578888888888892,0.8684641185931586,0.3131476429110389,0.1705860505958198,0.9938501124438283
RGS10,0.49827000000000005,0.0019841933191281904,0.49598888888888887,0.12868705950752363,0.030388888888888903,0.9182181556543625,0.09402516083223586,0.3540099071471015,0.9940568131447077
RLN1,0.14026999999999995,0.46235174572811666,0.12211111111111111,0.2588060360967355,0.046200000000000054,0.8185584950910819,0.7067480266166447,0.5261298669009519,0.9888671293493415
RNASEH2A,0.23382999999999993,0.03148852996639075,-0.06684444444444446,0.693182189940053,-0.2942555555555556,0.11777842664107838,0.22434922053807554,0.8499871761451901,0.9471774407456163
RPGR,-0.08397777777777779,0.7541253048803969,-0.357,0.24904951529155975,-0.37415714285714285,0.4856427326517452,0.897010099979518,0.5145622193576671,0.9471774407456163
RRAS,0.09244444444444448,0.772180523072563,0.563525,0.18466893649526184,0.6566428571428572,0.2817344019253592,0.9048339757407805,0.4414031620545219,0.9471774407456163
RRP15,-0.27015,0.7143471857071737,-0.05438888888888892,0.9178577352526561,0.2682714285714285,0.8103216129610084,0.8799798874665309,0.9665469627857719,0.9879395392394905
RTN4IP1,0.46295000000000003,0.078078598529544,0.6527333333333333,0.016104905745042263,0.18071111111111116,0.6421845912941708,0.309862566031069,0.11430549446691722,0.9619401148472417
S100A14,0.21903,0.05593063374488243,-0.04852222222222223,0.8008188997540846,-0.2631777777777778,0.20064689570140368,0.27116204941000754,0.9094677661433261,0.9471774407456163
S100G,0.22126,0.24342597487393497,0.21783333333333335,0.21797210259621574,-0.05474444444444446,0.7924159545738748,0.5293749179715921,0.4804216334791312,0.985768737086236
SAFB2,-0.055279999999999996,0.5110077080278637,0.049833333333333334,0.7480451111029094,0.08543333333333332,0.6255293690519775,0.7480521406008289,0.8802001398549377,0.9619401148472417
SAG,-0.6093875000000001,0.5842306616612376,0.5175777777777779,0.5610176415125585,1.7881571428571428,0.2107034604012929,0.8035906760115712,0.7850574752927864,0.9471774407456163
SATB1,0.08775999999999998,0.3308392970273182,0.016277777777777773,0.90078408219072,-0.08051111111111112,0.5993465303728704,0.6155831885156813,0.9593296480254089,0.9619401148472417
SCIN,0.6403749999999999,0.019504092499663478,-0.5450333333333334,0.20487216279112067,-0.9888,0.05674053289170088,0.19557345994543107,0.46592392007129474,0.9064257716854434
SCN2A,0.02815000000000001,0.929117603867277,-0.13185555555555561,0.637447805605492,-0.4181428571428572,0.06427642779098623,0.9691852771791873,0.8246641921380339,0.9131181923353178
SCN2B,-0.29912222222222223,0.2919430801197762,-0.07780000000000004,0.7244745276601976,0.38041428571428565,0.4612789012157166,0.5797037768246098,0.8687780254145553,0.9471774407456163
SCN3A,0.1738777777777778,0.2968930553276277,-0.022012499999999963,0.9216189210326236,-0.1875142857142857,0.5220333662612611,0.5832965096164534,0.9695939683204332,0.9519862693342023
SCN3B,-0.002524999999999944,0.9933547922127006,-0.2677777777777778,0.15233893288938413,-0.2733285714285714,0.4656535063650047,0.9967161633850612,0.39323195998436405,0.9471774407456163
SCRIB__Neurology_II,0.5055899999999999,0.08998502099181169,0.41124444444444447,0.17661519609825466,-0.05506666666666657,0.8992408824287068,0.3296238050186684,0.430671681246618,0.9939549333965099
SCT,-0.3876666666666667,0.1581437112371772,-0.84815,0.001016205636814972,-0.3691571428571428,0.25011031477630147,0.4279367017677313,0.05854141492083113,0.9471774407456163
SEPTIN3,0.007610000000000039,0.9476327289934485,0.11675555555555556,0.4053252810458027,0.056133333333333306,0.7977630845897923,0.9765503184085415,0.6739364322085841,0.985768737086236
SEPTIN8,0.02814999999999999,0.7825914936497198,-0.04334999999999999,0.6216657733437922,-0.07149999999999998,0.5303377932829476,0.9091161222172504,0.8161099383753627,0.9519862693342023
SEZ6,-0.31239999999999996,0.3153181740429523,-0.082475,0.5841210746069303,0.24518571428571426,0.5157752027552287,0.5998131769617194,0.7982082405558889,0.9519862693342023
SH3BGRL2,-0.29836250000000003,0.4095880151920567,0.19118888888888888,0.49154455155023435,0.44904285714285713,0.5412714517419889,0.6749128371476515,0.7364395168049916,0.9519862693342023
SH3GLB2,-0.3064699999999999,0.45353929482244537,0.21223999999999998,0.4075090601115011,0.51871,0.22646679241482218,0.702424063357061,0.6761606494750066,0.9471774407456163
SLA2,0.54191,0.03770526784251501,0.421488888888889,0.06637211663656042,-0.19423333333333329,0.6088313680526841,0.24063280371349866,0.23583338445085156,0.9619401148472417
SLC1A4,-0.02091111111111111,0.9115767465705298,-0.1816,0.3472320537020687,-0.15137142857142857,0.5769008190207273,0.9605484970537571,0.6231935087212449,0.9570494671275532
SLC44A4,0.23258888888888885,0.3077667531914769,-0.12266250000000001,0.5526500016223905,-0.44527142857142854,0.07182475713476506,0.5928387215699665,0.77980621355416,0.9151422335713614
SMS,-0.0759875,0.7317361655700088,0.13264444444444445,0.4519732424521732,0.13701428571428573,0.6628084313127486,0.8887312337514203,0.7078344276782969,0.9619401148472417
SMTN,1.11943,0.012841225414550891,1.4147500000000002,0.007842795135827248,0.2953200000000002,0.5760219368578134,0.17071276139344124,0.09863113153934558,0.9570494671275532
SNAP25,-0.03597500000000001,0.8093505108648065,-0.07137777777777778,0.7386606360517636,-0.19185714285714286,0.35908645917438753,0.9189964919173103,0.8764882668497906,0.9471774407456163
SNAPIN,0.27998,0.19288929746087125,0.35648888888888897,0.010385156441522709,0.09002222222222225,0.7618008031729729,0.4687417336145904,0.10042271686228481,0.9807934968107775
SNRPB2,0.08906000000000003,0.6109181156973751,-0.04791,0.6452320227524367,-0.13696999999999998,0.5791093235648062,0.8234016843296169,0.8299876019468736,0.958195752801111
SORBS1,0.13355999999999998,0.1276163307454959,0.1638111111111111,0.22840001311083466,-0.010700000000000003,0.9498335340267907,0.3922987977345233,0.49235069347019844,0.9940568131447077
SOWAHA,0.10417777777777777,0.39837364018787647,-0.27425,0.2125901474086233,-0.551,0.022898127527608614,0.6691948284002178,0.4742519765273617,0.8143181893514128
SOX2,0.19871,0.1659580972000271,-0.12435555555555558,0.4317267627428689,-0.3523777777777777,0.09693441817309063,0.4379452232676869,0.6914139085199341,0.9443341999213253
SOX9,-0.3884111111111111,0.4322676704785626,-0.2598875,0.21359380487741642,-0.07534285714285711,0.907341371169099,0.6857963720367232,0.4757684599923044,0.9939549333965099
SPACA5_SPACA5B,-0.13143,0.513442706202109,-0.06932222222222222,0.5987904513798661,0.058744444444444426,0.8025689774687316,0.7496558826679988,0.8054790084604008,0.9858710632851442
SPAG1,0.142,0.5941300938560765,0.11758888888888891,0.4426650557156985,-0.13499999999999998,0.6835819669400627,0.8115082360526047,0.701495005499982,0.9619401148472417
SPRR3,-0.07891000000000001,0.6147844499356077,-0.16111999999999999,0.22557510157576866,-0.08220999999999998,0.6941616177247378,0.8262748005081497,0.4898297475459042,0.9647336011708987
SPTBN2,-0.045887500000000005,0.775560478234134,-0.2866777777777778,0.28771581856865835,-0.25725714285714285,0.5137481026351489,0.9056425616263457,0.562040608347552,0.9519862693342023
SPTLC1,0.18056999999999998,0.10768803762123805,0.48991999999999997,0.001898522435260367,0.30934999999999996,0.0740034737100757,0.3640822261578796,0.07198964174581236,0.9151422335713614
STEAP4,0.00986249999999999,0.9632890504448495,-0.30827777777777776,0.18253427263738312,-0.31747142857142857,0.33631245366506374,0.9841356341591891,0.44002396624388834,0.9471774407456163
STX1B,0.09784444444444446,0.6790434792509392,-0.308875,0.10697477727468722,-0.3815428571428572,0.2981138617470045,0.8621563275882711,0.31765897327145703,0.9471774407456163
STX3,0.06639999999999999,0.5542192963803516,0.15025,0.009235176608799842,0.08384999999999998,0.48494873486369827,0.7832167855079452,0.09968436135564301,0.9471774407456163
STXBP1,0.7979499999999999,0.0007514299528399996,0.8399777777777779,0.010200730772887126,0.06497777777777783,0.8582333147807059,0.05519253003609796,0.10042271686228481,0.9938501124438283
SUOX,0.28956,0.06967046397841002,0.1795,0.027593136522475987,-0.05387777777777779,0.6767087864630323,0.2970382751514861,0.14338459616241755,0.9619401148472417
SV2A,0.14311111111111108,0.6007082398883872,0.32306250000000003,0.4332006887613453,0.35875714285714283,0.42891842080265996,0.8163185979611848,0.6924611662572538,0.9471774407456163
SYNGAP1,0.1594875,0.056848954006422536,-0.10973333333333332,0.5795516154566824,-0.2884142857142857,0.15522054960653617,0.2734583208227727,0.7938553680563715,0.9471774407456163
SYT1,-0.02776,0.8332080684387221,-0.38856,0.005904577050536354,-0.36079999999999995,0.11348009840447766,0.9277730916674576,0.0949550061731043,0.9471774407456163
TARM1,-0.41425555555555554,0.13622499075212705,-0.2194875,0.4594398293617056,0.07790000000000008,0.8884006033480705,0.40412510007265057,0.7141979992934873,0.9939549333965099
TAX1BP1,0.5424900000000001,0.06718238488470056,0.83554,0.02124956552248756,0.29305,0.4969958119347091,0.2920613342370481,0.12689273070135865,0.9519862693342023
TBR1,-0.20864444444444444,0.30201277791663195,0.11161249999999999,0.5080303486876254,0.40128571428571425,0.2782914890016968,0.5880142753605465,0.7515574846144227,0.9471774407456163
TDO2,0.05278888888888887,0.7285774530957589,-0.06579999999999998,0.6874031057536696,-0.038785714285714236,0.8859258803420066,0.8882760281987466,0.846078895980009,0.9939549333965099
TEX101,0.45087777777777777,0.02547704807014553,-0.51895,0.01907648893091477,-0.9899142857142859,0.026154562797563674,0.21389133779899164,0.12149713735902679,0.8143181893514128
TFAP2A,-0.29061250000000005,0.16415815338551099,-0.14547777777777773,0.7443479589467983,0.08681428571428575,0.8876581211064978,0.4360729246352905,0.8796735991045553,0.9939549333965099
TIMM8A,0.05583000000000003,0.7430385357682803,0.47799,0.014025596362270283,0.42216,0.07479820892821158,0.892021833911982,0.10931654372901348,0.9151422335713614
TJP3,0.02893749999999999,0.8961057547264064,-0.1403444444444445,0.5767157061462247,-0.2590428571428572,0.47929922759734,0.9545898141356715,0.7928828940840469,0.9471774407456163
TMCO5A,-0.006900000000000005,0.9838596334193128,-0.004712499999999981,0.9800723597081618,0.03775714285714291,0.9248333789145942,0.9922373647433128,0.9901831474630604,0.9940568131447077
TMEM25,0.006029999999999957,0.9725873126627154,-0.3862999999999999,0.023634887479875733,-0.36716666666666664,0.2240075171664474,0.9870537533283615,0.1324899433562284,0.9471774407456163
TMPRSS11B,0.075875,0.8442864718631795,-0.43057777777777784,0.15554792307319532,-0.30227142857142864,0.6064538350541789,0.9293818768674352,0.39704587140664455,0.9619401148472417
TMPRSS11D,0.17573000000000003,0.011610276823032667,0.0784,0.4101690165504466,-0.09732999999999997,0.439937822963932,0.16229553232399993,0.6780591774201841,0.9471774407456163
TNIP1,0.79123,0.029645651212511545,1.06883,0.017411388209122042,0.27759999999999996,0.5754861659059265,0.2196885320696812,0.1171652532369276,0.9570494671275532
TOM1L2,0.48990999999999996,0.2472244734190321,0.05635555555555554,0.8798720833981485,-0.5211888888888889,0.4312823524801259,0.5337442985488999,0.9479601526838835,0.9471774407456163
TP73,-0.19565555555555558,0.3639018925585498,0.020312499999999983,0.9015228330829312,0.3106428571428572,0.3744029102955569,0.640590207650842,0.959344741466948,0.9471774407456163
TPBGL,-0.23218888888888886,0.40158623185952236,0.0516875,0.8220285008915303,0.3217285714285715,0.2068894128633969,0.6703083197505247,0.9207471351960793,0.9471774407456163
TPSD1,0.12658000000000003,0.48643807124179994,0.09231111111111111,0.5093263753073112,-0.07840000000000001,0.742660143317863,0.7287889104071434,0.753095566508747,0.9800993461384845
TRIM40,0.11836666666666666,0.7242533757697316,-0.14301250000000001,0.8005358581475688,-0.7368428571428571,0.3110336956194792,0.886606840838113,0.9094677661433261,0.9471774407456163
TSC22D1,0.31629999999999997,0.05751178211516884,0.03706666666666667,0.8370027389870606,-0.30368888888888884,0.2138801572988516,0.2740939770659072,0.9276996197143556,0.9471774407456163
TSPAN7,0.0932625,0.7218645397291816,-0.41718888888888894,0.028548163700973645,-0.4603428571428571,0.14874777215978147,0.8862333638067327,0.14536309350686408,0.9471774407456163
TTF2,0.4407333333333333,0.28684111623914893,0.4205625,0.12612434711387574,0.10792857142857153,0.8353198493348506,0.5766024160394954,0.3506177561960084,0.9911725684990748
TUBB3,-0.03531249999999998,0.8964585492525049,-0.22182222222222217,0.42525344916737584,-0.32702857142857145,0.46874716057207944,0.9546195062355416,0.6873715019479228,0.9471774407456163
TXNDC9,0.23479999999999998,0.10667839401703984,0.47958000000000006,0.00719106827389227,0.24478,0.23946576819503285,0.36275592780331367,0.09772900575722467,0.9471774407456163
TXNL1,0.043175000000000005,0.816850237108326,-0.49547777777777785,0.12787693814453285,-0.3439857142857144,0.33719054264742304,0.9219347890305949,0.3524413173251759,0.9471774407456163
UPK3A,-0.7346000000000001,0.2254034737818099,0.9756222222222224,0.2919786831887363,1.1736,0.31803981255463276,0.5088539848446139,0.5658531472351631,0.9471774407456163
UROS,-0.44956666666666656,0.16450603471242556,-0.14103749999999998,0.6648243360159258,0.2962857142857143,0.5093939331136017,0.4362408070590575,0.840417671414153,0.9519862693342023
USP28,0.07851,0.4849098853125724,0.09742,0.24856361423761283,0.018909999999999993,0.905548425721759,0.7278712198991995,0.5139197034694627,0.9939549333965099
VAV3,1.2892625,0.01058450296002321,1.7657555555555555,0.00022978884271195404,0.5031857142857142,0.4031633179604693,0.1607836095052678,0.035877809186110124,0.9471774407456163
VGF,-0.23966000000000004,0.24309215316559155,-0.3330333333333333,0.014076280402818902,-0.10826666666666668,0.7049195868978361,0.5293749179715921,0.10931654372901348,0.9701503587453412
VSNL1,0.12671000000000002,0.18462841028175878,-0.014680000000000002,0.7589271134590292,-0.14139,0.16593884527275077,0.4620039827509192,0.8894008214370274,0.9471774407456163
VWC2L,-0.029920000000000002,0.6260766286704,-0.16119999999999998,0.35641499947834904,-0.13497777777777775,0.5221918663212839,0.834165405165568,0.6310648883505595,0.9519862693342023
WASHC3,0.76565,0.009646110731651206,0.9905200000000001,0.005117523199866997,0.22487000000000007,0.5527262230550936,0.16058218162856128,0.0949550061731043,0.9519862693342023
YAP1,-0.011110000000000007,0.7901879142508251,-0.10469000000000002,0.19216380981049663,-0.09358,0.3406238540073335,0.9125468278239515,0.4516618185785913,0.9471774407456163
ZHX2,0.051550000000000006,0.4813126667506682,0.09689999999999999,0.1525961695618451,0.045349999999999994,0.6025280852995085,0.7248060558244301,0.3932697773444745,0.9619401148472417
ZPR1,-0.20499999999999996,0.5598090618055074,-0.18123333333333336,0.5466946048549803,-0.10257142857142869,0.854847067713168,0.7865705516903782,0.7753329291246601,0.9938501124438283
AARSD1,0.08013000000000005,0.8274841523335217,0.5528777777777777,0.05812909393013204,0.4917111111111111,0.29688444269897524,0.9258422409472198,0.21536352833130887,0.9471774407456163
ABL1,0.5997800000000001,0.026599928307058512,0.8521666666666666,0.008938920081535677,0.24892222222222227,0.4538304618768647,0.21482755378190904,0.09968436135564301,0.9471774407456163
ACAA1,-0.12064999999999997,0.730252603347513,0.5528625,0.042846115132363485,0.579225,0.2964638513774679,0.8883949555376521,0.18112501619983298,0.9471774407456163
ACP6,0.07051000000000003,0.4568360209333029,0.14807,0.1016947958376546,0.07756,0.33183483468821234,0.7047524970652924,0.30738612157513295,0.9471774407456163
ADAMTS15,0.12355000000000005,0.12022777158426379,0.2952222222222222,0.05239742251988229,0.16199999999999998,0.27069071039621306,0.3808057774545469,0.20301723884021775,0.9471774407456163
ADAMTS8,0.06561,0.24151643215764376,-0.009688888888888886,0.8452807301202554,-0.0609,0.09444751310819245,0.5283511686112606,0.9304738797651969,0.9443341999213253
ADCYAP1R1,-0.04827999999999999,0.6629894086623185,-0.12488749999999997,0.36514331864701677,-0.0654625,0.6852000466121473,0.8534118446762307,0.6381862404431501,0.9619401148472417
ADGRG1,0.37724,0.001931210102766703,0.3430555555555556,0.028954786458545417,-0.058255555555555553,0.685603335769273,0.09384957351927277,0.14667097002621798,0.9619401148472417
ADM,0.041749999999999975,0.5604030200019768,0.07461999999999998,0.10826139383866255,0.032869999999999996,0.664815611709537,0.7866526864624023,0.31898441627924995,0.9619401148472417
AGR3,0.033150000000000054,0.8704336787691491,-0.16035,0.3974667322456245,-0.17604999999999998,0.5661615671145521,0.9421733947746191,0.6646313371301337,0.9519862693342023
AIF1,0.24598,0.40280602158579226,0.22635,0.2315826293627272,-0.1811875,0.6491946250248847,0.6710616027888802,0.496504418407068,0.9619401148472417
AIFM1,0.72529,0.02696394056515872,1.1847444444444446,0.03530421971409578,0.3896222222222223,0.42253286893492015,0.21537709065064128,0.16156354753896168,0.9471774407456163
AKR1B1,0.44061000000000006,0.09160606050350585,0.48172499999999996,0.05534873084904381,0.0728125,0.7847742982848429,0.33104379552189445,0.20968849066823936,0.9839089183419631
AKT3,0.12983,0.27274224963169946,0.17033750000000003,0.3019141878712872,0.019275000000000014,0.9221816087205268,0.5630435581098886,0.5745246840875246,0.9940568131447077
ALPP,-0.062270000000000006,0.23676256893164166,-0.05416666666666657,0.5782095243223437,0.014722222222222322,0.7607398503351872,0.5234073946735615,0.793378353789722,0.9807934968107775
AMBP,0.004740000000000011,0.8387745209256122,-0.05813999999999999,0.24220424437533858,-0.06288,0.08094856625163155,0.9284924568666677,0.5071960584281858,0.9151422335713614
AMIGO2,-0.005509999999999996,0.9246458256192582,0.023744444444444446,0.8377558520422455,0.0025222222222222312,0.9778721413423215,0.9667649237257583,0.9276996197143556,0.994306177352909
ANGPT2,0.12351999999999999,0.11212763636381932,0.26056,0.002179092445612357,0.13704,0.17954163185690541,0.3726594973268113,0.0727519727864671,0.9471774407456163
ANGPTL7,-0.17727,0.012488294910930698,-0.18868000000000001,0.08904357255457859,-0.011409999999999981,0.9155248171940582,0.16738291361376853,0.28190734500576714,0.9940568131447077
ANKRD54,0.021720000000000007,0.9493498443523131,0.39297499999999996,0.06869034705828013,0.578675,0.11765694344636045,0.9776340142681724,0.2388310528487894,0.9471774407456163
APBB1IP,-0.09590000000000001,0.5545695512469497,-0.14939999999999995,0.4854657121524688,-0.08349999999999991,0.7124589222361151,0.7833294911363166,0.7318665630938164,0.9731307826730388
APEX1,0.31151,0.16627117347248288,0.33277999999999996,0.3902157637864737,0.02127000000000001,0.9604472462115747,0.4379452232676869,0.6581250941473362,0.994306177352909
AREG,0.19458999999999999,0.0006507907473522083,0.20811111111111114,0.16017547808584123,0.020755555555555583,0.8668214253014314,0.05167630312758886,0.40568582294500133,0.9938501124438283
ARG1,-0.55273,0.14993473477803418,-0.30154000000000003,0.3035669827276501,0.25119,0.566720212752049,0.4185675274429755,0.5756129252833632,0.9519862693342023
ARHGAP1,0.18872,0.2152976684050356,0.38995,0.03174658470461197,0.16502500000000003,0.4980771248477749,0.4949487869906061,0.1539133100035478,0.9519862693342023
ARHGAP25,-0.25914000000000004,0.21901974352347178,0.05077499999999999,0.8588914436755211,0.2892625,0.45599290887396937,0.4992086939270443,0.9366826508978028,0.9471774407456163
ARSB,0.14428000000000002,0.3034042202530588,0.09036666666666665,0.8185397137244559,-0.055633333333333326,0.8869672594402238,0.5892237650859379,0.9199960516153218,0.9939549333965099
ATG4A,0.05084000000000003,0.8744483945026804,0.4148875,0.041237794155414426,0.46516250000000003,0.2272524775146353,0.9431161755865928,0.1758441788513898,0.9471774407456163
ATOX1,0.3687000000000001,0.16755285216365362,0.7295888888888888,0.0069283603509845935,0.39532222222222235,0.24496109100137553,0.43952703540786997,0.09772900575722467,0.9471774407456163
ATP6AP2,-0.06223000000000003,0.8274445237923533,0.03492499999999999,0.7299830188632128,-0.10908749999999998,0.6835915662553822,0.9258422409472198,0.872768660544241,0.9619401148472417
ATP6V1D,-0.11662999999999998,0.3038069248572587,0.15204444444444445,0.32988672184326673,0.25641111111111115,0.23265483368198883,0.5892237650859379,0.6055498693364192,0.9471774407456163
BAIAP2,0.33734000000000003,0.20848569108689224,0.2061625,0.5466502074192415,-0.041212500000000096,0.931859878511226,0.4853652618171866,0.7753329291246601,0.9940568131447077
BAMBI,0.13779000000000002,0.5101821005619707,0.23176249999999998,0.06560934467537484,0.060424999999999965,0.8315783732325042,0.7475657010454942,0.2339323478838001,0.9907450367222617
BGN,-0.23503999999999992,0.3638778917074449,-0.3964125,0.12730520157650776,-0.05895000000000003,0.895215218343212,0.640590207650842,0.3516237535086419,0.9939549333965099
BIRC2,0.02358000000000001,0.9238937557543047,0.28327500000000005,0.3004494174270555,0.30033750000000003,0.4565344092039255,0.9666666148170039,0.5739333039902071,0.9471774407456163
BTC,-0.15898999999999994,0.5637716515309167,0.183575,0.3836663860354653,0.23509999999999995,0.6096362889912217,0.787998119838153,0.6534005170612214,0.9619401148472417
C4BPB,0.13521999999999998,0.15001756514549122,0.05315555555555556,0.437833410796755,-0.08464444444444444,0.2738687307620956,0.4185675274429755,0.6970792293577533,0.9471774407456163
CA11,0.09523,0.3909729494797688,-0.020487500000000006,0.7615852330496109,-0.0812375,0.6290935591027524,0.6622101474554098,0.8894677399596037,0.9619401148472417
CA12,-0.15655999999999998,0.03176959509638672,-0.011255555555555562,0.8723411312950927,0.12475555555555554,0.22486409126308993,0.22434922053807554,0.9456074279954809,0.9471774407456163
CA14,0.002839999999999998,0.9611966086497064,-0.06213999999999999,0.393739926133839,-0.06497999999999997,0.4182292442500889,0.9841356341591891,0.6620078001496004,0.9471774407456163
CA9,-0.023029999999999985,0.7818880397045855,0.09873,0.23855633100181894,0.12175999999999998,0.037167791978850874,0.9091161222172504,0.5031432164273827,0.8478440298662206
CALB1,-0.19038000000000002,0.023456763542070904,-0.17613333333333334,0.23891835822189839,0.017400000000000027,0.8960452889531887,0.20449843111752022,0.5035452915752779,0.9939549333965099
CALCOCO1,0.7430199999999999,0.06833506239277387,1.2943500000000001,0.022056360085543125,0.5513300000000001,0.37893264183895015,0.29508783470147537,0.12917053896370354,0.9471774407456163
CAMKK1,0.007969999999999988,0.9736048007517596,-0.13487499999999997,0.5241482891950249,-0.1719,0.6939563667440807,0.9877247598786842,0.7637062039963614,0.9647336011708987
CAPG,-0.18003,0.020939419338673625,-0.11629,0.38669253654049374,0.06373999999999999,0.6807657267084131,0.20232110775686998,0.6550312634098713,0.9619401148472417
CASP8,0.19983,0.4259858324095699,0.4887499999999999,0.010635005945753924,0.28891999999999995,0.35341478159394024,0.6853124768051386,0.10042271686228481,0.9471774407456163
CBLN4,0.008800000000000013,0.8604385103374544,0.04290999999999999,0.5582769548467162,0.03410999999999998,0.6810914061837031,0.9397651834094577,0.7838679984788833,0.9619401148472417
CCL8,0.11533999999999997,0.05969347869608837,0.14281999999999995,0.43038659139073465,0.027479999999999984,0.8662769545913976,0.27749911457137283,0.6913481714084081,0.9938501124438283
CCN1,0.07871000000000002,0.30565666955413473,0.17775555555555556,0.030523718440555625,0.08166666666666667,0.27060041249910644,0.5909161466958172,0.1502572744627411,0.9471774407456163
CCN4,0.03181,0.6106962956565232,-0.05862999999999998,0.6808461453996475,-0.09043999999999999,0.4832492432563775,0.8234016843296169,0.8448632587024221,0.9471774407456163
CCT5,0.48199000000000003,0.07671131155953828,0.08226250000000002,0.31807133202484705,-0.2477875,0.37314985155077324,0.30860783880246806,0.5907039023318588,0.9471774407456163
CD1C,0.044719999999999996,0.32623998297783446,0.003644444444444444,0.9269912120565871,-0.029177777777777778,0.39950668912419784,0.6120645402227827,0.9716375957981638,0.9471774407456163
CD207,-0.061060000000000024,0.19246554266252067,0.03302222222222224,0.8295069873663852,0.11132222222222227,0.5092017490611664,0.46868806308112326,0.924710538541159,0.9519862693342023
CD27,0.13976000000000002,0.09522807611029087,0.1079333333333333,0.41188215188881594,-0.05760000000000005,0.6778306252032824,0.3368162926393869,0.6780591774201841,0.9619401148472417
CD28,0.29182,0.10554573528040287,0.035025,0.8206376548886414,-0.23986249999999998,0.1962354245623751,0.3609934461627749,0.9202417671995528,0.9471774407456163
CD300E,0.05077,0.3809386220962605,0.0034599999999999965,0.9667689313976405,-0.04731,0.6060554854892413,0.6528565515007577,0.9855505561952468,0.9619401148472417
CD300LF,0.08319,0.15822475024429916,0.09532999999999998,0.2900691997793317,0.012140000000000015,0.8809080301742243,0.4279367017677313,0.5637934822156206,0.9939549333965099
CD302,0.16838,0.06436605964595506,0.02075555555555555,0.814304892449208,-0.15360000000000001,0.21416011704332918,0.2858293238383517,0.9173419378894836,0.9471774407456163
CD33,-0.09980000000000001,0.08004581008082805,0.08296666666666667,0.5103328506303118,0.17310000000000003,0.29896562067555393,0.31273216757642663,0.7538249950486957,0.9471774407456163
CD38,0.11424000000000001,0.0443533334378742,0.15891111111111111,0.12981272087698817,0.040844444444444426,0.6589420071618635,0.24788089811044448,0.35590429931705025,0.9619401148472417
CD5,0.034290000000000015,0.6927430711160614,0.03599000000000001,0.6224282507144498,0.001699999999999996,0.9836299917668075,0.8708243453580186,0.8163298356494793,0.9952946896706719
CDC27,0.31238,0.15992404390400095,0.4932875,0.01968096650790443,0.14855000000000002,0.6546499328424642,0.43009991205496717,0.12328929552286401,0.9619401148472417
CDC37,0.5405300000000001,0.05510470750032253,0.7195222222222222,0.04919337149590494,0.1898555555555555,0.6768943265391764,0.269829384393246,0.1960341062033234,0.9619401148472417
CDHR2,0.06505999999999998,0.23135644498678834,-0.0679666666666667,0.6173255975982922,-0.14675555555555558,0.3820016668814692,0.515333764496728,0.8152068256948465,0.9471774407456163
CDKN1A,0.68458,0.011430718352342668,1.3327666666666664,0.009556080176322644,0.7125666666666667,0.1675254770161769,0.16229553232399993,0.1002705841358426,0.9471774407456163
CDKN2D,1.01731,0.01253377841900241,1.3245111111111112,0.016111127438706584,0.27565555555555565,0.6273864902729053,0.16738291361376853,0.11430549446691722,0.9619401148472417
CDNF,-0.02054000000000001,0.7050962322736052,-0.02909999999999999,0.8305518214125264,-0.019044444444444433,0.8992740343289389,0.8777618404745452,0.9247403361769361,0.9939549333965099
CEACAM1,0.1571,0.0541651385111358,-0.04391111111111112,0.3257007761892156,-0.19254444444444446,0.003650669841313641,0.2674574402449025,0.6010734173642684,0.7204244661560001
CEACAM3,-0.22922999999999996,0.40614417037384365,0.21687499999999998,0.42238610830534706,0.5486875,0.196913698194937,0.6726333554443926,0.6856189979011655,0.9471774407456163
CEACAM5,0.28363,0.2476186811016463,-0.05990000000000001,0.747695315674964,-0.21145000000000003,0.4591228944004979,0.5337442985488999,0.8802001398549377,0.9471774407456163
CEP20,0.28036,0.13718385619422857,0.1367875,0.6145459669007873,-0.28113749999999993,0.4358651325991091,0.4046164885887694,0.8133045273668978,0.9471774407456163
CEP85,0.46731,0.1693063817204739,0.407125,0.12533712166857822,-0.12262499999999998,0.7945467985388958,0.4433352491040573,0.34970604317405773,0.985768737086236
CES2,0.017030000000000024,0.8805619840555716,-0.1831222222222222,0.18409711926684466,-0.19706666666666667,0.3821830372632873,0.9459199667843764,0.44045385700813483,0.9471774407456163
CES3,0.12686999999999996,0.45036225675336417,0.16685555555555556,0.3849087977930802,0.006988888888888933,0.9777812803319899,0.7008285542062415,0.6534279208053846,0.994306177352909
CFC1,-0.13872,0.5636481864773233,0.47402500000000003,0.03365849908009156,0.5961,0.1319388257047328,0.787998119838153,0.158226454618601,0.9471774407456163
CHAC2,0.0267,0.9335832499721097,0.28267500000000007,0.14639886907166358,0.145075,0.737117437860396,0.9719587485535288,0.3849937234118431,0.9791756517678635
CIAPIN1,0.55456,0.06976052071290859,1.0797555555555556,0.003797964217213708,0.6172333333333335,0.12649832426513744,0.2970382751514861,0.08926735096139099,0.9471774407456163
CLEC6A,-0.040889999999999996,0.7843005710734369,0.20154999999999998,0.17811677900967154,0.33899999999999997,0.20108695646979222,0.9091161222172504,0.4330173453537094,0.9471774407456163
CLMP,0.03211000000000002,0.50001759270267,-0.008350000000000002,0.8930938226731715,-0.04046000000000001,0.41888767788845893,0.7378856948962345,0.9558869402600284,0.9471774407456163
CNPY4,0.5339599999999999,0.004288830555262491,0.553388888888889,0.023619906410771403,0.007411111111111134,0.9728970557421203,0.132455724147496,0.1324899433562284,0.994306177352909
CNTN2,-0.23569,0.06145820107917783,-0.34053000000000005,0.0008830612688863777,-0.10484000000000004,0.24979980200243065,0.2812526398296331,0.05453716944669346,0.9471774407456163
COX5B,0.50716,0.004996600088980106,0.4785555555555556,0.23335388368743354,-0.03626666666666657,0.9369030774236929,0.132455724147496,0.49716730259150094,0.9940568131447077
CPE,0.12823,0.1355836799021761,0.15021000000000004,0.5471557782005099,0.021979999999999996,0.9297733160063191,0.4033838561184319,0.7753329291246601,0.9940568131447077
CPVL,0.09785,0.43123836835712603,0.18334999999999996,0.19161188687988068,0.08549999999999999,0.621551496560182,0.6857963720367232,0.45072515904971133,0.9619401148472417
CPXM1,0.23201999999999998,0.06577326484010045,-0.007177777777777752,0.9852463241608539,-0.19498888888888885,0.6009576514009516,0.28944474925273095,0.9933609129665713,0.9619401148472417
CRACR2A,0.8072299999999999,0.044480831717297,1.0317625000000001,0.006151003418419233,0.10933750000000009,0.8418672969115746,0.24788089811044448,0.0949550061731043,0.9921602299275276
CREG1,0.04955999999999998,0.3254187294360469,-0.037999999999999985,0.7634650830919056,-0.08675555555555553,0.4119340165082397,0.6113044930198887,0.8895140035850067,0.9471774407456163
CRH,0.15303,0.444132457828574,0.830775,0.02167199711227403,0.6812125000000001,0.08051129976100928,0.697041218536512,0.12802510555170873,0.9151422335713614
CRISP2,0.022419999999999975,0.7707741221221004,0.01564999999999999,0.788183164915717,-0.006769999999999984,0.9175798953475051,0.9044109840540865,0.9035834412932154,0.9940568131447077
CRNN,0.0069500000000000395,0.9266714554344,0.04625,0.44317106441173015,0.03929999999999998,0.6342094621475551,0.9675055920633501,0.701495005499982,0.9619401148472417
CTSF,-0.23221000000000003,0.01614575414744947,-0.2119,0.08915598475489844,-0.005411111111111144,0.9698398400029536,0.18602441445179038,0.2819594006565034,0.994306177352909
CTSV,0.18952999999999998,0.05632348907307782,0.34042,2.4876976079971193e-05,0.15089000000000002,0.11315061707138863,0.27261682190560566,0.01485244556375714,0.9471774407456163
CXCL8__Oncology,0.11198999999999999,0.45684883634309925,0.07749999999999997,0.7711452643661683,-0.03449000000000001,0.9137629428350479,0.7047524970652924,0.8955038682639535,0.9940568131447077
DAB2,0.7625,0.019196772072512823,1.2955800000000002,0.006953860460697766,0.53308,0.2712086708297439,0.19557345994543107,0.09772900575722467,0.9471774407456163
DCBLD2,0.09629999999999998,0.18897663564352118,0.053944444444444434,0.5243006853167668,-0.017666666666666685,0.8852964400080648,0.4667829942431503,0.7637062039963614,0.9939549333965099
DCTN1,0.3012600000000001,0.2954079471325073,0.90838,0.01300200333595981,0.6071199999999998,0.12857136739217717,0.5826324126828532,0.10632861959021807,0.9471774407456163
DCTN2,0.6487,0.11484104443978613,1.176,0.008458275072395974,0.46934444444444456,0.5088752726663877,0.3760346551265135,0.09968436135564301,0.9519862693342023
DCXR,0.03918999999999996,0.6908588495515509,0.3164666666666667,0.008437194896643527,0.2944222222222222,0.10842609573636924,0.8707607464532202,0.09968436135564301,0.9471774407456163
DDAH1,0.11979000000000002,0.19034210659009998,-0.08337777777777777,0.4867600327485201,-0.22478888888888893,0.10103458304391881,0.46757952271046294,0.7322585643702776,0.9471774407456163
DDX58,-0.06547,0.6922260675276675,0.20742500000000003,0.10581060940631314,0.319225,0.22769827746122098,0.8708243453580186,0.3152855683932535,0.9471774407456163
DEFB4A_DEFB4B,0.4814,0.25443670240001753,0.5924333333333334,0.2732453591859722,0.16046666666666665,0.7579264208377356,0.5436618412009102,0.5450653695392506,0.9807934968107775
DKKL1,0.14438,0.07328001636528066,-0.033944444444444416,0.7329693317545581,-0.20487777777777774,0.15387618954632687,0.30280828140814986,0.8739707372950049,0.9471774407456163
DLL1,0.07456000000000002,0.374895242746375,0.04972222222222222,0.4306786165693631,0.009222222222222229,0.9026179882933723,0.6482885363089169,0.6914139085199341,0.9939549333965099
DNAJB1,0.11897000000000006,0.7774983724298082,0.8561333333333333,0.03330989272739424,0.7292555555555557,0.20887922014889765,0.9057955058732099,0.15730951365397344,0.9471774407456163
DPEP2,0.10805000000000002,0.1864815753296168,0.07191111111111098,0.6318258117247239,-0.019611111111111246,0.9288500705507118,0.46391436775479605,0.8213779081903835,0.9940568131447077
DPP6,-0.28813999999999995,0.03713482222532386,-0.3490555555555555,0.005454181024822461,-0.09972222222222224,0.517171955681955,0.24031301255066412,0.0949550061731043,0.9519862693342023
DPY30,0.15903,0.37766492001854146,0.26261999999999996,0.24780329498061718,0.10358999999999999,0.6922815831890284,0.6503983206415445,0.5137793837561427,0.9645754507407723
DRG2,0.29409,0.013845698389052813,0.3935444444444445,0.168295657045956,0.10623333333333333,0.73845862400049,0.17686374724798767,0.41804461000796117,0.9800993461384845
DSG3,-0.15207,0.04109136498554543,-0.08532000000000001,0.233154478714202,0.06675,0.22192737777137062,0.2466333628181511,0.4971029451831099,0.9471774407456163
DSG4,0.06359000000000001,0.4510507895689062,-0.043599999999999986,0.6835353041518872,-0.13199999999999998,0.2977280369702223,0.7011926086684551,0.8448632587024221,0.9471774407456163
DTX3,0.02322999999999998,0.7681197118887726,0.13956666666666667,0.16225008704865018,0.09378888888888891,0.22235503513237892,0.9044109840540865,0.40863287424143446,0.9471774407456163
EBI3_IL27,0.020310000000000005,0.7168531115501421,0.06343999999999998,0.3269708761263298,0.04312999999999999,0.5307731417290164,0.8815882970842686,0.6026602472140257,0.9519862693342023
EDA2R,0.04477,0.5581486022665892,0.037810000000000024,0.6561556466640541,-0.0069599999999999775,0.9387397275983522,0.7864942894288918,0.8367123654075482,0.9940568131447077
EGFL7,0.051469999999999974,0.7099075587721482,0.3526125,0.014641788410975319,0.22811250000000005,0.35057228054256595,0.879303713184052,0.11030147269601408,0.9471774407456163
ELOA,0.20335,0.04788780583130224,0.16714444444444446,0.44316610191740435,-0.06356666666666667,0.7690591148639865,0.2550762163141239,0.701495005499982,0.9812334329398464
ENTPD2,0.22096999999999997,0.0059133980820861385,0.163825,0.2684736708302451,-0.07855,0.6762508272426926,0.143583169960075,0.5384558530499906,0.9619401148472417
EPHA2,0.051880000000000016,0.5895553568747248,0.03941111111111111,0.6247123900702845,-0.06393333333333334,0.5316200218414129,0.8082658135781342,0.8163298356494793,0.9519862693342023
EPS8L2,-0.1243,0.05113637539881385,-0.08667999999999998,0.05325485385454698,0.03761999999999997,0.5305859561801772,0.2617398448113503,0.20506259583834738,0.9519862693342023
ERBB2,0.08177000000000001,0.20997754268293758,0.010411111111111118,0.85405325305035,-0.061833333333333323,0.34338227510336516,0.48767906751183454,0.9352249189198389,0.9471774407456163
ERBB4,0.02475,0.70212482117796,-0.00031111111111111384,0.996354166563352,-0.006400000000000001,0.9377225567800155,0.876313816746324,0.9981638582409792,0.9940568131447077
ERBIN,1.02654,0.008609109101011573,1.5836333333333332,0.008694445600455505,0.5228777777777778,0.3957126414712695,0.158084765867325,0.09968436135564301,0.9471774407456163
ERP44,0.2116,0.029884731522153415,0.07843333333333331,0.2911013670801287,-0.1347888888888889,0.24966775652296053,0.22032513802130166,0.564898161480461,0.9471774407456163
F3,-0.06974999999999999,0.33052023948011083,-0.08812,0.2776275306254522,-0.018370000000000032,0.8737014028860285,0.615379254494655,0.5489028835649923,0.9938501124438283
FAM3B,-0.031680000000000055,0.6929309519893538,0.031900000000000005,0.5883006997022779,0.06521111111111116,0.40326824057306154,0.8708243453580186,0.8016229101334497,0.9471774407456163
FCGR2B,0.6510800000000001,0.15270400853604477,0.5962000000000001,0.23971743729904993,-0.09496250000000014,0.9012516483110236,0.42167127950606154,0.5037619591627759,0.9939549333965099
FCRLB,-0.05074000000000001,0.6407986013902891,0.06076249999999999,0.7324633625322579,0.035187500000000003,0.8542072612789631,0.8412271183577612,0.8739707372950049,0.9938501124438283
FEN1,0.23896,0.04411157450387027,-0.24814999999999998,0.05076108851794891,-0.4762625,0.0120471039223169,0.24788089811044448,0.198788500348223,0.7865420294170457
FES,0.0021699999999999927,0.9893659232820735,0.12278750000000002,0.36174706219371366,0.1467,0.5009817476822065,0.9953432082097824,0.6360340327499286,0.9519862693342023
FGF21,0.14428000000000013,0.44483418439269184,-0.06498999999999988,0.7837193660946936,-0.20927,0.35888529283891135,0.697397456641264,0.9012005861394168,0.9471774407456163
FGF23,-0.11059000000000001,0.1308066363717463,0.1034,0.4766692193890779,0.21399000000000004,0.21838555850771346,0.3978364162294148,0.7263766424092899,0.9471774407456163
FGFBP1,0.15031,0.03163028950587669,0.034699999999999995,0.6144064325366938,-0.07982222222222222,0.035593080780573216,0.22434922053807554,0.8133045273668978,0.8415020014114034
FGFR2,0.12654,0.07250755518118955,-0.09943333333333333,0.2023980357666288,-0.23494444444444446,0.026445463797313416,0.3023315624601293,0.464204082031503,0.8143181893514128
FLI1,0.476,0.019840234714312375,0.10192500000000003,0.6570312173282618,-0.380075,0.22653595686902325,0.19692773510354647,0.8367393656308769,0.9471774407456163
FLT1,0.22141000000000002,0.007552346935919527,0.33367777777777774,0.03295935787190013,0.08373333333333335,0.49880286331548007,0.15736734253710333,0.15648322394451641,0.9519862693342023
FLT3,-0.10712999999999999,0.459734587674685,0.032125000000000015,0.8213605852055409,0.14087500000000003,0.36842743176605836,0.7056949940377348,0.9203498853294734,0.9471774407456163
FLT4,0.024670000000000004,0.7342277763295102,0.0501,0.5341763469899455,0.028133333333333344,0.7331981574627177,0.8899097403406183,0.7685651848464545,0.9787079448548227
FMR1,0.35629000000000005,0.022637452603451003,0.03431249999999998,0.8801197866448137,-0.3611875,0.28971567755042926,0.20252457753886477,0.9479601526838835,0.9471774407456163
FOLR1,0.12104,0.17010555290867277,0.035811111111111106,0.5677792364459497,-0.06837777777777777,0.2699587569545479,0.44397965395662714,0.7898355622306763,0.9471774407456163
FOLR3,0.14941000000000004,0.02849468375090014,0.026022222222222318,0.7857781882576514,-0.08741111111111108,0.2870430163361574,0.2180096336292813,0.9023793353717162,0.9471774407456163
FOXO3,-0.77087,0.34077306584252814,-0.6537875,0.31726662424618096,0.40823750000000003,0.5996246871386154,0.6226313852272063,0.5902891451095813,0.9619401148472417
FURIN,0.13879999999999998,0.24856575985951346,0.14205555555555552,0.14436044410905408,-0.003255555555555567,0.9787366863761571,0.5342254590104246,0.3824445309219124,0.994306177352909
FUS,-0.14267,0.1824603027537666,0.022925000000000015,0.8169250574001189,0.20106249999999998,0.243840146079815,0.45935592929782887,0.9192362384686134,0.9471774407456163
FXN,0.62615,0.05908241735553338,1.0879800000000002,0.013488800003923569,0.46182999999999996,0.3266342918629608,0.2768487116276827,0.10760499143849832,0.9471774407456163
GALNT10,0.044669999999999994,0.5797154588266201,0.026066666666666658,0.729913360414226,-0.04916666666666666,0.6620807867411573,0.8015077731918164,0.872768660544241,0.9619401148472417
GALNT2,-0.0034799999999999887,0.939586420389227,0.01167,0.8640630467094266,0.015149999999999983,0.8263017696822718,0.9747545561806318,0.93988050027112,0.9897676525572143
GALNT7,-0.09859000000000001,0.027779901937830722,0.10859999999999997,0.19728343283123215,0.21502222222222223,0.033782590993871556,0.21706690505232618,0.4574733430608998,0.8202748127272284
GCG,-0.5294500000000001,0.24390335536685817,-0.9894750000000001,0.07094943342137404,-0.45955,0.5405697522431754,0.5300207530087494,0.24391209314231782,0.9519862693342023
GCNT1,-0.25199000000000005,0.010652400454005336,-0.06253333333333336,0.6127584300560114,0.19747777777777775,0.07626676798738316,0.1607836095052678,0.8123638630844237,0.9151422335713614
GFAP,-0.07879000000000001,0.7077951829263669,-0.24574999999999997,0.44632841882167507,-0.21454999999999996,0.635303531820437,0.8781681788165819,0.7038716556618794,0.9619401148472417
GFER,0.4472600000000001,0.018464542767223438,0.5683875,0.0028360021323302485,0.10971249999999999,0.571187381691362,0.19374580946465164,0.0833217426478627,0.955309797887408
GFOD2,0.09944000000000007,0.35057040446156396,-0.035912499999999986,0.7393532066950883,-0.11143750000000002,0.5637902667516604,0.6299546472832263,0.876629394458089,0.9519862693342023
GFRA1,-0.04416000000000002,0.3761414869995716,-0.06636,0.31744617061713354,-0.022200000000000008,0.7368636349277001,0.6489158478007877,0.5902891451095813,0.9791756517678635
GFRA2,0.016499999999999994,0.8307543320912948,0.030488888888888913,0.7428263322815483,0.006533333333333354,0.9589536769795698,0.9267259592316025,0.8789463408148164,0.994306177352909
GH2,-0.005980000000000085,0.9801383673361708,0.5721625,0.07620720494164901,0.44846250000000015,0.36668231926708583,0.9909796279575184,0.2570571390569056,0.9471774407456163
GNE,0.04871999999999998,0.6874113318495392,0.46871250000000003,0.18774640255830763,0.31414999999999993,0.44189102272300596,0.8693992651631279,0.445196877091451,0.9471774407456163
GPA33,-0.10360999999999998,0.4366073297241778,0.07040000000000005,0.6746889527446802,0.19423333333333337,0.04738313907471509,0.6878028604448442,0.8442232296268614,0.9064257716854434
GPC1,0.018349999999999988,0.7068701547184391,0.015980000000000022,0.8340011243907749,-0.0023699999999999668,0.9649321910040034,0.8777618404745452,0.9263876383592047,0.994306177352909
GRPEL1,0.15603,0.16360141826735852,0.23516666666666663,0.05997205481595918,0.11215555555555554,0.48313440847581346,0.4353813105701987,0.22024737131161007,0.9471774407456163
GSAP,0.2878799999999999,0.010803127774745926,0.271675,0.18509485896908473,0.010262500000000008,0.9709879313965946,0.1607836095052678,0.4414031620545219,0.994306177352909
GSTA3,-0.31337000000000004,0.16723506114566553,0.08078749999999998,0.8073843841274911,0.46975,0.37466176783731914,0.4392511516345185,0.9123443540640651,0.9471774407456163
HAGH,-0.04298000000000002,0.5873836872025082,-0.02259000000000002,0.9125789746741159,0.02039,0.9129152647439956,0.8064174172901725,0.9654868662558705,0.9940568131447077
HAO1,-0.03024,0.718862404332899,0.052250000000000005,0.41876935016868144,0.08249000000000001,0.18754040728797788,0.8833198427143695,0.6827774340002191,0.9471774407456163
HAVCR1,0.06920000000000003,0.11048939467810898,0.02712,0.6246446204381808,-0.04208000000000003,0.42130868707203695,0.37072943160100397,0.8163298356494793,0.9471774407456163
HBEGF,0.22703000000000007,0.12051608062598933,0.12393000000000003,0.6956409102977842,-0.10310000000000001,0.7329448156334109,0.3811369697299856,0.8514328113524868,0.9787079448548227
HBQ1,-0.48352000000000006,0.07712447812941464,-0.24460999999999994,0.10131758989540982,0.23891,0.32892877549412897,0.30860783880246806,0.30717315181555777,0.9471774407456163
HDGF,0.19083,0.5890421944899015,0.23664999999999997,0.28121839654512104,0.04581999999999999,0.9156522339719446,0.8079392938428247,0.5530252001670453,0.9940568131447077
HGS,0.05009000000000004,0.8383061741628905,0.1208375,0.4360640421961589,0.11851249999999997,0.773497832092813,0.9284924568666677,0.6959023117720341,0.9812334329398464
HMBS,-0.9145599999999998,0.05015994693474628,-0.39076999999999995,0.1708713788226588,0.5237900000000001,0.21238203890556964,0.25991168270596926,0.41974925667305313,0.9471774407456163
HPGDS,-0.17127999999999996,0.18085391041550258,-0.013487499999999965,0.895674057930512,0.13001250000000003,0.4892324930305898,0.4564852137463458,0.9562101679505247,0.9495005289691986
HS3ST3B1,0.005690000000000003,0.9564442119240721,0.1900222222222222,0.16847899787611337,0.16535555555555556,0.23878819703222734,0.9825290540674559,0.41804461000796117,0.9471774407456163
HS6ST1,0.5679399999999999,0.0002009541194041974,0.7113100000000001,0.0021377803664379665,0.14337000000000005,0.42215404421825176,0.03107385277944905,0.0727519727864671,0.9471774407456163
HSPB6,-0.10871999999999997,0.05666724629900582,-0.17207,0.25099163553466103,-0.06335000000000005,0.6686511536880969,0.27337991728485894,0.5174831054040941,0.9619401148472417
HTRA2,0.39212,0.02892130272404082,0.5843777777777778,0.02059776085378118,0.23129999999999995,0.3638105645893864,0.2180096336292813,0.12581335007985261,0.9471774407456163
ICOSLG,0.042449999999999995,0.4992679463699943,-0.06841111111111112,0.5042741125586208,-0.1211666666666667,0.29190659422230975,0.7376858293634049,0.7487533194554231,0.9471774407456163
IDUA,0.09891000000000003,0.13758955493100739,0.030489999999999996,0.7729047672321838,-0.06842000000000002,0.5460751951590468,0.4046164885887694,0.8961303102321058,0.9519862693342023
IGF1R,-0.010079999999999993,0.8355400573171375,0.055111111111111125,0.48870429738887533,0.055666666666666656,0.5261532631514745,0.9279535625292399,0.7342477257924037,0.9519862693342023
IGSF3,-0.03238999999999999,0.5542231780364255,-0.20084444444444446,0.05568194080422858,-0.16774444444444445,0.023905990895812614,0.7832167855079452,0.2100045469612626,0.8143181893514128
IKZF2,-0.22901000000000002,0.14375224195026357,0.1557875,0.5427278252364034,0.508925,0.0992150915189963,0.40845656368459804,0.7750655887238835,0.9471774407456163
IL12A_IL12B,0.21145,0.0387143193059209,0.33478888888888886,0.05462544767147815,0.10357777777777775,0.5875848906848504,0.24303989342050342,0.20770697927745627,0.9614900340756152
IL13RA1,0.004829999999999992,0.8990076871968429,0.021655555555555546,0.7121198564795894,0.020733333333333333,0.6003492901389276,0.9557876334426334,0.8606368318951187,0.9619401148472417
IL6__Oncology,0.5085000000000001,0.008599896833080366,0.37861111111111106,0.039168089527157605,-0.13284444444444443,0.4164372231420783,0.158084765867325,0.1705860505958198,0.9471774407456163
INPP1,-0.04943999999999997,0.7751189049345146,0.3894777777777778,0.11735985412501349,0.4050555555555555,0.2680489756433708,0.905566967463549,0.33626289284731903,0.9471774407456163
INPPL1,0.62438,0.017131290394059667,1.0770111111111111,0.022846351322358224,0.45444444444444443,0.3353029113742587,0.18792396730917132,0.13083395964939196,0.9471774407456163
IQGAP2,0.5281999999999999,0.06442707121458002,0.885788888888889,0.022244681322597114,0.4264333333333334,0.3545002183359291,0.2858293238383517,0.12917053896370354,0.9471774407456163
ITGAV,-0.04597,0.19406919345191043,0.009360000000000007,0.805284820782005,0.05533000000000001,0.26801683543353116,0.470348551428178,0.9120766397291946,0.9471774407456163
ITGB1BP1,0.38167999999999996,0.17069731877748362,0.18103750000000002,0.5312546667236965,-0.12711249999999996,0.8097665706252175,0.4444547508246194,0.767742297368757,0.9879395392394905
ITGB5,0.45420000000000005,0.00034645774303370964,0.5912777777777778,0.007169290973931789,0.16273333333333329,0.3024864904869876,0.03509975341493238,0.09772900575722467,0.9471774407456163
ITGB7,-0.01995999999999997,0.7127759292761731,0.026179999999999974,0.7025896207681039,0.046139999999999945,0.5572324826418038,0.8796330121560565,0.8540373627706618,0.9519862693342023
KAZALD1,0.1721,0.001593161014442511,0.1741222222222222,0.1131802184031313,-0.007100000000000001,0.9388901168676915,0.09001359731600188,0.3272868914059053,0.9940568131447077
KDR,0.12517999999999999,0.008401548668934807,0.015733333333333335,0.7785528230216745,-0.0964111111111111,0.06433473989564696,0.158084765867325,0.8980715327984607,0.9131181923353178
KIFBP,0.8562800000000002,0.011109282753427286,1.0387444444444442,0.04551556960493018,0.16308888888888887,0.7760305587313608,0.1607836095052678,0.18755223492185816,0.9827708090374321
KIR2DL3,-0.044009999999999994,0.7281934284694611,0.08382500000000001,0.573472334252567,0.14878750000000002,0.3969630642962607,0.8882760281987466,0.7922747266565211,0.9471774407456163
KIR3DL1,0.060219999999999996,0.7992149005171176,0.25415,0.10812207268464818,0.12977500000000003,0.6457434272286429,0.9170689209537646,0.3189384031601369,0.9619401148472417
KLK1,0.07791000000000009,0.32523692140414373,0.04175555555555558,0.431738550321108,-0.02157777777777785,0.7583280920499126,0.6113044930198887,0.6914139085199341,0.9807934968107775
KLK10,0.32477,0.00030175884921117513,0.30193333333333333,0.008547640395809956,0.006477777777777767,0.9409751404167735,0.03509975341493238,0.09968436135564301,0.9940568131447077
KLK11,0.047830000000000004,0.5783355301626714,-0.09416666666666668,0.40754464266806656,-0.13031111111111113,0.15333033760063156,0.8007303428925205,0.6761606494750066,0.9471774407456163
KLK12,-0.015229999999999988,0.9417376385681304,0.406525,0.08279549465184735,0.480425,0.20347129910494732,0.9748462983536836,0.27118524335242755,0.9471774407456163
KLK13,0.17877999999999994,0.010305142244901335,0.19274444444444447,0.03878323161188073,0.007288888888888938,0.9425166143533028,0.1607836095052678,0.1705860505958198,0.9940568131447077
KLK14,0.09744,0.2428244086442032,0.16907,0.06415401853951261,0.07163,0.38040725871902614,0.529260817675071,0.23058168530236609,0.9471774407456163
KLK4,-0.0005099999999999439,0.9932424794127618,0.03912,0.42476967674687227,0.03962999999999994,0.39415312475843167,0.9967161633850612,0.6872099726224178,0.9471774407456163
KLK6,-0.13630000000000003,0.38535720364920834,-0.31679999999999997,0.0008026035851679022,-0.13146666666666665,0.36428479659260926,0.6555758334229149,0.05453716944669346,0.9471774407456163
KLK8,-0.05671,0.484012324297196,-0.18398888888888887,0.12467366828048414,-0.08767777777777776,0.297139260677504,0.7277524098184042,0.34832055253153016,0.9471774407456163
KRT18,0.0784,0.36332274984079904,0.19303333333333336,0.45974790238337904,0.16760000000000005,0.5645985474452468,0.640590207650842,0.7142989620319237,0.9519862693342023
L1CAM,0.007670000000000013,0.8862730405117574,-0.0030777777777777687,0.9604915433034342,-0.002966666666666673,0.9594231829851136,0.9487554263749989,0.9825641205520508,0.994306177352909
LAG3,0.07881999999999999,0.36802896393613227,-0.0009111111111111125,0.987095361758948,-0.0780222222222222,0.3361557350660822,0.6423376268951497,0.9938023440830098,0.9471774407456163
LAT2,1.07673,0.009261344151535685,1.4287999999999998,0.01696119293119988,0.30143333333333344,0.6166615213213376,0.16058218162856128,0.11670254058984836,0.9619401148472417
LEFTY2,0.07544000000000002,0.43719208289462796,0.11732000000000001,0.4399330273384522,0.04187999999999998,0.7943668193205312,0.6883549515243391,0.6987690261871067,0.985768737086236
LGALS7_LGALS7B,0.24253999999999998,0.029685618526774482,0.21291000000000002,0.13227785918792132,-0.029629999999999955,0.7911810787720417,0.2196885320696812,0.3605123843173588,0.985768737086236
LHB,0.42843,0.061400084076204064,0.4283125,0.018506153137584382,0.07297499999999996,0.8150584867591081,0.2812526398296331,0.1211858002896621,0.9888671293493415
LPCAT2,0.014290000000000008,0.8999760202055738,-0.14340000000000003,0.35648152684997336,-0.15521111111111116,0.3911705930086383,0.9558530380725592,0.6310648883505595,0.9471774407456163
LRIG1,0.05489999999999999,0.3435858570910063,0.04442,0.5371831146811508,-0.010480000000000017,0.878991392725515,0.6247929926113861,0.7717574527790811,0.9939549333965099
LRP1,0.0659,0.260687955996107,-0.0418111111111111,0.5382605314922241,-0.11802222222222222,0.03862691997895207,0.5506119444403755,0.7725498004514677,0.8597415977133422
LRRC25,0.07312999999999999,0.2274596060745524,-0.0013333333333333268,0.9897432466939711,-0.0552111111111111,0.6734096000421075,0.5116970311233039,0.9938023440830098,0.9619401148472417
LSM1,0.1587,0.3401785936430642,0.39537500000000003,0.11221703846018442,0.3768625,0.249595631348018,0.6226313852272063,0.32546264461601365,0.9471774407456163
LTA4H,0.06102999999999983,0.6858849576361472,0.12075000000000022,0.521834599140528,0.0597200000000004,0.7952772628133615,0.867842379644703,0.7633751010311027,0.985768737086236
LTBP3,0.13135000000000002,0.13565120825221605,0.1639875,0.2881321051493438,0.025974999999999956,0.9001123582785222,0.4033838561184319,0.5621063246538991,0.9939549333965099
LYAR,-0.04058,0.7725531010891165,0.02577500000000002,0.8434826052245861,0.11841250000000003,0.6295009063427126,0.9048339757407805,0.9302371975036914,0.9619401148472417
LYN,0.5224500000000001,0.017169683966257787,0.7660888888888889,0.03172204228724629,0.22230000000000003,0.4909984422283674,0.18792396730917132,0.1539133100035478,0.9500051193529192
LYPD3,0.055909999999999994,0.3812565750165221,-0.006666666666666648,0.9221528541795374,-0.03802222222222221,0.42669734544321836,0.6528565515007577,0.9695939683204332,0.9471774407456163
LYPD8,-0.06916000000000003,0.7592593654447187,0.17808749999999995,0.5071135349044129,0.1847375,0.5793290850107435,0.8994774256760418,0.7506859676097952,0.958195752801111
MAEA,-0.03652000000000001,0.8105643485510194,-0.14584999999999998,0.4137138025939008,-0.2318125,0.1775944750198818,0.9189964919173103,0.6783071590037001,0.9471774407456163
MAGED1,-0.37612,0.1740328867657209,-0.10640000000000008,0.6985649406478189,0.3438875,0.22709750454979943,0.4477889452645188,0.8526424992269838,0.9471774407456163
MANSC1,0.10268,0.14240229868392335,0.031888888888888904,0.5985798094454318,-0.038111111111111075,0.5103283315729845,0.4065869324911242,0.8054790084604008,0.9519862693342023
MAP3K5,1.06179,0.02262907568653688,1.0986875,0.04618739146530391,-0.1530125000000001,0.8258767808405514,0.20252457753886477,0.18899520351680066,0.9897676525572143
MAVS,0.9284799999999999,0.02336565837260131,1.1589,0.011610873475568537,0.15948750000000006,0.7980101009610916,0.20449843111752022,0.10380919666273121,0.985768737086236
MDK,0.36179999999999995,0.002469428842460641,0.4939666666666667,0.007355001380953513,0.17935555555555557,0.03192020560438741,0.10218566111477977,0.09822270026018828,0.818148604207796
MED18,0.48612,0.07835149153985864,0.651375,0.01818589103442246,0.07497499999999996,0.8285844120481827,0.3102381160971761,0.1200677479980521,0.9897676525572143
METAP2,0.4378,0.16451831661723473,0.8743399999999999,0.010512524730508054,0.43654000000000004,0.25577862672267454,0.4362408070590575,0.10042271686228481,0.9471774407456163
MIA,0.14221999999999999,0.02412420290417284,0.09084444444444446,0.30057004223943945,-0.0275555555555555,0.6767414709597428,0.20724242143994095,0.5739333039902071,0.9619401148472417
MME,-0.07880000000000001,0.4198138079470979,-0.005500000000000036,0.9392885764543979,0.0663111111111111,0.6192260291426057,0.6829529168043044,0.9741843881381597,0.9619401148472417
MMP12,0.04054999999999999,0.30054796976241405,0.058030000000000005,0.3843063444924847,0.017480000000000013,0.7986323087359045,0.5863279781952009,0.6534097454391898,0.985768737086236
MOG,-0.28724000000000005,0.03207441015954805,-0.51785,2.088360776815909e-05,-0.23061000000000004,0.05563192518762307,0.22490362064141334,0.01485244556375714,0.9064257716854434
MPI,0.19221000000000002,0.15764372408243763,0.6681,0.032327370413371304,0.4599111111111111,0.15090964736570142,0.4279367017677313,0.1554465045408918,0.9471774407456163
MSLN,-0.05125000000000002,0.43207305125202455,-0.12905555555555553,0.028788332933742312,-0.08061111111111112,0.3899553584504296,0.6857963720367232,0.14633239127912614,0.9471774407456163
MSRA,0.50078,0.010172111084800553,0.9390444444444443,0.00045211050194521617,0.4696444444444444,0.08885181532984547,0.1607836095052678,0.040323404432406965,0.936333047242807
MUC16,0.11309999999999984,0.9201025116461272,-2.1612,0.04496829744399119,-2.3082444444444445,0.1150667119921967,0.9644171170946563,0.18713435961819563,0.9471774407456163
MZT1,0.49092,0.0001173736221853169,0.481275,0.015203931727099263,-0.008025000000000039,0.954348776258519,0.022989580132030736,0.11308645927650035,0.9940859712453828
NAMPT,0.4301499999999999,0.15377715979920645,0.2283,0.2788246990163041,-0.12521249999999995,0.7798593240259855,0.42303117555249864,0.5505288748050413,0.9839089183419631
NBL1,0.01678,0.8024925196513981,-0.0572,0.42062277594231656,-0.07677777777777778,0.16931454433968726,0.9170689209537646,0.6842689455805793,0.9471774407456163
NCS1,0.020179999999999983,0.7764750593573466,0.06671999999999999,0.20286902309734628,0.04654,0.5065999972872968,0.9057955058732099,0.4649213649454005,0.9519862693342023
NDUFS6,0.45854000000000017,0.28138337177368966,0.433,0.13049892902659696,-0.1645625,0.7173510467436988,0.5705344004631472,0.3564286379772541,0.9740601361691527
NECTIN4,-0.08254000000000002,0.24104834326288707,-0.15258888888888886,0.0534588374561003,-0.030533333333333326,0.5765875302557888,0.5281133724879659,0.20530988816473553,0.9570494671275532
NELL1,0.17079,0.02116649753484732,0.11523333333333333,0.059590278516325895,-0.02280000000000003,0.6670349481685895,0.20240610399962805,0.21994502296603702,0.9619401148472417
NFKBIE,0.08417000000000001,0.5620188749407736,0.25435,0.3062986746312206,0.230875,0.44866371714631414,0.7870407314470891,0.5768625038887988,0.9471774407456163
NINJ1,-0.05799000000000001,0.6354120804017426,0.08892499999999998,0.542471717659759,0.17871249999999994,0.3616337968830375,0.8390037126258324,0.7750655887238835,0.9471774407456163
NPTN,0.12122000000000002,0.5291959104745714,-0.13372499999999998,0.602188264732646,-0.409625,0.2578231644819792,0.761772457116262,0.8074984581398967,0.9471774407456163
NPY,0.10119999999999996,0.6970746845916578,0.05332999999999997,0.75753318313752,-0.04787000000000001,0.8161662503021643,0.8737224502262331,0.8884760447337462,0.9888671293493415
NT5E,0.10881,0.08555947750386217,0.0673,0.3718586097143118,-0.026144444444444477,0.6341313683948886,0.3213950298926839,0.6441748793282123,0.9619401148472417
NTF4,0.009519999999999995,0.9351375192572216,0.20992499999999997,0.06327532355446021,0.1521125,0.4184769987206737,0.9726771989980159,0.2283492646133967,0.9471774407456163
NUCB2,0.36043000000000003,0.005163975022680921,0.51386,0.00358004956899497,0.15342999999999998,0.29652949200733436,0.132455724147496,0.08926735096139099,0.9471774407456163
NUDT2,0.11073,0.448070689329256,0.2589222222222223,0.13562558617256795,0.12474444444444449,0.2240001285310086,0.6992097789408488,0.3661838775951348,0.9471774407456163
OGFR,0.056260000000000046,0.6471558779516657,0.20702222222222222,0.07309140627907064,0.15914444444444442,0.1894117500136656,0.8451496270822554,0.24825728514209197,0.9471774407456163
OMG,-0.36876,0.18594119012170898,-1.1851333333333331,0.0016794180845503663,-0.8128333333333333,0.017556687334237882,0.4633547214398481,0.07198964174581236,0.8143181893514128
OPTC,-0.26212,0.027546498613400795,0.0618111111111111,0.7507751464159436,0.3040333333333333,0.24184651753875666,0.21706690505232618,0.882664017675087,0.9471774407456163
P4HB,0.22458,0.004865573619352247,0.30125555555555555,0.014490537180156807,0.07547777777777781,0.3504075149596813,0.132455724147496,0.11029325967694482,0.9471774407456163
PDCD1,-0.07611000000000001,0.21246175439288228,0.08839999999999999,0.15399766175479462,0.16451,0.09616628808555043,0.4903477096671549,0.39514858535859093,0.9443341999213253
PDCD1LG2,-0.08467,0.3603269135116005,0.006411111111111114,0.9404450272798379,0.07475555555555555,0.5504374546439492,0.6381196334521292,0.9741843881381597,0.9519862693342023
PDGFC,0.20741,0.17451271011840502,-0.05181250000000002,0.6642371361541736,-0.33206250000000004,0.08590439453972055,0.4477889452645188,0.8400898433150934,0.9293982399623588
PDP1,0.27898000000000006,0.04694392687100228,0.0662125,0.3515360382705268,-0.2599375,0.17431004794785593,0.25306652687523795,0.6283378170351361,0.9471774407456163
PFKFB2,0.38861999999999997,0.1110798187779883,0.5655444444444444,0.07714459640474852,0.17891111111111113,0.6114095078357373,0.3715236113337905,0.259029513413887,0.9619401148472417
PLA2G15,-0.021179999999999997,0.7845774007631102,-0.058544444444444434,0.5130458650302644,-0.021233333333333326,0.7165084500073473,0.9091161222172504,0.7563114658599682,0.9740601361691527
PLXDC1,0.03291000000000001,0.7759226218744428,0.15975,0.26621653943548207,0.17295,0.37411322534393293,0.9057054680441451,0.5357152005900317,0.9471774407456163
PODXL,-0.02684000000000001,0.7027254373527119,-0.0842,0.29384360249297325,-0.0503,0.6792458766239045,0.8766910127143386,0.5668909572386988,0.9619401148472417
PODXL2,0.06567,0.11857648367994028,0.04165555555555553,0.4759195271212977,-0.007277777777777815,0.9323634105656119,0.37826027041440236,0.7259873160344614,0.9940568131447077
POLR2F,-0.07245999999999998,0.27576059634253214,-0.027311111111111123,0.7216677793968702,0.03531111111111108,0.7162424556768394,0.5640127274393038,0.8670714491947276,0.9740601361691527
PPM1A,-0.022870000000000015,0.8357267278598941,-0.2182625,0.409716273237273,-0.17217500000000002,0.43835056053834554,0.9279535625292399,0.6779131380593543,0.9471774407456163
PPME1,0.1479,0.7585104216582164,0.9784333333333335,0.020825823216264486,0.8240777777777778,0.16455081241485464,0.8994774256760418,0.12619832834271547,0.9471774407456163
PPP1R12A,0.9276200000000001,0.0031717581686877623,1.3876666666666666,0.002055721310591683,0.5366777777777777,0.22507158634441357,0.12261349341585061,0.0727519727864671,0.9471774407456163
PPY,-0.26215,0.13745988770893736,-0.6025999999999999,0.00516052739820847,-0.3119444444444444,0.05400642329512766,0.4046164885887694,0.0949550061731043,0.9064257716854434
PQBP1,-0.09332,0.6707166259486219,0.14855,0.5240046169640484,0.08057500000000002,0.7729499121505087,0.8567675856682831,0.7637062039963614,0.9812334329398464
PRDX6,0.07019999999999997,0.7130003599665011,-0.02570999999999999,0.8299733458587598,-0.09590999999999997,0.6690536475454749,0.8796330121560565,0.924710538541159,0.9619401148472417
PRKRA,-0.13995000000000002,0.42297304610819153,0.16694999999999996,0.591419472145225,0.34221250000000003,0.3093905134748124,0.6846620519596706,0.8016229101334497,0.9471774407456163
PRTG,-0.05103,0.4648108212434835,-0.016450000000000013,0.7380129767831693,0.034579999999999986,0.6745774166855535,0.7091673845080952,0.8764276983787193,0.9619401148472417
PSMA1,-0.032760000000000025,0.8613399781586153,0.17967500000000003,0.2942274465323451,0.1943625,0.4042353916238382,0.9398840363485742,0.5668909572386988,0.9471774407456163
PSMD9,-0.45583000000000007,0.17545219981437016,-0.11469999999999997,0.49627534535367,0.38820000000000005,0.25696342688092083,0.44902313854932013,0.7407385990141426,0.9471774407456163
PSRC1,-0.018410000000000003,0.9044943282154321,0.17781249999999998,0.3817191964763131,0.1611125,0.45027055113072256,0.9580805560399103,0.6527887073617042,0.9471774407456163
RABEPK,0.29651999999999995,0.2433197271723963,-0.050687500000000024,0.8235654699072268,-0.45115,0.20864785855416512,0.5293749179715921,0.9214148326684815,0.9471774407456163
RAD23B,0.17922,0.20658826137887423,0.17886249999999998,0.1276465067424649,0.06272499999999999,0.5191814770228949,0.48515797982505404,0.35213656038437735,0.9519862693342023
RANGAP1,0.044009999999999994,0.7934706795185935,0.10762500000000001,0.2169467809301314,0.022412500000000002,0.9216093297371268,0.9134970611177042,0.47960093481770205,0.9940568131447077
RARRES1,0.12132000000000001,0.3364651471936628,-0.006787500000000002,0.9609932093263985,-0.16915000000000005,0.41947752303283214,0.6197709106300823,0.982735137139213,0.9471774407456163
RASSF2,0.08710000000000011,0.5356280507188717,-0.18705000000000005,0.3827692532778806,-0.3037750000000002,0.2843169577333248,0.7683961001035375,0.6530639176134804,0.9471774407456163
RBP2,0.15503,0.26192157340354233,0.3756777777777778,0.10924818114654308,0.2589222222222223,0.37060231804637617,0.5517909239287305,0.3206505057028407,0.9471774407456163
RBP5,0.17674,0.14040159176038403,0.23880000000000004,0.23683711671223573,0.0576,0.8053226147300288,0.40591406614067166,0.5016780453500711,0.986281592770344
RET,0.04733999999999997,0.17194551154041393,0.016077777777777733,0.8129015464634093,-0.036933333333333346,0.5483246022092776,0.4462684742983535,0.9164638309706432,0.9519862693342023
RILP,0.23993000000000003,0.5576378759830416,0.89664,0.037662981007219605,0.6567100000000001,0.2341619363938075,0.7861516696920231,0.16915077394888337,0.9471774407456163
RNF41,0.34265,0.14787201764922042,0.6432749999999999,0.024112561586356142,0.31008749999999985,0.440424541806802,0.4149679875688269,0.13359107511031038,0.9471774407456163
RP2,0.31975999999999993,0.04524766022105599,0.5251444444444444,0.016639603228161066,0.25403333333333333,0.16787327411342193,0.2489468646619148,0.11638591618464432,0.9471774407456163
RRM2,0.17210999999999999,0.13388624282205297,-0.028412499999999993,0.8526177919863118,-0.2299,0.33952250956841673,0.4012329863301722,0.9346701611182487,0.9471774407456163
RRM2B,0.00929000000000001,0.9596663870806379,0.2669875,0.2580051677994412,0.07102500000000002,0.8279012475714032,0.9841186196310345,0.5253078191231866,0.9897676525572143
RSPO3,0.12017,0.12547580027019628,0.20893,0.0017863310044764203,0.08875999999999999,0.3192408709351056,0.38845932686389534,0.07198964174581236,0.9471774407456163
RTBDN,-0.27205,0.04930417096552213,-0.5124777777777778,0.0024795658911813097,-0.2770444444444444,0.1862868365919564,0.2581595471999858,0.07833295256226545,0.9471774407456163
RTN4R,0.05344000000000002,0.31527795544576603,-0.03331,0.6211134861386742,-0.08675000000000002,0.31502154022742124,0.5998131769617194,0.8159957791399581,0.9471774407456163
RUVBL1,0.1329,0.4324779599874936,0.18109999999999998,0.19904252027802977,-0.06202500000000001,0.6885829408509199,0.6857963720367232,0.45949071036134215,0.9626164392654134
S100A12,0.13506,0.21564650530714075,-0.1955444444444444,0.6472265232703986,-0.31805555555555554,0.4421862581747673,0.49497306064012997,0.8314729793927986,0.9471774407456163
S100A4,0.13928000000000004,0.6471833975195083,0.7529888888888889,0.012414012184644985,0.6918666666666667,0.07536922662648614,0.8451496270822554,0.10425158837055143,0.9151422335713614
SCAMP3,0.82168,0.024408489812936182,1.2436555555555555,0.009398423449800243,0.39496666666666663,0.4264684285511098,0.2078612842620478,0.09968436135564301,0.9471774407456163
SCG2,0.05220000000000001,0.7062755319063287,-0.19807,0.0020023705697694476,-0.25027,0.09735843595811175,0.8777618404745452,0.07198964174581236,0.9443341999213253
SCLY,0.018800000000000008,0.739346483228402,0.06386000000000001,0.2942507521405771,0.04505999999999999,0.4776214979279635,0.8913418004616517,0.5668909572386988,0.9471774407456163
SCP2,0.10027999999999997,0.4519026763369218,-0.0393125,0.7407342258630933,-0.10185,0.5912739390919411,0.7016740357957001,0.8771774105545216,0.9619401148472417
SEMA4C,0.09228000000000001,0.3556281894758495,0.057955555555555566,0.696943618304859,-0.05333333333333332,0.7068190697507728,0.6328501639491495,0.852464758775885,0.972207128711503
SEPTIN9,0.05210999999999999,0.5043014534843648,0.1446,0.23723832854840157,0.07518888888888892,0.625019435686663,0.7411894298834737,0.5019012509333167,0.9619401148472417
SERPINA9,0.04667,0.45867431433342953,0.14864444444444447,0.14557954092277683,0.06750000000000003,0.4528228008395221,0.7053714014902628,0.3841636099062122,0.9471774407456163
SEZ6L,0.016549999999999995,0.8287081821526739,-0.08326666666666666,0.3745263621220216,-0.09337777777777777,0.34759703828822236,0.9258422409472198,0.6457502652080396,0.9471774407456163
SEZ6L2,0.03231,0.5669819709839561,-0.0389777777777778,0.6831461332089629,-0.08571111111111113,0.3972748371243169,0.791350608432714,0.8448632587024221,0.9471774407456163
SF3B4,0.5327599999999999,0.004180723341083646,0.5632555555555556,0.09120592795151519,0.04392222222222223,0.8973759678632346,0.132455724147496,0.28597973993762177,0.9939549333965099
SFTPA1,0.29825999999999997,0.19861980046860164,-0.052375000000000005,0.6774701924397624,-0.21828750000000002,0.2977206637909879,0.47706580021856265,0.8448002584323063,0.9471774407456163
SFTPA2,-0.03382999999999998,0.8198313057453198,0.07412500000000001,0.6086227857608906,0.07431249999999996,0.7534364566243942,0.9239218934713271,0.8096620063234375,0.9807934968107775
SH2B3,0.37469,0.05142833257854451,0.9300999999999999,0.011805141820436835,0.4992500000000001,0.29113081898332194,0.2627764193317631,0.10398219314744361,0.9471774407456163
SIAE,0.38485,0.007142289525024811,0.2985333333333333,0.28924123600937124,-0.06295555555555558,0.7488411822779104,0.15333869242085896,0.5634095524563141,0.9807934968107775
SIGLEC6,0.03935000000000001,0.3813380144903994,0.029709999999999997,0.5304147537030297,-0.009640000000000015,0.8756687964595276,0.6528565515007577,0.767742297368757,0.9939549333965099
SIGLEC9,0.05218999999999999,0.29128807714647764,0.02389,0.5712304337376665,-0.028299999999999985,0.6253055846752233,0.5797037768246098,0.7912215885111487,0.9619401148472417
SIRT2,0.37311999999999995,0.3555525531925122,1.1097222222222223,0.008787868876471674,0.7236666666666666,0.18939279967017886,0.6328501639491495,0.09968436135564301,0.9471774407456163
SLAMF6,0.14027999999999996,0.5286378401084717,0.181775,0.5191492282333791,0.16069999999999995,0.6566127813051907,0.7613421442346519,0.7626302162748338,0.9619401148472417
SLAMF8,0.018240000000000017,0.9192437809581497,-0.0676375,0.4739916729049083,-0.004375000000000004,0.9824601887479603,0.9638608952373462,0.7249284409133891,0.9952946896706719
SLITRK2,0.001930000000000004,0.9688036400442965,0.03112999999999999,0.6872524011090341,0.029199999999999983,0.6414120272945074,0.9854333601336062,0.846078895980009,0.9619401148472417
SMAD1,0.2634600000000001,0.2750106051041057,0.4339624999999999,0.10726084821258262,0.05993750000000003,0.8957329808546486,0.5640127274393038,0.3178937428327951,0.9939549333965099
SMAD5,0.23307000000000003,0.011775802709667032,0.2633888888888889,0.0039504681631155015,0.005800000000000021,0.9203446375459441,0.16229553232399993,0.08928843696673039,0.9940568131447077
SMOC1,0.33542,0.0002810270063240905,0.62393,0.00011311157062451482,0.28850999999999993,0.016470392904277695,0.03509975341493238,0.027693482874568714,0.8143181893514128
SNAP29,0.9856099999999998,0.005105317061765188,1.4459444444444445,0.003059978206634894,0.5877555555555556,0.15774746543647328,0.132455724147496,0.08644438433743576,0.9471774407456163
SORCS2,-0.040859999999999994,0.6620193701510388,-0.13140000000000002,0.3431010000586687,-0.1095125,0.5225028253440893,0.8534118446762307,0.6185319187346633,0.9519862693342023
SORD,0.03800999999999992,0.7637158091058687,0.23290999999999987,0.11049731316224186,0.19489999999999993,0.11593209462175506,0.9032999384674082,0.32328507695173414,0.9471774407456163
SPARC,0.19907,0.2850935016285219,0.08353333333333335,0.8769510347637086,-0.047300000000000036,0.9233277199669648,0.5744888256410132,0.9479601526838835,0.9940568131447077
SPINK6,-0.05195000000000003,0.7393421584090453,-0.36254000000000003,0.06502248198848855,-0.31059,0.21776857982299558,0.8913418004616517,0.2323768229427479,0.9471774407456163
SRC,1.3960700000000001,0.005520123923687939,1.9542555555555556,0.0037523143552933885,0.7134888888888891,0.21728989394711168,0.1362867570402955,0.08926735096139099,0.9471774407456163
SRP14,-0.00739000000000003,0.9695372606939703,0.1537222222222222,0.6377811516345093,0.1648,0.6086745896453005,0.9856403017020362,0.8246641921380339,0.9619401148472417
ST3GAL1,0.18683999999999998,0.011033204060256417,0.24990000000000004,0.011842545877391213,0.07794444444444446,0.48929332908759926,0.1607836095052678,0.10398219314744361,0.9495005289691986
STAT5B,-0.09348,0.7687399288792269,0.8454111111111111,0.048604365276888405,0.9829444444444443,0.14604955633191344,0.9044109840540865,0.19454989807016096,0.9471774407456163
STX16,0.50485,0.09602484135546768,0.6751499999999999,0.028535504914297998,0.15706250000000005,0.6681720715568029,0.3372902320259342,0.14536309350686408,0.9619401148472417
STX4,0.74455,0.01632216391857414,0.9732444444444445,0.010363100154611653,0.21493333333333334,0.5371329212413027,0.18732233434676104,0.10042271686228481,0.9519862693342023
STX6,0.71021,0.015119051443692145,0.67765,0.007185321497266907,0.049675000000000025,0.879980294395983,0.18170757096257206,0.09772900575722467,0.9939549333965099
STXBP3,-0.05201,0.4210163736647464,-0.12037500000000001,0.16426123897909606,-0.09877500000000002,0.20179842058083547,0.6837734139452873,0.4117743345738773,0.9471774407456163
SUGT1,0.74341,0.09991348343110319,0.8903749999999999,0.006227252978928274,-0.006649999999999989,0.9909608334703968,0.34644059518392983,0.0949550061731043,0.9979739900608579
TACC3,0.9592499999999999,0.015138986669288534,1.6280555555555556,0.007837557630398057,0.6069444444444447,0.3634376351586261,0.18170757096257206,0.09863113153934558,0.9471774407456163
TAFA5,-0.010830000000000001,0.8716226300195422,-0.14655555555555558,0.4720761275148423,-0.12634444444444448,0.5190363363826819,0.9421733947746191,0.7236691272628747,0.9519862693342023
TBC1D23,0.89968,0.014515466634832028,1.1916777777777778,0.01342070310414752,0.2563333333333335,0.6126991319826234,0.18070525836074788,0.10760499143849832,0.9619401148472417
TBL1X,0.5084599999999999,0.07313147679457402,0.8856125,0.049489334945133565,0.33263750000000003,0.504691617253983,0.30262011101754716,0.19648603522811137,0.9519862693342023
TEK,0.08813000000000001,0.11598996622383302,0.045644444444444446,0.29053838785554603,-0.02918888888888889,0.5244413238634018,0.3760346551265135,0.5641783103235917,0.9519862693342023
TFPI2,0.17320000000000002,0.0048629028946562194,0.11793333333333332,0.04678903091015003,-0.035644444444444444,0.42750486030914625,0.132455724147496,0.18990950360553993,0.9471774407456163
TGFBR2,0.04372000000000001,0.299680318174128,0.014244444444444452,0.8148794137931761,-0.023033333333333336,0.6555267989225426,0.5854127491991942,0.9176373007759108,0.9619401148472417
TJAP1,0.7586299999999999,0.020258989174870727,1.4521111111111114,0.0071282999848172645,0.773588888888889,0.12543268734383095,0.19946561812565053,0.09772900575722467,0.9471774407456163
TMPRSS15,0.030249999999999992,0.7435230009462137,-0.06581111111111113,0.5916470908456515,-0.10445555555555557,0.42869847630209545,0.892021833911982,0.8016229101334497,0.9471774407456163
TNF__Oncology,-0.07813000000000002,0.5099137347148646,0.12308750000000002,0.46570729068581074,0.19801250000000004,0.4293875750710222,0.7475657010454942,0.7187550254385117,0.9471774407456163
TNFRSF12A,0.039320000000000015,0.7242331821922354,-0.08493333333333333,0.28609383994676424,-0.1416888888888889,0.35448460887631567,0.886606840838113,0.5595495267385371,0.9471774407456163
TNFRSF19,0.025860000000000005,0.6279473379811771,0.0014400000000000107,0.9861890895491308,-0.024419999999999994,0.755169545063005,0.8346975310725804,0.9936294736266619,0.9807934968107775
TP53,0.5994300000000001,0.14494882563847522,0.1368375,0.6681111144197777,-0.30290000000000006,0.6804961525432134,0.4106650431300291,0.8418182513758283,0.9619401148472417
TPMT,0.08038,0.6698025071938236,0.294775,0.041093628878293174,0.2074375,0.34224306874646737,0.8560533710438442,0.17573609264650172,0.9471774407456163
TRIAP1,0.41454,0.04299862634748062,0.6616200000000001,0.00767157139890173,0.24708000000000005,0.265205347392678,0.24766451270971665,0.09851817447883943,0.9471774407456163
TXNDC15,0.046560000000000004,0.4273289508192696,-0.00581111111111111,0.9256137567936202,-0.04922222222222223,0.20911474093096577,0.6853124768051386,0.9708865467546077,0.9471774407456163
UBAC1,-0.13033,0.5520599340770418,-0.021211111111111108,0.8895849489162262,0.10876666666666662,0.5628248286738806,0.7824539115564162,0.9531730780145414,0.9519862693342023
USO1,0.8718999999999999,0.061945117671778974,0.8412666666666667,0.07708911868801516,-0.023655555555555517,0.9596361220675245,0.28140840602979,0.259029513413887,0.994306177352909
UXS1,0.20463999999999993,0.1533201949677342,0.06179999999999998,0.6640225848896617,-0.20229999999999998,0.31716356399732676,0.4226774518811597,0.8400898433150934,0.9471774407456163
VAT1,0.06938,0.34891246865386494,-0.0683888888888889,0.25904079061986296,-0.13798888888888888,0.013589163954552109,0.6288986704938989,0.5261298669009519,0.8143181893514128
VEGFC,0.28522,0.034355900923625546,0.28636666666666666,0.3867555918516058,0.022055555555555592,0.9436346627133008,0.23197075584132557,0.6550312634098713,0.9940568131447077
VMO1,0.57386,0.04398471196900919,-0.0245222222222222,0.8547645029373927,-0.6588555555555555,0.06636844645680963,0.24788089811044448,0.9353065585214374,0.9151422335713614
VNN2,0.13395999999999997,0.06601150834727458,-0.02328888888888889,0.9230921219415329,-0.1659777777777777,0.5228073894463691,0.28946539033476526,0.9696262618034407,0.9519862693342023
VPS37A,0.3798,0.15404866803208644,1.2496444444444446,0.017048031232654005,0.8336000000000001,0.13254351111091398,0.4233630483907353,0.11702597140546138,0.9471774407456163
VPS53,0.5613300000000001,0.029036531309258765,0.9176777777777778,0.010299756633273302,0.35287777777777785,0.35560721705126086,0.2180096336292813,0.10042271686228481,0.9471774407456163
VTCN1,0.06837,0.6426954842458065,0.24555000000000005,0.3574033607120782,0.20972500000000005,0.536079788332571,0.8429639878188301,0.6311507007126622,0.9519862693342023
VWA1,-0.08270999999999996,0.28844212298797633,-0.07321,0.4138076233108635,0.00949999999999998,0.9060320912419197,0.5785402703506215,0.6783071590037001,0.9939549333965099
WFDC12,0.02438999999999998,0.7840112471945194,-0.08184,0.6241822209710551,-0.10622999999999998,0.5469679849606127,0.9091161222172504,0.8163298356494793,0.9519862693342023
WFDC2,0.030920000000000003,0.6668126544414289,0.15341111111111105,0.08361016627796769,0.1640666666666667,0.03347229630648545,0.8534560473999564,0.27263781190307335,0.8195133879037854
WIF1,0.2783,0.0025237551180509587,0.32933,0.01569557889319687,0.05103,0.6804479000844739,0.10298322967824607,0.11399168176846225,0.9619401148472417
XCL1,0.09237999999999999,0.23836970241442537,0.17338,0.07852005909981702,0.08099999999999999,0.32871846138762584,0.5261684340297383,0.2609637258317448,0.9471774407456163
XPNPEP2,0.07342000000000005,0.17323774255771315,0.04524444444444445,0.40863027753636527,-0.021500000000000047,0.537819438177896,0.44765658317497314,0.6767507076673288,0.9519862693342023
YES1,0.9780300000000001,0.01434739026575072,1.4982,0.004532674759930732,0.48009999999999997,0.3547241568924999,0.18013945555887018,0.09312586324948594,0.9471774407456163
ZBTB16,0.51617,0.007222579993680091,0.5665125000000001,0.008265777009946611,0.030512500000000053,0.9033348002357842,0.15333869242085896,0.09968436135564301,0.9939549333965099
ACADM,0.26714999999999994,0.4060123745944187,-0.23794444444444446,0.18496746760250754,-0.27271428571428574,0.42488967076128037,0.6726333554443926,0.4414031620545219,0.9471774407456163
ACOT13,0.6166400000000001,0.03767474024291384,1.33834,0.02610042265132571,0.7217,0.23564649933605303,0.24063280371349866,0.1394237122719908,0.9471774407456163
ACRBP,0.030390000000000007,0.8402199287146204,-0.07325,0.5996662178691632,-0.10364,0.6328704815953613,0.9284924568666677,0.8055872647917702,0.9619401148472417
ADAM9,0.41963,0.0019485445829392916,0.06676000000000001,0.6318291601464489,-0.35287,0.0772986842131867,0.09384957351927277,0.8213779081903835,0.9151422335713614
ADGRE1,-0.0020899999999999643,0.9818498619905276,-0.15054000000000003,0.1491169645394184,-0.14845000000000003,0.16141714706140473,0.9919097202489922,0.38758141757025877,0.9471774407456163
AHSA1,0.18133000000000005,0.3326901932964934,0.044869999999999986,0.8978546979894133,-0.13646000000000008,0.773832678920426,0.6162949482377665,0.9581900118753709,0.9812345320104494
ALDH2,-0.14026,0.06407905797365258,0.07358,0.4120759638326764,0.21383999999999997,0.055399673283523264,0.2858293238383517,0.6780591774201841,0.9064257716854434
ALMS1,0.1616625,0.4694138778323099,-0.02067777777777777,0.9329546139048346,-0.24912857142857142,0.13876402743083083,0.7121296448043064,0.973634859793997,0.9471774407456163
AMOTL2,0.21833999999999998,0.053147891310482386,0.28204,0.011172002357728375,0.06369999999999999,0.6538344466166139,0.2671409703767263,0.10291824152316259,0.9619401148472417
ANKRA2,-0.31866000000000005,0.3714292263204668,0.8767444444444443,0.485966368416075,1.2252888888888889,0.32041038698455404,0.6456455478404588,0.7318665630938164,0.9471774407456163
AP1G2,0.6889000000000001,0.01693534865568228,0.7723000000000001,0.0042581727428005235,0.08339999999999999,0.7460313443158463,0.18792396730917132,0.09065588056773868,0.9807934968107775
AP3B1,0.9927300000000002,0.026632361273325418,1.09083,0.004609835979221832,0.09809999999999992,0.8647599661354625,0.21482755378190904,0.09387583957661252,0.9938501124438283
ARAF,0.45859999999999995,0.028191657657728266,-0.007033333333333373,0.9812786780926128,-0.9048999999999999,0.005973531358548237,0.2180096336292813,0.9903801979512528,0.73125979714228
ARF6,1.0690000000000002,0.013189980802660439,1.15184,0.030007346851376064,0.08284000000000007,0.8633402045476629,0.17300073034918023,0.14968356651807865,0.9938501124438283
ARG2,0.03999000000000001,0.7067905646386753,-0.27572,0.2893754304481205,-0.31571000000000005,0.2626835114657364,0.8777618404745452,0.5634095524563141,0.9471774407456163
ARHGAP30,-0.27849999999999997,0.03217306285051928,-0.1126888888888889,0.18508363378615889,0.2661142857142857,0.06500873071954169,0.22492231806111862,0.4414031620545219,0.9138547887751841
ARHGAP5,-0.20362,0.35968521373363804,0.12183333333333334,0.5893703230597184,0.32680000000000003,0.1368465341068337,0.6377451452876753,0.8016229101334497,0.9471774407456163
ATF4,-0.016149999999999977,0.9378832415061323,-0.20146666666666663,0.50330606151722,-0.05715555555555558,0.8887312903876365,0.9736752521360483,0.7483366440979718,0.9939549333965099
ATG16L1,0.56477,0.03555436569171239,1.04643,0.011769969543077297,0.4816599999999999,0.2819858580466545,0.23368842595581882,0.10398219314744361,0.9471774407456163
ATP1B4,0.0014699999999999934,0.9979499364356812,-0.7141555555555557,0.15381737842278917,-1.0192444444444446,0.018333431896071856,0.9989699874780346,0.39503099458579943,0.8143181893514128
ATRAID,0.11604,0.16603551130852512,0.014410000000000001,0.8723014021892151,-0.10162999999999997,0.3985440541184472,0.4379452232676869,0.9456074279954809,0.9471774407456163
BCL2,0.18673,0.16021334097453369,-0.09631000000000002,0.5161488827454666,-0.28304,0.14494330703758448,0.4302621533667093,0.7603129119451166,0.9471774407456163
BCL7A,0.32977,0.42705190643868807,-0.16363333333333335,0.721090070697047,-0.4295333333333333,0.5649517312558467,0.6853124768051386,0.8670714491947276,0.9519862693342023
BCL7B,0.40523,0.11496055246649614,-0.53842,0.032222578286668864,-0.9436499999999997,0.014350624716884442,0.3760346551265135,0.15529434690567046,0.8143181893514128
BEX3,0.07499000000000003,0.8608176236424544,-0.07548888888888886,0.7983974263311557,-0.20300000000000004,0.7531065282856992,0.9398298692907957,0.9086519109157278,0.9807934968107775
BRAP,0.62601,0.04363495349870174,1.12121,0.017096694643334017,0.4952,0.3574253855005478,0.24788089811044448,0.1170864542240451,0.9471774407456163
BRD1,0.30756249999999996,0.1315932731873757,-0.1562888888888889,0.44609146543616607,-0.6143999999999998,0.08568172200511649,0.39844177118123514,0.7038716556618794,0.9293982399623588
BSND,0.09808000000000001,0.6393622062042054,0.031044444444444447,0.8325663056271368,-0.04314444444444446,0.8879397327903185,0.8406522906676726,0.9261945497661976,0.9939549333965099
BTLA,-1.53586,0.20806639025853235,0.020099999999999982,0.9676364880598636,1.692566666666667,0.22697478794131745,0.48515797982505404,0.9855505561952468,0.9471774407456163
BTN1A1,0.16927000000000003,0.11554119882769161,-0.04715000000000001,0.6907502182998573,-0.21642,0.2564873835905983,0.3760346551265135,0.8478107380488457,0.9471774407456163
BTNL10,0.04905000000000006,0.8476863074612259,0.1808,0.24652174603293794,0.07674444444444438,0.79774358492434,0.9320742407638779,0.5129468058390734,0.985768737086236
C9orf40,-0.89772,0.09276582707367659,-0.29748,0.3687850167452287,0.60024,0.21459293892280407,0.3316495208313247,0.6414981522779644,0.9471774407456163
CA7,-0.1534375,0.521658240036287,0.048677777777777806,0.8527613544012103,0.37578571428571433,0.34376022723084343,0.7549910882889711,0.9346701611182487,0.9471774407456163
CAPN3,0.15384000000000003,0.09013250504258861,0.052439999999999966,0.6813405226298103,-0.10140000000000005,0.562251020099783,0.3296238050186684,0.8448632587024221,0.9519862693342023
CASP4,0.5422250000000001,0.03713236229697188,-0.40336666666666665,0.2799923873677036,-1.130842857142857,0.025964461079625623,0.24031301255066412,0.552014422937868,0.8143181893514128
CCDC134,0.33065,0.21200972416784256,0.13735,0.5164550044700946,-0.19329999999999997,0.6192878800891464,0.4900744056688603,0.7603129119451166,0.9619401148472417
CCND2,0.24296250000000003,0.6084300067300992,0.6046777777777778,0.05037090219580652,0.10729999999999995,0.8279941247264953,0.821873457004367,0.1981120624515121,0.9897676525572143
CD101,0.08688,0.017561602989198205,-0.025299999999999996,0.7037413010276581,-0.11217999999999999,0.14742019857126828,0.19009204996179166,0.8543768357104378,0.9471774407456163
CD3E,0.029812500000000006,0.8662505998622545,-0.16356666666666664,0.1456631250631451,-0.22242857142857136,0.4442319400635497,0.9415628051776928,0.3841636099062122,0.9471774407456163
CD82,-0.18835,0.4251220523251412,0.0768777777777778,0.6668221698187271,0.32631428571428567,0.4394854704344431,0.6853124768051386,0.8411865757524346,0.9471774407456163
CD86,0.11941000000000002,0.21400009935226533,-0.06334,0.24814599916608798,-0.18275000000000002,0.07181539455631832,0.4931233661936906,0.5137793837561427,0.9151422335713614
CDC123,0.23914999999999997,0.3986231046216814,-0.5519333333333333,0.11946054718939557,-0.7852666666666666,0.1637575536092063,0.6692312465019999,0.3390530971187419,0.9471774407456163
CDC25A,-0.11904,0.6515369884530446,0.021688888888888883,0.9160737156813635,0.1833444444444445,0.6914580115365899,0.8484998546431938,0.9664002070634994,0.96416878874917
CDC26,0.12325999999999997,0.5728449448115088,0.55289,0.023583718393925427,0.42963000000000007,0.027427659027008985,0.7953773383063388,0.1324899433562284,0.8143181893514128
CDC42BPB,0.8727599999999999,0.0193993054066819,1.33698,0.01017402802008522,0.4642200000000001,0.41301127450609953,0.19557345994543107,0.10042271686228481,0.9471774407456163
CDH22,0.1504875,0.36092295902152965,-0.04952222222222221,0.8553333190413396,-0.4988,0.13739618146991137,0.6384055711049091,0.9355805254443245,0.9471774407456163
CDK1,-0.16271999999999992,0.7044147887665924,-0.42961111111111117,0.10968788086189867,0.008411111111111072,0.9835629896541291,0.8777618404745452,0.32161975446333163,0.9952946896706719
CEACAM16,0.10786000000000003,0.07311266193516465,0.04097000000000002,0.5458700725069823,-0.06688999999999998,0.1966287354863698,0.30262011101754716,0.7753329291246601,0.9471774407456163
CEACAM18,0.41771250000000004,0.04644700032608453,-0.3388222222222222,0.058070685923120695,-0.7807857142857142,0.025349218880750986,0.2524872122798022,0.21536352833130887,0.8143181893514128
CEACAM19,0.52098,0.030514900305680628,0.14891000000000004,0.5605786344949637,-0.37207,0.3197156141850103,0.2219128145992319,0.7850238456368939,0.9471774407456163
CEACAM20,-0.24818749999999998,0.4568097884176694,-0.18637777777777778,0.5491973701352377,-0.33197142857142864,0.33776572191582344,0.7047524970652924,0.7766336611095297,0.9471774407456163
CENPF,-0.04365000000000005,0.9260287610142678,0.5441,0.12201546740083069,0.44184285714285726,0.48587689402496714,0.9672511726289355,0.3440320952242232,0.9471774407456163
CENPJ,0.5151,0.17996193352777354,0.5023111111111112,0.18850501069598988,0.011157142857142865,0.9849243469907971,0.455979290793896,0.4458607851829612,0.9952946896706719
CEP152,0.30263000000000007,0.10136171437076746,-0.2546444444444444,0.35658284304294136,-0.5494555555555556,0.12004128556245139,0.3491494819778795,0.6310648883505595,0.9471774407456163
CEP290,0.370075,0.06166831756811032,0.2441888888888889,0.18349502204739307,-0.2671285714285715,0.49041609421920085,0.28140840602979,0.44002396624388834,0.9500051193529192
CEP350,-0.55675,0.0737876987308974,-0.20604444444444436,0.5891372449297465,0.20233333333333337,0.7216273091087446,0.3041153980954954,0.8016229101334497,0.9762572927931781
CETN3,0.5009300000000001,0.00920439817110897,0.7494799999999999,0.01367074547809461,0.24855,0.4248563911109924,0.16058218162856128,0.10780471071221395,0.9471774407456163
CHCHD6,0.19029999999999997,0.04581098855218401,-0.041400000000000006,0.6841149395687754,-0.23169999999999996,0.1704040495349709,0.25123981953796715,0.8448632587024221,0.9471774407456163
CINP,0.18823750000000006,0.4687925765498385,-0.19995555555555555,0.36946297380076454,-0.6174571428571429,0.1706511156881105,0.7117894521464732,0.6421446769804656,0.9471774407456163
CIRBP,1.0091499999999998,0.007053292463352729,1.34146,0.003867543220113945,0.3323100000000001,0.5233890288040307,0.15333869242085896,0.08928843696673039,0.9519862693342023
CLASP1,0.5609400000000001,0.16337655477244825,0.047711111111111086,0.7998742756640934,-0.6365777777777778,0.1770343002843163,0.4351770788045811,0.9094545750391279,0.9471774407456163
CLINT1,-0.12425000000000001,0.6238383084248494,-0.27191111111111116,0.10557869933360871,-0.1000222222222222,0.724566175121605,0.831973195711397,0.3149726972505046,0.9762572927931781
CMIP,0.6132199999999999,0.09277254931184666,0.88796,0.048520893212717665,0.2747400000000001,0.6006061824335103,0.3316495208313247,0.19454989807016096,0.9619401148472417
COL24A1,0.22736000000000006,0.5523517401524871,0.33371000000000006,0.6092228907029352,0.10635000000000012,0.8997169721967189,0.7824539115564162,0.8096620063234375,0.9939549333965099
COL4A4,0.2850125000000001,0.8816876016659823,-0.8988222222222224,0.22063339510136717,-0.8487714285714285,0.6607022541404793,0.9463622057091784,0.4819486355448451,0.9619401148472417
COL9A2,-0.23298750000000001,0.5008315143711728,-0.2851111111111111,0.303285094826905,-0.2351857142857142,0.6816414616744884,0.7386761994088884,0.5756129252833632,0.9619401148472417
COMMD9,-0.16161,0.43641850064213394,-0.10206000000000001,0.5431790494154105,0.05954999999999998,0.7349292935410394,0.6878028604448442,0.7750655887238835,0.9789483843667411
CPLX2,0.02283000000000001,0.9121614386589456,-0.2609666666666667,0.1766369557189158,-0.39359999999999995,0.07719218730721579,0.9605484970537571,0.430671681246618,0.9151422335713614
CREB3,-0.06721999999999999,0.8126093630779041,0.15762222222222227,0.5222271165602933,0.37377777777777776,0.330826318729939,0.9203725168553902,0.7633751010311027,0.9471774407456163
CREBZF,0.17839000000000002,0.3446334023596014,-0.3743222222222222,0.06176506177326001,-0.5628,0.10641061163648965,0.6247929926113861,0.22514361227027035,0.9471774407456163
CTAG1A_CTAG1B,-0.5277,0.1611025583135735,-0.27667777777777774,0.0809515860804388,0.22654285714285716,0.6150156944141212,0.4304231445036629,0.2666320178299655,0.9619401148472417
CWC15,0.06998999999999997,0.30363220929382684,-0.055990000000000005,0.6380906565085449,-0.12598,0.24726067431002696,0.5892237650859379,0.8246641921380339,0.9471774407456163
CYB5A,-0.39896000000000004,0.07941925984279236,-0.13591111111111118,0.6867077136127139,0.244211111111111,0.5628372850019296,0.31273216757642663,0.846078895980009,0.9519862693342023
CYB5R2,0.09588999999999999,0.15620463850864982,0.09182000000000001,0.4494092320095441,-0.004069999999999968,0.9732223102364657,0.4273084059016883,0.7056997988476967,0.994306177352909
CYTH3,-0.10312000000000002,0.7355801132134447,0.1261666666666667,0.6787703028607239,0.21918888888888896,0.6402562761334285,0.8901046283234555,0.8448002584323063,0.9619401148472417
DCDC2C,0.8363399999999999,0.14162112037856792,0.22316666666666668,0.48360942937164675,-0.6206999999999998,0.3893369649568589,0.40591406614067166,0.7301359216309857,0.9471774407456163
DCLRE1C,0.028589999999999983,0.9087743070085671,0.3539111111111111,0.3906885623673656,0.38871111111111106,0.36474851423173826,0.958699789583903,0.6585444614086748,0.9471774407456163
DCUN1D2,0.08830000000000002,0.8027029508219792,-0.22503333333333334,0.5210990282220568,-0.6303111111111112,0.12447630390552489,0.9170689209537646,0.7633751010311027,0.9471774407456163
DDX1,0.40508999999999995,0.1847398894257168,0.0679,0.7832161638617554,-0.33719,0.5032165657381927,0.4620039827509192,0.9012005861394168,0.9519862693342023
DHPS,0.13302000000000003,0.23191762723335338,-0.19982000000000003,0.3415624015195409,-0.3328400000000001,0.15432725863018695,0.5154114892674676,0.6175448219473301,0.9471774407456163
DNAJA1,0.31133,0.2920223246087211,-0.22825555555555554,0.411077418209023,-0.5265111111111112,0.14577011415239044,0.5797037768246098,0.6780591774201841,0.9471774407456163
DNAJB14,0.6103600000000001,0.017467990997956328,0.62945,0.013384511784704805,0.019089999999999996,0.9500544883204115,0.190077620562947,0.10760499143849832,0.9940568131447077
DNAJC9,-0.12977000000000005,0.7327006368425759,0.32979,0.13748256616132598,0.4595599999999999,0.2436614283760498,0.8891674808110236,0.36955515039522024,0.9471774407456163
DNM1,0.9300200000000001,0.0018436008208214858,0.81609,0.0313595441762117,-0.11392999999999995,0.7980462834578099,0.09372185786824531,0.1525402993207119,0.985768737086236
DTNB,0.4441699999999999,0.05163666482692621,0.053099999999999994,0.7021384879499938,-0.39107,0.12538090448471395,0.2628296993355811,0.8538422506610438,0.9471774407456163
DUSP13,0.10426000000000002,0.41314415369965285,-0.18406,0.05202376688869747,-0.28831999999999997,0.050936034606729706,0.6773535287776674,0.20190994335402002,0.9064257716854434
DUT,0.4123799999999999,0.07191678947222685,1.0873,0.004735073008434624,0.67492,0.0994322104613245,0.30141444717461124,0.09387583957661252,0.9471774407456163
DYNC1H1,0.10794,0.49113726453693507,0.018429999999999995,0.8823980361771373,-0.08950999999999998,0.6776818680159736,0.7324676564515306,0.9485859605885216,0.9619401148472417
DYNLT3,0.41868999999999995,0.014004009692951765,0.22978,0.020010198228359977,-0.18891,0.3066431591626189,0.17795102772492322,0.12457787341508601,0.9471774407456163
EDDM3B,-0.015400000000000047,0.8923145672524624,-0.12192,0.4753455208655841,-0.10651999999999995,0.5700708875807717,0.9526236186728687,0.7259873160344614,0.9546950080840595
EFCAB14,0.16997,0.014476170146969463,-6.000000000002115e-05,0.9995347960539984,-0.17003000000000004,0.027381782371206406,0.18070525836074788,0.9995347960539983,0.8143181893514128
EFCAB2,0.31413749999999996,0.10195113017532914,-0.05765555555555557,0.7305688868171869,-0.5804571428571429,0.02447950880220527,0.3502377321587501,0.8728797842492457,0.8143181893514128
EGFLAM,0.15372999999999998,0.08302049102722955,0.15111000000000002,0.07961909438967003,-0.002619999999999986,0.9625194693018397,0.3167716917376629,0.26401907372105027,0.994306177352909
EIF2AK2,0.79055,0.04275038646263982,1.40831,0.005449275527442447,0.6177599999999999,0.2509887652462994,0.2472453453292043,0.0949550061731043,0.9471774407456163
ENDOU,0.27581,0.02480779718288586,0.17174,0.2242409812086099,-0.10407,0.34519619946025304,0.21065117954716372,0.48777265018452015,0.9471774407456163
ENOPH1,0.24067000000000002,0.023697255948539102,-0.046329999999999996,0.7754685279850002,-0.28700000000000003,0.07553158344740318,0.20591960527563152,0.8973322312800042,0.9151422335713614
ENSA,0.36634,0.2652254131333728,0.012520000000000014,0.9635250894758327,-0.3538200000000001,0.37497879531824585,0.5547837750973323,0.9832708276762753,0.9471774407456163
EPGN,0.24476,0.004521439200851078,0.058730000000000004,0.5503918699272536,-0.18603,0.10369770995018532,0.132455724147496,0.7774285162722457,0.9471774407456163
EPN1,0.6069374999999999,0.020299598304822843,-0.2768555555555555,0.280927735535181,-0.8435571428571428,0.03134249709563618,0.19946561812565053,0.5528236349647434,0.818148604207796
ERCC1,0.08297000000000002,0.7481823824922135,-0.27957777777777776,0.20831723568049568,-0.34244444444444444,0.43703138966010824,0.8937681928979407,0.4686340263624015,0.9471774407456163
ERI1,0.14893749999999994,0.4920994756166498,-0.14723333333333333,0.397085317513841,-0.2930142857142857,0.34938018373219987,0.7331583465323109,0.6646299973075186,0.9471774407456163
ERN1,0.09223999999999996,0.4994067782858449,0.21481,0.07098190593488146,0.12257000000000003,0.28396235771764816,0.7376858293634049,0.24391209314231782,0.9471774407456163
ESPL1,0.14129000000000003,0.7047033013567361,0.1178333333333333,0.591508258660313,0.007055555555555494,0.9883203805983876,0.8777618404745452,0.8016229101334497,0.9971446697108732
EVI2B,0.013060000000000006,0.9078493249948822,-0.2627777777777778,0.22429572852256185,-0.24751111111111113,0.28691700462077235,0.9584424708657584,0.48777265018452015,0.9471774407456163
EVPL,0.12242499999999999,0.5445416159572826,-0.28734444444444446,0.3046811473219918,-0.690242857142857,0.07120546712550055,0.7755032805053301,0.5756129252833632,0.9151422335713614
FAM13A,0.5980599999999999,0.05588655430843719,0.99664,0.023795558688417776,0.39857999999999993,0.40220338142170253,0.27116204941000754,0.13291131449918522,0.9471774407456163
FAM171B,0.006200000000000011,0.9417199551019573,-0.12489999999999997,0.4237519414624117,-0.1311,0.3796538973936322,0.9748462983536836,0.6867785638096908,0.9471774407456163
FAM3D,0.027479999999999987,0.709071934426653,0.059230000000000005,0.6126743556568539,0.03175000000000002,0.7487877474933881,0.8790098495128719,0.8123638630844237,0.9807934968107775
FGF7,-0.03579999999999999,0.8697306713928039,0.1939,0.394320507236828,0.12247777777777775,0.6452774589528798,0.9421733947746191,0.6620078001496004,0.9619401148472417
FGF9,0.6318299999999999,0.3162029674666743,0.2918666666666667,0.3570326253773445,-0.3455999999999999,0.6292807333774829,0.6009083560265778,0.6311443161002636,0.9619401148472417
FKBPL,0.14821000000000004,0.379135646288675,0.13860999999999998,0.5314832339554132,-0.009600000000000063,0.971960845272166,0.6514038180094311,0.767742297368757,0.994306177352909
FNTA,0.34936,0.0073366448486197455,-0.28964,0.2118907752995471,-0.639,0.008965043898296256,0.1539647326088915,0.47341072078332275,0.7865420294170457
FOS,-0.25522999999999996,0.3189957697852202,-0.010666666666666639,0.9083228163817407,0.24051111111111112,0.39265286224596696,0.6045935860013507,0.9630647544314523,0.9471774407456163
FUT1,0.18555000000000002,0.3545519181349653,0.15631111111111112,0.5871258331018185,0.2754714285714285,0.4876478122592629,0.6325688412166488,0.8008243721695185,0.9488140876938506
GABARAP,0.35508,0.46513463238498964,-0.13609999999999997,0.4626974760068432,-0.4911800000000001,0.42077657062051577,0.7091673845080952,0.7168067436885659,0.9471774407456163
GABARAPL1,0.20115000000000002,0.3535449368211198,0.030022222222222245,0.8673300458832311,-0.17129999999999998,0.5652038205747172,0.6325472943952005,0.9416909367350086,0.9519862693342023
GAD1,-0.005559999999999976,0.9659169578156203,-0.5745444444444444,0.00881898614576339,-0.6085222222222222,0.012963876995855383,0.9844602464838874,0.09968436135564301,0.8054741543349357
GADD45B,-0.008237500000000023,0.9683303853633736,-0.3225,0.01751675097309057,-0.3963714285714285,0.05964288662767773,0.9854333601336062,0.1171652532369276,0.9064257716854434
GAGE2A,-0.19950000000000004,0.2054142594591431,-0.2709111111111111,0.27278044276865054,-0.0635333333333333,0.8388843033144688,0.4847446540489658,0.544819130424402,0.9911725684990748
GAS2,-0.08377499999999999,0.6359636718916708,-0.007088888888888879,0.9634213968196566,-0.11087142857142858,0.678728170775582,0.8390037126258324,0.9832708276762753,0.9619401148472417
GATA3,-0.16692,0.4970089288355951,-0.13512222222222225,0.5658361664952178,-0.025288888888888878,0.9467752056175711,0.7367367471841466,0.78890334830139,0.9940568131447077
GIMAP8,-0.013979999999999992,0.9377289783023441,-0.10327777777777777,0.5953121805808907,-0.04323333333333333,0.8761435180025776,0.9736752521360483,0.8036975489613204,0.9939549333965099
GIPC3,1.07684,0.009290476848971253,1.27444,0.018520226116425554,0.19760000000000008,0.7258076602991261,0.16058218162856128,0.1211858002896621,0.9762572927931781
GJA8,0.20217999999999994,0.42563055393218385,-0.3925111111111111,0.2524930352115732,-0.6066999999999998,0.2689760985982721,0.6853124768051386,0.5192018942088013,0.9471774407456163
GLIPR1,0.37851,0.04942054123924366,0.22020999999999996,0.20116811422785255,-0.1583,0.390628693005759,0.2581595471999858,0.4625856801340591,0.9471774407456163
GLYR1,0.04159000000000001,0.748964360420262,-0.13786,0.24806734900981414,-0.17945,0.3536329747455964,0.8937681928979407,0.5137793837561427,0.9471774407456163
GORASP2,0.11918,0.39258692332039136,0.19629,0.14854247313669441,0.07710999999999998,0.7078509475622503,0.6640301558522221,0.387238496961498,0.9722609088068683
GPD1,-0.04009999999999998,0.8148854330595359,0.32337,0.11742877061312093,0.36346999999999996,0.22315754313824002,0.9219347890305949,0.33626289284731903,0.9471774407456163
GPHA2,0.06305000000000001,0.1828113847547895,-0.05286999999999999,0.501067672309018,-0.11591999999999998,0.2896927211240697,0.45984576062463317,0.7453857322753898,0.9471774407456163
GPIHBP1,0.17883999999999997,0.4482215738637072,0.13359999999999997,0.679553074076621,-0.045240000000000016,0.92682797442183,0.6992097789408488,0.8448002584323063,0.9940568131447077
GPR15L,0.1383,0.5265002587238063,-0.28642,0.2534105321026209,-0.42471999999999993,0.06615003094535087,0.7593803437066976,0.5199163011993716,0.9151422335713614
GPRC5C,0.05614,0.5888441865765426,0.1403,0.2056622423823263,0.08415999999999997,0.5736750310970535,0.8079392938428247,0.46592392007129474,0.956703010770281
GRSF1,0.2908,0.032454475885724275,0.2927666666666667,0.3366258092943903,0.04952222222222234,0.8713911340248324,0.22551429244478374,0.6127018191016623,0.9938501124438283
GTF2IRD1,0.1163124999999999,0.17737440563831658,-0.16872222222222227,0.11860915039068651,-0.32244285714285714,0.11411586307605912,0.45236632271299837,0.3383239649008126,0.9471774407456163
GUCY2C,0.12817499999999998,0.06767820319289677,-0.016777777777777794,0.9471880928026691,-0.049071428571428606,0.8751760146908398,0.2928987635334172,0.9767773312229701,0.9939549333965099
H2AP,-0.14667999999999995,0.6319390985203641,-0.08072222222222224,0.7603196874427909,0.2505111111111111,0.5399861670438089,0.8363230051589323,0.8894141355095471,0.9519862693342023
HDDC2,0.035809999999999995,0.737763436263321,0.09307000000000001,0.4119766102735938,0.05726000000000002,0.5221998778420813,0.8912376032863418,0.6780591774201841,0.9519862693342023
HMMR,0.16609999999999997,0.432370529069093,0.014922222222222233,0.958851937388554,-0.11580000000000003,0.7817585582868876,0.6857963720367232,0.9820120105327369,0.9839089183419631
HRAS,-0.08592500000000002,0.6066372048930204,-0.07592222222222222,0.47636183707791724,0.00847142857142859,0.967482284065352,0.8205801602098038,0.7262849389387238,0.994306177352909
HSPA2,-0.0011800000000000254,0.9938248991985975,-0.22052999999999998,0.1080153154673167,-0.21935,0.05879234977618318,0.9967161633850612,0.3189384031601369,0.9064257716854434
ID4,0.05040000000000003,0.7345238666868616,-0.29232222222222215,0.11058594361351015,-0.23497142857142858,0.33476785413513976,0.8899097403406183,0.32328507695173414,0.9471774407456163
IDO1__Oncology_II,-0.07125000000000001,0.5331836505568757,-0.21106999999999995,0.1622355958024051,-0.13981999999999994,0.34054413754408114,0.7662221323431996,0.40863287424143446,0.9471774407456163
IFI30,0.13360999999999998,0.13677326488009006,0.03550000000000001,0.7625551707024141,-0.09810999999999996,0.40496340676596265,0.40412510007265057,0.8894677399596037,0.9471774407456163
IFIT1,-0.0783875,0.7924413847971201,-0.13265555555555555,0.28806742660420803,0.11198571428571422,0.6570968186938511,0.913374966078438,0.5621063246538991,0.9619401148472417
IFIT3,0.1504625,0.24086255589232944,0.2231888888888889,0.0281462963504853,-0.08022857142857144,0.5216830717452778,0.5281133724879659,0.14507687487320317,0.9519862693342023
IFNAR1,0.03827,0.5804600421652404,-0.07110000000000001,0.2577018745535605,-0.10937000000000001,0.1400404335628623,0.8015104464845281,0.5250541660460198,0.9471774407456163
IGLON5,-0.23789000000000002,0.42663335343650366,-0.28395555555555557,0.2348710778930289,0.007788888888888895,0.9865135407707755,0.6853124768051386,0.4989524416845401,0.9956636148349496
IL22,0.01688999999999999,0.8240468209039479,0.048419999999999984,0.7345233813101775,0.031530000000000016,0.7701655718313475,0.9258422409472198,0.8745988882986528,0.9812334329398464
IL25,-0.15558999999999995,0.4034930932972989,-0.15636666666666665,0.3439975318635365,0.07915555555555555,0.6355620581948749,0.6712699366406931,0.6196485136306028,0.9619401148472417
IL2RG,0.41590000000000005,0.021896673843316183,-0.2987,0.12428547016000828,-0.7146,0.012009514576552634,0.20240610399962805,0.347762582219147,0.7865420294170457
IL3,-0.2676,0.4593414529264954,-1.0404777777777778,0.3684684778106048,-0.915588888888889,0.4929012054317061,0.7054601090946386,0.6413272439618228,0.9502255522036434
IL9,0.18710000000000002,0.2007685022922747,-0.02994444444444448,0.894222353845081,-0.25131428571428577,0.5292011217379222,0.4789275200524941,0.9559909621853429,0.9519862693342023
IMMT,0.36522000000000004,0.009370755309750484,0.25739,0.14966994744890413,-0.10782999999999995,0.533407564074551,0.16058218162856128,0.38845433357321585,0.9519862693342023
INSL4,-0.12488999999999999,0.40542005834389605,-0.20401999999999995,0.0713471223168132,-0.07913000000000002,0.7024429318198906,0.6725715027749105,0.24452076688989455,0.9701503587453412
INSL5,-0.022910000000000007,0.8082078214137984,-0.29335,0.10101278219726821,-0.27044,0.25493498255126573,0.9189964919173103,0.306586316214436,0.9471774407456163
IST1,0.8305399999999998,0.043160051227833535,0.93621,0.026836329752529205,0.10567000000000004,0.8390218440630357,0.24766451270971665,0.14129952833858567,0.9911725684990748
ITGAX,0.397675,0.32095974995260607,0.6183666666666666,0.4828540491269073,0.004457142857142874,0.9961626384095356,0.6061362548123523,0.730121048036466,0.9982011704117378
ITIH5,-0.08258999999999997,0.8260012633861358,-0.24269000000000002,0.4946218132628316,-0.16009999999999996,0.7858763829468149,0.9258422409472198,0.7399179670907328,0.9839089183419631
IZUMO1,0.05746000000000001,0.6732002282249724,0.00981111111111111,0.9592833458914074,-0.01801111111111107,0.9359287415161504,0.8588199177268645,0.9820120105327369,0.9940568131447077
JMJD1C,0.15876000000000007,0.626961603459872,-0.4693777777777778,0.06984693199746068,-0.7100111111111111,0.1875384774682305,0.834165405165568,0.24126952914339825,0.9471774407456163
JPT2,0.32763000000000003,0.18029692384877916,0.73313,0.0034841712506420296,0.40549999999999997,0.19766930513558442,0.455979290793896,0.08926735096139099,0.9471774407456163
KAZN,0.7048599999999999,0.03061920248240586,1.14209,0.01351471812144516,0.4372299999999999,0.4017191744389925,0.22212152319335413,0.10760499143849832,0.9471774407456163
KHDC3L,-0.37482999999999994,0.05774818645466187,-0.014255555555555514,0.9354661167053022,0.3706666666666667,0.24496588442888062,0.2740939770659072,0.9738702899475299,0.9471774407456163
KIAA1549,0.8355,0.3186625431598634,1.0295444444444444,0.3281161956328433,0.2995000000000001,0.8706846003869023,0.6044096525524072,0.6037813068603246,0.9938501124438283
KIAA1549L,-0.29495000000000005,0.5244028515359385,-0.725111111111111,0.1490056452982129,-0.8079428571428571,0.24042457517427607,0.7570985640356694,0.38758141757025877,0.9471774407456163
KIAA2013,0.02018000000000001,0.8690767589970869,0.10039999999999996,0.28202815178714885,0.08022,0.6177260633284397,0.9421733947746191,0.5535061522716388,0.9619401148472417
KIR2DL2,0.14988999999999997,0.42869049376590995,-0.02946000000000002,0.911673834941922,-0.17934999999999998,0.6490924957043354,0.6857963720367232,0.9654868662558705,0.9619401148472417
KIR2DS4,0.17048000000000002,0.33750555565149076,0.05328000000000001,0.6500389746822057,-0.11720000000000001,0.41953983100292924,0.6205202268486106,0.8333445459475443,0.9471774407456163
KIR3DL2,-0.15102,0.2806541213603234,0.22597777777777775,0.12653158703104553,0.39317777777777774,0.12234700167320706,0.5702363821276835,0.3506177561960084,0.9471774407456163
KLK15,0.36361999999999994,0.010360420326820616,-0.04657,0.7765832768159902,-0.41019000000000005,0.059267955531804646,0.1607836095052678,0.8975988358260614,0.9064257716854434
LACRT,0.12674999999999997,0.371608788767262,-0.14188,0.42711064928358267,-0.26863000000000004,0.12891568208841817,0.6456455478404588,0.6882218936927745,0.9471774407456163
LAMTOR5,0.17936,0.17440587111763356,-0.07544000000000002,0.5446800317725142,-0.2548,0.08201078908063353,0.4477889452645188,0.7753329291246601,0.9151422335713614
LARP1,0.20605,0.32049780899422126,0.26259,0.5659341191883438,0.05653999999999998,0.8932927246668234,0.6059347251126268,0.78890334830139,0.9939549333965099
LMNB1,-0.09735999999999997,0.595472224312468,0.05938000000000001,0.8505297201252962,0.15674,0.6504971913000783,0.8122086327901723,0.9334539849563392,0.9619401148472417
LMOD1__Oncology_II,0.11925000000000001,0.3097497693421374,-0.007929999999999993,0.9726243176423469,-0.12718000000000002,0.5547213743458308,0.5951760483874278,0.9877794065405268,0.9519862693342023
LRRC37A2,0.17125,0.0048807475343308265,-0.17127999999999996,0.11187072500660807,-0.34252999999999995,0.00451399655552068,0.132455724147496,0.32477884394210915,0.7204244661560001
LRRFIP1,0.21926,0.3231459227771927,0.3301299999999999,0.0019496585876893503,0.11087000000000002,0.6654392185377183,0.6093727349931913,0.07198964174581236,0.9619401148472417
LSM8,0.0398125,0.7916247834841132,0.00674444444444443,0.9406256564973465,-0.07232857142857142,0.7721432038683784,0.9130239298497979,0.9741843881381597,0.9812334329398464
LTB,-0.10085000000000002,0.5178185689083816,0.25102,0.08346702142244078,0.35187,0.07143702830857282,0.7524149812210584,0.27263781190307335,0.9151422335713614
LUZP2,0.11635,0.2794211096257806,-0.37941,0.0017300212441851421,-0.4957600000000001,0.008357247382988405,0.5689114484272649,0.07198964174581236,0.7865420294170457
LYZL2,0.07246999999999999,0.47580982297473107,0.08580000000000003,0.6363293014445544,0.022333333333333354,0.9289987838065941,0.7176228233571663,0.8239468874588367,0.9940568131447077
MAGEA3,-0.18917499999999998,0.8373576894282948,0.6137555555555556,0.20895158517147983,0.058971428571428515,0.9337925967431643,0.9283610911472944,0.46920109244424096,0.9940568131447077
MAMDC4,0.08700000000000001,0.2324460261491696,-0.03252000000000001,0.46204536874460167,-0.11952,0.15765594721108217,0.5157970151296452,0.7165222419741685,0.9471774407456163
MANEAL,-0.18265,0.3349381848336438,-0.02116666666666673,0.9513310295744521,0.10614444444444435,0.7635214012169657,0.6188983566297142,0.9789879386654082,0.9812023557990273
MAP2K1,0.5256900000000001,0.08132307304824916,0.6537599999999999,0.020954195324335352,0.1280699999999999,0.7392577690606676,0.3148740765901557,0.12641360546796152,0.9800993461384845
MAPK13,-0.09310999999999993,0.7528361131069443,-1.0114444444444444,0.04679866596678383,-0.8324666666666667,0.14571003826391413,0.8962044166564839,0.18990950360553993,0.9471774407456163
MAPKAPK2,0.5367375,0.03784824029223253,0.46733333333333327,0.13010252466525254,-0.43482857142857145,0.21187291998701552,0.24063280371349866,0.35590429931705025,0.9471774407456163
MAPRE3,0.14509,0.4208128392848849,-0.2985777777777778,0.056099964959621045,-0.5790222222222222,0.029765317985904247,0.6837734139452873,0.21103930480328636,0.8144499300897541
MCTS1,-0.023920000000000007,0.7727122005219939,0.05933000000000001,0.5796467762209523,0.08325000000000002,0.495850827537057,0.9048339757407805,0.7938553680563715,0.9519862693342023
MEP1A,-0.04135999999999999,0.6476496232706191,-0.07033999999999999,0.4619909044103223,-0.028980000000000006,0.8217408114453324,0.8453107921675163,0.7165222419741685,0.9897676525572143
MINDY1,0.9120999999999999,0.04139299877060524,1.24631,0.0065709247763202855,0.33420999999999995,0.4840665064006473,0.2466909277241592,0.09557117323182673,0.9471774407456163
MLLT1,0.03139000000000003,0.9015210239955962,0.0305888888888889,0.9331319113972698,-0.011088888888888851,0.9793152786605585,0.9558530380725592,0.973634859793997,0.994306177352909
MNAT1,0.38593749999999993,0.11423872728615558,-0.14738888888888887,0.42856986041496126,-0.49647142857142856,0.26853915997605343,0.3760346551265135,0.6895609254650362,0.9471774407456163
MORF4L1,0.3675875,0.08168032587746454,-0.10101111111111111,0.5316347362912359,-0.5691571428571428,0.13813211177767878,0.3148740765901557,0.767742297368757,0.9471774407456163
MORF4L2,-0.0024400000000000034,0.978390504075472,0.3984333333333333,0.005424968014755735,0.4039111111111111,0.04289228673884968,0.9905276709075592,0.0949550061731043,0.893741407366953
MORN4,0.40745999999999993,0.0304304128421371,0.10655555555555571,0.4585791030179879,-0.34582222222222214,0.026407333832258687,0.2219128145992319,0.7136151507769324,0.8143181893514128
MPRIP,0.37205,0.1378427773914379,0.49214,0.02117453189796829,0.12009000000000006,0.6841281972980886,0.4046164885887694,0.12680709219590458,0.9619401148472417
MRPL52,-0.007890000000000017,0.9511130996079924,0.23628888888888888,0.01460963422201977,0.2523333333333333,0.19314405551867614,0.9791066176062655,0.11030147269601408,0.9471774407456163
MTHFSD,0.7475375000000001,0.06452278516261642,0.18335555555555547,0.37448131067510826,-0.7537571428571432,0.06835682991152782,0.2858293238383517,0.6457502652080396,0.9151422335713614
MTIF3,0.6247199999999999,0.02774834543384372,1.22138,0.01910540417286262,0.59666,0.2678603330932996,0.21706690505232618,0.12149713735902679,0.9471774407456163
MTSS1,0.6521,0.046377309677196485,1.05468,0.014456807713257965,0.4025800000000002,0.45811023693091923,0.2524872122798022,0.11029325967694482,0.9471774407456163
MTSS2,0.5416099999999999,0.11927785561075026,0.6562699999999999,0.055946634351388955,0.11465999999999996,0.8471217550081072,0.37974187132671705,0.21073232272356504,0.9921602299275276
MTUS1,0.25735,0.36759315410342125,0.32768888888888886,0.00646392145494243,0.09731428571428571,0.7325085433394813,0.6423376268951497,0.0949550061731043,0.9786767168401074
MUCL3,-0.017899999999999965,0.874148445630671,0.25869999999999993,0.07187962972840707,0.2941,0.07513869354898034,0.9431161755865928,0.24556087458379067,0.9151422335713614
MYH7B,0.08470999999999997,0.8281168265268016,0.05836666666666665,0.7776536029340555,-0.038899999999999976,0.9330370831529041,0.9258422409472198,0.8977392084166032,0.9940568131447077
NACC1,0.3019,0.035160058465668824,0.46434999999999993,0.12296280816081427,0.16244999999999993,0.5765798148151501,0.23362760166379812,0.34570787595834673,0.9570494671275532
NAP1L4,0.3848600000000001,0.31261740781401887,0.8693299999999999,0.033758425470689225,0.48446999999999996,0.35694311027507875,0.5983517551515227,0.158226454618601,0.9471774407456163
NCR3LG1,0.27297,0.0019394123600876172,0.05197999999999996,0.4487993463060199,-0.22099000000000002,0.020399973305377576,0.09384957351927277,0.7051189729663565,0.8143181893514128
NDST1,0.17303,0.33150528175031174,-0.23902,0.191488847666612,-0.41204999999999997,0.03496609563283788,0.6160814582788928,0.45072515904971133,0.8415020014114034
NDUFB7,0.67693,0.0015546994536752025,1.0121499999999999,0.0014064213312903952,0.33521999999999996,0.29590188152907787,0.08956288225289696,0.06830305115159337,0.9471774407456163
NEK7,0.04093749999999999,0.5584576262460592,-0.0539,0.62818619809876,-0.17189999999999997,0.13187159966814874,0.7865524956428197,0.8193866752624165,0.9471774407456163
NENF,-0.021110000000000007,0.9292698862538362,-0.033230000000000016,0.8445268909204378,-0.012119999999999975,0.9743745499925368,0.9691852771791873,0.9304738797651969,0.994306177352909
NFKB2,0.2172125,0.22860196500702293,-0.11398888888888889,0.28926284492345794,-0.3306,0.14741360271995554,0.5121577500587178,0.5634095524563141,0.9471774407456163
NFU1,0.5129399999999998,0.12662783117826185,1.2468599999999999,0.033829613553043814,0.73392,0.22885475402786692,0.391201438487627,0.158226454618601,0.9471774407456163
NMI,0.15701000000000004,0.6243681963446663,0.6515200000000001,0.02118741652890406,0.49451,0.1401580037885501,0.8323020693560026,0.12680709219590458,0.9471774407456163
NMRK2,-0.11231,0.1707928569370304,-0.042755555555555574,0.8234100715655969,0.0488222222222222,0.8121589065004531,0.4444547508246194,0.9214148326684815,0.9879395392394905
NUBP1,0.005119999999999991,0.9796630211340405,0.24175,0.4956837700381642,0.23662999999999998,0.5485803842785634,0.9909796279575184,0.7406007473266119,0.9519862693342023
NUDT16,0.5400499999999999,0.03564761528880558,0.6319799999999999,0.0160913366559304,0.09193,0.7238224129550437,0.23377833419310443,0.11430549446691722,0.9762572927931781
OFD1,-0.05662499999999999,0.7339279851615731,-0.0007000000000000154,0.9964651450717468,0.14932857142857145,0.6439766694842024,0.8899097403406183,0.9981638582409792,0.9619401148472417
OGA,0.34317,0.08326563885484355,0.45108,0.026812172745699185,0.10791000000000003,0.7266034019406651,0.31688616812810627,0.14129952833858567,0.9762572927931781
OGT,0.38955,0.23261778252102783,0.16981111111111108,0.5750848899203935,-0.39234285714285716,0.4371150484088365,0.5157970151296452,0.7928828940840469,0.9471774407456163
OTUD6B,0.35688,0.07023588335673563,0.5599700000000001,0.10535300444662735,0.20309,0.6002280182391425,0.2978125574274227,0.3148800885698791,0.9619401148472417
PAFAH2,0.0679,0.7684898704808569,-0.05532222222222219,0.757354500883161,0.059614285714285745,0.8649446588645493,0.9044109840540865,0.8884760447337462,0.9938501124438283
PAIP2B,-0.04205000000000001,0.8354389098766173,-0.1371333333333333,0.5058674866940631,0.01594444444444441,0.9623164119369727,0.9279535625292399,0.7496235789607865,0.994306177352909
PALM,-0.00742999999999999,0.9310379818112497,-0.20901,0.004678425298257638,-0.20158,0.016914980915459264,0.9704945256078928,0.09387583957661252,0.8143181893514128
PARD3,0.24829999999999994,0.3954474545743871,-0.27279999999999993,0.42580814026881275,-0.7836428571428572,0.050384339858912525,0.6677152997353731,0.687375997862512,0.9064257716854434
PBK,-0.08064000000000002,0.639041142508703,0.1267666666666667,0.5751003016838792,0.2732333333333334,0.327587740109962,0.8406522906676726,0.7928828940840469,0.9471774407456163
PBXIP1,-0.13282999999999998,0.22839171139981168,0.05270000000000001,0.5594658507167498,0.18553000000000003,0.11741795013627211,0.5121577500587178,0.7845874316972844,0.9471774407456163
PCDH7,0.03299999999999999,0.6064359644351331,-0.0435,0.5918039796049872,-0.07649999999999998,0.3876664063592966,0.8205801602098038,0.8016229101334497,0.9471774407456163
PCDH9,0.13648,0.21655746689452876,-0.04993,0.5183870558832895,-0.18641,0.12620181339230274,0.4957633052387242,0.7622728579505027,0.9471774407456163
PCDHB15,0.13334,0.17641958951425252,-0.33127999999999996,0.010640433946845782,-0.46462000000000003,0.01913477666553755,0.45071369912423814,0.10042271686228481,0.8143181893514128
PCNA,-0.09256,0.4750280953486692,0.19673333333333332,0.34316100324625637,0.27275555555555564,0.3667029387470311,0.7171801357319579,0.6185319187346633,0.9471774407456163
PCSK7,-0.03641,0.7745537337545711,0.12882,0.4169525899960602,0.16523,0.4847896826831939,0.9055467050421527,0.6813163011170328,0.9471774407456163
PCYT2,0.12097999999999998,0.593548537553229,0.39239,0.20477199136657012,0.27141000000000004,0.4103254598712798,0.8115082360526047,0.46592392007129474,0.9471774407456163
PDCL2,0.04792000000000002,0.7843820717689454,0.08657777777777777,0.6615843330099238,0.05111111111111109,0.8354310448743765,0.9091161222172504,0.8389014977916082,0.9911725684990748
PDE1C,-0.16498999999999997,0.37057801792224576,0.02992222222222222,0.7119498759156502,0.12749999999999997,0.4845226095069156,0.6451445017097125,0.8606368318951187,0.9471774407456163
PDIA2,0.40854999999999997,0.1882627551945623,0.37512222222222225,0.37834465164407705,0.0363555555555555,0.9513866993889624,0.4663709736607285,0.6500931983361813,0.9940568131447077
PDIA5,-0.014750000000000008,0.953182013921373,0.0928777777777778,0.7672177352958174,0.10992222222222227,0.8474885241820431,0.9805492846291995,0.8930608978998064,0.9921602299275276
PDXDC1,-0.09286,0.6188440466196294,-0.31747777777777775,0.1904954492940548,-0.14386666666666667,0.4684522069777308,0.8286988415917573,0.44917787321503444,0.9471774407456163
PFDN4,-0.10103999999999994,0.620363706253914,0.11533333333333334,0.5116566126857764,0.3443,0.05899389414347043,0.8292213689599633,0.7550211592520397,0.9064257716854434
PHLDB1,0.39444,0.1833318443291939,0.41845,0.3770469212490152,0.02400999999999991,0.962462454669772,0.4603666313155313,0.6489536348152353,0.994306177352909
PHLDB2,-0.08134999999999999,0.6932805118422074,0.08727777777777777,0.6911186921807302,0.26648888888888883,0.31197643489789795,0.8708243453580186,0.8478107380488457,0.9471774407456163
PITHD1,-0.05116999999999999,0.7094326794684411,-0.2686666666666666,0.5611370653896703,-0.26,0.5461774521401466,0.8790861291768367,0.7850574752927864,0.9519862693342023
PKN3,0.13491249999999996,0.5042746274834786,0.6601555555555555,0.06697765778496956,0.4117142857142858,0.4204561302076122,0.7411894298834737,0.23583338445085156,0.9471774407456163
PPIE,0.3136625,0.04050625814752684,0.08435555555555554,0.7686882943729162,-0.5082428571428572,0.22114591674343498,0.24588302982940882,0.8938921056034864,0.9471774407456163
PPP1CC,0.41752,0.01674918853000794,0.45092999999999994,0.017483446947871403,0.03340999999999998,0.8622839688669138,0.18792396730917132,0.1171652532369276,0.9938501124438283
PPP1R12B,0.1899375,0.5223315680892939,-0.016866666666666696,0.9227313599128425,-0.06358571428571434,0.8659064734029669,0.755221529058241,0.9695939683204332,0.9938501124438283
PPP2R5A,0.3830699999999999,0.13342357086376996,0.89456,0.07030115551611532,0.51149,0.35213594112919533,0.4012329863301722,0.2424234681999376,0.9471774407456163
PRAME,-0.0625,0.7888990142628594,0.14524444444444443,0.5567712638973422,0.21733333333333332,0.6056269891064692,0.9117959496082929,0.7826765422633453,0.9619401148472417
PRC1,0.038160000000000006,0.8125548675136515,-0.30821000000000004,0.054691901603996396,-0.34637,0.1411164621314844,0.9203725168553902,0.20770697927745627,0.9471774407456163
PRUNE2,-0.023537499999999982,0.8760258826330196,-0.26171111111111117,0.3312534837587981,-0.5224714285714286,0.11047978064431402,0.9431161755865928,0.6069167648419677,0.9471774407456163
PSAPL1,0.16768000000000002,0.05537632095031253,-0.05188000000000004,0.7340474015743979,-0.21956000000000006,0.0796861263104027,0.27070820457906525,0.8745463365067239,0.9151422335713614
PSCA,0.30194999999999994,0.011990320965189157,-0.12603,0.22838269497878647,-0.42797999999999997,0.005499129909263113,0.16309056942465622,0.49235069347019844,0.73125979714228
PSMC3,-0.07949999999999999,0.7311398014745174,0.2344666666666667,0.37981394386425915,0.18151111111111115,0.5261450846297258,0.8883949555376521,0.6502875099494133,0.9519862693342023
PTPRH,0.28773,0.0003399783569023529,-0.05294,0.6950018756809091,-0.34067000000000003,0.03939716338450342,0.03509975341493238,0.8511527764695752,0.8680938280451621
PTPRK,0.08254999999999997,0.4079348728217679,-0.012910000000000022,0.8654091052596009,-0.09546,0.44700530020317697,0.6743621376289951,0.9406481506669284,0.9471774407456163
PTTG1,0.25837499999999997,0.4017743196326324,-0.07492222222222224,0.8428899713284242,-0.7064428571428572,0.12024426831822718,0.6703083197505247,0.9301963097473094,0.9471774407456163
PXDNL,0.07031999999999998,0.700727120082269,-0.49566999999999994,0.0016790466461593272,-0.56599,0.003066083138203205,0.8753149244600926,0.07198964174581236,0.7204244661560001
RAB2B,0.59595,0.014998974861027038,0.55291,0.06211433786602127,-0.04304000000000004,0.9104153239871113,0.18170757096257206,0.22613621394097955,0.9940568131447077
RAB44,0.06785,0.5971638914522548,-0.36517999999999995,0.14920169614430315,-0.4330299999999999,0.10539367568197505,0.8130062618566842,0.38758141757025877,0.9471774407456163
RAD51,0.075075,0.7050222543063379,-0.2556,0.08637192675338545,-0.33611428571428575,0.32898713244745575,0.8777618404745452,0.27824640438755094,0.9471774407456163
RALY,0.31587,0.07981534134598019,-0.14489999999999997,0.4968531766170605,-0.46077,0.06690497900702348,0.31273216757642663,0.7409921994420933,0.9151422335713614
RAPGEF2,0.5543125,0.12956332184926253,0.2665,0.3055979297328781,-0.36430000000000007,0.5329041694531955,0.3952824917893389,0.5759119419853725,0.9519862693342023
RASGRF1,-0.027300000000000012,0.952126698014085,-0.20041111111111112,0.5000299549565413,-0.3428777777777777,0.5258950035778868,0.97980673862185,0.744309718834039,0.9519862693342023
RBM25,-0.04454999999999998,0.8794941463589694,-0.8290000000000001,0.2555718764697719,-0.8846444444444445,0.2556265672166699,0.9454642524707838,0.5225262164705566,0.9471774407456163
RBP7,0.09840999999999997,0.34977189285220966,-0.1999099999999999,0.4125622018906835,-0.29831999999999986,0.2612661545466457,0.6294720661282757,0.6780591774201841,0.9471774407456163
RCC1,0.15011999999999998,0.29496808821366416,-0.12633,0.1788702396090899,-0.27645,0.19063656324911496,0.5826324126828532,0.43395603961313467,0.9471774407456163
REG3G,-0.18549000000000002,0.2213841040710558,0.02794,0.866012263618144,0.21343,0.28646611735779004,0.5018722976549088,0.9409556325850988,0.9471774407456163
REST,-0.0018199999999999855,0.9924239123602954,-0.0946111111111111,0.7250652471355284,-0.15934444444444448,0.6408904322767169,0.9967161633850612,0.8691316589490748,0.9619401148472417
RFC4,0.02672000000000001,0.7709129249336967,0.017970000000000003,0.8294603161543428,-0.008749999999999985,0.9507686356824154,0.9044109840540865,0.924710538541159,0.9940568131447077
RGL2,-0.2911499999999999,0.6158050064807188,-0.05999999999999999,0.8532285133148887,0.08529999999999996,0.9193164247833051,0.8270717054761632,0.9346701611182487,0.9940568131447077
RNF4,-0.1158875,0.6650122875561149,-0.10202222222222222,0.7697998427378897,0.039971428571428484,0.946597319950056,0.8534118446762307,0.8942949537223882,0.9940568131447077
RNF43,0.41559999999999997,0.015260542091252473,-0.17068888888888892,0.24402278961662283,-0.7477857142857143,0.0009444993751836953,0.18170757096257206,0.5098648206851476,0.6408264471695905
RPE,0.37617500000000004,0.10803043850021672,0.1974777777777778,0.2058438557700955,-0.2422285714285715,0.4409938838401433,0.36482003254441003,0.46592392007129474,0.9471774407456163
S100A3,0.10177999999999998,0.33194586400799436,-0.32946,0.00789240749885258,-0.43124,0.010925887623636088,0.6160814582788928,0.09863113153934558,0.7865420294170457
SAP18,-0.11476249999999998,0.6758411011238044,0.12325555555555552,0.6317244804194336,0.05659999999999992,0.9054608286442782,0.860321124394167,0.8213779081903835,0.9939549333965099
SAT2,0.04006249999999998,0.8369042034008336,0.049911111111111114,0.7868055782973912,-0.02685714285714286,0.8841348680440617,0.9282085879923174,0.9026297497218801,0.9939549333965099
SCRIB__Oncology_II,0.45596000000000003,0.03433756927365488,0.6349199999999999,0.023675023914914876,0.17895999999999998,0.5322283347604381,0.23197075584132557,0.1324899433562284,0.9519862693342023
SDCCAG8,0.8289100000000001,0.018362584727919226,1.1302499999999998,0.025679201573591878,0.3013399999999999,0.5817113022703745,0.19336657322805265,0.1384320994921338,0.958195752801111
SDHB,-0.021690000000000004,0.8332752399621131,0.22014,0.2055098652755642,0.24183,0.3054795712637731,0.9277730916674576,0.46592392007129474,0.9471774407456163
SEPTIN7,0.2941125,0.343470526325547,0.33622222222222226,0.006533217476994812,-0.09671428571428575,0.7030146308387974,0.6247929926113861,0.09549548730055103,0.9701503587453412
SERPINH1,0.485475,0.06658503784931774,1.0806111111111112,0.03680177014402442,0.09511428571428578,0.8432024920989587,0.29052378589697303,0.16660030921901964,0.9921602299275276
SERPINI2,0.019520000000000003,0.6987999741842923,-0.06284000000000001,0.3867652627439522,-0.08236,0.21035798709404696,0.8743928126718273,0.6550312634098713,0.9471774407456163
SH3BP1,0.15490999999999996,0.1518340799564845,-0.16297,0.04526721593851699,-0.31788000000000005,0.013159550513300516,0.4214768127980278,0.18743431103805927,0.8054741543349357
SH3GL3,0.5759750000000001,0.10722261924823723,0.07561111111111107,0.8575332518255644,-0.562257142857143,0.42512396542903047,0.36323351299909207,0.9363010296279733,0.9471774407456163
SHC1,0.31915,0.21491096609781518,-0.5533222222222222,0.005273738012232211,-0.7666999999999999,0.00522777155958988,0.4944466862923892,0.0949550061731043,0.73125979714228
SHPK,0.041450000000000015,0.822663256372427,-0.06888888888888889,0.5586860411214369,-0.2008285714285714,0.4297947709779728,0.9258422409472198,0.7838679984788833,0.9471774407456163
SLC13A1,0.29171,0.047924462697548124,0.13990000000000002,0.40068685661692705,-0.15180999999999994,0.5783245268048727,0.2550762163141239,0.6671940737676894,0.958195752801111
SLC28A1,0.15021,0.3405646724048327,0.22461111111111112,0.2998067976597416,0.05524444444444446,0.7364838259851708,0.6226313852272063,0.5734585752111464,0.9791756517678635
SLC34A3,0.25417000000000006,0.2627445290828047,0.06890000000000002,0.7946592014430522,-0.19970000000000002,0.3444276805398981,0.5529680705195417,0.9073877706333802,0.9471774407456163
SLC9A3R2,-0.47824,0.000956309566102785,-0.08658000000000002,0.7078755043408593,0.39166000000000006,0.17498661125767404,0.06852774402951176,0.857624013094204,0.9471774407456163
SLIRP,-0.10188000000000001,0.5048553791755066,0.04721111111111114,0.780642431310665,0.05814444444444449,0.7813902069169213,0.7413585573943813,0.8990699581304327,0.9839089183419631
SLK,0.30935,0.12091882500405232,0.11218888888888884,0.6213010748591172,-0.018557142857142876,0.9450716496999843,0.38117972946556405,0.8159957791399581,0.9940568131447077
SLMAP,0.5494799999999997,0.15116529483446944,1.2593299999999998,0.035753411501574454,0.70985,0.3291201163161408,0.4213696738365002,0.16311106054600272,0.9471774407456163
SMAD2,0.09349999999999999,0.3772970561599761,-0.06297,0.5481638067168375,-0.15647,0.26075926134820715,0.6502132620219622,0.7757732486194935,0.9471774407456163
SMAD3,0.33032999999999996,0.38153665722491525,0.03535,0.8413055810426273,-0.29497999999999996,0.44194753884264704,0.6528565515007577,0.9300496716560093,0.9471774407456163
SMC3,-0.1929,0.3759708289326099,0.5900666666666666,0.08668416792804806,0.8449222222222222,0.0042080490401661215,0.6489158478007877,0.27842069576859885,0.7204244661560001
SMNDC1,0.26017,0.15781758094676854,-0.03068000000000002,0.9155021103875607,-0.29085000000000005,0.4087664093530693,0.4279367017677313,0.966357199928614,0.9471774407456163
SMPDL3B,-0.06332,0.6466244719362232,-0.14787000000000003,0.44742725161366204,-0.08455,0.6675494188289763,0.8451496270822554,0.7044701314260123,0.9619401148472417
SNX18,0.05385000000000002,0.5969876090087537,-0.08302999999999998,0.2665271863716694,-0.13687999999999997,0.2721243857739347,0.8130062618566842,0.5359732194113379,0.9471774407456163
SNX2,0.13777999999999999,0.19856977845246038,-0.13133,0.20723337304402004,-0.26910999999999996,0.06841376769609024,0.47706580021856265,0.4676279953942633,0.9151422335713614
SPINT3,0.11749000000000007,0.5333302452831324,0.15898999999999988,0.3916932984389141,0.041499999999999815,0.805171022948145,0.7662221323431996,0.6594813242484411,0.986281592770344
SPRING1,-0.05842999999999998,0.765836185836937,0.03024444444444445,0.8805252745657992,0.06897777777777771,0.8572092818174455,0.9043515731466725,0.9479601526838835,0.9938501124438283
SPRR1B,0.013312499999999991,0.955339597251499,-0.3292,0.23314475062427203,-0.3621571428571429,0.29896992574839387,0.9819644190701022,0.4971029451831099,0.9471774407456163
SSH3,-0.07288,0.40891704561050846,0.034133333333333335,0.7689157661290696,0.1264888888888889,0.47337170653139515,0.6749128371476515,0.8938921056034864,0.9471774407456163
SSNA1,0.08502000000000001,0.5999841666154859,0.52887,0.046143291802854695,0.44384999999999997,0.0924044634555097,0.8157119303638583,0.18899520351680066,0.9418349502692044
STAM,0.4191,0.05954088560620721,0.94805,0.00028499133396553915,0.52895,0.02905497855830385,0.27722840239467006,0.03636622477986264,0.8144499300897541
STAU1,-0.27231,0.22588888137905616,0.032666666666666656,0.8575854563406657,0.25137777777777776,0.5120665480809816,0.5089428937819532,0.9363010296279733,0.9519862693342023
STOML2,-0.16724999999999995,0.7363675900444254,-0.6292777777777777,0.24699269201528512,-0.37341111111111114,0.5362076476908739,0.8906743431661267,0.5131998084447721,0.9519862693342023
SUGP1,0.20163999999999996,0.058032325149295724,0.25161,0.1705801325905382,0.049970000000000014,0.8183092228122647,0.27499834078811425,0.4193844598753148,0.9888671293493415
SUSD4,-0.13191,0.583894557699838,-0.34663999999999995,0.0536829060229224,-0.21472999999999995,0.33835469528000733,0.8035409746860241,0.2056328264606858,0.9471774407456163
SWAP70,0.04733999999999997,0.72327817013068,-0.23194999999999996,0.09828767835365035,-0.2792899999999999,0.11191172734805273,0.8865211780742335,0.3008012489614841,0.9471774407456163
TAB2,0.5343500000000001,0.07124008629188525,0.6295333333333334,0.06781158478438878,-0.15404285714285718,0.7656965267157525,0.29986156665552843,0.2380559059944605,0.9812023557990273
TADA3,0.36506999999999995,0.044675893947081304,-0.030129999999999945,0.9364137403341632,-0.3952,0.3338953447306894,0.24788089811044448,0.9738702899475299,0.9471774407456163
TAGLN3,-0.10629,0.7420788113502723,0.3571333333333333,0.12653434881098835,0.5299111111111112,0.22973158183149534,0.8913745191791196,0.3506177561960084,0.9471774407456163
TAP1,0.14105,0.30943139737625147,-0.31793333333333335,0.12964327299254552,-0.45931428571428584,0.1430346006065912,0.5949669145886302,0.35590429931705025,0.9471774407456163
TARS1,0.39089,0.026152295362067916,0.6185200000000001,0.025941409987015683,0.22763000000000005,0.4473159421277819,0.21482755378190904,0.13908004113476657,0.9471774407456163
TCP11,-0.13663750000000002,0.7128860566470856,-0.12150000000000007,0.46073286396235613,0.1322571428571429,0.8252458672577112,0.8796330121560565,0.7154509272311852,0.9897676525572143
TDP1,0.009390000000000004,0.9647610955939345,-0.021249999999999936,0.9477403918909123,-0.030639999999999955,0.8966648855515983,0.9841356341591891,0.9770039548685967,0.9939549333965099
TET2,-0.18882500000000002,0.555088386829388,-0.22108888888888886,0.4222275547870461,-0.1417285714285714,0.7219300646913285,0.7836855744857001,0.6856189979011655,0.9762572927931781
TEX33,0.26675000000000004,0.21613917901617816,-0.1804888888888889,0.43353884199286763,-0.7443285714285715,0.057129091356686985,0.4953330015206953,0.6926248601278114,0.9064257716854434
TG,0.07438000000000003,0.6042744831889537,-0.20227000000000003,0.20332769950288992,-0.27665000000000006,0.1613986917730907,0.8182965854529516,0.4656093383784027,0.9471774407456163
TGFB2,-0.09416999999999999,0.8082433533409841,-0.32536,0.25493642819734547,-0.23118999999999995,0.6642491768725304,0.9189964919173103,0.5215899902811985,0.9619401148472417
THAP12,0.03708999999999997,0.9242378985458622,0.1700444444444444,0.602047952315575,0.21148888888888884,0.6444622244915061,0.9666824300205565,0.8074984581398967,0.9619401148472417
THTPA,0.35840999999999995,0.27474947687909884,0.42628000000000005,0.07328765838382409,0.06787000000000003,0.8803019666252818,0.5640127274393038,0.2486364207063224,0.9939549333965099
TIGIT,0.1880375,0.21217921737581394,-0.09983333333333334,0.5954085761625537,-0.30037142857142857,0.1683595859641252,0.49008061371866457,0.8036975489613204,0.9471774407456163
TK1,0.15137499999999998,0.502239087517516,-0.12088888888888889,0.5059576436620965,-0.3377285714285714,0.20477753840776258,0.73963831535161,0.7496235789607865,0.9471774407456163
TLR2,0.15735000000000005,0.4520997106062833,-0.33618888888888887,0.29934107810854577,-0.4084428571428571,0.37694635281846656,0.7016740357957001,0.5729407736044999,0.9471774407456163
TMED1,0.3487125,0.3130469199842763,0.022011111111111068,0.9382451878805491,-0.6789571428571428,0.17100476079422827,0.598421348715238,0.9741843881381597,0.9471774407456163
TMED8,0.6711099999999999,0.0314163509881798,0.9535499999999999,0.03265888822600732,0.2824399999999999,0.5200424425887831,0.22434922053807554,0.15601920911871467,0.9519862693342023
TMEM106A,0.36697,0.08786524965053107,0.23040000000000002,0.5266796467357118,-0.13656999999999994,0.6871626887189698,0.32553354788557415,0.7648960959513204,0.9626164392654134
TMOD4,-0.018590000000000016,0.9607131420791293,-1.708888888888889,0.16982606727137514,-1.8204666666666667,0.09171000183081773,0.9841356341591891,0.4187794899368715,0.9418349502692044
TNFAIP2,0.33548000000000006,0.03604407082581531,0.42994000000000004,0.011659984648979339,0.09445999999999996,0.6469273290832819,0.23532773352498973,0.10380919666273121,0.9619401148472417
TNPO1,0.29191249999999996,0.22567622268636212,-0.3151555555555555,0.18707993273011353,-0.8998,0.010279662050756916,0.5088539848446139,0.4446122776457071,0.7865420294170457
TOP1,0.005699999999999922,0.9186891526353375,-0.12360000000000004,0.23169079565557868,-0.12929999999999994,0.24021383748638614,0.9638608952373462,0.496504418407068,0.9471774407456163
TOP1MT,0.28448000000000007,0.20397060029450198,-0.01317777777777777,0.9507154968736573,-0.27721111111111113,0.45781792941000443,0.4832004598407489,0.9789879386654082,0.9471774407456163
TPPP2,0.5332875,0.1738631969126282,0.26537777777777777,0.27343629044189766,0.042685714285714216,0.9026849407257882,0.4477889452645188,0.5450653695392506,0.9939549333965099
TPRKB,-0.057340000000000044,0.8441991181368523,-0.05997777777777776,0.7841337437027796,0.04991111111111118,0.8788721669893961,0.9293818768674352,0.9013243110323812,0.9939549333965099
TRDMT1,0.4968,0.021257517165903676,0.4944666666666667,0.042158688890802334,0.06715714285714285,0.8385811560444234,0.20240610399962805,0.17899165890343532,0.9911725684990748
TRIM24,0.33666250000000003,0.12319811912426158,0.020044444444444445,0.9352156517389076,-0.07525714285714283,0.8414201177402884,0.3851915047279263,0.9738702899475299,0.9921602299275276
TRIM25,1.0464099999999998,0.015330408734296117,1.57744,0.013848471359366387,0.5310300000000001,0.4352399038269422,0.18170757096257206,0.10849815694351585,0.9471774407456163
TRIM26,-0.38574,0.42309626184545523,0.02457777777777777,0.8886534973256703,0.40822222222222226,0.4450315840911717,0.6846620519596706,0.9531730780145414,0.9471774407456163
TRIM58,0.57289,0.09608983124768786,1.03289,0.029594480372075186,0.4600000000000001,0.34692396061955855,0.3372902320259342,0.14913993710661558,0.9471774407456163
TSPAN8,-0.05433000000000001,0.33397634418652905,0.05547,0.5414051997098748,0.10980000000000004,0.23402787286491203,0.617898299256941,0.7750655887238835,0.9471774407456163
TXK,-0.10562499999999996,0.4463874261294196,0.12086666666666668,0.16152536671996087,0.2132,0.3967565370365145,0.6985613691177452,0.40859458058122994,0.9471774407456163
UBE2B,0.02044000000000001,0.8804842781808077,0.33479000000000003,0.016213859831560335,0.31434999999999996,0.09128518981765808,0.9459199667843764,0.11451038506039486,0.9418349502692044
UFD1,0.5943099999999999,0.03526837829655493,0.8457600000000001,0.0686642763707391,0.25145000000000006,0.5818910929416017,0.23362760166379812,0.2388310528487894,0.958195752801111
UNC79,0.57047,0.0027550192371216323,0.6959222222222222,0.04328079866500346,0.12473333333333331,0.6579043846859713,0.10938170971166697,0.18243757026941199,0.9619401148472417
UNG,0.59625,0.013470542094388614,-0.042910000000000004,0.8587064803191643,-0.6391600000000001,0.053187912938098554,0.1746771036635334,0.9366826508978028,0.9064257716854434
UPK3BL1,0.134,0.6286881370851791,0.05129999999999995,0.7273387251541634,-0.10305714285714293,0.784401591286477,0.8349519806418768,0.8715012946586183,0.9839089183419631
USP25,0.54364,0.0707399611662882,0.59561,0.03818171255259198,0.05197,0.8878137507682826,0.298633624566536,0.1697093365802046,0.9939549333965099
VCPKMT,0.05666,0.5239655195057444,-0.018055555555555554,0.9041122173245055,-0.0912333333333333,0.5292487899136797,0.7568390837305197,0.9613759299672087,0.9519862693342023
VPS28,0.49105,0.0348193255061112,-0.11514444444444444,0.5749393823482076,-0.6217428571428572,0.048771320615877835,0.23355976789259067,0.7928828940840469,0.9064257716854434
VPS4B,0.73471,0.013007409057593023,0.70526,0.052447271708551825,-0.029450000000000042,0.9337621667593572,0.17146746900879464,0.20301723884021775,0.9940568131447077
VSIG10,-0.08684,0.5020536396641517,-0.05437000000000001,0.6506781444532561,0.03247,0.8478584059062588,0.73963831535161,0.8333445459475443,0.9921602299275276
VSIG2,0.21776,0.031330722575148504,-0.09483,0.660703080121056,-0.31259,0.09771191176857824,0.22434922053807554,0.8389014977916082,0.9443341999213253
VSTM2B,0.2447375,0.0770046764285952,0.021266666666666656,0.7454643276397676,-0.22494285714285717,0.14134299127277344,0.30860783880246806,0.8799414200906538,0.9471774407456163
VWA5A,0.07079,0.5921579398009174,0.0022222222222221997,0.9931206815896556,-0.04139999999999993,0.9030695832896639,0.810698987481405,0.9958322738943373,0.9939549333965099
WDR46,0.1841,0.37853589943413257,0.032389999999999995,0.758213725024246,-0.15171,0.3920802940963105,0.6510497319670537,0.8889193631768694,0.9471774407456163
WFDC1,0.08284,0.6577583088133386,0.17462,0.04052644200992661,0.09178,0.571299971030693,0.8515030334141825,0.17427195485465335,0.955309797887408
YARS1,1.2892400000000002,0.05059371831591312,2.1246400000000003,0.012822327236145731,0.8354000000000001,0.381820563971093,0.2603228448549085,0.1056139026773502,0.9471774407456163
YJU2,0.20664,0.4003276980141902,-0.26813000000000003,0.2947048608619012,-0.47477,0.18005149995474032,0.6697965699121246,0.5673937622622973,0.9471774407456163
ZFYVE19,0.3572,0.2589911794375444,0.6493899999999999,0.028418779171413194,0.2921899999999999,0.5077267397381604,0.5478660419465776,0.14536309350686408,0.9519862693342023
ZNF75D,-0.12298750000000003,0.7698399066341469,-0.15146666666666672,0.6867450394948231,-0.19155714285714281,0.7592819350504656,0.9044109840540865,0.846078895980009,0.9807934968107775
ZNF830,0.06765000000000002,0.44073176705022343,-0.10417999999999998,0.4203257298202351,-0.17182999999999998,0.2135962324315681,0.6931851882192486,0.6841645397295572,0.9471774407456163
ZNRD2,0.18894,0.11779913776887842,0.6307,0.04049637908059071,0.44176000000000004,0.16615108350174257,0.37730147137714193,0.17427195485465335,0.9471774407456163
ZNRF4,-0.09879,0.5500997266333236,-0.009060000000000007,0.9261346705443607,0.08973000000000002,0.6600743740349755,0.7818960024010569,0.9710862462738515,0.9619401148472417
ZP4,-0.029330000000000012,0.8594950466769584,-0.17344444444444446,0.19821969701867392,-0.07908888888888893,0.685388672319863,0.93943320205986,0.45891999199437666,0.9619401148472417
