Gene_set,Term,Overlap,P-value,Adjusted P-value,Old P-value,Old Adjusted P-value,Odds Ratio,Combined Score,Genes,theme
GO_Biological_Process_2023,Inflammatory Response (GO:0006954),60/236,1.0637982181038348e-30,3.407345692586583e-27,0,0,8.432173295454545,581.952402051113,SERPINA3;CXCL6;CD40;ORM1;CXCL9;ITGB2;ADM;CXCL1;F11R;CXCL13;CXCL3;CRHBP;ADGRE5;HYAL1;LGALS9;TNFRSF4;F2R;IL18;HSPG2;TNFRSF1A;KIT;CHI3L1;XCL1;ADAM8;MGLL;TLR3;CCL14;CCL13;CCL11;AGER;IL1RL1;PRDX5;CCL8;CCL5;CCL4;CD14;CCL19;CCL18;CCL17;CCL16;CCL15;AOC3;CCL25;CCL24;CCL23;CCL22;TGFB1;VCAM1;CCL21;CCL20;IL10RB;AZU1;PPBP;SELE;CXCL10;CXCL11;CD40LG;IL2RA;SIGLEC1;FOLR2,immune
GO_Biological_Process_2023,Neutrophil Migration (GO:1990266),34/77,7.341481745835078e-27,1.1757383015954878e-23,0,0,19.04944057172984,1146.3240280428165,CCL14;CXCL6;CCL13;CXCL9;CCL11;PLA2G1B;ITGB2;CXCL1;UMOD;CXCL13;CXCL3;LGALS3;CCL8;CCL5;CCL4;CCL19;CCL18;CCL17;CCL16;CD177;CCL15;CCL25;CCL24;CCL23;CCL22;CCL21;CCL20;PPBP;CXCL10;CXCL11;PECAM1;XCL1;PRTN3;PPIB,
GO_Biological_Process_2023,Positive Regulation Of ERK1 And ERK2 Cascade (GO:0070374),46/179,5.2715741217754254e-24,4.584701846221196e-21,0,0,8.420610349402919,451.342299857531,NOTCH2;DDR1;CCL14;CCL13;SEMA7A;NOTCH1;CCL11;CXCL17;PDGFB;PDGFA;TREM2;TNFRSF11A;AGER;EGFR;CRKL;ICAM1;CCL8;CCL5;CCL4;CCN2;LGALS9;APOE;CCL19;CCL18;CCL17;CCL16;CCL15;PDGFRB;CCL25;CCL24;CD74;MAP2K1;CCL23;TGFB1;CCL22;ANGPT1;CCL21;CCL20;NTRK3;F2R;SERPINF2;PLA2G2A;PTPRC;CHI3L1;XCL1;GAS6,
GO_Biological_Process_2023,Granulocyte Chemotaxis (GO:0071621),31/73,5.725509642486664e-24,4.584701846221196e-21,0,0,17.716137898070144,948.1165124626066,CCL14;CXCL6;CCL13;CXCL9;CCL11;PLA2G1B;ITGB2;CXCL1;CXCL13;CXCL3;LGALS3;CCL8;CCL5;BSG;CCL4;CCL19;CCL18;CCL17;CCL16;CCL15;CCL25;CCL24;CCL23;CCL22;CCL21;CCL20;PPBP;CXCL10;CXCL11;XCL1;PPIB,
GO_Biological_Process_2023,Regulation Of ERK1 And ERK2 Cascade (GO:0070372),53/244,1.0148211455787746e-23,6.500944258577631e-21,0,0,6.796102009795643,359.81788622499164,DDR1;CXCL17;TREM2;CRKL;ICAM1;TIMP3;SIRPA;CCN2;LGALS9;PDGFRB;MAP2K1;SERPINF2;ADIPOQ;F2R;TGFBR3;CHI3L1;XCL1;GAS6;CCL14;NOTCH2;CCL13;SEMA7A;CCL11;NOTCH1;PDGFB;PDGFA;AGER;EGFR;CCL8;CCL5;CCL4;APOE;CCL19;CCL18;CCL17;GBP1;CCL16;CCL15;CCL25;CCL24;CD74;CCL23;CCL22;TGFB1;CCL21;ANGPT1;CCL20;NTRK3;PLA2G2A;FN1;PTPRC;TNIP1;PTPN6,
GO_Biological_Process_2023,Neutrophil Chemotaxis (GO:0030593),30/70,2.217606772849481e-23,1.1838324155728146e-20,0,0,17.981203007518797,937.9540059294094,CCL14;CXCL6;CCL13;CXCL9;CCL11;PLA2G1B;ITGB2;CXCL1;CXCL13;CXCL3;LGALS3;CCL8;CCL5;CCL4;CCL19;CCL18;CCL17;CCL16;CCL15;CCL25;CCL24;CCL23;CCL22;CCL21;CCL20;PPBP;CXCL10;CXCL11;XCL1;PPIB,
GO_Biological_Process_2023,Positive Regulation Of MAPK Cascade (GO:0043410),59/310,3.721107198716607e-23,1.7026723367841848e-20,0,0,5.783570529326129,298.6950209343891,DDR1;CD40;CXCL17;TREM2;CRKL;ICAM1;ROBO1;CCN2;LGALS9;PDGFRB;MAP2K1;SERPINF2;F2R;MMP8;GFRAL;KIT;ADAM9;CHI3L1;XCL1;ADAM8;GAS6;CCL14;NOTCH2;CCL13;SEMA7A;CCL11;NOTCH1;PLA2G1B;PDGFB;PDGFA;AGER;EGFR;CCL8;CCL5;CCL4;APOE;CCL19;IGFBP6;CCL18;CCL17;CCL16;CCL15;CCL25;CCL24;CD74;CCL23;CCL22;TGFB1;CCL21;ANGPT1;CCL20;GDF15;EGF;NTRK3;PLA2G2A;EIF2AK2;VEGFA;SOD1;PTPRC,
GO_Biological_Process_2023,Chemokine-Mediated Signaling Pathway (GO:0070098),27/57,1.2980449307387076e-22,5.1970473914451004e-20,0,0,21.507865168539325,1083.9106486102226,CCL14;CXCL6;CCL13;CXCL9;CCL11;CXCL1;CXCL13;CXCL3;CCL8;CCL5;CCL4;CCL19;CCL18;CCL17;CCL16;CCL15;CCL25;CCL24;CCL23;CCL22;CCL21;CCL20;PPBP;CXCL10;CXCL11;TFF2;XCL1,immune
GO_Biological_Process_2023,Cellular Response To Chemokine (GO:1990869),27/59,4.138384313507334e-22,1.4728049951293325e-19,0,0,20.161516853932586,992.6838672679684,CCL14;CXCL6;CCL13;CXCL9;CCL11;CXCL1;CXCL13;CXCL3;CCL8;CCL5;CCL4;CCL19;CCL18;CCL17;CCL16;CCL15;CCL25;CCL24;CCL23;CCL22;CCL21;CCL20;PPBP;CXCL10;CXCL11;TFF2;XCL1,immune
GO_Biological_Process_2023,Monocyte Chemotaxis (GO:0002548),23/42,2.4395082164197417e-21,7.813744817192434e-19,0,0,28.801503759398496,1366.991098120651,CCL14;CCL25;CCL13;CCL24;CCL23;CCL11;CCL22;CCL21;CCL20;PDGFB;TNFRSF11A;LGALS3;CCL8;CCL5;CCL4;XCL1;CCL19;CCL18;FOLR2;CCL17;IL6R;CCL16;CCL15,
GO_Biological_Process_2023,Response To Tumor Necrosis Factor (GO:0034612),34/108,3.605925901202479e-21,1.049980060141049e-18,0,0,11.051330927905235,520.2050266166989,CCL14;CCL13;CD40;ASAH1;CCL11;TNFRSF11A;CXCL16;CRHBP;CASP8;CCL8;HYAL1;CASP3;SMPD1;CCL5;CCL4;CCL19;CD58;CCL18;CCL17;GBP1;CCL16;CCL15;CCL25;CCL24;CCL23;CCL22;CCL21;CCL20;ADIPOQ;SELE;ADAM9;CHI3L1;XCL1;TNFRSF21,
GO_Biological_Process_2023,Cytokine-Mediated Signaling Pathway (GO:0019221),51/257,5.241658578677209e-21,1.3170578245727437e-18,0,0,6.043070810061101,282.19719946146114,CXCL6;CXCL9;CXCL1;IL1RAP;CXCL13;CXCL3;IL12B;IL6R;IL1R1;IL18;OSMR;TNFRSF1B;IL17RA;TNFRSF1A;KIT;TFF2;XCL1;CCL14;YAP1;CCL13;CCL11;PDGFB;TNFRSF11A;LILRA2;LILRA3;IL1RL1;CCL8;CCL5;CCL4;CCL19;CCL18;CD300LF;CCL17;CCL16;CCL15;CCL25;CCL24;CCL23;CCL22;CCL21;CCL20;LILRB1;PPBP;LILRB2;CXCL10;CXCL11;IL2RA;PTPN6;IL7R;CRLF1;IL18R1,immune
GO_Biological_Process_2023,Proteolysis (GO:0006508),58/330,5.3455359723526896e-21,1.3170578245727437e-18,0,0,5.233957219251337,244.31078665122976,FCN2;CPM;CPQ;CTSZ;PLAT;CTSV;CTSS;CNDP1;ENDOU;CASP7;CASP8;PLAU;ANPEP;CASP3;TPSAB1;GGT1;PRSS2;CTSD;CTSC;CTSB;MBL2;CPA2;CPA1;CELA2A;MMP1;HGF;CTRB1;MMP3;MMP8;MMP9;TMPRSS11D;MMP12;F7;F9;ADAM8;PRTN3;CELA3A;CPB2;CPB1;CFH;KLK4;PLG;DPP4;ADAMTS13;ADAM23;USP25;F12;GZMA;KLK14;AZU1;PROC;CTRL;CNTN1;TPP1;CTRC;KLKB1;LGMN;METAP2,
GO_Biological_Process_2023,Lymphocyte Chemotaxis (GO:0048247),23/44,1.0158053399548124e-20,2.3240175027680456e-18,0,0,26.05578231292517,1199.5045188943254,CCL14;CCL25;CCL13;CCL24;CCL23;CCL11;CCL22;CCL21;CCL20;CXCL13;CXCL16;CXCL10;CXCL11;CCL8;CCL5;CCL4;XCL1;CCL19;CCL18;GAS6;CCL17;CCL16;CCL15,immune
GO_Biological_Process_2023,Negative Regulation Of Peptidase Activity (GO:0010466),25/60,2.445894908077746e-19,5.222800927048681e-17,0,0,17.022771748799148,729.5058734139684,SERPINA11;SERPINA3;CSTB;ECM1;SERPINE2;SERPINE1;PARK7;SERPINA6;CST7;SERPINA4;SERPINA5;CST3;TIMP3;TIMP1;TIMP4;CTSB;SERPINB1;SERPIND1;SERPINF1;SERPINF2;SPINK5;SERPINB8;SERPINB6;FETUB;SERPING1,
GO_Biological_Process_2023,Leukocyte Cell-Cell Adhesion (GO:0007159),19/31,3.812569404559051e-19,7.632287376751651e-17,0,0,37.49896992171405,1590.361816816176,ITGB1;VCAM1;CLEC4M;SEMA4D;ITGB2;UMOD;F11R;SELE;ICAM1;SELP;CD40LG;LRG1;SELL;TNIP1;CD209;CCL5;PECAM1;JAM2;CD177,immune
GO_Biological_Process_2023,Response To Interleukin-1 (GO:0070555),28/85,2.91719146853171e-18,5.496331925710038e-16,0,0,11.737280701754386,473.90339332350055,CCL14;CCL13;CD40;CCL11;TNFRSF11A;CCL8;HYAL1;SMPD1;CCL5;CCL4;SIRPA;LGALS9;CCL19;CCL18;CCL17;GBP1;CCL16;CCL15;CCL25;CCL24;CCL23;CCL22;CCL21;IL1R1;CCL20;SELE;CHI3L1;XCL1,immune
GO_Biological_Process_2023,Response To Type II Interferon (GO:0034341),27/80,5.745906306833704e-18,9.726499808376405e-16,0,0,12.159635361458554,482.71373983752113,CCL14;CCL13;CD40;CCL11;CXCL16;CCL8;KYNU;CCL5;CCL4;SIRPA;LGALS9;CCL19;CD58;CCL18;CCL17;GBP1;CCL16;CCL15;CCL25;CCL24;CD74;CCL23;CCL22;CCL21;CCL20;BST2;XCL1,immune
GO_Biological_Process_2023,Negative Regulation Of Blood Coagulation (GO:0030195),18/30,5.769700167316632e-18,9.726499808376405e-16,0,0,35.48148148148148,1408.398787900874,CPB2;SERPINE2;F12;SERPINE1;F11;SERPINF2;PDGFB;PDGFA;PLAT;PLG;GP1BA;TFPI;F2;C1QTNF1;PROC;PLAU;APOE;KLKB1,
GO_Biological_Process_2023,Positive Regulation Of Cytokine Production (GO:0001819),51/320,9.639183010616807e-17,1.5437151591502823e-14,0,0,4.612406883782349,170.09684946638174,CD86;CD40;ORM1;CD80;SERPINE1;CXCL17;PARK7;IL12B;LGALS9;IL6R;HAVCR2;MBL2;IL1R1;SERPINF2;ADIPOQ;F2R;IL18;IL16;MMP8;IL17RA;CHI3L1;XCL1;LCP1;CD46;TLR3;PLA2G1B;LILRA2;LY9;AGER;C3;CLEC7A;TNFRSF14;CD14;CCL19;CD58;CD276;CD74;TGFB1;EIF2AK2;LILRB1;PRG3;LILRB2;SOD1;CD40LG;PTPRC;CD6;CNTN1;HPSE;IL18R1;CD244;HSPA1A,immune
GO_Biological_Process_2023,Positive Regulation Of Intracellular Signal Transduction (GO:1902533),67/525,1.8850362610317336e-16,2.8751291162307827e-14,0,0,3.5974212281013838,130.2533212871903,ITGB1;DDR1;CD86;CD40;ECM1;TFRC;FASLG;TREM2;PARK7;EDA2R;CASP8;TNFSF10;IL12B;TRIM25;ITGAV;LGALS9;PDGFRB;HGF;ADIPOQ;F2R;TNFRSF19;IL18;SHISA5;MMP8;TNFRSF1A;F7;EEF1D;GFRAL;KIT;HCLS1;CHI3L1;ADAM8;GAS6;TLR3;ENG;HBEGF;PDGFB;PDGFA;AGER;EGFR;ERBB3;CLEC7A;CCL5;CCL4;CCL19;IGFBP6;FIS1;CD74;TGFB1;CCL21;ANGPT1;SEMA4D;GDF15;EGF;NTRK3;FN1;EIF2AK2;VEGFA;SOD1;BST2;SELP;PTPRC;AXL;CNTN1;PTPN6;HPSE;LTBR,
GO_Biological_Process_2023,Positive Regulation Of Cell Population Proliferation (GO:0008284),63/483,5.447550716327019e-16,7.931138611088837e-14,0,0,3.676862745098039,129.22773646176833,CD86;CSF1;MEGF10;REG1B;REG1A;PRL;CRKL;ESM1;HYAL1;CCN4;ITGAV;TIMP1;IL6R;PDGFRB;SERPINF2;F2R;IL18;FLT3LG;OSMR;PGF;TGFBR3;HCLS1;PRTN3;GAS6;EPHA1;FXN;HBEGF;CCL14;YAP1;REG3A;GRN;NOTCH1;TNXB;PLA2G1B;PDGFB;PDGFA;TNFRSF11A;EGFR;DPP4;ERBB3;CLEC7A;CCL5;STX3;CGA;CD74;TGFB1;EGF;NTRK3;TNFSF13;FN1;VEGFD;VEGFA;BST2;BST1;PTPRC;DNAJA2;BCL2;PTPN6;HPSE;FOLR2;IL7R;CRLF1;LGMN,
GO_Biological_Process_2023,Cellular Response To Type II Interferon (GO:0071346),23/66,7.404513460810369e-16,9.883552587981759e-14,0,0,12.71029900332226,442.8175609558601,CCL14;CCL25;CCL13;CCL24;CCL23;CCL11;CCL22;CCL21;IFNGR1;CCL20;CCL8;CCL5;CCL4;SIRPA;XCL1;LGALS9;CCL19;CD58;CCL18;CCL17;GBP1;CCL16;CCL15,immune
GO_Biological_Process_2023,Positive Regulation Of Cellular Process (GO:0048522),71/594,7.405721577007873e-16,9.883552587981759e-14,0,0,3.34438548057518,116.5154089592487,CD86;CSF1;REG1B;REG1A;PRL;DNPH1;CXCL16;CRKL;ESM1;CDH3;HYAL1;IL12B;ITGAV;TIMP1;CCN2;PRSS2;IL6R;PDGFRB;SERPINF2;F2R;FLT3LG;TNFRSF1B;OSMR;PGF;HCLS1;ADAM8;PRTN3;EPHA1;FXN;HDGFL2;HBEGF;CCL14;YAP1;REG3A;GRN;NOTCH1;TNXB;PLA2G1B;PDGFB;PDGFA;TNFRSF11A;CST7;LILRA2;NID1;EGFR;DPP4;ERBB3;CLEC7A;CCL5;CCL19;STX3;CGA;TGFB1;CCL21;EGF;NTRK3;TNFSF13;FN1;VEGFD;AZU1;VEGFA;BST1;DNAJA2;BCL2;PTPN6;ECHDC3;FOLR2;IL7R;CRLF1;LGMN;EIF4G1,
GO_Biological_Process_2023,Eosinophil Chemotaxis (GO:0048245),15/24,1.4661243244971154e-15,1.8061523889862541e-13,0,0,39.28454284542845,1341.808894847019,CCL14;CCL25;CCL13;CCL24;CCL23;CCL11;CCL22;LGALS3;CCL8;CCL5;CCL4;XCL1;CCL18;CCL16;CCL15,
GO_Biological_Process_2023,Eosinophil Migration (GO:0072677),15/24,1.4661243244971154e-15,1.8061523889862541e-13,0,0,39.28454284542845,1341.808894847019,CCL14;CCL25;CCL13;CCL24;CCL23;CCL11;CCL22;LGALS3;CCL8;CCL5;CCL4;XCL1;CCL18;CCL16;CCL15,
GO_Biological_Process_2023,Cell-Cell Adhesion Via Plasma-Membrane Adhesion Molecules (GO:0098742),35/172,3.636871257977152e-15,4.314406903444747e-13,0,0,6.132353347263003,203.8863538782373,ITGB1;ROBO2;REG3A;ITGAM;PTPRS;ITGB2;UMOD;PVR;PKD1;PTPRF;ICAM1;ROBO1;CDH5;ALCAM;CDH3;SLITRK2;CDH1;CDH23;SCARF2;SCARF1;CD177;CD164;VCAM1;SELE;CEACAM19;SELP;SELL;CD6;CD209;PECAM1;PLXNB2;ESAM;DSG2;CNTN4;CDH15,
GO_Biological_Process_2023,Cellular Response To Tumor Necrosis Factor (GO:0071356),29/119,5.919069124610049e-15,6.770992287902138e-13,0,0,7.695424836601307,252.10671336125984,CCL14;CCL13;CD40;ASAH1;CCL11;TNFRSF11A;CRHBP;CCL8;HYAL1;CCL5;CCL4;CCL19;CD58;CCL18;CCL17;GBP1;CCL16;CCL15;CCL25;CCL24;CCL23;CCL22;CCL21;CCL20;TNFRSF1B;TNFRSF1A;CHI3L1;XCL1;TNFRSF21,
GO_Biological_Process_2023,Lymphocyte Migration (GO:0072676),18/41,8.770311026256895e-15,9.686657316241669e-13,0,0,18.50144927536232,598.843885581998,CCL14;CCL25;CCL13;CCL24;CCL23;CCL11;CCL22;CCL21;CCL20;CCL8;CCL5;CCL4;XCL1;CCL19;CCL18;CCL17;CCL16;CCL15,immune
GO_Biological_Process_2023,Cellular Response To Interleukin-1 (GO:0071347),24/81,1.1363286201551794e-14,1.2132201901190132e-12,0,0,10.010473946059175,321.4201889832134,CCL14;CCL25;CCL13;CCL24;CD40;CCL23;CCL11;CCL22;CCL21;IL1R1;CCL20;IL1RAP;CCL8;HYAL1;CCL5;CCL4;SIRPA;XCL1;CCL19;CCL18;CCL17;GBP1;CCL16;CCL15,immune
GO_Biological_Process_2023,Regulation Of Peptidyl-Tyrosine Phosphorylation (GO:0050730),25/90,1.6791209644553984e-14,1.734911112629239e-12,0,0,9.151738672286616,290.2741231300778,CD80;ITGB2;PDGFB;PDGFA;TREM2;EGFR;THBS4;ENPP2;IL12B;TNFRSF14;IL6R;CD74;TGFB1;ANGPT1;SEMA4D;HGF;VEGFA;EFNA1;BST1;PTPRC;PECAM1;HCLS1;CSPG4;PTPN6;ITGA5,
GO_Biological_Process_2023,Response To Cytokine (GO:0034097),29/125,2.36399224933348e-14,2.36620849206723e-12,0,0,7.212192323738006,226.28858865571777,ITIH4;CD40;TNFRSF11A;CXCL16;CASP8;LAMP3;CASP3;KYNU;SMPD1;TIMP3;LGALS9;TIMP1;IL6R;TIMP4;CD74;IL1R1;ADIPOQ;EIF2AK2;OSMR;SELE;BST2;CRNN;SELP;COL3A1;SELL;BCL2;ADAM9;CHI3L1;HCLS1,immune
GO_Biological_Process_2023,Phagocytosis (GO:0006909),22/69,2.6532095978563676e-14,2.575221315737559e-12,0,0,11.10685813842986,347.2050639024066,ITGB1;SRPX;MSR1;ITGAM;MEGF10;CD93;ANXA3;ITGB2;TREM2;MERTK;CORO1A;MESD;BIN2;AXL;PECAM1;MYH9;ITGAV;CD14;HAVCR1;GAS6;MET;LDLR,
GO_Biological_Process_2023,Cellular Response To Cytokine Stimulus (GO:0071345),46/308,3.8026374887836556e-14,3.5823081989923665e-12,0,0,4.245621912887293,131.1918246347139,CCL14;CCL13;CD40;ASAH1;CCL11;SHMT1;LILRA2;LILRA3;CRHBP;CCL8;HYAL1;CCL5;CCL4;IL12B;SIRPA;LGALS9;CCL19;CD58;CCL18;CCL17;IL6R;GBP1;CCL16;CCL15;CCL25;CCL24;CCL23;CCL22;CCL21;CCL20;LILRB1;LILRB2;OSMR;TNFRSF1A;CRNN;AXL;KIT;HCLS1;CHI3L1;XCL1;PTPN6;GAS6;IL7R;CRLF1;TNFRSF21;IFNAR1,immune
GO_Biological_Process_2023,Extracellular Matrix Organization (GO:0030198),34/176,4.5254140884996117e-14,4.141400378704073e-12,0,0,5.738638379394756,176.3281701181748,VIT;COL18A1;COL15A1;DPT;KLK4;CAPG;PLG;CTSV;NID1;NID2;CTSS;ADAMTS13;QSOX1;TPSAB1;PRSS2;TGFB1;MMP1;SERPINF2;SPINK5;MMP3;MMP8;MMP9;MMP10;COL1A1;MMP12;SMOC2;COL3A1;SPINT1;SMOC1;ADAM8;TGFBI;LCP1;GAS6;MATN2,
GO_Biological_Process_2023,Regulation Of Cell Population Proliferation (GO:0042127),79/766,5.984115296372805e-14,5.3242003595228026e-12,0,0,2.837971249390259,86.40794559714307,CD86;COL18A1;CXCL9;TFRC;CSF1;REG1B;PDCD5;REG1A;CXCL1;PRL;PTPRK;CLU;CRKL;PPP1R9B;HHEX;ESM1;TNFRSF8;ITGAV;TIMP1;IL6R;ENPP7;PDGFRB;MAP2K1;IGFBP3;F2R;FLT3LG;OSMR;PGF;KIT;MZB1;HCLS1;PRTN3;EPHA1;FXN;ENG;HBEGF;CCL14;YAP1;REG3A;NOTCH1;TNXB;PLA2G1B;PDGFB;PDGFA;PLG;UMOD;TNFRSF11A;EGFR;DPP4;ERBB3;CLEC7A;IGFBP7;STX3;IGFBP6;CGA;CCL23;TGFB1;EGF;NTRK3;TNFSF13;FN1;EIF2AK2;VEGFD;SOD2;SLURP1;VEGFA;CXCL10;BST1;FABP3;CXCL11;DNAJA2;BCL2;PTPN6;MELTF;FOLR2;IL7R;CRLF1;LGMN;HSPA1A,
GO_Biological_Process_2023,Positive Regulation Of Protein Phosphorylation (GO:0001934),51/377,8.552562001703332e-14,7.40374488958264e-12,0,0,3.794466684037236,114.1753523169403,CD40;TFRC;CSF1;CD80;TREM2;PARK7;CRKL;ENPP2;IL6R;HGF;ADIPOQ;PLAUR;F2;MMP9;PGF;PECAM1;HCLS1;CHI3L1;FAM20A;ITGA5;GAS6;ENG;TNXB;PDGFB;PDGFA;AGER;EGFR;THBS4;C3;TNFRSF14;CCL19;LEFTY2;CD74;TGFB1;CCL21;ANGPT1;SEMA4D;GDF15;BDNF;EGF;RARRES2;NTRK3;VEGFD;AZU1;INHBC;VEGFA;EFNA1;PTPRC;FAS;CSPG4;EIF4G1,
GO_Biological_Process_2023,Regulation Of T Cell Proliferation (GO:0042129),22/77,3.348975105185274e-13,2.8228334899759023e-11,0,0,9.487344913151365,272.5235258017609,CD86;VCAM1;TFRC;ARG1;CD80;PLA2G2A;LILRB1;LILRB2;TNFRSF1B;LGALS3;CD40LG;PTPRC;CD6;CD209;CCL5;IL12B;TNFSF8;VSIG4;CCL19;CD46;TNFRSF21;CD276,immune
GO_Biological_Process_2023,Positive Regulation Of Peptidyl-Tyrosine Phosphorylation (GO:0050731),28/130,4.790019733637881e-13,3.9339572325236226e-11,0,0,6.543627450980392,185.62354893445905,CD40;CD80;PDGFB;TREM2;THBS4;ERBB3;CCL5;ENPP2;IL12B;TNFRSF14;IL6R;CD74;TGFB1;ANGPT1;SEMA4D;HGF;IL18;TNFRSF1A;VEGFA;EFNA1;PTPRC;KIT;PECAM1;HCLS1;CSPG4;ITGA5;GAS6;CRLF1,
GO_Biological_Process_2023,Positive Regulation Of Chemotaxis (GO:0050921),17/44,6.291057088159423e-13,5.037563963343658e-11,0,0,14.863451614376398,417.5809009148962,PDGFRB;TGFB1;CCL21;NTRK3;RARRES2;PDGFB;TREM2;VEGFA;F7;SMOC2;CNTN1;XCL1;CCL19;STX3;IL6R;MET;LGMN,
GO_Biological_Process_2023,Positive Regulation Of Lymphocyte Proliferation (GO:0050671),21/74,1.338303634282652e-12,1.0455089123432523e-10,0,0,9.38717822823876,256.6418691908252,CD86;CD74;CD40;VCAM1;TFRC;CD80;IL18;LILRB2;TNFSF13B;BST1;CD40LG;PTPRC;CD6;CD209;CCL5;BCL2;IL12B;CCL19;CD46;TNFRSF4;CD276,immune
GO_Biological_Process_2023,Positive Regulation Of Phosphorylation (GO:0042327),37/231,1.4437889351789046e-12,1.1010609427090549e-10,0,0,4.575872900022157,124.75545593528564,DDR1;CD40;TFRC;TREM2;AGER;EGFR;CRKL;C3;ERBB3;CCL5;EPHB4;PDGFRB;CD74;TGFB1;ANGPT1;SEMA4D;EGF;HGF;RARRES2;NTRK3;ADIPOQ;PLAUR;VEGFD;F2;MERTK;MMP9;PGF;VEGFA;EFNA1;AXL;PECAM1;FAS;FAM20A;EPHA1;GAS6;MET;ENG,
GO_Biological_Process_2023,Regulation Of Cell Migration (GO:0030334),53/434,1.7229823646630985e-12,1.2666172868975215e-10,0,0,3.3728659723986114,91.36070049903564,ITGB1;SERPINE2;CSF1;SERPINE1;TNC;PTPRK;CXCL16;ROBO1;CDH5;CDH1;TNN;PLAU;DAG1;ENPP2;TMSB10;PDGFRB;HGF;ADIPOQ;F2R;F7;KIT;ANGPTL3;PECAM1;ADAM9;EPHA1;ENG;HBEGF;GRN;SEMA7A;CCL11;NOTCH1;TNXB;PDGFB;PDGFA;STC1;THY1;EGFR;CLEC7A;CCL5;CGA;CCL24;CD74;TGFB1;SEMA4D;EGF;NTRK3;SOD2;SLURP1;VEGFA;COL1A1;BST2;CNTN1;PLXNB2,
GO_Biological_Process_2023,Positive Regulation Of Cell Motility (GO:2000147),36/221,1.7399675499060553e-12,1.2666172868975215e-10,0,0,4.665110565110565,126.31792024183537,ITGB1;GRN;SEMA7A;CCL11;NOTCH1;CSF1;PDGFB;PDGFA;EGFR;CXCL16;CDH5;PLAU;CLEC7A;CCL5;CCL19;CGA;PDGFRB;CCL24;TGFB1;CCL21;SEMA4D;EGF;HGF;NTRK3;F2R;SOD2;VEGFA;COL1A1;F7;KIT;ANGPTL3;CNTN1;PECAM1;ADAM9;EPHA1;HBEGF,
GO_Biological_Process_2023,Regulation Of Plasminogen Activation (GO:0010755),11/16,2.0724165850815386e-12,1.4751000715591483e-10,0,0,51.6124847001224,1388.494844289644,CLEC3B;SERPINE2;PLAU;F12;CTSZ;SERPINE1;SERPINF2;PLAUR;PLAT;ENO1;MELTF,
GO_Biological_Process_2023,Positive Regulation Of Cell Migration (GO:0030335),40/272,2.981946877020406e-12,2.0763425754557308e-10,0,0,4.144057412917906,109.97683854557307,ITGB1;GRN;SEMA7A;CCL11;NOTCH1;CSF1;PDGFB;PDGFA;EGFR;CRKL;CXCL16;CDH5;HYAL1;PLAU;CLEC7A;CCL5;ENPP2;CCN4;CGA;PDGFRB;CCL24;TGFB1;SEMA4D;EGF;HGF;NTRK3;F2R;FN1;SOD2;VEGFA;COL1A1;F7;PTPRC;KIT;ANGPTL3;CNTN1;PECAM1;ADAM9;EPHA1;HBEGF,
GO_Biological_Process_2023,Regulation Of Inflammatory Response (GO:0050727),37/240,4.698166250250357e-12,3.2017503190535937e-10,0,0,4.370927864584955,114.010621722904,REG3A;GRN;SEMA7A;SERPINE1;CXCL17;TNC;PARK7;PLA2G7;AGER;CDH5;CCL5;CCN4;IL12B;SIRPA;CCN3;APOE;GGT1;IL1R1;ADIPOQ;MMP3;PLA2G2A;IL18;APOA1;IL16;MMP8;TNFRSF1B;SELE;MMP9;IL17RA;TNFRSF1A;BST1;PROC;TNIP1;XCL1;LCP1;MGLL;TLR3,immune
GO_Biological_Process_2023,Regulation Of Protein Phosphorylation (GO:0001932),39/265,5.4609588387861385e-12,3.6440523251316675e-10,0,0,4.143780073353747,107.46229260452554,CD40;TFRC;ITGB2;PDGFA;TREM2;PARK7;AGER;EGFR;CRKL;C3;CDH5;SIRPA;CD74;TGFB1;ANGPT1;SEMA4D;HGF;IGFBP3;RARRES2;NTRK3;ADIPOQ;FN1;PLAUR;SORD;VEGFD;F2;MMP9;PGF;VEGFA;SOD1;EFNA1;BST1;IMPACT;PECAM1;FAS;PLXNB2;FAM20A;GAS6;ENG,
GO_Biological_Process_2023,Positive Regulation Of Response To External Stimulus (GO:0032103),29/155,7.704671713114178e-12,5.036339489205042e-10,0,0,5.486361920654787,140.3915809411873,GRN;SERPINE1;PDGFB;PLAT;TREM2;PLG;PLA2G7;PLAU;CCL5;CCN4;IL12B;CCL19;STX3;SCARF1;PDGFRB;TGFB1;CCL21;RARRES2;SERPINF2;PLA2G2A;IL18;IL16;F2;IL17RA;TNFRSF1A;TNIP1;ADAM8;LCP1;TLR3,
GO_Biological_Process_2023,Negative Regulation Of Endopeptidase Activity (GO:0010951),19/66,1.1879826455679602e-11,7.610216827508352e-10,0,0,9.556715672093206,240.41045401952823,SERPINA11;SERPINA3;SERPINB1;SERPINE2;SERPIND1;SERPINF1;SERPINE1;SERPINF2;SERPINA6;SERPINB8;SERPINA4;SERPINA5;SERPINB6;CST3;TIMP3;FETUB;SERPING1;TIMP1;TIMP4,
GO_Biological_Process_2023,Cell-Matrix Adhesion (GO:0007160),24/109,1.3536258904161311e-11,8.501301425495818e-10,0,0,6.703072870939421,167.74875013744406,DDR1;ITGB1;VCAM1;ITGAM;CCL21;ITGB2;FN1;THY1;PTPRK;NID2;PKD1;LYVE1;COL3A1;ADAMTS13;TNN;ANGPTL3;ADAM9;ITGBL1;ITGAV;ITGB7;HPSE;ITGA5;SIGLEC1;CD34,
GO_Biological_Process_2023,Antimicrobial Humoral Response (GO:0019730),23/100,1.3882926702948553e-11,8.551348890296965e-10,0,0,7.085343228200371,177.13614082030784,WFDC12;REG3A;CXCL6;CCL13;CXCL9;PLA2G1B;REG1B;RARRES2;REG1A;CXCL1;AZU1;PPBP;CXCL13;CXCL3;F2;F3;CXCL10;CXCL11;GNLY;PRTN3;PI3;PGLYRP1;PRSS2,
GO_Biological_Process_2023,Positive Regulation Of Hydrolase Activity (GO:0051345),30/176,3.8937141356753687e-11,2.3531257314279635e-09,0,0,4.8990627253064165,117.4259897926962,RTN4R;ITGB1;CCL14;CCL13;CD40;CCL11;THY1;CTSV;CTSS;CCL8;CCL5;PSAP;CCL4;CCL19;CCL18;CCL17;CCL16;CCL15;CCL25;CCL24;CCL23;CCL22;CCL21;SEMA4D;CCL20;F2R;APOA1;XCL1;PRTN3;AGRN,
GO_Biological_Process_2023,Regulation Of Phosphatidylinositol 3-Kinase Signaling (GO:0014066),21/90,8.019208497130647e-11,4.756578669686937e-09,0,0,7.20440709013523,167.47794318403035,DDR1;PDGFRB;SEMA4D;EGF;HGF;NTRK3;F2R;IL18;PDGFB;FN1;PDGFA;TREM2;EGFR;CRNN;SELP;ERBB3;PIK3IP1;CCL5;KIT;HCLS1;PTPN6,
GO_Biological_Process_2023,Regulation Of Fibrinolysis (GO:0051917),10/16,8.953329138990992e-11,5.214093314943299e-09,0,0,39.05052974735126,903.4890899516917,PLAU;F12;F11;SERPINE1;SERPINF2;PLAUR;PLAT;PLG;F2;KLKB1,
GO_Biological_Process_2023,Regulation Of Angiogenesis (GO:0045765),32/205,9.42999906005647e-11,5.393622676671584e-09,0,0,4.41490690446452,101.91609514702051,ITGB1;CD40;ECM1;GRN;HSPB6;SERPINE1;FASLG;PRL;CXCL13;THBS2;THBS4;CDH5;HHEX;HYAL1;CD34;ANXA3;CD160;SERPINF1;TNFSF12;SPINK5;VEGFD;HSPG2;PGF;VEGFA;SMOC2;CXCL10;LRG1;ANGPTL3;CNTN1;CHI3L1;ANGPTL4;EPHA1,vascular
GO_Biological_Process_2023,Extracellular Matrix Disassembly (GO:0022617),15/44,1.1868913011851304e-10,6.669496206484162e-09,0,0,12.179030410993764,278.3458136406892,MMP1;MMP3;KLK4;CAPG;PLG;CTSV;MMP8;MMP9;CTSS;MMP10;MMP12;ADAM8;LCP1;TPSAB1;PRSS2,
GO_Biological_Process_2023,Positive Regulation Of Protein Kinase B Signaling (GO:0051897),21/93,1.551318789564202e-10,8.567024280989895e-09,0,0,6.903139198678232,155.91944843032428,ITGB1;TGFB1;ANGPT1;CCL21;EGF;GDF15;IL18;PDGFA;PARK7;EGFR;F7;AXL;GFRAL;CNTN1;CHI3L1;HCLS1;CCL19;HPSE;GAS6;ENG;HBEGF,
GO_Biological_Process_2023,Cellular Response To Lipopolysaccharide (GO:0071222),24/124,2.363793697778194e-10,1.2832595277938231e-08,0,0,5.693134328358209,126.19164206885132,CD86;CXCL6;CXCL9;TGFB1;CD80;SERPINE1;IL18;CXCL1;LILRB1;PPBP;LILRB2;CXCL13;CXCL3;TNFRSF1B;CXCL10;CXCL11;CASP7;CD6;TNIP1;AXL;CCL5;SIRPA;ADAM9;CD14,
GO_Biological_Process_2023,Cellular Component Disassembly (GO:0022411),15/46,2.4448437845620913e-10,1.2945073282482134e-08,0,0,11.392096179026307,252.12838825375496,MMP1;MMP3;KLK4;CAPG;PLG;CTSV;MMP8;MMP9;CTSS;MMP10;MMP12;ADAM8;LCP1;TPSAB1;PRSS2,
GO_Biological_Process_2023,Positive Regulation Of Phosphatidylinositol 3-Kinase Signaling (GO:0014068),18/69,2.5057587996062825e-10,1.2945073282482134e-08,0,0,8.331590413943355,184.18862988954533,DDR1;PDGFRB;SEMA4D;EGF;HGF;NTRK3;F2R;IL18;PDGFB;FN1;PDGFA;TREM2;SELP;ERBB3;CCL5;KIT;HCLS1;PTPN6,
GO_Biological_Process_2023,Regulation Of Endopeptidase Activity (GO:0052548),18/69,2.5057587996062825e-10,1.2945073282482134e-08,0,0,8.331590413943355,184.18862988954533,SERPINA11;SERPINA3;SERPINB1;SERPINE2;SERPIND1;SERPINF1;SERPINE1;SERPINF2;SERPINA6;SERPINB8;SERPINA4;SERPINA5;SERPINB6;TIMP3;FETUB;SERPING1;TIMP1;TIMP4,
GO_Biological_Process_2023,Positive Regulation Of Leukocyte Chemotaxis (GO:0002690),16/54,3.1119714162163537e-10,1.5821657851017434e-08,0,0,9.921700803733472,217.1919291310428,CSF1;RARRES2;SERPINE1;CXCL17;VEGFD;PLA2G7;PGF;VEGFA;F7;CXCL10;CCL5;XCL1;LGALS9;GAS6;IL6R;LGMN,immune
GO_Biological_Process_2023,Positive Regulation Of Endocytosis (GO:0045807),19/79,3.6509629453768576e-10,1.8271928615690743e-08,0,0,7.481005356407087,162.56867988344968,CCL21;SERPINE1;APOA1;TREM2;AZU1;MERTK;CLU;F3;SIRPB1;C3;CLEC7A;AXL;SMPD1;SIRPA;APOE;CCL19;GAS6;B2M;MBL2,
GO_Biological_Process_2023,Response To Lipopolysaccharide (GO:0032496),27/159,4.025695675027558e-10,1.9837389610943493e-08,0,0,4.862104187946884,105.18264475028174,CD86;CXCL6;CXCL9;CD80;SERPINE1;CXCL1;TNFRSF11A;CXCL13;CXCL3;CASP7;SIRPA;LGALS9;CD14;F2R;LILRB1;PPBP;LILRB2;TNFRSF1B;SELE;SELP;CXCL10;CXCL11;CD6;TNIP1;AXL;ADAM9;IFNAR1,
GO_Biological_Process_2023,Positive Regulation Of Angiogenesis (GO:0045766),23/119,5.75744792777401e-10,2.7941069261606292e-08,0,0,5.677380952380952,120.7883044380792,ITGB1;CD40;ECM1;GRN;HSPB6;ANXA3;TNFSF12;SERPINE1;VEGFD;PGF;VEGFA;CDH5;SMOC2;LRG1;TNN;HYAL1;CNTN1;ANGPTL3;CHI3L1;ANGPTL4;ITGA5;EPHA1;CD34,vascular
GO_Biological_Process_2023,Regulation Of Blood Coagulation (GO:0030193),12/29,6.346620728963734e-10,3.0340636111747525e-08,0,0,16.57006920415225,350.9197396418554,PROC;SERPINE2;PLAU;F12;SERPINE1;F2R;PLAUR;GP1BA;APOE;HPSE;TFPI;F2,
GO_Biological_Process_2023,Heterophilic Cell-Cell Adhesion Via Plasma Membrane Cell Adhesion Molecules (GO:0007157),15/49,6.701753411323784e-10,3.156722967127953e-08,0,0,10.385283264597351,219.37334134836075,REG3A;CD164;VCAM1;UMOD;PVR;SELE;CEACAM19;ICAM1;SELP;ALCAM;CD6;SELL;CD209;SCARF2;SCARF1,
GO_Biological_Process_2023,Negative Regulation Of Apoptotic Process (GO:0043066),51/482,8.441461838295544e-10,3.91855105334212e-08,0,0,2.854070178896165,59.629218991346434,ITGB1;TFRC;TREM2;PARK7;TRIAP1;CLU;MPO;COMP;LAMP3;DFFA;HGF;F2R;PLAUR;DKK1;PRAP1;MMP9;TAX1BP1;HCLS1;ADAM8;ANGPTL4;ITGA5;GAS6;FXN;NOTCH2;YAP1;GRN;NOTCH1;EGFR;PRDX5;PTPRZ1;ERBB3;APOE;TXNDC5;CD74;ANGPT1;SEMA4D;BDNF;AZU1;MERTK;SOD2;VEGFA;SOD1;FABP1;CD40LG;PROC;AXL;BCL2;FAS;CRLF1;LGMN;HSPA1A,
GO_Biological_Process_2023,Integrin-Mediated Signaling Pathway (GO:0007229),19/85,1.3902821751284059e-09,6.285193665938212e-08,0,0,6.798778889013747,138.65265888237784,ITGB1;SEMA7A;ITGAM;FYB1;MPIG6B;ITGB2;FN1;APOA1;THY1;COL3A1;ADAMTS13;CD40LG;ANGPTL3;ADAM9;MYH9;ITGBL1;ITGAV;ITGB7;ITGA5,
GO_Biological_Process_2023,Positive Regulation Of Vasculature Development (GO:1904018),21/104,1.3932211997552698e-09,6.285193665938212e-08,0,0,5.984816589779191,122.04026941880632,ITGB1;CD40;ECM1;GRN;HSPB6;ANXA3;TNFSF12;SERPINE1;VEGFD;PGF;VEGFA;CDH5;SMOC2;LRG1;HYAL1;CNTN1;ANGPTL3;CHI3L1;ANGPTL4;EPHA1;CD34,
GO_Biological_Process_2023,Defense Response To Bacterium (GO:0042742),30/204,1.5825530956655343e-09,7.040163285300982e-08,0,0,4.104658197217181,83.17772304698444,WFDC12;COLEC12;FCN2;PGLYRP2;PLA2G1B;SERPINE1;STAB2;UMOD;TREM2;CFP;CXCL13;MPO;GNLY;IL12B;TNFRSF14;PI3;PGLYRP1;IL6R;GBP1;MBL2;CHGA;ANXA3;RARRES2;PLA2G2A;IL18;AZU1;F3;SELP;LCN2;TLR3,
GO_Biological_Process_2023,Regulation Of Protein Kinase B Signaling (GO:0051896),24/136,1.694110913813923e-09,7.433201721843831e-08,0,0,5.07995735607676,102.59536622196616,ITGB1;TGFB1;ANGPT1;CCL21;EGF;GDF15;NTRK3;IL18;SORD;PDGFA;PARK7;EGFR;F7;AXL;GFRAL;DAG1;CNTN1;CHI3L1;HCLS1;HPSE;CCL19;GAS6;ENG;HBEGF,
GO_Biological_Process_2023,Positive Regulation Of Interleukin-8 Production (GO:0032757),16/61,2.279918448818041e-09,9.868349718329981e-08,0,0,8.375259989053092,166.66035516743028,CD74;PLA2G1B;SERPINE1;F2R;PARK7;PRG3;LILRA2;CLEC7A;CNTN1;CHI3L1;LGALS9;CD14;CD58;TLR3;CD244;HSPA1A,immune
GO_Biological_Process_2023,Positive Regulation Of Blood Coagulation (GO:0030194),10/21,3.264271997899204e-09,1.3940617612361533e-07,0,0,21.29473216270282,416.1039444568576,PLAU;F12;F2R;SERPINE1;SERPINF2;CNTN1;PLAT;PLG;HPSE;F2,
GO_Biological_Process_2023,Regulation Of Interleukin-8 Production (GO:0032677),18/81,4.16000261102192e-09,1.753222153039896e-07,0,0,6.740388007054674,130.07432357325305,CD74;PLA2G1B;SERPINE1;F2R;SSC5D;PARK7;PRG3;LILRA2;PTPRC;CLEC7A;CNTN1;CHI3L1;LGALS9;CD14;CD58;TLR3;CD244;HSPA1A,immune
GO_Biological_Process_2023,Regulation Of GTPase Activity (GO:0043087),30/214,5.0072391478863566e-09,2.082881427361039e-07,0,0,3.8795357960117687,74.14716678752461,CCL14;RTN4R;ITGB1;CCL13;CD40;CCL11;THY1;KLRK1;CCL8;CCL5;CCL4;CCL19;CCL18;CCL17;CCL16;CCL15;CCL25;CCL24;CCL23;CCL22;CCL21;SEMA4D;CCL20;F2R;SOD1;PLXNB2;XCL1;PRTN3;EPHA1;AGRN,
GO_Biological_Process_2023,Positive Regulation Of Tumor Necrosis Factor Superfamily Cytokine Production (GO:1903557),18/82,5.126341916039641e-09,2.105086302189099e-07,0,0,6.634722222222222,126.64937326681604,CD86;ORM1;IFNGR1;AZU1;MMP8;LILRA2;CLU;AGER;PTPRC;CLEC7A;IL12B;TNFRSF8;LGALS9;LCP1;CCL19;CD14;TLR3;HAVCR2,immune
GO_Biological_Process_2023,Regulation Of Cell Adhesion (GO:0030155),24/144,5.540363890325747e-09,2.2463019671789075e-07,0,0,4.739303482587065,90.0998731649868,CD164;TNXB;ANGPT1;SEMA4D;TNC;IL18;PLAUR;AZU1;NID1;VEGFA;EFNA1;ATXN3;ERBB3;PLAU;TNN;HYAL1;CCL5;IL12B;PLXNB2;ADAM8;ITGAV;TGFBI;STX3;PRSS2,
GO_Biological_Process_2023,Positive Regulation Of Epithelial Cell Proliferation (GO:0050679),22/123,6.210453122385463e-09,2.466788601173969e-07,0,0,5.153944426700734,97.3942526395356,NOTCH2;YAP1;REG3A;CCL24;ECM1;GRN;CCL11;EGF;TNFSF12;PDGFB;VEGFD;PGF;EGFR;THBS4;VEGFA;CRNN;MMP12;NELL2;CDH3;LRG1;HYAL1;CNTN1,
GO_Biological_Process_2023,Antimicrobial Humoral Immune Response Mediated By Antimicrobial Peptide (GO:0061844),16/65,6.2382103245423505e-09,2.466788601173969e-07,0,0,7.689956770885694,145.28306583632855,CXCL6;CCL13;REG3A;CXCL9;PLA2G1B;REG1B;REG1A;CXCL1;PPBP;CXCL13;CXCL3;F2;CXCL10;CXCL11;GNLY;PGLYRP1,immune
GO_Biological_Process_2023,Positive Regulation Of Receptor-Mediated Endocytosis (GO:0048260),13/43,1.1041613707124118e-08,4.312962037063238e-07,0,0,10.177750511247444,186.47261919026732,CCL14;ANGPT1;CCL21;EGF;SERPINE1;PCSK9;CLU;F3;SELE;VEGFA;C3;CCL19;B2M,
GO_Biological_Process_2023,Positive Regulation Of Phagocytosis (GO:0050766),15/60,1.478361470813832e-08,5.705050350622535e-07,0,0,7.8421484214842145,141.3919471434393,FCN2;APOA1;TREM2;AZU1;CFP;MERTK;SIRPB1;C2;C3;PTPRC;CLEC7A;SIRPA;GAS6;CD300LF;MBL2,
GO_Biological_Process_2023,Positive Regulation Of Protein Modification Process (GO:0031401),30/225,1.6291251253855666e-08,6.212009257869012e-07,0,0,3.658569500674764,65.607801012399,CD40;TFRC;TREM2;AGER;EGFR;CRKL;C3;CDH5;SMPD1;CD74;TGFB1;ANGPT1;SEMA4D;HGF;RARRES2;NTRK3;ADIPOQ;PLAUR;VEGFD;LILRB2;F2;MMP9;PGF;VEGFA;EFNA1;PECAM1;FAS;FAM20A;GAS6;ENG,electrolyte transport
GO_Biological_Process_2023,Positive Regulation Of Signal Transduction (GO:0009967),33/266,1.9221375360281098e-08,7.243066503409453e-07,0,0,3.3740221880314194,59.94707168767066,YAP1;TNXB;CD80;TREM2;CTSV;NID1;CTSS;ROBO1;C3;ESM1;HHEX;CDH3;RSPO3;CCN3;ITGAV;FGFBP3;CD74;TGFB1;BDNF;ADIPOQ;KLK14;VEGFA;ERN1;F7;SMOC2;PTPRC;AXL;APEX1;CNTN1;FAS;ITGA5;GAS6;IL7R,
GO_Biological_Process_2023,Regulation Of Endothelial Cell Proliferation (GO:0001936),18/93,4.1574143588293255e-08,1.5483951385267823e-06,0,0,5.6583703703703705,96.16845990909364,CCL24;ECM1;CCL11;ANGPT1;EGF;TNFSF12;SORD;PDGFB;VEGFD;PRL;PGF;THBS4;VEGFA;ATP5IF1;NELL2;LRG1;CNTN1;APOE,vascular
GO_Biological_Process_2023,Positive Regulation Of Kinase Activity (GO:0033674),19/104,4.6798020146323466e-08,1.7229202129732649e-06,0,0,5.2738020795462806,89.00819874323388,PDGFRB;DDR1;CD74;CSF1;CCL21;NTRK3;TREM2;AZU1;F2;MERTK;EGFR;PTPRC;ERBB3;AXL;CCL19;EPHA1;GAS6;MET;EPHB4,
GO_Biological_Process_2023,Positive Regulation Of T Cell Proliferation (GO:0042102),15/65,4.7506487016716045e-08,1.7291281581197897e-06,0,0,7.056088560885609,118.9825846899633,CD86;VCAM1;TFRC;CD80;IL18;LILRB2;CD40LG;PTPRC;CD6;CD209;CCL5;IL12B;CCL19;CD46;CD276,immune
GO_Biological_Process_2023,Regulation Of Tumor Necrosis Factor Production (GO:0032680),21/127,5.7038521772712326e-08,2.052745901550535e-06,0,0,4.680577961703023,78.06988254618533,ORM1;IFNGR1;LILRB1;AZU1;MMP8;LILRA2;CLU;AGER;PTPRC;CLEC7A;IL12B;SIRPA;TNFRSF8;PTPN6;LGALS9;CD14;LCP1;CCL19;GAS6;TLR3;HAVCR2,
GO_Biological_Process_2023,Positive Regulation Of Macromolecule Metabolic Process (GO:0010604),39/364,5.997844764154818e-08,2.134566308843098e-06,0,0,2.866463878326996,47.667232005463134,YAP1;CALCOCO1;NOTCH1;TFRC;CSF1;PDCD5;PDGFB;TNC;TREM2;PARK7;CLU;ROBO1;CDH5;C1QTNF1;CDH3;CLEC7A;LAMP3;LGALS9;CD34;CD74;MAP2K1;TGFB1;ANGPT1;IFNGR1;EGF;NTRK3;FN1;LILRB1;AZU1;MMP8;DKK1;VEGFA;DNAJA4;CNTN1;CD46;GAS6;TLR3;HSPA1A;EIF4G1,
GO_Biological_Process_2023,Negative Regulation Of Proteolysis (GO:0045861),12/41,6.105606343268254e-08,2.149039243680024e-06,0,0,9.70740365111562,161.2542767782841,CST3;EFNA1;CSTB;ECM1;SERPINE2;TIMP3;PLAT;TIMP1;CST7;F2;TIMP4;CTSB,
GO_Biological_Process_2023,Cellular Response To Molecule Of Bacterial Origin (GO:0071219),20/117,6.652969769212772e-08,2.316245888129186e-06,0,0,4.867561498417883,80.43945902855998,CD86;CXCL6;CXCL9;CD80;SERPINE1;CXCL1;LILRB1;PPBP;LILRB2;CXCL13;CXCL3;TNFRSF1B;CXCL10;CXCL11;CASP7;TNIP1;AXL;SIRPA;ADAM9;CD14,
GO_Biological_Process_2023,Positive Regulation Of T Cell Activation (GO:0050870),19/107,7.53048449056807e-08,2.593563636912852e-06,0,0,5.0932127205303965,83.53745588377863,CD86;VCAM1;TFRC;CD80;THY1;LILRB2;SIRPB1;PTPRC;CD40LG;CD6;CD209;CCL5;IL12B;SIRPA;LGALS9;CCL19;CD46;B2M;CD276,immune
GO_Biological_Process_2023,Positive Regulation Of Tumor Necrosis Factor Production (GO:0032760),16/78,1.0003612223363197e-07,3.3854010254744905e-06,0,0,6.073414905450501,97.88968891702454,ORM1;IFNGR1;AZU1;MMP8;LILRA2;CLU;PTPRC;CLEC7A;IL12B;TNFRSF8;LGALS9;LCP1;CCL19;CD14;TLR3;HAVCR2,
GO_Biological_Process_2023,Negative Regulation Of Neuron Death (GO:1901215),17/88,1.0146690554029069e-07,3.3854010254744905e-06,0,0,5.6393081051041145,90.8127849877905,CHGA;GRN;CSF1;BDNF;F2R;PARK7;TNFRSF1B;SOD2;CLU;SOD1;ERBB3;PTPRZ1;BCL2;APOE;CRLF1;EIF4G1;LGMN,
GO_Biological_Process_2023,Positive Regulation Of Cell Adhesion (GO:0045785),17/88,1.0146690554029069e-07,3.3854010254744905e-06,0,0,5.6393081051041145,90.8127849877905,VIT;MEGF10;CCL21;PDGFB;AZU1;NID1;FBLN2;FSTL3;VEGFA;HYAL1;CCL5;IL12B;ADAM9;ITGAV;ADAM8;STX3;PRSS2,
GO_Biological_Process_2023,Negative Regulation Of Multicellular Organismal Process (GO:0051241),29/231,1.070719905083504e-07,3.535583356682951e-06,0,0,3.408530465061525,54.70611098341248,LRPAP1;REG3A;GRN;NOTCH1;LAMA4;STC1;ADM;TREM2;AGER;EGFR;ROBO1;CRHBP;APOM;TIMP1;RAB11FIP3;IFNGR1;GDF15;ADIPOQ;F2R;ACOT13;APOA1;APOA4;DKK1;VASN;EFNA1;PROC;ALDH1A1;GAS6;IL18R1,
GO_Biological_Process_2023,Fibrinolysis (GO:0042730),7/12,1.3418881284927998e-07,4.38578334241065e-06,0,0,32.68428745432399,517.1967522643102,PLAU;SERPINE1;SERPINF2;GP1BA;PLAT;PLG;F2,
GO_Biological_Process_2023,Heterotypic Cell-Cell Adhesion (GO:0034113),10/29,1.370626554969357e-07,4.434461470269547e-06,0,0,12.323381804143612,194.74427903979213,ITGB1;VCAM1;ITGB2;ITGAV;ITGB7;DSG2;CD58;LILRB2;ITGA5;DSC2,
GO_Biological_Process_2023,Positive Regulation Of GTPase Activity (GO:0043547),29/234,1.4177353128074833e-07,4.541006206922369e-06,0,0,3.3581183796819194,52.95428593629366,CCL14;RTN4R;ITGB1;CCL13;CD40;CCL11;THY1;CXCL13;CCL8;CCL5;CCL4;CCL19;CCL18;CCL17;CCL16;CCL15;CCL25;CCL24;CCL23;CCL22;CCL21;SEMA4D;CCL20;NTRK3;F2R;XCL1;PRTN3;EPHA1;AGRN,
GO_Biological_Process_2023,Regulation Of B Cell Proliferation (GO:0030888),12/44,1.453912787251213e-07,4.610774908480828e-06,0,0,8.795955882352942,138.4820979130776,CD74;BST1;CD40;PTPRC;TFRC;TNFRSF13B;BCL2;MZB1;TNFRSF4;CD22;TNFRSF21;TNFSF13B,immune
GO_Biological_Process_2023,Positive Regulation Of MAP Kinase Activity (GO:0043406),17/91,1.6925890221958652e-07,5.315061409895448e-06,0,0,5.409837704535608,84.34930405281041,PDGFRB;CD40;TGFB1;PLA2G1B;EGF;NTRK3;PDGFB;PDGFA;TNFRSF11A;DKK1;EGFR;ROBO1;VEGFA;ERN1;KIT;ADAM9;CCL19,
GO_Biological_Process_2023,Positive Regulation Of Chemokine Production (GO:0032722),13/53,1.7307212943096197e-07,5.382039131722049e-06,0,0,7.629325153374233,118.78521586984044,CD74;ADIPOQ;IL18;EIF2AK2;AZU1;AGER;IL17RA;CLEC7A;LGALS9;LCP1;IL6R;TLR3;MBL2,immune
GO_Biological_Process_2023,Protein Catabolic Process (GO:0030163),18/102,1.8226051628084392e-07,5.613273400457145e-06,0,0,5.04973544973545,78.36093001866182,CPA2;CELA2A;GZMA;CTSZ;PCSK9;CTSV;CTSS;CASP7;CASP8;CTRL;CASP3;LAMP2;TPP1;APOE;CTSD;CTSC;LGMN;CTSB,
GO_Biological_Process_2023,Regulation Of Interleukin-6 Production (GO:0032675),19/114,2.1347941697439666e-07,6.512138786371358e-06,0,0,4.71619283065513,72.43942689031408,CD74;ORM1;F2R;TREM2;IL16;LILRB2;MMP8;LILRA2;AGER;IL17RA;CLEC7A;SIRPA;PTPN6;LGALS9;LCP1;GAS6;IL6R;TLR3;MBL2,immune
GO_Biological_Process_2023,Regulation Of Smooth Muscle Cell Proliferation (GO:0048660),13/54,2.1937899681847879e-07,6.628971007637617e-06,0,0,7.442855005237169,114.11731404484004,PDGFRB;TGFB1;IGFBP3;SERPINF2;IL18;PDGFB;CCL5;OGN;CCN4;IL12B;APOD;APOE;IL6R,
GO_Biological_Process_2023,Cellular Response To Lipid (GO:0071396),28/228,2.8079749753565945e-07,8.270878773977996e-06,0,0,3.3201,50.08580705799945,CD86;CXCL6;CXCL9;CD80;SERPINE1;TWF2;CXCL1;TREM2;CXCL13;CXCL3;TFPI;EGFR;CRHBP;CASP7;SPP1;SIRPA;CD14;LILRB1;PPBP;LILRB2;TNFRSF1B;CXCL10;CXCL11;TNIP1;AXL;ADAM9;LCP1;HSPA1A,
GO_Biological_Process_2023,Positive Regulation Of Leukocyte Migration (GO:0002687),10/31,2.814629367354361e-07,8.270878773977996e-06,0,0,11.148562114332286,168.1567174250384,LGALS3;F7;CSF1;XCL1;ADAM8;THY1;IL6R;LYVE1;ICAM1;VEGFA,immune
GO_Biological_Process_2023,Positive Regulation Of Mononuclear Cell Migration (GO:0071677),10/31,2.814629367354361e-07,8.270878773977996e-06,0,0,11.148562114332286,168.1567174250384,LGALS3;CXCL10;CCL5;SERPINE1;CXCL17;LGALS9;GAS6;PLA2G7;JAM2;LGMN,
GO_Biological_Process_2023,Endocytosis (GO:0006897),25/189,2.94982620162742e-07,8.589357567102385e-06,0,0,3.608419645840294,54.25745856601496,ITGB1;ITGAM;ITGB2;STAB2;CORO1A;MESD;CXCL16;DNER;APOE;CD14;SCARF1;LDLR;PDLIM7;MSR1;CD93;SCARA5;ANXA3;HIP1R;MERTK;HSPG2;IGF2R;AXL;PECAM1;GAS6;MET,
GO_Biological_Process_2023,Regulation Of Receptor-Mediated Endocytosis (GO:0048259),11/39,3.316196993044707e-07,9.56917024209207e-06,0,0,9.20545549921315,137.33874058329326,C3;LRPAP1;CCL21;SERPINE1;APOC1;HIP1R;CCL19;CLU;B2M;DKK1;F3,
GO_Biological_Process_2023,Negative Regulation Of Extracellular Matrix Organization (GO:1903054),6/9,3.732236941860003e-07,1.0673531182837132e-05,0,0,46.63990267639903,690.3212982627389,CST3;DPP4;NOTCH1;TGFB1;TNFRSF1B;TNFRSF1A,
GO_Biological_Process_2023,Leukocyte Adhesion To Vascular Endothelial Cell (GO:0061756),8/19,4.199711237493498e-07,1.1799714994466382e-05,0,0,16.994235033259425,249.5277105100124,ITGB1;SELP;VCAM1;LRG1;SELL;ITGB7;SELE;JAM2,immune;vascular
GO_Biological_Process_2023,Regulation Of Smooth Muscle Cell Migration (GO:0014910),8/19,4.199711237493498e-07,1.1799714994466382e-05,0,0,16.994235033259425,249.5277105100124,PDGFRB;PLAU;IGFBP3;CCL5;SERPINE1;PDGFB;PDGFA;CCN4,
GO_Biological_Process_2023,Negative Regulation Of Cellular Process (GO:0048523),48/537,4.948294813579177e-07,1.378207677208183e-05,0,0,2.35117193644801,34.13678905415281,CDA;COL18A1;NOTCH1;PDCD5;TREM2;PLG;UMOD;CXCL1;ENO1;SPINT2;PARK7;PTPRK;CLU;PPP1R9B;ERBB3;HYAL1;CCN5;TNFRSF8;CCN4;IGFBP7;CCN3;IGFBP6;CCN2;JAM2;ENPP7;CD164;CCL23;MAP2K1;TGFB1;ANGPT1;SEMA4D;IGFBP3;SUSD2;F2R;EIF2AK2;APOA1;LILRB1;SOD2;SLURP1;BST2;FABP3;PLXNB2;MYH9;PTPN6;TGFBI;CHMP6;TNFRSF21;HSPA1A,
GO_Biological_Process_2023,Regulation Of Phagocytosis (GO:0050764),13/58,5.359586597240836e-07,1.4798927474967585e-05,0,0,6.779850034083163,97.89567031705587,ADIPOQ;APOA1;TREM2;AZU1;MERTK;SIRPB1;PTPRC;CLEC7A;SIRPA;ITGAV;PRTN3;GAS6;MBL2,
GO_Biological_Process_2023,Cell Chemotaxis (GO:0060326),12/50,6.657509609337105e-07,1.8225643827954484e-05,0,0,7.404798761609907,105.31364091761763,PDGFRB;CCL25;BIN2;CCL21;CCL20;HGF;KIT;PDGFB;CCN3;AZU1;HBEGF;VEGFA,
GO_Biological_Process_2023,Negative Regulation Of Plasminogen Activation (GO:0010757),5/6,6.964913148716906e-07,1.8905607470627328e-05,0,0,116.47023086269743,1651.2229814939403,SERPINE2;PLAU;SERPINE1;SERPINF2;PLAT,
GO_Biological_Process_2023,Negative Regulation Of Signal Transduction (GO:0009968),30/267,7.372686531041318e-07,1.9844298284811214e-05,0,0,3.003553186764379,42.41111257694652,LRPAP1;TREM2;LILRA2;FSTL3;CRHBP;HHEX;ERBB3;WIF1;SMPD1;GPC1;CCL5;PALM;IL12B;APOD;BRAP;MPIG6B;GDF15;BDNF;IGFBP3;ADIPOQ;SORD;KLK14;DKK1;DLK1;DKK3;BPIFB1;PTPRC;CILP;BCL2;LGMN,
GO_Biological_Process_2023,Positive Regulation Of Gene Expression (GO:0010628),44/480,7.529676064668486e-07,2.009796036261097e-05,0,0,2.411720651563378,34.00343703238034,YAP1;CALCOCO1;NOTCH1;TFRC;CSF1;PDCD5;PDGFB;TNC;DPY30;TREM2;PARK7;CLU;ROBO1;CDH5;C1QTNF1;CDH3;CLEC7A;LAMP3;LGALS9;CD34;CD74;MAP2K1;TGFB1;ANGPT1;IFNGR1;EGF;NTRK3;FN1;CIRBP;EIF2AK2;LILRB1;AZU1;MMP8;DKK1;VEGFA;SOD1;ERN1;DNAJA4;CNTN1;PLXNB2;GAS6;CD46;TLR3;HSPA1A,
GO_Biological_Process_2023,Negative Regulation Of Macromolecule Metabolic Process (GO:0010605),24/186,8.020868846246486e-07,2.1232101582254126e-05,0,0,3.5028560899207664,49.166259367805566,NOTCH2;YAP1;MSR1;NOTCH1;TGFB1;PDGFB;SORD;PCSK9;PARK7;LILRB2;MMP8;CRKL;ROBO1;VEGFA;CILP;STC2;LGALS9;APOE;CD46;CD34;LDLR;LGMN;HAVCR2;ENG,
GO_Biological_Process_2023,Transmembrane Receptor Protein Tyrosine Kinase Signaling Pathway (GO:0007169),31/284,9.077472520787612e-07,2.383208564269076e-05,0,0,2.9085801002772254,40.46503850395423,DDR1;CSF1;PDGFB;PDGFA;PLAT;EGFR;ERBB3;CASP3;EPHB4;PDGFRB;ANGPT2;ANGPT1;GDF15;BDNF;HGF;RARRES2;NTRK3;VEGFD;MERTK;MMP9;MTSS1;PGF;VEGFA;EFNA1;AXL;CD8A;APEX1;GFRAL;KIT;EPHA1;MET,
GO_Biological_Process_2023,Glycosaminoglycan Catabolic Process (GO:0006027),7/15,9.773226035422443e-07,2.545011625321796e-05,0,0,20.42448233861145,282.6431580379803,TGFB1;IDUA;HYAL1;FUCA1;IDS;GUSB;SGSH,
GO_Biological_Process_2023,Negative Regulation Of Cytokine Production (GO:0001818),23/178,1.3210464849133111e-06,3.412348299336561e-05,0,0,3.5054377880184333,47.45341400942906,ORM1;FN1;APOA1;SSC5D;TREM2;LILRB1;F2;MMP8;AGER;PTPRC;AXL;IL12B;SIRPA;XCL1;APOD;PTPN6;LGALS9;VSIG4;GAS6;CD34;GBP1;TNFRSF21;HAVCR2,immune
GO_Biological_Process_2023,Zymogen Activation (GO:0031638),11/45,1.5999901923044202e-06,4.099814868760846e-05,0,0,7.57858737130103,101.14013672903776,CASP8;F9;C1R;PLAU;F12;C1RL;F11;PLAT;GGT1;KLKB1;LGMN,
GO_Biological_Process_2023,Positive Regulation Of Positive Chemotaxis (GO:0050927),7/16,1.67532479618266e-06,4.2252482851756376e-05,0,0,18.15414805792394,241.44115569608132,F7;NTRK3;CNTN1;IL16;VEGFD;PGF;VEGFA,
GO_Biological_Process_2023,Regulation Of Transforming Growth Factor Beta Production (GO:0071634),7/16,1.67532479618266e-06,4.2252482851756376e-05,0,0,18.15414805792394,241.44115569608132,SERPINF2;FN1;XCL1;LILRB1;ITGAV;LGALS9;CD46,
GO_Biological_Process_2023,Negative Regulation Of Fibrinolysis (GO:0051918),6/11,1.911000995795323e-06,4.744911774831334e-05,0,0,27.98102189781022,368.4508329691183,PLAU;SERPINE1;SERPINF2;PLAT;PLG;F2,
GO_Biological_Process_2023,Negative Regulation Of Leukocyte Apoptotic Process (GO:2000107),6/11,1.911000995795323e-06,4.744911774831334e-05,0,0,27.98102189781022,368.4508329691183,CCL21;HCLS1;LILRB1;CCL19;GAS6;MERTK,immune
GO_Biological_Process_2023,Extracellular Structure Organization (GO:0043062),17/109,2.3929048294440304e-06,5.895749360545561e-05,0,0,4.3472899801640486,56.26698516940873,VIT;COL15A1;MMP1;SPINK5;MMP3;MMP8;MMP9;MMP10;COL1A1;MMP12;SMOC2;COL3A1;ADAMTS13;SPINT1;SMOC1;TGFBI;MATN2,
GO_Biological_Process_2023,Regulation Of Wound Healing (GO:0061041),11/47,2.545251091946573e-06,6.223236066797614e-05,0,0,7.156806745546036,92.18884055520076,ITGB1;APCS;REG3A;CLEC7A;PLAU;CD109;SERPINE1;F2R;GP1BA;F2;HBEGF,
GO_Biological_Process_2023,Regulation Of Type II Interferon Production (GO:0032649),15/87,2.5812901848388613e-06,6.263539743968843e-05,0,0,4.894423944239443,62.97763559770781,IL1R1;IL18;LILRB1;CLEC7A;IL12B;SIRPA;XCL1;LGALS9;CD14;GAS6;TLR3;CD244;IL18R1;HAVCR2;CD276,immune
GO_Biological_Process_2023,External Encapsulating Structure Organization (GO:0045229),17/110,2.722858674836848e-06,6.557380703385282e-05,0,0,4.300319531177492,55.10355587610218,VIT;COL15A1;MMP1;SPINK5;MMP3;MMP8;MMP9;MMP10;COL1A1;MMP12;SMOC2;COL3A1;ADAMTS13;SPINT1;SMOC1;TGFBI;MATN2,
GO_Biological_Process_2023,Leukocyte Tethering Or Rolling (GO:0050901),7/17,2.7462531144408068e-06,6.564364720562615e-05,0,0,16.337880633373935,209.21102304536436,ITGB1;SELP;VCAM1;SELL;ITGB7;SELE;JAM2,immune
GO_Biological_Process_2023,Receptor-Mediated Endocytosis (GO:0006898),18/122,2.7706560895173083e-06,6.573638114610324e-05,0,0,4.074358974358974,52.13723478489438,ITGB1;MSR1;ITGAM;CLEC4M;TFRC;ITGB2;STAB2;HIP1R;ADM;LILRB1;HSPG2;IGF2R;CXCL16;DPP4;APOE;SCARF1;LDLR;PDLIM7,
GO_Biological_Process_2023,Positive Regulation Of Reactive Oxygen Species Metabolic Process (GO:2000379),11/48,3.179371584515015e-06,7.487887636177641e-05,0,0,6.9630156472261735,88.14361044612151,PDGFRB;ITGAM;TGFB1;CLEC7A;ITGB2;PDGFB;SORD;F2;MMP8;CD177;SOD1,stress response
GO_Biological_Process_2023,Acylglycerol Homeostasis (GO:0055090),8/24,3.397864443901693e-06,7.944058258260673e-05,0,0,11.680487804878048,147.08494746022143,IL18;ANGPTL3;APOA1;APOA4;ANGPTL4;APOE;LCP1;GPIHBP1,
GO_Biological_Process_2023,Negative Regulation Of Complement Activation (GO:0045916),6/12,3.687837213789327e-06,8.497944313501593e-05,0,0,23.316301703163017,291.6979021240323,CR2;SERPING1;CD59;VSIG4;CD46;CD55,immune
GO_Biological_Process_2023,Positive Regulation Of Cellular Extravasation (GO:0002693),6/12,3.687837213789327e-06,8.497944313501593e-05,0,0,23.316301703163017,291.6979021240323,THY1;AGER;LYVE1;CD99;ICAM1;XG,
GO_Biological_Process_2023,Positive Regulation Of Wound Healing (GO:0090303),10/40,3.834384629702429e-06,8.772524263526343e-05,0,0,7.800325998370008,97.28177815075672,ITGB1;REG3A;SMOC2;CLEC7A;F12;SERPINE1;F2R;HPSE;F2;HBEGF,
GO_Biological_Process_2023,Regulation Of Lymphocyte Proliferation (GO:0050670),7/18,4.333333938108037e-06,9.843736598411378e-05,0,0,14.8518436496512,183.40799179080943,LGALS3;CD209;MZB1;IL12B;TNFSF8;TNFRSF1B;CD22,immune
GO_Biological_Process_2023,Nervous System Development (GO:0007399),39/433,4.861105431051981e-06,0.00010964873729337676,0,0,2.3558124722549265,28.821586231598346,NOTCH2;ROBO2;DCTN1;PCSK9;CAPG;CXCL1;PKD1;EGFR;ROBO1;ATXN3;PTPRZ1;OPHN1;ERBB3;CDH1;SMPD1;ADAM23;DNER;NPTX1;PCDH1;MBL2;CDON;DBNL;TGFB1;BDNF;SPINK5;FN1;CRIM1;GFRA1;MERTK;VEGFA;NFASC;BTD;AXL;APEX1;GFRAL;TPP1;CNTN4;MELTF;MET,
GO_Biological_Process_2023,Regulation Of Apoptotic Process (GO:0042981),55/705,5.140625991284347e-06,0.00011514283251806828,0,0,2.0274853219225792,24.691396872583542,ITGB1;TFRC;PDCD5;PCSK9;FASLG;PARK7;TRIAP1;CLU;MPO;COMP;CASP8;TCTN3;SMPD1;CASP3;TNFSF10;TNFRSF8;CTSD;CTSB;DFFA;IGFBP3;HGF;PLAUR;DKK1;PRAP1;MMP9;PLSCR3;TAX1BP1;ANGPTL4;GAS6;FXN;NOTCH2;EGFR;PRDX5;ERBB3;TXNDC5;CD74;ANGPT1;SEMA4D;GZMA;TNFRSF10C;HIP1R;LILRB1;AZU1;VEGFA;SOD1;FABP1;CXCL10;CD40LG;PROC;AXL;APEX1;BCL2;FAS;PTPN6;HSPA1A,
GO_Biological_Process_2023,Positive Regulation Of Inflammatory Response (GO:0050729),16/104,5.650983660387506e-06,0.00012569514350153598,0,0,4.273175100761308,51.635684470389016,GRN;SERPINE1;PLA2G2A;IL18;IL16;MMP8;OSMR;PLA2G7;IL17RA;TNFRSF1A;TNIP1;CCN4;IL12B;ADAM8;LCP1;TLR3,immune
GO_Biological_Process_2023,Myeloid Leukocyte Differentiation (GO:0002573),13/71,6.003624954746316e-06,0.00013261800503484449,0,0,5.256653268457796,63.201515563667016,CSF1;TREM2;TNFRSF11A;MMP9;OSCAR;VEGFA;IL1RL1;CASP8;KIT;MYH9;PRTN3;LGALS9;CCL19,immune
GO_Biological_Process_2023,Regulation Of Neuron Apoptotic Process (GO:0043523),16/105,6.4146405294378994e-06,0.00014020706457667855,0,0,4.2249404992527815,50.51730765292163,GRN;BDNF;F2R;PCSK9;TREM2;PARK7;SOD2;CLU;DKK1;SOD1;ERBB3;PTPRZ1;BCL2;APOE;CRLF1;LGMN,
GO_Biological_Process_2023,Positive Regulation Of Protein Serine/Threonine Kinase Activity (GO:0071902),17/117,6.43472947011294e-06,0.00014020706457667855,0,0,3.997829839704069,47.7892613689547,PDGFRB;MAP2K1;CD40;TGFB1;PLA2G1B;EGF;NTRK3;ADIPOQ;PDGFB;PDGFA;PKD1;EGFR;ROBO1;VEGFA;KIT;ADAM9;ADAM8,
GO_Biological_Process_2023,Negative Regulation Of Cell Activation (GO:0050866),6/13,6.6085953387232284e-06,0.00014206262328812417,0,0,19.984358706986445,238.35623276075455,C1QTNF1;PDGFB;PDGFA;TREM2;F2;LDLR,
GO_Biological_Process_2023,Negative Regulation Of Neuroinflammatory Response (GO:0150079),6/13,6.6085953387232284e-06,0.00014206262328812417,0,0,19.984358706986445,238.35623276075455,GRN;PTPRC;TREM2;CST7;TNFRSF1B;LDLR,immune
GO_Biological_Process_2023,Cholesterol Homeostasis (GO:0042632),13/72,7.052055422758644e-06,0.00014958763919931085,0,0,5.167287095767911,61.29534872601223,IL18;PCSK9;APOA1;APOA4;FABP3;APOM;NPC2;ANGPTL3;LCP1;APOE;LDLR;CES1;GPIHBP1,
GO_Biological_Process_2023,Negative Regulation Of Cell Adhesion (GO:0007162),13/72,7.052055422758644e-06,0.00014958763919931085,0,0,5.167287095767911,61.29534872601223,CD164;NOTCH1;TGFB1;ANGPT1;SEMA4D;SERPINE1;PLG;SPINT2;PTPRC;ERBB3;CDH1;PLXNB2;TGFBI,
GO_Biological_Process_2023,Negative Regulation Of Response To Stimulus (GO:0048585),11/52,7.306699606479074e-06,0.00015396946604968732,0,0,6.282383497029585,74.29998349295741,BRAP;COL3A1;MPIG6B;ERBB3;AMBP;IGFBP3;SPINK5;APOA1;THY1;PDCD1;CLU,
GO_Biological_Process_2023,Sterol Homeostasis (GO:0055092),13/73,8.25872049753728e-06,0.00017289334479484906,0,0,5.080899795501023,59.46807512354216,IL18;PCSK9;APOA1;APOA4;FABP3;APOM;NPC2;ANGPTL3;LCP1;APOE;LDLR;CES1;GPIHBP1,
GO_Biological_Process_2023,Cellular Response To Transforming Growth Factor Beta Stimulus (GO:0071560),15/96,9.074315309608443e-06,0.00018873397361477825,0,0,4.348549041045966,50.48692671024188,ITGB1;TGFB1;GDF15;PDCD5;APOA1;LTBP2;PTPRK;CRKL;TGFBR3;CDH5;CLEC3B;COL3A1;ADAM9;XCL1;ENG,
GO_Biological_Process_2023,Negative Regulation Of Neuron Apoptotic Process (GO:0043524),13/74,9.64370424915264e-06,0.0001992824820002316,0,0,4.997344865734688,57.71536163406015,GRN;BDNF;F2R;PARK7;SOD2;CLU;SOD1;ERBB3;PTPRZ1;BCL2;APOE;CRLF1;LGMN,
GO_Biological_Process_2023,Calcium-Mediated Signaling Using Intracellular Calcium Source (GO:0035584),7/20,9.815504020569769e-06,0.00020024878584640104,0,0,12.56563290546238,144.90119120254323,SELP;FIS1;VCAM1;PTPRC;CCL20;AZU1;CLU,
GO_Biological_Process_2023,Microglial Cell Activation (GO:0001774),7/20,9.815504020569769e-06,0.00020024878584640104,0,0,12.56563290546238,144.90119120254323,GRN;ITGAM;IFNGR1;ITGB2;TREM2;AZU1;CLU,
GO_Biological_Process_2023,Aminoglycan Catabolic Process (GO:0006026),6/14,1.1159655603580912e-05,0.00022340235561418536,0,0,17.485401459854014,199.3896254214548,IDUA;HYAL1;FUCA1;IDS;GUSB;SGSH,
GO_Biological_Process_2023,Regulation Of Microglial Cell Activation (GO:1903978),6/14,1.1159655603580912e-05,0.00022340235561418536,0,0,17.485401459854014,199.3896254214548,GRN;PTPRC;TREM2;CST7;MMP8;LDLR,
GO_Biological_Process_2023,Regulation Of Superoxide Anion Generation (GO:0032928),6/14,1.1159655603580912e-05,0.00022340235561418536,0,0,17.485401459854014,199.3896254214548,ITGAM;TGFB1;CLEC7A;ITGB2;SOD1;CD177,electrolyte transport
GO_Biological_Process_2023,Negative Regulation Of T Cell Proliferation (GO:0042130),9/36,1.1753815953066126e-05,0.0002338352329047876,0,0,7.792022792022792,88.44984240241776,CD86;CD80;PLA2G2A;TNFRSF14;LILRB1;LGALS9;VSIG4;LILRB2;TNFRSF21,immune
GO_Biological_Process_2023,Regulation Of Chemotaxis (GO:0050920),8/28,1.2392095773091016e-05,0.00024350848319761056,0,0,9.342439024390243,105.55509632257264,PDGFRB;TGFB1;CCL21;RARRES2;PDGFB;TREM2;CCL19;STX3,
GO_Biological_Process_2023,Regulation Of Platelet Activation (GO:0010543),8/28,1.2392095773091016e-05,0.00024350848319761056,0,0,9.342439024390243,105.55509632257264,SELP;CELA2A;C1QTNF1;PDGFB;PDGFA;PLA2G4A;GP1BA;F2,
GO_Biological_Process_2023,Positive Regulation Of Interleukin-6 Production (GO:0032755),13/76,1.3039364374730207e-05,0.00025270121888173054,0,0,4.838192618560717,54.41775410414572,CD74;F2R;IL16;LILRB2;MMP8;LILRA2;IL17RA;CLEC7A;LGALS9;LCP1;IL6R;TLR3;MBL2,immune
GO_Biological_Process_2023,Muscle Cell Migration (GO:0014812),5/9,1.3175492835856696e-05,0.00025270121888173054,0,0,29.113001215066827,327.14722149923955,DDR1;MEGF10;CCN3;PLAT;THBS4,
GO_Biological_Process_2023,Regulation Of Dendritic Cell Apoptotic Process (GO:2000668),5/9,1.3175492835856696e-05,0.00025270121888173054,0,0,29.113001215066827,327.14722149923955,CCL21;LILRB1;CCL19;LGALS9;GAS6,
GO_Biological_Process_2023,Regulation Of Receptor Binding (GO:1900120),5/9,1.3175492835856696e-05,0.00025270121888173054,0,0,29.113001215066827,327.14722149923955,BDNF;ADIPOQ;B2M;MMP9;PTPRF,
GO_Biological_Process_2023,T Cell Activation (GO:0042110),16/111,1.3260877071422224e-05,0.00025282493607003205,0,0,3.9568576613948654,44.43825138933913,CD86;CD74;CCL21;CD80;LY9;DPP4;PTPRC;CASP8;CD8A;CLEC7A;TREML2;KIT;LCP1;CCL19;TNFRSF4;CD276,immune
GO_Biological_Process_2023,Heparan Sulfate Proteoglycan Catabolic Process (GO:0030200),4/5,1.410475466312126e-05,0.00026575017168222,0,0,93.0631067961165,1039.421710194256,IDUA;GPC1;HPSE;SGSH,
GO_Biological_Process_2023,Regulation Of T Cell Activation Via T Cell Receptor Contact With Antigen Bound To MHC Molecule On Antigen Presenting Cell (GO:2001188),4/5,1.410475466312126e-05,0.00026575017168222,0,0,93.0631067961165,1039.421710194256,LGALS3;LILRB1;LGALS9;HAVCR2,immune
GO_Biological_Process_2023,Regulation Of Endocytosis (GO:0030100),12/66,1.4692013147450543e-05,0.00027519601234669063,0,0,5.2064270152505445,57.93819513581899,LGALS3;LRPAP1;PTPRC;OPHN1;SMPD1;HIP1R;ITGAV;LILRB1;APOE;CCL19;CD22;CD177,
GO_Biological_Process_2023,Positive Regulation Of Receptor Signaling Pathway Via STAT (GO:1904894),9/37,1.4964946491227785e-05,0.00027798131415656617,0,0,7.513343799058084,83.47174688062628,NOTCH1;TGFB1;IL10RB;CCL5;F2R;KIT;PRL;F2;IL7R,
GO_Biological_Process_2023,Positive Regulation Of Endothelial Cell Proliferation (GO:0001938),13/77,1.5101076697859044e-05,0.00027798131415656617,0,0,4.762346625766871,52.86559317113512,CCL24;ECM1;CCL11;EGF;TNFSF12;PDGFB;VEGFD;PGF;THBS4;VEGFA;NELL2;LRG1;CNTN1,vascular
GO_Biological_Process_2023,Regulation Of Immune Response (GO:0050776),13/77,1.5101076697859044e-05,0.00027798131415656617,0,0,4.762346625766871,52.86559317113512,AMBP;PLA2G1B;SPINK5;TREM2;CXCL13;CFP;COL3A1;CASP8;FCGR3B;C7;PDCD1;CD22;CD276,immune
GO_Biological_Process_2023,Positive Regulation Of B Cell Proliferation (GO:0030890),8/29,1.6494730713852644e-05,0.0003001853549799433,0,0,8.897096399535425,97.979003438971,CD74;BST1;CD40;PTPRC;TFRC;BCL2;TNFRSF4;TNFSF13B,immune
GO_Biological_Process_2023,Positive Regulation Of Calcium Ion Transport (GO:0051928),8/29,1.6494730713852644e-05,0.0003001853549799433,0,0,8.897096399535425,97.979003438971,PDGFRB;LGALS3;CCL5;CCL4;F2R;PDGFB;STC1;LILRA2,electrolyte transport
GO_Biological_Process_2023,Positive Regulation Of Cellular Component Organization (GO:0051130),16/113,1.6686473032640082e-05,0.0003019591701895265,0,0,3.874866690366157,42.62706811107673,TGFB1;TFRC;MMP1;DCTN1;MMP3;TREM2;PARK7;CLU;VEGFA;CDH5;LGALS3;CLEC7A;HYAL1;SMPD1;APOE;CCL19,
GO_Biological_Process_2023,Hemopoiesis (GO:0030097),15/101,1.7031517578842212e-05,0.00030647163373613264,0,0,4.094653737235046,44.96111997220238,NOTCH2;CD164;TGFB1;TNFRSF13B;FST;PDGFB;FLT3LG;PBXIP1;FSTL3;TGFBR3;MFAP5;PTPRC;KIT;IL7R;CD34,
GO_Biological_Process_2023,Extrinsic Apoptotic Signaling Pathway (GO:0097191),12/67,1.7231180321635212e-05,0.0003083322378223329,0,0,5.111497326203208,56.06694078685932,CASP8;TGFB1;ERBB3;TNFSF12;BCL2;FAS;FASLG;ITGAV;TNFRSF1B;IL6R;TLR3;TNFRSF1A,
GO_Biological_Process_2023,High-Density Lipoprotein Particle Remodeling (GO:0034375),6/15,1.7947946913279974e-05,0.00031527992752839845,0,0,15.54176804541768,169.8409824837674,APOM;APOC1;APOA1;APOA4;APOE;PLTP,
GO_Biological_Process_2023,Negative Regulation Of Platelet Activation (GO:0010544),6/15,1.7947946913279974e-05,0.00031527992752839845,0,0,15.54176804541768,169.8409824837674,C1QTNF1;SERPINE2;PDGFB;PDGFA;APOE;F2,
GO_Biological_Process_2023,Negative Regulation Of Protein Processing (GO:0010955),6/15,1.7947946913279974e-05,0.00031527992752839845,0,0,15.54176804541768,169.8409824837674,SERPINE2;PLAU;CTSZ;SERPINE1;SERPINF2;PLAT,
GO_Biological_Process_2023,Positive Regulation Of Smooth Muscle Cell Proliferation (GO:0048661),10/47,1.8013183496002784e-05,0.00031527992752839845,0,0,6.322275821053327,69.06711203345738,PDGFRB;ERN1;TGFB1;CCL5;SERPINF2;PDGFB;IL18;CCN4;IL6R;MMP9,
GO_Biological_Process_2023,Regulation Of MAP Kinase Activity (GO:0043405),16/114,1.8677421632853032e-05,0.0003251292472284145,0,0,3.8351261686940794,41.75760219912522,PDGFRB;CD40;TGFB1;PLA2G1B;EGF;NTRK3;ADIPOQ;PDGFB;PDGFA;EGFR;ROBO1;VEGFA;SMPD1;KIT;ADAM9;APOE,
GO_Biological_Process_2023,Calcium Ion Homeostasis (GO:0055074),15/102,1.921579163910452e-05,0.00033269286821649603,0,0,4.047376680663358,43.953612783931725,CCL14;CCL13;CD40;CCL23;CALCB;CCL11;STC1;CDH5;CCL8;STC2;CCL5;FAM20A;CCL19;CTRC;CCL15,electrolyte transport
GO_Biological_Process_2023,Regulation Of Response To External Stimulus (GO:0032101),17/127,1.949760599913772e-05,0.0003357571613722479,0,0,3.6324851474049993,39.39509646274842,SEMA7A;GRN;IL1R1;F2R;TNC;TREM2;GP1BA;PARK7;F2;AGER;SELE;BST1;CASP8;XCL1;GGT1;MGLL;CD55,
GO_Biological_Process_2023,Dendritic Cell Differentiation (GO:0097028),7/22,2.0081890377117663e-05,0.0003439694913257106,0,0,10.889078359723914,117.7729190668785,LILRB1;TREM2;PRTN3;CCL19;LGALS9;GAS6;CLU,
GO_Biological_Process_2023,Positive Regulation Of Locomotion (GO:0040017),8/30,2.1680712352057268e-05,0.0003693793705512736,0,0,8.492239467849224,91.19890292310316,PDGFRB;TGFB1;CCL21;RARRES2;PDGFB;TREM2;CCL19;STX3,
GO_Biological_Process_2023,Positive Regulation Of Type II Interferon Production (GO:0032729),11/58,2.1960976081020104e-05,0.0003721746369709386,0,0,5.478658298393188,58.765422929957936,IL1R1;CLEC7A;IL18;IL12B;LILRB1;LGALS9;CD14;TLR3;CD244;IL18R1;CD276,immune
GO_Biological_Process_2023,Positive Regulation Of Immune Response (GO:0050778),13/80,2.310112530073688e-05,0.0003894363386224223,0,0,4.548393004303636,48.55695729401538,CD74;ITGAM;PLA2G1B;ITGB2;LILRB1;CFP;PTPRC;C7;CCL5;IL12B;LGALS9;CD46;CD177,immune
GO_Biological_Process_2023,Angiogenesis Involved In Wound Healing (GO:0060055),5/10,2.5450864903782283e-05,0.0004202016509629621,0,0,23.289185905224787,246.3707276427167,MCAM;PRCP;HPSE;CD34;VEGFA,vascular
GO_Biological_Process_2023,Negative Regulation Of Hemostasis (GO:1900047),5/10,2.5450864903782283e-05,0.0004202016509629621,0,0,23.289185905224787,246.3707276427167,PROC;SERPINE2;SERPINE1;APOE;TFPI,
GO_Biological_Process_2023,Positive Regulation Of Transforming Growth Factor Beta Production (GO:0071636),5/10,2.5450864903782283e-05,0.0004202016509629621,0,0,23.289185905224787,246.3707276427167,TNXB;SERPINF2;XCL1;LGALS9;CD46,
GO_Biological_Process_2023,Regulation Of Cysteine-Type Endopeptidase Activity Involved In Apoptotic Signaling Pathway (GO:2001267),5/10,2.5450864903782283e-05,0.0004202016509629621,0,0,23.289185905224787,246.3707276427167,PLAUR;FAS;LGALS9;PARK7;MMP9,
GO_Biological_Process_2023,Protein Processing (GO:0016485),16/117,2.597405878016112e-05,0.0004266405655018259,0,0,3.7206262498171,39.28390580067951,CPM;C1R;F12;PCSK9;CTSS;F7;ADAMTS13;F9;MEP1A;C1RL;CNTN1;GGT1;FXN;KLKB1;LGMN;METAP2,
GO_Biological_Process_2023,Positive Regulation Of Transferase Activity (GO:0051347),18/143,2.6226355420402893e-05,0.0004285868184262778,0,0,3.386133333333333,35.71945950982597,PDGFRB;DDR1;CD74;TGFB1;NTRK3;ADIPOQ;APOA1;TREM2;APOA4;MERTK;EGFR;ERBB3;TNIP1;AXL;APOE;EPHA1;MET;EPHB4,
GO_Biological_Process_2023,Positive Regulation Of Lymphocyte Migration (GO:2000403),6/16,2.7711612275804936e-05,0.00044809013743738,0,0,13.986861313868614,146.7733533441878,CXCL10;CCL21;CCL20;CCL5;TNFRSF14;JAM2,immune
GO_Biological_Process_2023,Reverse Cholesterol Transport (GO:0043691),6/16,2.7711612275804936e-05,0.00044809013743738,0,0,13.986861313868614,146.7733533441878,APOM;APOA1;APOA4;APOE;CLU;CES1,
GO_Biological_Process_2023,Positive Regulation Of Neutrophil Migration (GO:1902624),7/23,2.7839505885119767e-05,0.00044809013743738,0,0,10.207978075517662,107.07203807323454,CD74;CCL21;XCL1;CCL19;THBS4;CD99;XG,
GO_Biological_Process_2023,Triglyceride Homeostasis (GO:0070328),8/31,2.8167298153474345e-05,0.0004510992799278916,0,0,8.122587486744433,85.10318301148634,IL18;ANGPTL3;APOA1;APOA4;APOE;ANGPTL4;LCP1;GPIHBP1,
GO_Biological_Process_2023,Negative Regulation Of Cell-Cell Adhesion (GO:0022408),9/40,2.942393529494856e-05,0.0004688799241279614,0,0,6.785182559376108,70.79457344510581,IL1RN;NOTCH1;TGFB1;CDH1;APOA1;PLG;SPINT2;MBL2;VEGFA,
GO_Biological_Process_2023,Homophilic Cell Adhesion Via Plasma Membrane Adhesion Molecules (GO:0007156),11/60,3.0653013863531e-05,0.0004860475416083653,0,0,5.254490045712287,54.60875679162877,ITGB1;ROBO2;CDH1;PECAM1;PLXNB2;DSG2;ESAM;CNTN4;PKD1;PVR;ROBO1,
GO_Biological_Process_2023,Regulation Of Natural Killer Cell Mediated Cytotoxicity (GO:0042269),8/32,3.620177106342771e-05,0.0005675674950415051,0,0,7.783739837398374,79.59965665647816,KLRK1;KLRB1;LAMP1;CD160;LILRB1;KLRD1;LGALS9;PVR,
GO_Biological_Process_2023,Regulation Of Chemokine Production (GO:0032642),9/41,3.632573727240354e-05,0.0005675674950415051,0,0,6.572802197802198,67.19365204611903,CD74;IL18;EIF2AK2;TREM2;LGALS9;LCP1;AGER;IL6R;TLR3,immune
GO_Biological_Process_2023,Regulation Of Release Of Cytochrome C From Mitochondria (GO:0090199),9/41,3.632573727240354e-05,0.0005675674950415051,0,0,6.572802197802198,67.19365204611903,PLSCR3;HGF;PDCD5;TNFSF10;PLAUR;TRIAP1;CLU;MMP9;FXN,
GO_Biological_Process_2023,Cellular Response To Oxygen-Containing Compound (GO:1901701),35/406,3.698586448866057e-05,0.0005750763298892223,0,0,2.2366699183896834,22.825160061746463,CD86;CXCL6;CXCL9;SHMT1;CD80;SERPINE1;PDGFB;TWF2;CXCL1;PTPRK;CXCL13;CXCL3;CLU;EGFR;CRHBP;PRDX5;CASP7;CDH1;SMPD1;SIRPA;CD14;MMP3;LILRB1;PPBP;LILRB2;TNFRSF1B;MMP9;CXCL10;CRYGD;CXCL11;TNIP1;AXL;ADAM9;LCP1;LGMN,
GO_Biological_Process_2023,Mononuclear Cell Differentiation (GO:1903131),7/24,3.79037912770912e-05,0.0005864642838729018,0,0,9.607007236512144,97.80374729189136,LY6D;MYH9;LILRB1;TREM2;GAS6;CLU;VEGFA,
GO_Biological_Process_2023,Negative Regulation Of Protein Metabolic Process (GO:0051248),18/147,3.810550274108083e-05,0.0005864642838729018,0,0,3.2804478897502154,33.37905543836692,APCS;CSTB;SERPINE2;SHMT1;EIF2AK2;PLAT;TREM2;PRG3;LILRB2;F2;CLU;ATRAID;EGFR;CST3;ITGAV;APOE;LDLR;RILP,
GO_Biological_Process_2023,Cholesterol Transport (GO:0030301),10/51,3.826757269105104e-05,0.0005864642838729018,0,0,5.7042757469139485,58.01766203981354,MSR1;APOM;NPC2;APOC1;APOA1;APOA4;APOE;CLU;LDLR;CES1,
GO_Biological_Process_2023,Positive Regulation Of I-kappaB kinase/NF-kappaB Signaling (GO:0043123),20/175,3.957841580842517e-05,0.0006036650754018372,0,0,3.0368891727882468,30.78563383618087,CD74;CD40;ECM1;TFRC;CCL21;F2R;TNFRSF19;SHISA5;FASLG;EDA2R;TNFRSF1A;BST2;CASP8;CLEC7A;EEF1D;TNFSF10;TRIM25;LGALS9;CCL19;LTBR,
GO_Biological_Process_2023,Regulation Of MAPK Cascade (GO:0043408),22/204,4.079554230351647e-05,0.0006068151417229425,0,0,2.8480080713331333,28.784640259383156,CD74;MAP2K1;GDF15;EGF;F2R;PDGFB;FN1;PDGFA;EIF2AK2;PEBP1;MMP8;EGFR;DUSP13;SOD1;TGFBR3;PTPRC;GFRAL;KIT;DAG1;FAS;PTPN6;IGFBP6,
GO_Biological_Process_2023,Negative Regulation Of Dendritic Cell Apoptotic Process (GO:2000669),4/6,4.092165801191245e-05,0.0006068151417229425,0,0,46.52912621359224,470.123363043906,CCL21;LILRB1;CCL19;GAS6,
GO_Biological_Process_2023,Proteoglycan Catabolic Process (GO:0030167),4/6,4.092165801191245e-05,0.0006068151417229425,0,0,46.52912621359224,470.123363043906,IDUA;GPC1;HPSE;SGSH,
GO_Biological_Process_2023,Receptor-Mediated Virion Attachment To Host Cell (GO:0046813),4/6,4.092165801191245e-05,0.0006068151417229425,0,0,46.52912621359224,470.123363043906,DPP4;CLEC4M;GAS6;ICAM1,immune
GO_Biological_Process_2023,Regulation Of Natural Killer Cell Chemotaxis (GO:2000501),4/6,4.092165801191245e-05,0.0006068151417229425,0,0,46.52912621359224,470.123363043906,KLRK1;CCL5;CCL4;XCL1,
GO_Biological_Process_2023,Smooth Muscle Cell Migration (GO:0014909),4/6,4.092165801191245e-05,0.0006068151417229425,0,0,46.52912621359224,470.123363043906,DDR1;PDGFRB;CCN3;PLAT,
GO_Biological_Process_2023,Response To Interferon-Alpha (GO:0035455),6/17,4.132920014685576e-05,0.0006100342307390738,0,0,12.71466489714665,128.34108089813623,BST2;AXL;LAMP3;EIF2AK2;GAS6;IFNAR1,immune
GO_Biological_Process_2023,Intracellular Monoatomic Cation Homeostasis (GO:0030003),21/190,4.219892916802288e-05,0.0006200145418586114,0,0,2.926046501396802,29.474404988461256,CCL14;CCL13;CD40;CCL23;CALCB;CCL11;TFRC;SCARA5;STC1;F3;SOD1;CDH5;CCL8;STC2;CCL5;CCL19;B2M;PRND;CTRC;FXN;CCL15,electrolyte transport
GO_Biological_Process_2023,Regulation Of Defense Response (GO:0031347),14/97,4.473249111634456e-05,0.0006473164824568806,0,0,3.955566738699269,39.6142511095099,SEMA7A;GRN;IL1R1;TNC;TREM2;PARK7;AGER;SELE;BST1;CASP8;XCL1;APOE;GGT1;MGLL,
GO_Biological_Process_2023,Regulation Of Kinase Activity (GO:0043549),13/85,4.476964925794316e-05,0.0006473164824568806,0,0,4.2314246762099526,42.373402587064135,DDR1;PDGFRB;CD74;NTRK3;TREM2;MERTK;EGFR;SOD1;ERBB3;AXL;EPHA1;MET;EPHB4,
GO_Biological_Process_2023,Positive Regulation Of Coagulation (GO:0050820),5/11,4.5067616480763154e-05,0.0006473164824568806,0,0,19.406642365330093,194.208996637439,F12;F2R;SERPINE1;HPSE;F2,
GO_Biological_Process_2023,Positive Regulation Of Hemostasis (GO:1900048),5/11,4.5067616480763154e-05,0.0006473164824568806,0,0,19.406642365330093,194.208996637439,F12;F2R;SERPINE1;HPSE;F2,
GO_Biological_Process_2023,Positive Regulation Of Keratinocyte Proliferation (GO:0010838),5/11,4.5067616480763154e-05,0.0006473164824568806,0,0,19.406642365330093,194.208996637439,CRNN;NOTCH2;REG3A;CDH3;LRG1,
GO_Biological_Process_2023,Sprouting Angiogenesis (GO:0002040),10/52,4.563925498049566e-05,0.0006499633782968567,0,0,5.56816858772849,55.65241043430546,ESM1;TGFB1;ANGPT1;RSPO3;VEGFD;EPHB4;PGF;ROBO1;ENG;VEGFA,vascular
GO_Biological_Process_2023,Axon Guidance (GO:0007411),18/149,4.567168147380976e-05,0.0006499633782968567,0,0,3.230025445292621,32.280978027799954,NOTCH2;ROBO2;NOTCH3;SEMA7A;NOTCH1;SEMA4D;BDNF;VEGFA;EFNA1;NELL2;NFASC;ALCAM;OPHN1;DAG1;CNTN1;PLXNB2;NCAM1;CNTN4,
GO_Biological_Process_2023,Positive Regulation Of Interleukin-12 Production (GO:0032735),8/33,4.606359252993645e-05,0.0006499633782968567,0,0,7.472,74.61156386927854,CD40;CD40LG;CLEC7A;IL12B;IL16;CCL19;LGALS9;TLR3,immune
GO_Biological_Process_2023,Positive Regulation Of Release Of Sequestered Calcium Ion Into Cytosol (GO:0051281),8/33,4.606359252993645e-05,0.0006499633782968567,0,0,7.472,74.61156386927854,CXCL10;CXCL9;CXCL11;APEX1;F2R;XCL1;THY1;F2,
GO_Biological_Process_2023,Positive Regulation Of Protein-Containing Complex Assembly (GO:0031334),14/98,5.023184476659706e-05,0.0007009511169867838,0,0,3.908271908271909,38.68744183378217,TGFB1;TFRC;MMP1;MMP3;CAPG;PARK7;CXCL13;CLU;VEGFA;CDH5;LGALS3;CLEC7A;LCP1;EIF4G1,
GO_Biological_Process_2023,Negative Regulation Of Cell Population Proliferation (GO:0008285),33/379,5.036028542807071e-05,0.0007009511169867838,0,0,2.258545097611517,22.35125719749204,COL18A1;NOTCH1;PDCD5;UMOD;CXCL1;TREM2;PLG;PTPRK;ATRAID;TNN;IL12B;TNFRSF8;CCN3;APOD;IGFBP7;APOE;IGFBP6;B2M;ENPP7;CCL23;MAP2K1;TGFB1;IGFBP3;F2R;EIF2AK2;SOD2;MTSS1;SLURP1;TGFBR3;FABP3;OGN;PTPN6;HSPA1A,
GO_Biological_Process_2023,Negative Regulation Of Response To Wounding (GO:1903035),7/25,5.077135783357285e-05,0.0007009511169867838,0,0,9.072810935173909,89.71357116183395,RTN4R;APCS;REG3A;PTPRS;CD109;SERPINE1;PTPN6,
GO_Biological_Process_2023,Positive Regulation Of T Cell Migration (GO:2000406),7/25,5.077135783357285e-05,0.0007009511169867838,0,0,9.072810935173909,89.71357116183395,CXCL10;CCL21;CCL20;CCL5;XCL1;TNFRSF14;CXCL13,immune
GO_Biological_Process_2023,Regulation Of Monocyte Chemotaxis (GO:0090025),7/25,5.077135783357285e-05,0.0007009511169867838,0,0,9.072810935173909,89.71357116183395,CXCL10;CCL5;SERPINE1;CXCL17;CCN3;PLA2G7;LGMN,
GO_Biological_Process_2023,Negative Regulation Of Inflammatory Response (GO:0050728),15/111,5.302530854724663e-05,0.0007289273102009912,0,0,3.6662054120541208,36.09284360933425,REG3A;APCS;GRN;ADIPOQ;CXCL17;APOA1;TREM2;TNFRSF1B;TNFRSF1A;CDH5;PROC;SIRPA;CCN3;PTPN6;APOE,immune
GO_Biological_Process_2023,Regulation Of Receptor Signaling Pathway Via JAK-STAT (GO:0046425),10/53,5.418830294508726e-05,0.0007399610118520225,0,0,5.438391994086541,53.42157192660292,NOTCH1;PTPRC;EGF;IL10RB;CCL5;F2R;KIT;PRL;F2;IL7R,
GO_Biological_Process_2023,Regulation Of Endothelial Cell Apoptotic Process (GO:2000351),9/43,5.428998994231199e-05,0.0007399610118520225,0,0,6.185520361990951,60.74905131440103,CDH5;CD40;CD40LG;ANGPT1;CD160;SERPINE1;FASLG;GAS6;ICAM1,vascular
GO_Biological_Process_2023,Defense Response To Gram-negative Bacterium (GO:0050829),12/75,5.5431408609059e-05,0.000752316956672949,0,0,4.460550887021475,43.71502314720713,CHGA;SELP;FCN2;RARRES2;SERPINE1;IL12B;TREM2;UMOD;TNFRSF14;AZU1;F2;IL6R,
GO_Biological_Process_2023,Negative Regulation Of Programmed Cell Death (GO:0043069),33/381,5.58157472722387e-05,0.0007543368713627871,0,0,2.24532639340707,21.98950191461536,NOTCH2;TFRC;TREM2;TRIAP1;MPO;EGFR;COMP;PRDX5;ERBB3;TXNDC5;CD74;CDSN;ANGPT1;SEMA4D;HGF;PLAUR;AZU1;DKK1;PRAP1;MMP9;VEGFA;FABP1;CD40LG;PROC;AXL;TAX1BP1;BCL2;FAS;ANGPTL4;GAS6;FXN;MET;HSPA1A,
GO_Biological_Process_2023,Positive Regulation Of Monocyte Chemotaxis (GO:0090026),6/18,5.982728422565008e-05,0.0008051545856082236,0,0,11.654501216545013,113.3289379062915,CXCL10;CCL5;SERPINE1;CXCL17;PLA2G7;LGMN,
GO_Biological_Process_2023,Intracellular Calcium Ion Homeostasis (GO:0006874),17/139,6.300408972639374e-05,0.0008443602485089503,0,0,3.2731297123567344,31.658728250854267,CCL14;CCL13;CD40;CCL23;CALCB;CCL11;STC1;F2;CDH5;CCL8;STC2;CCL5;CDH23;BCL2;CCL19;CTRC;CCL15,electrolyte transport
GO_Biological_Process_2023,Macrophage Activation (GO:0042116),8/35,7.256054186006356e-05,0.0009683808982407648,0,0,6.917795844625113,65.93412984660552,FCER2;ITGAM;CD93;IFNGR1;ITGB2;TREM2;AZU1;CLU,
GO_Biological_Process_2023,Negative Regulation Of Coagulation (GO:0050819),5/12,7.462486986331547e-05,0.0009877002403809896,0,0,16.633396979691025,158.06778244480722,PROC;SERPINE2;SERPINE1;APOE;TFPI,
GO_Biological_Process_2023,Positive Regulation Of T-helper 1 Type Immune Response (GO:0002827),5/12,7.462486986331547e-05,0.0009877002403809896,0,0,16.633396979691025,158.06778244480722,IL1R1;IL18;IL12B;XCL1;IL18R1,immune
GO_Biological_Process_2023,Positive Regulation Of Tyrosine Phosphorylation Of STAT Protein (GO:0042531),10/55,7.54282773472577e-05,0.0009916973915677005,0,0,5.19614235262157,49.323489219589305,CD40;CCL5;KIT;IL18;IL12B;HCLS1;IL6R;CRLF1;TNFRSF1A;VEGFA,
GO_Biological_Process_2023,Positive Regulation Of Multicellular Organismal Process (GO:0051240),33/387,7.554610163675271e-05,0.0009916973915677005,0,0,2.206566464129624,20.942009218937898,LRPAP1;TNXB;SERPINE1;PDGFB;TREM2;OXT;ENO1;TNFRSF11A;PRL;LILRA2;SPP1;IL12B;APOE;TGFB1;EGF;FST;ADIPOQ;F2R;IL18;EIF2AK2;LILRB2;VEGFA;SOD1;COL1A1;FABP4;LRG1;FABP5;APEX1;LCN2;ADAM8;LCP1;GAS6;PPIB,
GO_Biological_Process_2023,Regulation Of Insulin-Like Growth Factor Receptor Signaling Pathway (GO:0043567),6/19,8.438645525720651e-05,0.0010942907538009,0,0,10.75743964065132,100.9058988591807,IGFBP1;CDH3;IGFBP4;CILP;IGFBP3;IGFBP6,
GO_Biological_Process_2023,Regulation Of Neuroinflammatory Response (GO:0150077),6/19,8.438645525720651e-05,0.0010942907538009,0,0,10.75743964065132,100.9058988591807,MMP3;IL18;TREM2;MMP8;TNFRSF1B;MMP9,immune
GO_Biological_Process_2023,Regulation Of Vascular Endothelial Growth Factor Signaling Pathway (GO:1900746),6/19,8.438645525720651e-05,0.0010942907538009,0,0,10.75743964065132,100.9058988591807,SMOC2;TNXB;SORD;IL12B;ROBO1;VEGFA,vascular
GO_Biological_Process_2023,Regulation Of Peptidase Activity (GO:0052547),7/27,8.724475103897665e-05,0.0011267941031364,0,0,8.164677222898904,76.31354921001092,CST3;CSTB;ECM1;CTSV;CST7;CTSS;CTSB,
GO_Biological_Process_2023,Regulation Of Receptor Internalization (GO:0002090),8/36,8.993400100008428e-05,0.0011568618682862,0,0,6.670383275261324,62.14418873290611,CCL14;LRPAP1;ANGPT1;EGF;PCSK9;DKK1;SELE;VEGFA,
GO_Biological_Process_2023,Positive Regulation Of Apoptotic Cell Clearance (GO:2000427),4/7,9.234547677187916e-05,0.0011644982759855,0,0,31.01779935275081,288.15454430421585,C3;TREM2;CD300LF;C2,
GO_Biological_Process_2023,Positive Regulation Of Calcium Ion Import (GO:0090280),4/7,9.234547677187916e-05,0.0011644982759855,0,0,31.01779935275081,288.15454430421585,PDGFRB;LGALS3;PDGFB;STC1,
GO_Biological_Process_2023,Positive Regulation Of Plasminogen Activation (GO:0010756),4/7,9.234547677187916e-05,0.0011644982759855,0,0,31.01779935275081,288.15454430421585,CLEC3B;F12;ENO1;MELTF,
GO_Biological_Process_2023,Positive Regulation Of Vascular Endothelial Growth Factor Signaling Pathway (GO:1900748),4/7,9.234547677187916e-05,0.0011644982759855,0,0,31.01779935275081,288.15454430421585,SMOC2;TNXB;ROBO1;VEGFA,vascular
GO_Biological_Process_2023,Regulation Of Positive Chemotaxis (GO:0050926),4/7,9.234547677187916e-05,0.0011644982759855,0,0,31.01779935275081,288.15454430421585,F7;NTRK3;CNTN1;VEGFA,
GO_Biological_Process_2023,Regulation Of Interleukin-10 Production (GO:0032653),9/46,9.490606823861702e-05,0.0011920946532089,0,0,5.683100683100683,52.64041859217032,CD40LG;CLEC7A;IL12B;XCL1;LILRB1;LGALS9;MMP8;CD46;TNFRSF21,immune
GO_Biological_Process_2023,Regulation Of Calcium Ion Transport (GO:0051924),10/57,0.00010334829195390376,0.0012922641832639,0,0,4.974509701919575,45.65309418451295,EGF;CCL5;F2R;CCL4;BCL2;STC1;IL16;LILRB1;LILRB2;LILRA2,electrolyte transport
GO_Biological_Process_2023,B Cell Activation (GO:0042113),13/92,0.00010368775994344044,0.0012922641832639,0,0,3.8550749398151742,35.36694509941432,CD86;ITGB1;CD40;CR2;VCAM1;CD79B;HHEX;CASP8;CD40LG;PTPRC;KIT;BCL2;CD22,immune
GO_Biological_Process_2023,Positive Regulation Of Immune Effector Process (GO:0002699),8/37,0.0001106152442053194,0.0013679560895352,0,0,6.440033641715727,58.66518150107304,FCN2;PTPRC;IL12B;LILRB1;LGALS9;CFP;CD46;MBL2,immune
GO_Biological_Process_2023,Positive Regulation Of Receptor Signaling Pathway Via JAK-STAT (GO:0046427),8/37,0.0001106152442053194,0.0013679560895352,0,0,6.440033641715727,58.66518150107304,NOTCH1;IL10RB;CCL5;F2R;KIT;PRL;F2;IL7R,
GO_Biological_Process_2023,Negative Regulation Of Signaling (GO:0023057),7/28,0.00011219579872876944,0.0013768702809511,0,0,7.775477060495331,70.72002444486185,BRAP;MPIG6B;ERBB3;IGFBP3;ADIPOQ;PCSK9;LDLR,
GO_Biological_Process_2023,Negative Regulation Of Wound Healing (GO:0061045),7/28,0.00011219579872876944,0.0013768702809511,0,0,7.775477060495331,70.72002444486185,APCS;PROC;SERPINE2;CD109;SERPINE1;APOE;TFPI,
GO_Biological_Process_2023,Regulation Of Interleukin-2 Production (GO:0032663),9/47,0.0001131176432204186,0.0013828847757061,0,0,5.533256217466744,50.28115402846606,CD86;PTPRC;CLEC7A;CD80;XCL1;VSIG4;CD34;GBP1;HAVCR2,immune
GO_Biological_Process_2023,Positive Regulation Of Cellular Component Biogenesis (GO:0044089),13/93,0.0001160449899654104,0.0013895728065063,0,0,3.8066871165644174,34.49441939531077,CHGA;TGFB1;TFRC;MMP1;MMP3;PARK7;CLU;MTSS1;VEGFA;CDH5;LGALS3;HYAL1;CLEC7A,
GO_Biological_Process_2023,Leukotriene Metabolic Process (GO:0006691),6/20,0.00011634566319187384,0.0013895728065063,0,0,9.988529718456723,90.48554077825712,CPA1;PLA2G1B;PLA2G4A;PRG3;PTGR1;GGT1,
GO_Biological_Process_2023,Positive Regulation Of Protein Processing (GO:0010954),6/20,0.00011634566319187384,0.0013895728065063,0,0,9.988529718456723,90.48554077825712,CLEC3B;F12;MYH9;ENO1;MELTF;KLKB1,
GO_Biological_Process_2023,Pulmonary Valve Development (GO:0003177),6/20,0.00011634566319187384,0.0013895728065063,0,0,9.988529718456723,90.48554077825712,NOTCH2;ROBO2;NOTCH1;TNFRSF1B;ROBO1;TNFRSF1A,
GO_Biological_Process_2023,Immune Response-Regulating Cell Surface Receptor Signaling Pathway (GO:0002768),5/13,0.0001171353911197978,0.0013895728065063,0,0,14.553462940461726,131.7405676613689,PIGR;CD40;KIT;LILRB1;LILRB2,immune
GO_Biological_Process_2023,Positive Regulation Of Superoxide Anion Generation (GO:0032930),5/13,0.0001171353911197978,0.0013895728065063,0,0,14.553462940461726,131.7405676613689,ITGAM;TGFB1;CLEC7A;ITGB2;SOD1,electrolyte transport
GO_Biological_Process_2023,Regulation Of T Cell Chemotaxis (GO:0010819),5/13,0.0001171353911197978,0.0013895728065063,0,0,14.553462940461726,131.7405676613689,CXCL10;CCL21;CCL5;XCL1;CXCL13,immune
GO_Biological_Process_2023,Response To UV-A (GO:0070141),5/13,0.0001171353911197978,0.0013895728065063,0,0,14.553462940461726,131.7405676613689,MMP1;MMP3;TIMP1;MMP9;EGFR,
GO_Biological_Process_2023,Positive Regulation Of Cell Growth (GO:0030307),14/106,0.00011993024682475338,0.0014166689025854,0,0,3.566926610404871,32.20435452441825,YAP1;SEMA7A;SEMA4D;BDNF;TWF2;DNPH1;EGFR;CXCL16;HYAL1;BCL2;PRSS2;HDGFL2;FXN;EIF4G1,
GO_Biological_Process_2023,Regulation Of Neuron Death (GO:1901214),10/58,0.00012030407165258911,0.0014166689025854,0,0,4.870619396903016,43.95971735636931,CHGA;ITGAM;CSF1;ITGB2;PCSK9;PARK7;TNFRSF1B;CLU;DKK1;EIF4G1,
GO_Biological_Process_2023,Negative Regulation Of Apoptotic Signaling Pathway (GO:2001234),12/82,0.0001349084029022519,0.0015828264267249,0,0,4.013025210084034,35.75972456081021,LGALS3;BDNF;HGF;PLAUR;BCL2;ITGAV;PARK7;TRIAP1;CLU;MMP9;FXN;HSPA1A,
GO_Biological_Process_2023,Positive Regulation Of Proteolysis (GO:0045862),10/59,0.0001395509455993545,0.0016313199954552,0,0,4.770969512499376,42.35228196148582,ATP5IF1;CASP8;TNIP1;IST1;ADAM9;CTSV;APOE;TNFRSF1B;CTSS;CTSC,
GO_Biological_Process_2023,Maintenance Of Blood-Brain Barrier (GO:0035633),7/29,0.0001426463278976557,0.0016614406845679,0,0,7.421658731037537,65.7198435915208,ITGB1;CDH5;PECAM1;ESAM;F11R;JAM2;MBL2,
GO_Biological_Process_2023,Regulation Of Signal Transduction (GO:0009966),20/193,0.00015565622139080733,0.0018064017286766,0,0,2.718336862587993,23.83399892370807,BRAP;IGFBP1;MPIG6B;IGFBP4;CD80;IGFBP3;ADIPOQ;TREM2;CLU;BST1;ERBB3;MZB1;IGFBP7;NCAM1;TIMP1;IGFBP6;CD46;MGLL;CD55;CD177,
GO_Biological_Process_2023,Positive Regulation Of Natural Killer Cell Mediated Cytotoxicity (GO:0045954),6/21,0.00015720491770727184,0.0018112494655265,0,0,9.322141119221412,81.64294272184951,KLRK1;LAMP1;CD160;IL12B;KLRD1;PVR,
GO_Biological_Process_2023,Regulation Of Membrane Protein Ectodomain Proteolysis (GO:0051043),6/21,0.00015720491770727184,0.0018112494655265,0,0,9.322141119221412,81.64294272184951,ADAM9;TIMP3;APOE;TIMP1;TNFRSF1B;TIMP4,
GO_Biological_Process_2023,Negative Regulation Of T Cell Activation (GO:0050868),9/49,0.0001583831584200885,0.0018117902014983,0,0,5.256043956043956,45.99297798606321,CD86;LGALS3;CD80;PLA2G2A;LILRB1;VSIG4;LILRB2;TNFRSF21;HAVCR2,immune
GO_Biological_Process_2023,Negative Regulation Of Cysteine-Type Endopeptidase Activity Involved In Apoptotic Process (GO:0043154),9/49,0.0001583831584200885,0.0018117902014983,0,0,5.256043956043956,45.99297798606321,FABP1;LAMP3;HGF;PLAUR;PARK7;TRIAP1;GAS6;MMP9;VEGFA,
GO_Biological_Process_2023,Positive Regulation Of Cysteine-Type Endopeptidase Activity Involved In Apoptotic Process (GO:0043280),14/109,0.00016224428812605142,0.0018493539319136,0,0,3.453743695848959,30.138774569866136,FIS1;PDCD5;F2R;SORD;HIP1R;FASLG;ROBO1;CASP8;CLEC7A;TNFSF10;CNTN1;FAS;LGALS9;CTSD,
GO_Biological_Process_2023,Negative Regulation Of Lymphocyte Proliferation (GO:0050672),8/39,0.00016382508642369154,0.0018607508929612,0,0,6.023918174665617,52.50875529509289,CD86;TNFRSF13B;CD80;PLA2G2A;LILRB1;VSIG4;LILRB2;TNFRSF21,immune
GO_Biological_Process_2023,Regulation Of Cysteine-Type Endopeptidase Activity Involved In Apoptotic Process (GO:0043281),12/84,0.00017060905735867709,0.0019241577842247,0,0,3.901143790849673,33.84685343392975,FABP1;FIS1;CLEC7A;LAMP3;HGF;PDCD5;F2R;TNFSF10;TRIAP1;GAS6;CTSD;VEGFA,
GO_Biological_Process_2023,Regulation Of Interleukin-1 Beta Production (GO:0032651),12/84,0.00017060905735867709,0.0019241577842247,0,0,3.901143790849673,33.84685343392975,ORM1;SERPINB1;CASP8;CLEC7A;F2R;SIRPA;APOA1;LGALS9;LCP1;CCL19;AZU1;LILRA2,immune
GO_Biological_Process_2023,Transforming Growth Factor Beta Receptor Signaling Pathway (GO:0007179),11/72,0.00017213552402529152,0.0019345616963263,0,0,4.218171238236652,36.55985380952345,ITGB1;TGFBR3;CDH5;COL3A1;TGFB1;GDF15;APOA1;ADAM9;LTBP2;PTPRK;ENG,
GO_Biological_Process_2023,Negative Regulation Of T Cell Mediated Immunity (GO:0002710),5/14,0.0001760112421462738,0.0019618338779574,0,0,12.935736465505602,111.82895910077892,PTPRC;CD80;XCL1;LILRB1;KLRD1,immune
GO_Biological_Process_2023,Regulation Of Extracellular Matrix Disassembly (GO:0010715),5/14,0.0001760112421462738,0.0019618338779574,0,0,12.935736465505602,111.82895910077892,DDR1;CST3;DPP4;TGFB1;MELTF,
GO_Biological_Process_2023,CD40 Signaling Pathway (GO:0023035),4/8,0.00017862867538496785,0.0019618338779574,0,0,23.262135922330096,200.7569167463999,CD86;ITGB1;CD40LG;ITGA5,
GO_Biological_Process_2023,Plasminogen Activation (GO:0031639),4/8,0.00017862867538496785,0.0019618338779574,0,0,23.262135922330096,200.7569167463999,PLAU;F11;PLAT;KLKB1,
GO_Biological_Process_2023,Synapse Pruning (GO:0098883),4/8,0.00017862867538496785,0.0019618338779574,0,0,23.262135922330096,200.7569167463999,C3;ITGAM;TREM2;DKK1,
GO_Biological_Process_2023,"Phagocytosis, Engulfment (GO:0006911)",7/30,0.0001794621686673538,0.0019618338779574,0,0,7.098607212836943,61.22936398558493,MSR1;ITGAM;MEGF10;BIN2;ITGB2;MYH9;HAVCR1,
GO_Biological_Process_2023,Positive Regulation Of Lipid Kinase Activity (GO:0090218),7/30,0.0001794621686673538,0.0019618338779574,0,0,7.098607212836943,61.22936398558493,PDGFRB;TGFB1;CCL21;KIT;PDGFB;CCL19;F2,
GO_Biological_Process_2023,Regulation Of Macrophage Derived Foam Cell Differentiation (GO:0010743),7/30,0.0001794621686673538,0.0019618338779574,0,0,7.098607212836943,61.22936398558493,MSR1;CSF1;ADIPOQ;PLA2G2A;IL18;ITGAV;LCP1,
GO_Biological_Process_2023,Regulation Of Interleukin-12 Production (GO:0032655),9/50,0.0001861397275773855,0.0020279100252733,0,0,5.127579737335835,44.040848728928886,CD40;CD40LG;CLEC7A;IL12B;IL16;LILRB1;LGALS9;CCL19;TLR3,immune
GO_Biological_Process_2023,Positive Regulation Of Defense Response (GO:0031349),15/124,0.0001891694628947044,0.0020539314903448,0,0,3.226751074850198,27.66250882504379,GRN;SERPINE1;PLA2G2A;IL18;IL16;PLA2G7;IL17RA;TNFRSF1A;TNIP1;CCL5;CCN4;IL12B;ADAM8;LCP1;TLR3,
GO_Biological_Process_2023,Positive Regulation Of NF-kappaB Transcription Factor Activity (GO:0051092),17/152,0.00019119809019785183,0.0020630240203949,0,0,2.9559209024067226,25.309187564229436,CD40;TFRC;PLA2G1B;IL18;EIF2AK2;IL1RAP;TNFRSF11A;CLU;AGER;EDA2R;CRNN;CD40LG;CLEC7A;TRIM25;LGALS9;IL18R1;HSPA1A,
GO_Biological_Process_2023,Positive Regulation Of Endothelial Cell Migration (GO:0010595),12/85,0.00019129507775750583,0.0020630240203949,0,0,3.847502014504432,32.94113265153913,NELL2;SMOC2;CD40;GRN;TGFB1;ANGPT1;ANXA3;EGF;PDGFB;MET;VEGFA;LGMN,vascular
GO_Biological_Process_2023,Cellular Response To Low-Density Lipoprotein Particle Stimulus (GO:0071404),6/22,0.00020862637922842143,0.0022274343088954,0,0,8.739051094890511,74.0631570996507,ITGB1;ITGB2;TREM2;LCP1;LDLR;CES1,
GO_Biological_Process_2023,Positive Regulation Of Cholesterol Efflux (GO:0010875),6/22,0.00020862637922842143,0.0022274343088954,0,0,8.739051094890511,74.0631570996507,ADIPOQ;APOA1;TREM2;APOE;PLTP;CES1,
GO_Biological_Process_2023,Positive Regulation Of Receptor Internalization (GO:0002092),6/22,0.00020862637922842143,0.0022274343088954,0,0,8.739051094890511,74.0631570996507,CCL14;ANGPT1;EGF;PCSK9;SELE;VEGFA,
GO_Biological_Process_2023,Regulation Of T Cell Activation (GO:0050863),10/62,0.00021354508801027465,0.0022723751391923,0,0,4.4950159864585295,37.99035833073524,LGALS3;CD209;CCL5;SPINK5;SIRPA;TNFSF8;THY1;TNFRSF1B;B2M;SIRPB1,immune
GO_Biological_Process_2023,Positive Regulation Of Cholesterol Transport (GO:0032376),7/31,0.0002235900898004382,0.002371387608049,0,0,6.802476654486399,57.17955174870777,ADIPOQ;APOA1;TREM2;APOE;PLTP;ENPP7;CES1,
GO_Biological_Process_2023,Positive Regulation Of DNA-binding Transcription Factor Activity (GO:0051091),23/246,0.0002427360142804864,0.0025659519925425,0,0,2.4278026905829595,20.20790325650789,CD40;TFRC;ANXA3;PLA2G1B;IL18;EIF2AK2;IL1RAP;PARK7;TNFRSF11A;CLU;AGER;EDA2R;VEGFA;CRNN;CD40LG;CLEC7A;KIT;TRIM25;HCLS1;ADAM8;LGALS9;IL18R1;HSPA1A,
GO_Biological_Process_2023,Negative Regulation Of Immune Effector Process (GO:0002698),5/15,0.0002550434355358175,0.0026783741771187,0,0,11.641555285540704,96.32312124528636,LGALS3;GRN;LILRB1;CD55;HAVCR2,immune
GO_Biological_Process_2023,Regulation Of Amyloid-Beta Clearance (GO:1900221),5/15,0.0002550434355358175,0.0026783741771187,0,0,11.641555285540704,96.32312124528636,LRPAP1;IFNGR1;TREM2;APOE;CLU,
GO_Biological_Process_2023,Regulation Of I-kappaB kinase/NF-kappaB Signaling (GO:0043122),22/232,0.0002693983572334502,0.0028198788830677,0,0,2.464634290440742,20.257616417307023,CD74;CD40;ECM1;TFRC;CCL21;F2R;TNFRSF19;SHISA5;FASLG;TREM2;EDA2R;TNFRSF1A;BST2;CASP8;TNIP1;CLEC7A;EEF1D;TNFSF10;TRIM25;LGALS9;CCL19;LTBR,
GO_Biological_Process_2023,Adaptive Immune Response Based On Somatic Recombination Of Immune Receptors Built From Immunoglobulin Superfamily Domains (GO:0002460),6/23,0.0002724338932426253,0.002823966861023,0,0,8.224559896951481,67.50812989648112,CR2;CD8A;IL18;IL12B;CD46;IL18BP,immune
GO_Biological_Process_2023,Cholesterol Efflux (GO:0033344),6/23,0.0002724338932426253,0.002823966861023,0,0,8.224559896951481,67.50812989648112,APOM;NPC2;APOC1;APOA1;APOA4;APOE,
GO_Biological_Process_2023,Regulation Of T Cell Migration (GO:2000404),6/23,0.0002724338932426253,0.002823966861023,0,0,8.224559896951481,67.50812989648112,CXCL10;CCL21;CCL20;CCL5;APOD;TNFRSF14,immune
GO_Biological_Process_2023,Negative Regulation Of Cell Death (GO:0060548),10/64,0.00027924854215318265,0.0028852680016665,0,0,4.328081137372091,35.4184552783992,CHGA;CSF1;CCN5;CCN4;CCN3;PARK7;CCN2;TNFRSF1B;CHMP6;EIF4G1,
GO_Biological_Process_2023,Positive Regulation Of Calcium Ion Transmembrane Transport (GO:1904427),8/42,0.0002816408169029947,0.0029006287348562,0,0,5.491535150645624,44.89262987713419,CXCL10;CXCL9;CXCL11;PLA2G1B;F2R;XCL1;THY1;F2,
GO_Biological_Process_2023,Positive Regulation Of NIK/NF-kappaB Signaling (GO:1901224),9/53,0.0002947095914356924,0.003025496222335,0,0,4.777222777222777,38.83652869619426,CD86;IL12B;EIF2AK2;LGALS9;CCL19;MMP8;AGER;TLR3;EGFR,
GO_Biological_Process_2023,Negative Regulation Of Receptor Binding (GO:1900121),4/9,0.000310992280398696,0.0031622484892603,0,0,18.60873786407767,150.27937464410925,ADIPOQ;PCSK9;B2M;PTPRF,
GO_Biological_Process_2023,Regulation Of Cellular Extravasation (GO:0002691),4/9,0.000310992280398696,0.0031622484892603,0,0,18.60873786407767,150.27937464410925,BST1;THY1;LYVE1;ICAM1,
GO_Biological_Process_2023,"Wound Healing, Spreading Of Epidermal Cells (GO:0035313)",4/9,0.000310992280398696,0.0031622484892603,0,0,18.60873786407767,150.27937464410925,ITGB1;MMP12;LRG1;ITGA5,
GO_Biological_Process_2023,Regulation Of Tyrosine Phosphorylation Of STAT Protein (GO:0042509),10/65,0.0003179629710354822,0.0032212368684476,0,0,4.24916648144032,34.220983602551925,CD40;CCL5;KIT;IL18;IL12B;HCLS1;IL6R;CRLF1;TNFRSF1A;VEGFA,
GO_Biological_Process_2023,Transmembrane Receptor Protein Serine/Threonine Kinase Signaling Pathway (GO:0007178),15/130,0.00031880489768900934,0.0032212368684476,0,0,3.0574362265361783,24.61520885583495,ITGB1;TGFB1;GDF15;APOA1;LTBP2;PTPRK;RGMB;INHBC;RGMA;TGFBR3;CDH5;COL3A1;ADAM9;LEFTY2;ENG,
GO_Biological_Process_2023,Regulation Of Primary Metabolic Process (GO:0080090),8/43,0.00033360697142046606,0.0033496649826324,0,0,5.3343554006968645,42.70443282246409,SERPINA3;PSAPL1;PSAP;ADGRF5;TREM2;APOE;LDLR;CNDP1,
GO_Biological_Process_2023,Response To Amyloid-Beta (GO:1904645),8/43,0.00033360697142046606,0.0033496649826324,0,0,5.3343554006968645,42.70443282246409,MMP12;VCAM1;MMP3;TREM2;AGER;MMP9;ICAM1;LGMN,
GO_Biological_Process_2023,Regulation Of Cell Adhesion Mediated By Integrin (GO:0033628),7/33,0.0003379812946822432,0.00338298152146,0,0,6.278553358943127,50.18146332500224,DPP4;EFNA1;CCL21;PLAU;SERPINE1;ADAM9;ADA,
GO_Biological_Process_2023,Positive Regulation Of Protein Kinase Activity (GO:0045860),16/145,0.0003405222652554496,0.003390395098706,0,0,2.9087715278573336,23.226628042901297,MAP2K1;CSF1;CCL21;PDGFB;AZU1;CLU;DKK1;VEGFA;EFNA1;PTPRC;ERBB3;CCL5;IL12B;CCL19;GAS6;IL6R,
GO_Biological_Process_2023,Negative Regulation Of Protein Catabolic Process (GO:0042177),9/54,0.0003408389702726665,0.003390395098706,0,0,4.670818070818071,37.29228052168556,CST3;OPHN1;LAMP3;TIMP3;TIMP1;ATRAID;RILP;TIMP4;EGFR,
GO_Biological_Process_2023,Organonitrogen Compound Catabolic Process (GO:1901565),11/78,0.0003537741573897736,0.0035081691211128,0,0,3.839218838488098,30.50970322130192,CASP7;ADAMTS13;CTRL;CPQ;ANPEP;CASP3;ENPP2;PLA2G4A;TPP1;NPL;PLA2G7,
GO_Biological_Process_2023,Regulation Of Establishment Of Endothelial Barrier (GO:1903140),5/16,0.00035837674159307074,0.0035428416769216,0,0,10.582679774660331,83.9621958229905,CDH5;PROC;F11R;TNFRSF1A;VEGFA,vascular
GO_Biological_Process_2023,Negative Regulation Of Response To External Stimulus (GO:0032102),16/146,0.0003680677462757804,0.0036274492040656,0,0,2.8862447896930656,22.82224047854299,RTN4R;REG3A;APCS;PTPRS;SERPINE1;ADIPOQ;CXCL17;APOA1;LILRA2;TNFRSF1A;CDH5;PROC;CD109;SIRPA;CCN3;APOE,
GO_Biological_Process_2023,Negative Regulation Of Gene Expression (GO:0010629),28/336,0.0003744503188340077,0.0036790318135746,0,0,2.143636363636364,16.913401143010855,YAP1;NOTCH2;NOTCH1;SHMT1;PDGFB;PARK7;CRKL;ROBO1;STC2;LGALS9;APOE;NUDT16;CD34;HAVCR2;MSR1;TGFB1;SORD;EIF2AK2;PRG3;MMP8;VEGFA;ERN1;CILP;DXO;CD46;LGMN;ENG;HSPA1A,
GO_Biological_Process_2023,Positive Regulation Of Apoptotic Process (GO:0043065),24/270,0.0003805556481928946,0.0037275833063053,0,0,2.2965659507341343,18.08288043925828,ITGB1;GRN;IGFBP3;GZMA;PDCD5;ADIPOQ;TNFRSF10C;HIP1R;PCSK9;LILRB1;FASLG;CTSV;CLU;CTSS;SOD1;CASP8;TCTN3;SMPD1;CASP3;TNFSF10;BCL2;FAS;TNFRSF8;CTSD,
GO_Biological_Process_2023,Negative Regulation Of Immune System Process (GO:0002683),8/44,0.000393127340711508,0.0038273157212734,0,0,5.185907859078591,40.6646584879738,COL3A1;BPIFB1;AMBP;SPINK5;TREM2;LILRB2;PDCD1;LILRA2,immune
GO_Biological_Process_2023,Regulation Of Cell-Substrate Adhesion (GO:0010810),8/44,0.000393127340711508,0.0038273157212734,0,0,5.185907859078591,40.6646584879738,VIT;ATXN3;BST1;NOTCH1;PDGFB;PLG;THY1;FBLN2,
GO_Biological_Process_2023,Positive Regulation Of Stress-Activated MAPK Cascade (GO:0032874),13/105,0.0003960410888003232,0.0038439988103861,0,0,3.3080821552413977,25.91549109952823,CCL21;SERPINF2;TNFRSF19;SORD;EIF2AK2;MMP8;EDA2R;VEGFA;CCN2;IGFBP6;CCL19;LTBR;TLR3,stress response
GO_Biological_Process_2023,Regulation Of Protein-Containing Complex Assembly (GO:0043254),14/119,0.00040897863463146695,0.0039575787514338,0,0,3.123177723177723,24.366556753093484,TGFB1;TFRC;MMP1;MMP3;EIF2AK2;PARK7;CLU;SEPTIN8;VEGFA;SELP;CDH5;LGALS3;CLEC7A;APOE,
GO_Biological_Process_2023,Regulation Of Phosphatidylinositol 3-Kinase Activity (GO:0043551),7/34,0.00041055215825509664,0.0039608390448526,0,0,6.045698560923896,47.14440318536631,PDGFRB;TGFB1;CCL21;PIK3IP1;KIT;PDGFB;CCL19,
GO_Biological_Process_2023,Negative Regulation Of Cell Migration (GO:0030336),17/163,0.00043857457908599975,0.0042184816120494,0,0,2.731635221188116,21.12095076290233,CD74;IGFBP3;SERPINE1;ADIPOQ;STC1;THY1;PTPRK;SLURP1;ROBO1;BST2;COL3A1;CDH1;TNN;DAG1;TIMP1;EPHA1;ENG,
GO_Biological_Process_2023,Wound Healing (GO:0042060),11/80,0.0004421396802693964,0.0042323107507899,0,0,3.727546875277172,28.7911423049552,MMP12;SPRR3;COL3A1;LRG1;ERBB3;SMPD1;MYH9;PDGFA;PRCP;HPSE;CHMP6,
GO_Biological_Process_2023,Regulation Of Keratinocyte Proliferation (GO:0010837),6/25,0.000445297759293233,0.0042323107507899,0,0,7.358048405685747,56.78034789945229,NOTCH2;CRNN;REG3A;CDH3;LRG1;PTPRK,
GO_Biological_Process_2023,Regulation Of Neutrophil Chemotaxis (GO:0090022),6/25,0.000445297759293233,0.0042323107507899,0,0,7.358048405685747,56.78034789945229,DPP4;CD74;CCL21;XCL1;CCL19;THBS4,
GO_Biological_Process_2023,"Wound Healing, Spreading Of Cells (GO:0044319)",6/25,0.000445297759293233,0.0042323107507899,0,0,7.358048405685747,56.78034789945229,DDR1;ITGB1;MMP12;LRG1;ITGA5;LCP1,
GO_Biological_Process_2023,Positive Regulation Of Cellular Metabolic Process (GO:0031325),9/56,0.0004510394320340198,0.0042741991148075,0,0,4.471592237549684,34.44894890825505,PDGFRB;IL10RB;CCL5;ADIPOQ;SORD;PDGFB;F2;B2M;IFNAR1,
GO_Biological_Process_2023,Negative Regulation Of Protein Phosphorylation (GO:0001933),16/149,0.000462524775420817,0.004370108718799,0,0,2.82069706285418,21.659598037310648,TGFB1;SEMA4D;IGFBP3;NTRK3;SORD;PARK7;THY1;DKK1;CRKL;IMPACT;PTPRC;SIRPA;PTPN6;EPHA1;EIF4G1;ENG,
GO_Biological_Process_2023,T Cell Migration (GO:0072678),5/17,0.0004904806651750275,0.0045668882864988,0,0,9.700283515593355,73.91736999806554,CXCL10;CXCL11;CD99;CXCL16;XG,immune
GO_Biological_Process_2023,Positive Regulation Of Alpha-Beta T Cell Proliferation (GO:0046641),5/17,0.0004904806651750275,0.0045668882864988,0,0,9.700283515593355,73.91736999806554,IL18;IL12B;XCL1;LGALS9;CD55,immune
GO_Biological_Process_2023,Positive Regulation Of Glial Cell Differentiation (GO:0045687),5/17,0.0004904806651750275,0.0045668882864988,0,0,9.700283515593355,73.91736999806554,NOTCH1;TGFB1;SERPINE2;PTPRZ1;TNFRSF1B,
GO_Biological_Process_2023,Positive Regulation Of Lymphocyte Chemotaxis (GO:0140131),5/17,0.0004904806651750275,0.0045668882864988,0,0,9.700283515593355,73.91736999806554,CCL21;CCL5;CCL4;XCL1;CXCL13,immune
GO_Biological_Process_2023,Positive Regulation Of Macrophage Derived Foam Cell Differentiation (GO:0010744),5/17,0.0004904806651750275,0.0045668882864988,0,0,9.700283515593355,73.91736999806554,MSR1;CSF1;PLA2G2A;IL18;LCP1,
GO_Biological_Process_2023,Cellular Response To UV-A (GO:0071492),4/10,0.0005013545620896535,0.0045881104639233,0,0,15.506472491909385,117.82123274419163,MMP1;MMP3;TIMP1;MMP9,
GO_Biological_Process_2023,Induction Of Positive Chemotaxis (GO:0050930),4/10,0.0005013545620896535,0.0045881104639233,0,0,15.506472491909385,117.82123274419163,IL16;VEGFD;PGF;VEGFA,
GO_Biological_Process_2023,Positive Regulation Of Phospholipid Transport (GO:2001140),4/10,0.0005013545620896535,0.0045881104639233,0,0,15.506472491909385,117.82123274419163,APOA1;APOE;TRIAP1;PRAP1,
GO_Biological_Process_2023,Regulation Of Axon Regeneration (GO:0048679),4/10,0.0005013545620896535,0.0045881104639233,0,0,15.506472491909385,117.82123274419163,RTN4R;GRN;PTPRS;SCARF1,
GO_Biological_Process_2023,Regulation Of Coagulation (GO:0050818),4/10,0.0005013545620896535,0.0045881104639233,0,0,15.506472491909385,117.82123274419163,PROC;F2R;GP1BA;F2,
GO_Biological_Process_2023,Regulation Of Dendritic Cell Differentiation (GO:2001198),4/10,0.0005013545620896535,0.0045881104639233,0,0,15.506472491909385,117.82123274419163,LGALS3;LILRB1;LGALS9;LILRB2,
GO_Biological_Process_2023,Phospholipid Metabolic Process (GO:0006644),10/69,0.0005204946209251533,0.0047496987772742,0,0,3.960258588537566,29.94244989579893,PCYT2;PLA2G1B;ACP6;SMPD1;PLA2G2A;ENPP2;ANGPTL3;LCP1;PLB1;ENPP7,
GO_Biological_Process_2023,Positive Regulation Of Cell-Cell Adhesion (GO:0022409),8/46,0.0005380727094189218,0.0048961559325818,0,0,4.912451861360719,36.9785642069676,MEGF10;CCL5;SERPINF2;PLAUR;THY1;CXCL13;AGER;FSTL3,
GO_Biological_Process_2023,Acute Inflammatory Response (GO:0002526),6/26,0.0005587857094911901,0.0050416637394374,0,0,6.9897810218978105,52.35167399624073,APCS;ITIH4;CD6;CNTN1;IL6R;MBL2,immune
GO_Biological_Process_2023,Plasma Membrane Invagination (GO:0099024),6/26,0.0005587857094911901,0.0050416637394374,0,0,6.9897810218978105,52.35167399624073,MSR1;ITGAM;BIN2;ITGB2;MYH9;HAVCR1,
GO_Biological_Process_2023,Positive Regulation Of Phosphatidylinositol 3-Kinase Activity (GO:0043552),6/26,0.0005587857094911901,0.0050416637394374,0,0,6.9897810218978105,52.35167399624073,PDGFRB;TGFB1;CCL21;KIT;PDGFB;CCL19,
GO_Biological_Process_2023,Positive Regulation Of Programmed Cell Death (GO:0043068),22/245,0.0005712214964866554,0.0051393889136144,0,0,2.31936485328645,17.320398645482122,ITGB1;IGFBP3;GZMA;PDCD5;TNFRSF10C;HIP1R;LILRB1;FASLG;CLU;SOD1;FCER2;CASP8;TCTN3;CLEC7A;SMPD1;CASP3;TNFSF10;BCL2;FAS;TNFRSF8;CTSD;GBP1,
GO_Biological_Process_2023,Negative Regulation Of Epithelial Cell Proliferation (GO:0050680),10/70,0.0005851014989617495,0.0052495240929257,0,0,3.8940505297473513,28.986242149020907,ATP5IF1;TGFBR3;TGFB1;SORD;PRL;PTPRK;APOE;B2M;MTSS1;ROBO1,
GO_Biological_Process_2023,Positive Regulation Of Mitochondrion Organization (GO:0010822),9/58,0.0005889534981959433,0.0052546463919821,0,0,4.288629737609329,31.89523981132127,FIS1;PDCD5;TNFSF10;PLAUR;HIP1R;CHCHD10;TREM2;PARK7;MMP9,
GO_Biological_Process_2023,Response To Organic Cyclic Compound (GO:0014070),9/58,0.0005889534981959433,0.0052546463919821,0,0,4.288629737609329,31.89523981132127,TGFB1;BGLAP;KYNU;CCL5;IL18;SPP1;CLU;TLR3;ADA,
GO_Biological_Process_2023,Negative Regulation Of Sequestering Of Calcium Ion (GO:0051283),7/36,0.0005928376472763114,0.0052746082895167,0,0,5.628165819648032,41.82059253651902,PTPRC;CCL21;F2R;XCL1;GP1BA;CCL19;CLU,
GO_Biological_Process_2023,Enzyme-Linked Receptor Protein Signaling Pathway (GO:0007167),14/124,0.000622215515783047,0.0054930311723499,0,0,2.9804333258878715,22.002226538571875,PDGFRB;DDR1;CSF1;BDNF;NTRK3;GP6;MERTK;PTPRF;MTSS1;EGFR;ERBB3;CD8A;AXL;MET,
GO_Biological_Process_2023,Neuron Projection Guidance (GO:0097485),14/124,0.000622215515783047,0.0054930311723499,0,0,2.9804333258878715,22.002226538571875,NOTCH2;ROBO2;NOTCH3;SEMA7A;NOTCH1;SEMA4D;BDNF;EFNA1;NELL2;NFASC;OPHN1;DAG1;CNTN1;CNTN4,
GO_Biological_Process_2023,Regulation Of JNK Cascade (GO:0046328),13/110,0.000622532099769908,0.0054930311723499,0,0,3.136740244133831,23.15452365632304,AMBP;CCL21;SERPINF2;TNFRSF19;MMP8;EDA2R;EGFR;TGFBR3;SIRPA;CCN2;CCL19;LTBR;TLR3,
GO_Biological_Process_2023,Negative Regulation Of Hydrolase Activity (GO:0051346),8/47,0.0006252433459334212,0.0055017979039141,0,0,4.786241400875547,35.30987195512231,ATP5IF1;CST3;CSTB;ECM1;KLRK1;CST7;SERPINA5;CTSB,
GO_Biological_Process_2023,Cell Junction Maintenance (GO:0034331),5/18,0.0006561174923720464,0.0055680297039568,0,0,8.95364052715207,65.6227596383099,DCTN1;F2R;CHCHD10;PRTN3;CD177,
GO_Biological_Process_2023,Positive Regulation Of G Protein-Coupled Receptor Signaling Pathway (GO:0045745),5/18,0.0006561174923720464,0.0055680297039568,0,0,8.95364052715207,65.6227596383099,CHGA;C3;LRPAP1;KLK14;F2,
GO_Biological_Process_2023,Positive Regulation Of Macrophage Migration (GO:1905523),5/18,0.0006561174923720464,0.0055680297039568,0,0,8.95364052715207,65.6227596383099,CSF1;RARRES2;CCL5;CXCL17;TREM2,
GO_Biological_Process_2023,Positive Regulation Of Natural Killer Cell Activation (GO:0032816),5/18,0.0006561174923720464,0.0055680297039568,0,0,8.95364052715207,65.6227596383099,LAMP1;AXL;IL18;IL12B;GAS6,
GO_Biological_Process_2023,Positive Regulation Of Neutrophil Chemotaxis (GO:0090023),5/18,0.0006561174923720464,0.0055680297039568,0,0,8.95364052715207,65.6227596383099,CD74;CCL21;XCL1;CCL19;THBS4,
GO_Biological_Process_2023,Positive Regulation Of Cell-Substrate Adhesion (GO:0010811),10/71,0.0006561976538488032,0.0055680297039568,0,0,3.830013226983045,28.07035274523825,VIT;CCL25;CSF1;CCL21;PDGFB;FN1;APOA1;EPHA1;FBLN2;CRKL,
GO_Biological_Process_2023,Glomerulus Vasculature Development (GO:0072012),3/5,0.0006640609887329169,0.0055680297039568,0,0,34.85454545454545,255.0354689044717,ANGPT2;PECAM1;CD34,
GO_Biological_Process_2023,Glycolipid Transport (GO:0046836),3/5,0.0006640609887329169,0.0055680297039568,0,0,34.85454545454545,255.0354689044717,NPC2;PSAP;PLTP,
GO_Biological_Process_2023,Positive Regulation Of T-helper 1 Cell Cytokine Production (GO:2000556),3/5,0.0006640609887329169,0.0055680297039568,0,0,34.85454545454545,255.0354689044717,IL1R1;XCL1;IL18R1,immune
GO_Biological_Process_2023,Positive Regulation Of Endothelial Cell Development (GO:1901552),3/5,0.0006640609887329169,0.0055680297039568,0,0,34.85454545454545,255.0354689044717,CDH5;PROC;F11R,vascular
GO_Biological_Process_2023,Positive Regulation Of Establishment Of Endothelial Barrier (GO:1903142),3/5,0.0006640609887329169,0.0055680297039568,0,0,34.85454545454545,255.0354689044717,CDH5;PROC;F11R,vascular
GO_Biological_Process_2023,Positive Regulation Of Receptor Binding (GO:1900122),3/5,0.0006640609887329169,0.0055680297039568,0,0,34.85454545454545,255.0354689044717,BDNF;B2M;MMP9,
GO_Biological_Process_2023,Positive Regulation Of Vascular Associated Smooth Muscle Cell Differentiation (GO:1905065),3/5,0.0006640609887329169,0.0055680297039568,0,0,34.85454545454545,255.0354689044717,KIT;SOD2;ENG,vascular
GO_Biological_Process_2023,Protein Import (GO:0017038),3/5,0.0006640609887329169,0.0055680297039568,0,0,34.85454545454545,255.0354689044717,LAMP2;CLU;GPIHBP1,
GO_Biological_Process_2023,Regulation Of T-helper 1 Cell Cytokine Production (GO:2000554),3/5,0.0006640609887329169,0.0055680297039568,0,0,34.85454545454545,255.0354689044717,IL1R1;XCL1;IL18R1,immune
GO_Biological_Process_2023,Regulation Of Glomerular Filtration (GO:0003093),3/5,0.0006640609887329169,0.0055680297039568,0,0,34.85454545454545,255.0354689044717,F2R;PDGFB;GAS6,
GO_Biological_Process_2023,Regulation Of Hyaluronan Biosynthetic Process (GO:1900125),3/5,0.0006640609887329169,0.0055680297039568,0,0,34.85454545454545,255.0354689044717,TGFB1;EGF;PDGFB,
GO_Biological_Process_2023,Venous Blood Vessel Morphogenesis (GO:0048845),3/5,0.0006640609887329169,0.0055680297039568,0,0,34.85454545454545,255.0354689044717,NOTCH1;ENG;VEGFA,vascular
GO_Biological_Process_2023,Positive Regulation Of Immune System Process (GO:0002684),6/27,0.0006935123485624857,0.0057846876365771,0,0,6.656586722280153,48.418291171552106,C7;PLA2G1B;LGALS9;LILRB2;CFP;VEGFA,immune
GO_Biological_Process_2023,Positive Regulation Of Response To Wounding (GO:1903036),6/27,0.0006935123485624857,0.0057846876365771,0,0,6.656586722280153,48.418291171552106,ITGB1;REG3A;GRN;CLEC7A;SCARF1;HBEGF,
GO_Biological_Process_2023,Cellular Response To Growth Factor Stimulus (GO:0071363),16/155,0.0007151063331159584,0.0059493132077153,0,0,2.6980898040188537,19.54247843245737,NOTCH1;TGFB1;HGF;NTRK3;PDCD5;PDGFB;TWF2;EGFR;CRKL;VEGFA;ERN1;CLEC3B;HYAL1;CCL5;XCL1;LGMN,
GO_Biological_Process_2023,Cellular Response To Mechanical Stimulus (GO:0071260),8/48,0.0007234595948990622,0.006003215239538,0,0,4.666341463414634,33.744488984582674,CD40;CASP8;TNFRSF8;FAS;LTBR;F11R;TLR3;TNFRSF1A,
GO_Biological_Process_2023,Defense Response To Gram-positive Bacterium (GO:0050830),11/85,0.0007467586763379306,0.0061805375718614,0,0,3.474775877468656,25.01758184508825,CHGA;FCN2;PGLYRP2;PLA2G1B;RARRES2;PLA2G2A;STAB2;IL18;TNFRSF14;PGLYRP1;MBL2,
GO_Biological_Process_2023,Epithelial Cell-Cell Adhesion (GO:0090136),4/11,0.0007620915919387442,0.0062429139871606,0,0,13.290568654646323,95.41889086039365,KIT;CCN3;SERPINB8;THBS4,
GO_Biological_Process_2023,Negative Regulation Of Nitrogen Compound Metabolic Process (GO:0051172),4/11,0.0007620915919387442,0.0062429139871606,0,0,13.290568654646323,95.41889086039365,TGFB1;APOE;LILRB2;LDLR,
GO_Biological_Process_2023,Phospholipid Efflux (GO:0033700),4/11,0.0007620915919387442,0.0062429139871606,0,0,13.290568654646323,95.41889086039365,APOC1;APOA1;APOA4;APOE,
GO_Biological_Process_2023,Positive Regulation Of Lipid Transport (GO:0032370),4/11,0.0007620915919387442,0.0062429139871606,0,0,13.290568654646323,95.41889086039365,ADIPOQ;APOE;TRIAP1;PRAP1,
GO_Biological_Process_2023,Regulation Of Rho Protein Signal Transduction (GO:0035023),10/73,0.0008198382677521101,0.0066988315602296,0,0,3.708037412193892,26.350809938866615,RTN4R;COL3A1;OPHN1;F2R;APOA1;EPS8L2;APOE;F11R;MET;ROBO1,
GO_Biological_Process_2023,Negative Regulation Of Angiogenesis (GO:0016525),11/86,0.0008248847790416201,0.0067229158963621,0,0,3.428266013871889,24.34160350779581,CXCL10;HHEX;CD160;SERPINF1;SERPINE1;SPINK5;FASLG;PRL;THBS2;HSPG2;THBS4,vascular
GO_Biological_Process_2023,Erythrocyte Differentiation (GO:0030218),8/49,0.0008337188447978086,0.0067467689795389,0,0,4.552290303390839,32.27398256464864,ATP5IF1;TGFBR3;MPIG6B;CASP3;KIT;HCLS1;AHSP;VEGFA,
GO_Biological_Process_2023,Calcium-Dependent Cell-Cell Adhesion Via Plasma Membrane Cell Adhesion Molecules (GO:0016339),7/38,0.000834130663720704,0.0067467689795389,0,0,5.2645082707948605,37.32073348779766,SELP;CDH5;CDH3;SELL;CDH1;CDH23;CDH15,immune
GO_Biological_Process_2023,Positive Regulation Of Axonogenesis (GO:0050772),7/38,0.000834130663720704,0.0067467689795389,0,0,5.2645082707948605,37.32073348779766,ROBO2;SEMA7A;SEMA4D;BDNF;TWF2;PLXNB2;ROBO1,
GO_Biological_Process_2023,Glycosaminoglycan Metabolic Process (GO:0030203),6/28,0.0008520539538545866,0.0068399218400908,0,0,6.353682813536828,44.90694510266247,IDUA;HYAL1;FUCA1;IDS;GUSB;SGSH,
GO_Biological_Process_2023,Hematopoietic Progenitor Cell Differentiation (GO:0002244),6/28,0.0008520539538545866,0.0068399218400908,0,0,6.353682813536828,44.90694510266247,TGFB1;PTPRC;TNFRSF13B;FST;KIT;FSTL3,
GO_Biological_Process_2023,Positive Regulation Of Fibroblast Proliferation (GO:0048146),6/28,0.0008520539538545866,0.0068399218400908,0,0,6.353682813536828,44.90694510266247,CD74;PLA2G1B;PDGFB;FN1;PDGFA;GAS6,
GO_Biological_Process_2023,Negative Regulation Of Intrinsic Apoptotic Signaling Pathway (GO:2001243),9/61,0.0008588761368099496,0.0068546446650213,0,0,4.040574809805579,28.525996889289768,PLAUR;BCL2;HYOU1;ENO1;PARK7;SOD2;CLU;MMP9;HSPA1A,
GO_Biological_Process_2023,Regulation Of Granulocyte Chemotaxis (GO:0071622),5/19,0.0008603081971085188,0.0068546446650213,0,0,8.313660822773825,58.67964596339567,BST1;CSF1;RARRES2;CCL5;CXCL17,
GO_Biological_Process_2023,Regulation Of Tissue Remodeling (GO:0034103),5/19,0.0008603081971085188,0.0068546446650213,0,0,8.313660822773825,58.67964596339567,CST3;TGFB1;IL18;IL12B;THBS4,
GO_Biological_Process_2023,Release Of Sequestered Calcium Ion Into Cytosol (GO:0051209),7/39,0.0009807606038364936,0.0077949781987302,0,0,5.099725943970768,35.326730584890846,PTPRC;CCL21;F2R;XCL1;FASLG;GP1BA;CLU,
GO_Biological_Process_2023,Regulation Of Endothelial Cell Migration (GO:0010594),11/88,0.0010015228546634,0.0079402913452648,0,0,3.338870431893688,23.059019104981488,NELL2;SMOC2;GRN;ANGPT1;ANXA3;EGF;DNAJA4;STC1;PRCP;APOE;VEGFA,vascular
GO_Biological_Process_2023,Positive Regulation Of Ras Protein Signal Transduction (GO:0046579),8/51,0.0010946014198834,0.0086354885415929,0,0,4.3401020986954055,29.58806006631628,NOTCH2;RTN4R;COL3A1;NOTCH1;F2R;APOA1;F11R;ROBO1,
GO_Biological_Process_2023,Positive Regulation Of Leukocyte Mediated Cytotoxicity (GO:0001912),8/51,0.0010946014198834,0.0086354885415929,0,0,4.3401020986954055,29.58806006631628,ITGAM;KLRK1;LAMP1;CD160;IL12B;XCL1;KLRD1;PVR,immune
GO_Biological_Process_2023,Positive Regulation Of T Cell Chemotaxis (GO:0010820),4/12,0.00110582688867,0.0086371653736542,0,0,11.62864077669903,79.15804054071003,CCL21;CCL5;XCL1;CXCL13,immune
GO_Biological_Process_2023,Positive Regulation Of T-helper Cell Differentiation (GO:0045624),4/12,0.00110582688867,0.0086371653736542,0,0,11.62864077669903,79.15804054071003,CD86;CD80;IL18;CCL19,
GO_Biological_Process_2023,Response To Iron Ion (GO:0010039),4/12,0.00110582688867,0.0086371653736542,0,0,11.62864077669903,79.15804054071003,BCL2;B2M;F3;FXN,
GO_Biological_Process_2023,Regulation Of Calcium Ion Import (GO:0090279),5/20,0.0011082968993355,0.0086371653736542,0,0,7.759011745646011,52.79953774839533,PDGFRB;LGALS3;EGF;PDGFB;STC1,
GO_Biological_Process_2023,Response To Ketone (GO:1901654),5/20,0.0011082968993355,0.0086371653736542,0,0,7.759011745646011,52.79953774839533,YAP1;TGFBR3;TGFB1;CCL21;CCL19,
GO_Biological_Process_2023,Aortic Valve Development (GO:0003176),7/40,0.0011469232319054,0.0088734181444281,0,0,4.944930424832982,33.480503811540174,ROBO2;EFNA1;NOTCH1;TGFB1;TNFRSF1B;ROBO1;TNFRSF1A,
GO_Biological_Process_2023,Endothelial Cell Migration (GO:0043542),7/40,0.0011469232319054,0.0088734181444281,0,0,4.944930424832982,33.480503811540174,DPP4;CDH5;TNFSF12;MYH9;CCN3;LGALS8;VEGFA,vascular
GO_Biological_Process_2023,Negative Regulation Of Secretion By Cell (GO:1903531),7/40,0.0011469232319054,0.0088734181444281,0,0,4.944930424832982,33.480503811540174,CHGA;NOTCH1;IL12B;LILRB1;APOE;TNFRSF1B;TNFRSF1A,
GO_Biological_Process_2023,Positive Regulation Of Interleukin-1 Production (GO:0032732),9/64,0.0012216361339739,0.0094286759930565,0,0,3.81958041958042,25.620080977951176,ORM1;CASP8;CLEC7A;IL16;LGALS9;LCP1;CCL19;AZU1;LILRA2,immune
GO_Biological_Process_2023,Negative Regulation Of Cell Motility (GO:2000146),14/133,0.0012444527794137,0.0095407028349327,0,0,2.753721636074577,18.419807540510146,CD74;SERPINE1;ADIPOQ;STC1;SPINT2;THY1;PTPRK;SLURP1;ROBO1;BST2;CDH1;DAG1;EPHA1;ENG,
GO_Biological_Process_2023,Positive Regulation Of B Cell Activation (GO:0050871),8/52,0.0012474629124636,0.0095407028349327,0,0,4.241241685144124,28.359670977387427,CD74;BST1;CD40;PTPRC;TFRC;BCL2;TNFRSF4;TNFSF13B,immune
GO_Biological_Process_2023,Regulation Of Proteolysis (GO:0030162),8/52,0.0012474629124636,0.0095407028349327,0,0,4.241241685144124,28.359670977387427,CST3;CSTB;CASP8;SERPINE2;IST1;PLAUR;PLAT;F2,
GO_Biological_Process_2023,Negative Regulation Of Blood Vessel Morphogenesis (GO:2000181),10/77,0.0012480657158404,0.0095407028349327,0,0,3.485932197204685,23.307501651931545,CXCL10;HHEX;CD160;SERPINF1;SPINK5;FASLG;PRL;THBS2;HSPG2;THBS4,vascular
GO_Biological_Process_2023,Positive Regulation Of Interleukin-10 Production (GO:0032733),6/30,0.0012515323764892,0.0095444242902266,0,0,5.82360097323601,38.92137657595923,CD40LG;CLEC7A;IL12B;XCL1;LGALS9;CD46,immune
GO_Biological_Process_2023,Regulation Of Cell Growth (GO:0001558),20/227,0.0012575307773905,0.0095659323173893,0,0,2.2677811259386806,15.145614777584685,YAP1;CDA;TGFB1;TFRC;TNC;ENO1;DNPH1;EGFR;CXCL16;PPP1R9B;BST2;HYAL1;BCL2;CCN3;MELTF;PRSS2;HDGFL2;FXN;HSPA1A;EIF4G1,
GO_Biological_Process_2023,Negative Regulation Of Lipoprotein Particle Clearance (GO:0010985),3/6,0.0012872047545409,0.0095659323173893,0,0,23.235151515151514,154.636491886671,LRPAP1;PCSK9;LDLR,
GO_Biological_Process_2023,Negative Regulation Of Low-Density Lipoprotein Receptor Activity (GO:1905598),3/6,0.0012872047545409,0.0095659323173893,0,0,23.235151515151514,154.636491886671,ADIPOQ;PCSK9;ITGAV,
GO_Biological_Process_2023,Negative Regulation Of Membrane Protein Ectodomain Proteolysis (GO:0051045),3/6,0.0012872047545409,0.0095659323173893,0,0,23.235151515151514,154.636491886671,TIMP3;TIMP1;TIMP4,
GO_Biological_Process_2023,Negative Regulation Of Neuron Projection Regeneration (GO:0070571),3/6,0.0012872047545409,0.0095659323173893,0,0,23.235151515151514,154.636491886671,RTN4R;PTPRS;THY1,
GO_Biological_Process_2023,Positive Regulation Of Activation Of Janus Kinase Activity (GO:0010536),3/6,0.0012872047545409,0.0095659323173893,0,0,23.235151515151514,154.636491886671,CCL5;IL12B;IL6R,
GO_Biological_Process_2023,Positive Regulation Of Amyloid-Beta Clearance (GO:1900223),3/6,0.0012872047545409,0.0095659323173893,0,0,23.235151515151514,154.636491886671,LRPAP1;TREM2;APOE,
GO_Biological_Process_2023,Positive Regulation Of Steroid Metabolic Process (GO:0045940),3/6,0.0012872047545409,0.0095659323173893,0,0,23.235151515151514,154.636491886671,APOE;CGA;CES1,
GO_Biological_Process_2023,Regulation Of Intestinal Cholesterol Absorption (GO:0030300),3/6,0.0012872047545409,0.0095659323173893,0,0,23.235151515151514,154.636491886671,APOA1;APOA4;ENPP7,
GO_Biological_Process_2023,Vascular Associated Smooth Muscle Cell Development (GO:0097084),3/6,0.0012872047545409,0.0095659323173893,0,0,23.235151515151514,154.636491886671,NOTCH1;ENG;VEGFA,vascular
GO_Biological_Process_2023,Vascular Wound Healing (GO:0061042),3/6,0.0012872047545409,0.0095659323173893,0,0,23.235151515151514,154.636491886671,MCAM;CD34;VEGFA,vascular
GO_Biological_Process_2023,Regulation Of Actin Cytoskeleton Organization (GO:0032956),11/91,0.0013241110802725,0.009817425440076,0,0,3.213157894736842,21.293642119676758,PDGFRB;NOTCH2;BST2;BST1;TWF2;HIP1R;PDGFA;ESAM;F11R;CLU;CORO1A,
GO_Biological_Process_2023,Lipid Catabolic Process (GO:0016042),5/21,0.0014055144817919,0.0102548129502955,0,0,7.273693803159174,47.768906556432064,PNLIPRP1;PLA2G1B;APOA4;LCP1;CES1,
GO_Biological_Process_2023,Macrophage Differentiation (GO:0030225),5/21,0.0014055144817919,0.0102548129502955,0,0,7.273693803159174,47.768906556432064,IL1RL1;CASP8;CSF1;MMP9;VEGFA,
GO_Biological_Process_2023,Negative Regulation Of Biomineral Tissue Development (GO:0070168),5/21,0.0014055144817919,0.0102548129502955,0,0,7.273693803159174,47.768906556432064,ECM1;NOTCH1;TGFB1;GAS6;ASPN,
GO_Biological_Process_2023,Negative Regulation Of Interleukin-2 Production (GO:0032703),5/21,0.0014055144817919,0.0102548129502955,0,0,7.273693803159174,47.768906556432064,PTPRC;XCL1;VSIG4;GBP1;HAVCR2,immune
GO_Biological_Process_2023,Positive Regulation Of T Cell Cytokine Production (GO:0002726),5/21,0.0014055144817919,0.0102548129502955,0,0,7.273693803159174,47.768906556432064,IL1R1;IL18;XCL1;CD55;IL18R1,immune
GO_Biological_Process_2023,Positive Regulation Of Amyloid Precursor Protein Catabolic Process (GO:1902993),5/21,0.0014055144817919,0.0102548129502955,0,0,7.273693803159174,47.768906556432064,EFNA1;IFNGR1;CASP3;AGER;CLU,
GO_Biological_Process_2023,Positive Regulation Of Granulocyte Chemotaxis (GO:0071624),5/21,0.0014055144817919,0.0102548129502955,0,0,7.273693803159174,47.768906556432064,CD74;CCL21;XCL1;CCL19;THBS4,
GO_Biological_Process_2023,Negative Regulation Of Cysteine-Type Endopeptidase Activity (GO:2000117),8/53,0.0014168418625705,0.0103139647404854,0,0,4.146775067750678,27.200045058869176,CST3;FABP1;LAMP3;HGF;TRIAP1;GAS6;CST7;VEGFA,
GO_Biological_Process_2023,Endodermal Cell Differentiation (GO:0035987),6/31,0.001498239503355,0.0108326436326101,0,0,5.590364963503649,36.35674021964233,ITGB2;FN1;ITGAV;ITGA5;MMP8;MMP9,
GO_Biological_Process_2023,Negative Regulation Of Chemotaxis (GO:0050922),6/31,0.001498239503355,0.0108326436326101,0,0,5.590364963503649,36.35674021964233,ROBO2;SEMA7A;NOTCH1;ANGPT2;SEMA4D;ROBO1,
GO_Biological_Process_2023,Positive Regulation Of Rho Protein Signal Transduction (GO:0035025),6/31,0.001498239503355,0.0108326436326101,0,0,5.590364963503649,36.35674021964233,RTN4R;COL3A1;F2R;APOA1;F11R;ROBO1,
GO_Biological_Process_2023,Response To Reactive Oxygen Species (GO:0000302),9/66,0.001525683079844,0.0110062227584246,0,0,3.685174474648159,23.89951010459336,CRYGD;PRDX5;HYAL1;APOD;PTPRK;APOE;MMP9;EGFR;SOD1,stress response
GO_Biological_Process_2023,Acute-Phase Response (GO:0006953),4/13,0.0015452475751329,0.0110232249067947,0,0,10.336030204962244,66.90069079301279,APCS;ITIH4;IL6R;MBL2,
GO_Biological_Process_2023,Positive Regulation Of Granulocyte Macrophage Colony-Stimulating Factor Production (GO:0032725),4/13,0.0015452475751329,0.0110232249067947,0,0,10.336030204962244,66.90069079301279,CD80;IL18;IL12B;LILRA2,
GO_Biological_Process_2023,Positive Regulation Of Leukocyte Degranulation (GO:0043302),4/13,0.0015452475751329,0.0110232249067947,0,0,10.336030204962244,66.90069079301279,ITGAM;LAMP1;ITGB2;CD177,immune
GO_Biological_Process_2023,Positive Regulation Of Macrophage Chemotaxis (GO:0010759),4/13,0.0015452475751329,0.0110232249067947,0,0,10.336030204962244,66.90069079301279,CSF1;RARRES2;CCL5;CXCL17,
GO_Biological_Process_2023,Regulation Of Humoral Immune Response (GO:0002920),4/13,0.0015452475751329,0.0110232249067947,0,0,10.336030204962244,66.90069079301279,CFH;CD59;CXCL13;CD55,immune
GO_Biological_Process_2023,Regulation Of Peptidyl-Serine Phosphorylation (GO:0033135),11/93,0.0015831737775825,0.0112686791324373,0,0,3.1344598023703614,20.21201151412093,TGFB1;TFRC;BDNF;NTRK3;HCLS1;PARK7;GAS6;DKK1;EGFR;VEGFA;EIF4G1,
GO_Biological_Process_2023,Regulation Of Blood Vessel Endothelial Cell Migration (GO:0043535),8/54,0.0016039734225034,0.0113662098944215,0,0,4.0564156945917285,26.104135659233087,CD40;ANGPT2;TGFB1;ANGPT1;PDGFB;PRCP;APOE;VEGFA,vascular
GO_Biological_Process_2023,Regulation Of Lipid Metabolic Process (GO:0019216),8/54,0.0016039734225034,0.0113662098944215,0,0,4.0564156945917285,26.104135659233087,SERPINA3;PSAPL1;NPC2;RARRES2;ADGRF5;PSAP;APOC1;TREM2,
GO_Biological_Process_2023,Central Nervous System Development (GO:0007417),23/283,0.0016725457486237,0.0117999207771846,0,0,2.078241758241758,13.287048341180396,VIT;ROBO2;CCL14;ITGAM;SPINK5;CAPG;HSPG2;PKD1;C3;NFASC;BTD;PTPRZ1;APEX1;DNER;ADAM23;CNTN1;PLXNB2;APOD;TPP1;NPTX1;CNTN4;MELTF;MBL2,
GO_Biological_Process_2023,Positive Regulation Of Cell Differentiation (GO:0045597),23/283,0.0016725457486237,0.0117999207771846,0,0,2.078241758241758,13.287048341180396,YAP1;MSR1;TNXB;TGFB1;CSF1;HGF;IGFBP3;RARRES2;SERPINF2;PLA2G2A;IL18;NID1;ATRAID;COL1A1;IMPACT;LRG1;GPC1;CCN4;ADAM8;CCN2;LCP1;CD34;IL6R,
GO_Biological_Process_2023,Negative Regulation Of Cellular Catabolic Process (GO:0031330),9/67,0.001698976819602,0.0119600500070005,0,0,3.621447517999242,23.09661114701763,HGF;APOC1;BCL2;TIMP3;TREM2;TIMP1;MET;TIMP4;EIF4G1,
GO_Biological_Process_2023,Lipid Transport (GO:0006869),12/108,0.0017073011681937,0.0119922930739576,0,0,2.92218137254902,18.62259848613351,FABP1;RBP7;FABP3;FABP4;GM2A;FABP5;NPC2;APOA4;APOE;TRIAP1;PLTP;LDLR,
GO_Biological_Process_2023,Blood Vessel Endothelial Cell Migration (GO:0043534),5/22,0.0017575418826942,0.0122645025060343,0,0,6.8454720892002,43.42657352294274,CDH5;MYH9;EPHB4;ROBO1;VEGFA,vascular
GO_Biological_Process_2023,Negative Regulation Of Cell Communication (GO:0010648),5/22,0.0017575418826942,0.0122645025060343,0,0,6.8454720892002,43.42657352294274,BRAP;MPIG6B;ERBB3;IGFBP3;ADIPOQ,electrolyte transport
GO_Biological_Process_2023,Regulation Of Mononuclear Cell Migration (GO:0071675),5/22,0.0017575418826942,0.0122645025060343,0,0,6.8454720892002,43.42657352294274,LGALS3;CSF1;RARRES2;CCL5;CXCL17,
GO_Biological_Process_2023,Regulation Of Cholesterol Efflux (GO:0010874),6/32,0.001780282200138,0.012370438191856,0,0,5.375070185289164,34.029480051543935,ADIPOQ;APOA1;TREM2;APOE;PLTP;CES1,
GO_Biological_Process_2023,Regulation Of Cell-Cell Adhesion (GO:0022407),7/43,0.001780447082874,0.012370438191856,0,0,4.53214237379889,28.692498350083635,DPP4;TGFB1;MEGF10;CDH1;ADAM8;SPINT2;FSTL3,
GO_Biological_Process_2023,Phosphatidylcholine Metabolic Process (GO:0046470),8/55,0.0018101368169347,0.0125494983217358,0,0,3.969901401141671,25.0673582149831,PLA2G1B;PLA2G2A;ENPP2;APOA1;PLA2G4A;APOA4;PLA2G7;PLB1,
GO_Biological_Process_2023,Activation Of Protein Kinase Activity (GO:0032147),10/81,0.0018431353009297,0.0127231947605131,0,0,3.2888529219325733,20.70756252074676,CD86;ANGPT1;NTRK3;IL18;PDGFB;CHI3L1;PARK7;GAS6;TLR3;VEGFA,
GO_Biological_Process_2023,Positive Regulation Of Growth (GO:0045927),10/81,0.0018431353009297,0.0127231947605131,0,0,3.2888529219325733,20.70756252074676,YAP1;HYAL1;BCL2;DNPH1;PRSS2;FXN;HDGFL2;EGFR;CXCL16;EIF4G1,
GO_Biological_Process_2023,Positive Regulation Of Epithelial Cell Migration (GO:0010634),11/95,0.0018822634407349,0.0129469953707799,0,0,3.0595092382118088,19.19927795377848,NELL2;SMOC2;GRN;ANGPT1;HYAL1;ANXA3;EGF;ENPP2;ADAM9;MMP9;VEGFA,
GO_Biological_Process_2023,Cell-Cell Junction Organization (GO:0045216),9/68,0.0018876824346407,0.0129469953707799,0,0,3.559880797168933,22.3290156330506,CDH5;CDH3;TGFB1;CDH1;F2R;DSG2;PRTN3;CDH15;CD177,
GO_Biological_Process_2023,Skin Development (GO:0043588),9/68,0.0018876824346407,0.0129469953707799,0,0,3.559880797168933,22.3290156330506,COL1A1;SPRR3;ASAH1;COL3A1;CDSN;CASP3;ADAM9;PDGFA;PKD1,
GO_Biological_Process_2023,Response To Lipid (GO:0033993),12/110,0.0019980409142244,0.0136746261714975,0,0,2.8622448979591835,17.790535388223116,SELP;TGFB1;CD6;BGLAP;F2R;SPP1;TREM2;APOA4;LGALS9;TNFRSF11A;SELE;IFNAR1,
GO_Biological_Process_2023,Positive Regulation Of Biosynthetic Process (GO:0009891),7/44,0.0020429138568485,0.0139519255511428,0,0,4.409421601869836,27.30921531083964,TGFB1;CCL5;F2R;SERPINF2;APOE;F2;MMP8,
GO_Biological_Process_2023,Negative Regulation Of Leukocyte Mediated Cytotoxicity (GO:0001911),4/14,0.0020929446576904,0.0140476937861085,0,0,9.301941747572815,57.38538347728726,PTPRC;LILRB1;KLRD1;LGALS9,immune
GO_Biological_Process_2023,Positive Regulation Of Endothelial Cell Chemotaxis (GO:2001028),4/14,0.0020929446576904,0.0140476937861085,0,0,9.301941747572815,57.38538347728726,SMOC2;MET;VEGFA;LGMN,vascular
GO_Biological_Process_2023,Regulation Of Cholesterol Storage (GO:0010885),4/14,0.0020929446576904,0.0140476937861085,0,0,9.301941747572815,57.38538347728726,MSR1;TREM2;LCP1;CES1,
GO_Biological_Process_2023,Regulation Of Endothelial Cell Chemotaxis (GO:2001026),4/14,0.0020929446576904,0.0140476937861085,0,0,9.301941747572815,57.38538347728726,SMOC2;NOTCH1;MET;LGMN,vascular
GO_Biological_Process_2023,Negative Regulation Of Endocytosis (GO:0045806),6/33,0.0021007946686063,0.0140476937861085,0,0,5.1757231684238985,31.910608540924912,LGALS3;ADIPOQ;APOC1;SIRPA;LILRB1;PRTN3,
GO_Biological_Process_2023,Positive Regulation Of DNA Binding (GO:0043388),6/33,0.0021007946686063,0.0140476937861085,0,0,5.1757231684238985,31.910608540924912,TGFB1;EGF;PLAUR;PARK7;MMP8;MMP9,
GO_Biological_Process_2023,Positive Regulation Of Cytokine Production Involved In Immune Response (GO:0002720),6/33,0.0021007946686063,0.0140476937861085,0,0,5.1757231684238985,31.910608540924912,CLEC7A;CD160;KIT;XCL1;TNFRSF14;CD55,immune
GO_Biological_Process_2023,Positive Regulation Of Epidermal Growth Factor Receptor Signaling Pathway (GO:0045742),6/33,0.0021007946686063,0.0140476937861085,0,0,5.1757231684238985,31.910608540924912,EGF;APEX1;HIP1R;PLAUR;MMP9;HBEGF,
GO_Biological_Process_2023,Regulation Of Amyloid-Beta Formation (GO:1902003),6/33,0.0021007946686063,0.0140476937861085,0,0,5.1757231684238985,31.910608540924912,EFNA1;IFNGR1;CASP3;APEX1;APOE;CLU,
GO_Biological_Process_2023,Vasculogenesis (GO:0001570),6/33,0.0021007946686063,0.0140476937861085,0,0,5.1757231684238985,31.910608540924912,PDGFRB;TGFBR3;NOTCH1;TGFB1;VEGFA;ENG,
GO_Biological_Process_2023,Negative Regulation Of Transmembrane Receptor Protein Serine/Threonine Kinase Signaling Pathway (GO:0090101),12/111,0.0021579295470284,0.0141564460947341,0,0,2.833184789067142,17.39180531533712,NOTCH1;CILP;FST;CD109;ADAMTSL2;CRIM1;CCN3;DKK1;VASN;ASPN;FSTL3;HSPA1A,
GO_Biological_Process_2023,Artery Development (GO:0060840),5/23,0.0021700735199786,0.0141564460947341,0,0,6.464830565681113,39.64876856907541,ROBO2;ANGPTL3;ROBO1;VEGFA;ENG,
GO_Biological_Process_2023,Positive Regulation Of Epithelial Cell Apoptotic Process (GO:1904037),5/23,0.0021700735199786,0.0141564460947341,0,0,6.464830565681113,39.64876856907541,CD40;CD40LG;CD160;PLA2G1B;FASLG,
GO_Biological_Process_2023,Coronary Vasculature Morphogenesis (GO:0060977),3/7,0.0021833544710579,0.0141564460947341,0,0,17.425454545454546,106.76389262990436,TGFBR3;NOTCH1;VEGFA,
GO_Biological_Process_2023,Immunological Synapse Formation (GO:0001771),3/7,0.0021833544710579,0.0141564460947341,0,0,17.425454545454546,106.76389262990436,CCL21;CD6;CORO1A,
GO_Biological_Process_2023,Lymphocyte Apoptotic Process (GO:0070227),3/7,0.0021833544710579,0.0141564460947341,0,0,17.425454545454546,106.76389262990436,CASP7;FASLG;TNFRSF21,immune
GO_Biological_Process_2023,Negative Regulation Of T Cell Mediated Cytotoxicity (GO:0001915),3/7,0.0021833544710579,0.0141564460947341,0,0,17.425454545454546,106.76389262990436,PTPRC;KLRD1;LILRB1,immune
GO_Biological_Process_2023,Negative Regulation Of Microglial Cell Activation (GO:1903979),3/7,0.0021833544710579,0.0141564460947341,0,0,17.425454545454546,106.76389262990436,GRN;PTPRC;LDLR,
GO_Biological_Process_2023,Positive Regulation Of CoA-transferase Activity (GO:1905920),3/7,0.0021833544710579,0.0141564460947341,0,0,17.425454545454546,106.76389262990436,APOA1;APOA4;APOE,
GO_Biological_Process_2023,Positive Regulation Of Dendritic Cell Chemotaxis (GO:2000510),3/7,0.0021833544710579,0.0141564460947341,0,0,17.425454545454546,106.76389262990436,CCL21;LGALS9;GAS6,
GO_Biological_Process_2023,Positive Regulation Of Glial Cell Migration (GO:1903977),3/7,0.0021833544710579,0.0141564460947341,0,0,17.425454545454546,106.76389262990436,CSF1;TREM2;CRKL,
GO_Biological_Process_2023,Regulation Of CoA-transferase Activity (GO:1905918),3/7,0.0021833544710579,0.0141564460947341,0,0,17.425454545454546,106.76389262990436,APOA1;APOA4;APOE,
GO_Biological_Process_2023,Regulation Of Activation Of Janus Kinase Activity (GO:0010533),3/7,0.0021833544710579,0.0141564460947341,0,0,17.425454545454546,106.76389262990436,CCL5;IL12B;IL6R,
GO_Biological_Process_2023,Regulation Of Extracellular Matrix Constituent Secretion (GO:0003330),3/7,0.0021833544710579,0.0141564460947341,0,0,17.425454545454546,106.76389262990436,NOTCH1;TNFRSF1B;TNFRSF1A,
GO_Biological_Process_2023,Regulation Of Natural Killer Cell Mediated Cytotoxicity Directed Against Tumor Cell Target (GO:0002858),3/7,0.0021833544710579,0.0141564460947341,0,0,17.425454545454546,106.76389262990436,TGFB1;IL12B;PVR,
GO_Biological_Process_2023,Regulation Of NIK/NF-kappaB Signaling (GO:1901222),10/83,0.002216695253987,0.0143435856535768,0,0,3.198412432595372,19.54785821715326,CD86;IL12B;EIF2AK2;CCN3;LGALS9;CCL19;MMP8;AGER;TLR3;EGFR,
GO_Biological_Process_2023,Positive Regulation Of Interleukin-1 Beta Production (GO:0032731),8/57,0.0022848866589371,0.0147550241301932,0,0,3.807466401194624,23.154874123066115,ORM1;CASP8;CLEC7A;LGALS9;LCP1;CCL19;AZU1;LILRA2,immune
GO_Biological_Process_2023,Regulation Of Actin Filament-Based Process (GO:0032970),9/70,0.0023152034272129,0.0149207174594833,0,0,3.442803098540804,20.89181648728304,PDGFRB;BST2;BST1;TWF2;HIP1R;PDGFA;ESAM;F11R;CORO1A,
GO_Biological_Process_2023,Positive Regulation Of Immunoglobulin Production (GO:0002639),6/34,0.0024629907399883,0.0158095377558768,0,0,4.990615224191867,29.975526077913127,CD86;PTPRC;TFRC;MZB1;XCL1;TNFRSF4,
GO_Biological_Process_2023,Regulation Of DNA Biosynthetic Process (GO:2000278),6/34,0.0024629907399883,0.0158095377558768,0,0,4.990615224191867,29.975526077913127,PDGFRB;SMOC2;HGF;ADIPOQ;PDGFB;PDGFA,
GO_Biological_Process_2023,Regulation Of Osteoblast Differentiation (GO:0045667),10/85,0.0026488226424913,0.0168675279896651,0,0,3.11279543602282,18.470207584341495,YAP1;NOTCH1;SEMA4D;TNN;HGF;SMOC1;CRIM1;CCN4;ATRAID;IL6R,
GO_Biological_Process_2023,Iron Ion Transport (GO:0006826),5/24,0.0026488812297226,0.0168675279896651,0,0,6.124256570953508,36.338998447831806,SCARA5;TFRC;HEPH;MELTF;F3,electrolyte transport
GO_Biological_Process_2023,Positive Regulation Of Natural Killer Cell Mediated Immunity (GO:0002717),5/24,0.0026488812297226,0.0168675279896651,0,0,6.124256570953508,36.338998447831806,KLRK1;LAMP1;CD160;KLRD1;PVR,
GO_Biological_Process_2023,Regulation Of Heterotypic Cell-Cell Adhesion (GO:0034114),5/24,0.0026488812297226,0.0168675279896651,0,0,6.124256570953508,36.338998447831806,IL1RN;APOA1;THY1;AGER;MBL2,
GO_Biological_Process_2023,Regulation Of Cytokine Production Involved In Inflammatory Response (GO:1900015),7/46,0.0026567243378093,0.0168839048690539,0,0,4.182860176770043,24.807127253932624,CD6;CLEC7A;SIRPA;TREM2;APOD;F2;IL17RA,immune
GO_Biological_Process_2023,Negative Regulation Of Macrophage Activation (GO:0043031),4/15,0.0027612752253986,0.0172741495057652,0,0,8.455869373345102,49.822512258242845,GRN;PTPRC;CST7;LDLR,
GO_Biological_Process_2023,Platelet-Derived Growth Factor Receptor Signaling Pathway (GO:0048008),4/15,0.0027612752253986,0.0172741495057652,0,0,8.455869373345102,49.822512258242845,PDGFRB;PDGFB;PDGFA;PLAT,
GO_Biological_Process_2023,Positive Regulation Of Cell Activation (GO:0050867),4/15,0.0027612752253986,0.0172741495057652,0,0,8.455869373345102,49.822512258242845,SELP;PLA2G4A;GP1BA;LILRA2,
GO_Biological_Process_2023,Positive Regulation Of Collagen Biosynthetic Process (GO:0032967),4/15,0.0027612752253986,0.0172741495057652,0,0,8.455869373345102,49.822512258242845,TGFB1;F2R;SERPINF2;F2,
GO_Biological_Process_2023,Positive Regulation Of Endothelial Cell Apoptotic Process (GO:2000353),4/15,0.0027612752253986,0.0172741495057652,0,0,8.455869373345102,49.822512258242845,CD40;CD40LG;CD160;FASLG,vascular
GO_Biological_Process_2023,Regulation Of Granulocyte Macrophage Colony-Stimulating Factor Production (GO:0032645),4/15,0.0027612752253986,0.0172741495057652,0,0,8.455869373345102,49.822512258242845,CD80;IL18;IL12B;LILRA2,
GO_Biological_Process_2023,Regulation Of Lipoprotein Lipase Activity (GO:0051004),4/15,0.0027612752253986,0.0172741495057652,0,0,8.455869373345102,49.822512258242845,APOC1;APOA4;ANGPTL4;GPIHBP1,
GO_Biological_Process_2023,Sphingolipid Catabolic Process (GO:0030149),4/15,0.0027612752253986,0.0172741495057652,0,0,8.455869373345102,49.822512258242845,ASAH1;SMPD1;ENPP2;SMPDL3A,
GO_Biological_Process_2023,Phospholipid Transport (GO:0015914),8/59,0.0028521419827432,0.0177731727056935,0,0,3.657771401243424,21.43338819170947,NPC2;APOC1;APOA1;APOA4;TRIAP1;APOE;LDLR;PLTP,
GO_Biological_Process_2023,Regulation Of Cell Death (GO:0010941),8/59,0.0028521419827432,0.0177731727056935,0,0,3.657771401243424,21.43338819170947,CCN5;CCN4;CCN3;PARK7;CCN2;CHMP6;CLU;EIF4G1,
GO_Biological_Process_2023,Endoderm Formation (GO:0001706),6/35,0.0028701521361965,0.0178506743538592,0,0,4.818273345079286,28.203234178908,ITGB2;FN1;ITGAV;ITGA5;MMP8;MMP9,
GO_Biological_Process_2023,Negative Regulation Of Tumor Necrosis Factor Production (GO:0032720),7/47,0.003012234571488,0.0186980374660393,0,0,4.0780755176613885,23.673526459192903,ORM1;SIRPA;LILRB1;PTPN6;LGALS9;GAS6;HAVCR2,
GO_Biological_Process_2023,Apoptotic Process (GO:0006915),19/228,0.0030863889479224,0.0191115719220761,0,0,2.130913585796157,12.318286162289164,NOTCH2;TNFSF12;GZMA;ITGB2;TNFRSF19;FASLG;YARS1;CASP7;CASP8;PLSCR3;ERBB3;CASP3;IL2RA;BCL2;FAS;CD14;PDCD1;RELT;TNFRSF21,
GO_Biological_Process_2023,Synapse Organization (GO:0050808),13/131,0.0030907880910507,0.0191115719220761,0,0,2.5756680877612563,14.885633724569862,PTPRS;DBNL;BDNF;DCTN1;F2R;TNC;CHCHD10;DKK1;PTPRF;SLITRK2;CDH1;DNER;AGRN,
GO_Biological_Process_2023,Cellular Response To Reactive Oxygen Species (GO:0034614),9/73,0.0030970291183594,0.0191132644818984,0,0,3.280906593406593,18.954820953953853,FABP1;CRYGD;PRDX5;SIRPA;PTPRK;CLU;MMP9;FXN;EGFR,stress response
GO_Biological_Process_2023,Activation Of Protein Kinase B Activity (GO:0032148),5/25,0.0031997790427039,0.0196715782606157,0,0,5.817739975698664,33.421016788803975,NTRK3;PDGFB;IL18;PARK7;GAS6,
GO_Biological_Process_2023,Regulation Of Platelet Aggregation (GO:0090330),5/25,0.0031997790427039,0.0196715782606157,0,0,5.817739975698664,33.421016788803975,CELA2A;C1QTNF1;SERPINE2;F11R;GP6,
GO_Biological_Process_2023,Positive Regulation Of Protein Metabolic Process (GO:0051247),17/196,0.0033125464191788,0.0203258355950766,0,0,2.224173205023111,12.700113684811091,CD86;TGFB1;CSF1;IST1;TNFSF12;CD80;CIRBP;IL18;LILRA2;CLU;TNFSF13B;CASP8;IL12B;PLXNB2;APOE;RILP;EIF4G1,
GO_Biological_Process_2023,Protein Maturation (GO:0051604),12/117,0.0033511438633366,0.0204641238186666,0,0,2.6704481792717085,15.21742487971425,CPM;F7;CASP7;ADAMTS13;CASP8;GALNT2;CASP3;F12;GZMA;CNTN1;CTSS;METAP2,
GO_Biological_Process_2023,Monocyte Activation (GO:0042117),3/8,0.0033861959487646,0.0204641238186666,0,0,13.939636363636364,79.28932250459563,CSF1;ADAM9;AZU1,
GO_Biological_Process_2023,Positive Regulation Of Extracellular Matrix Assembly (GO:1901203),3/8,0.0033861959487646,0.0204641238186666,0,0,13.939636363636364,79.28932250459563,PHLDB1;TGFB1;DAG1,
GO_Biological_Process_2023,Regulation Of Cell Killing (GO:0031341),3/8,0.0033861959487646,0.0204641238186666,0,0,13.939636363636364,79.28932250459563,CFH;CD59;ICAM1,
GO_Biological_Process_2023,"Regulation Of Complement Activation, Classical Pathway (GO:0030450)",3/8,0.0033861959487646,0.0204641238186666,0,0,13.939636363636364,79.28932250459563,CR2;TREM2;CD46,immune
GO_Biological_Process_2023,Response To Misfolded Protein (GO:0051788),3/8,0.0033861959487646,0.0204641238186666,0,0,13.939636363636364,79.28932250459563,F12;DNAJB14;CLU,
GO_Biological_Process_2023,Response To Vitamin (GO:0033273),3/8,0.0033861959487646,0.0204641238186666,0,0,13.939636363636364,79.28932250459563,BGLAP;KYNU;SPP1,
GO_Biological_Process_2023,Triglyceride-Rich Lipoprotein Particle Remodeling (GO:0034370),3/8,0.0033861959487646,0.0204641238186666,0,0,13.939636363636364,79.28932250459563,APOA4;APOE;LCP1,
GO_Biological_Process_2023,Cellular Defense Response (GO:0006968),7/48,0.0034030021532894,0.0205269602579776,0,0,3.9784023053385225,22.609647203653697,ITGB1;LGALS3BP;CXCL9;GNLY;UMOD;LILRB2;CD300C,
GO_Biological_Process_2023,Extrinsic Apoptotic Signaling Pathway In Absence Of Ligand (GO:0097192),4/16,0.0035622445293973,0.0210903312895746,0,0,7.750809061488673,43.694135438761,ERBB3;BCL2;FAS;ITGAV,
GO_Biological_Process_2023,Lymphocyte Mediated Immunity (GO:0002449),4/16,0.0035622445293973,0.0210903312895746,0,0,7.750809061488673,43.694135438761,CR2;CD8A;KLRD1;CD46,immune
GO_Biological_Process_2023,Negative Regulation Of Interleukin-10 Production (GO:0032693),4/16,0.0035622445293973,0.0210903312895746,0,0,7.750809061488673,43.694135438761,IL12B;LILRB1;MMP8;TNFRSF21,immune
GO_Biological_Process_2023,Negative Regulation Of Natural Killer Cell Mediated Cytotoxicity (GO:0045953),4/16,0.0035622445293973,0.0210903312895746,0,0,7.750809061488673,43.694135438761,TGFB1;LILRB1;KLRD1;LGALS9,
GO_Biological_Process_2023,Negative Regulation Of Release Of Cytochrome C From Mitochondria (GO:0090201),4/16,0.0035622445293973,0.0210903312895746,0,0,7.750809061488673,43.694135438761,HGF;TRIAP1;CLU;FXN,
GO_Biological_Process_2023,Positive Regulation Of Collagen Metabolic Process (GO:0010714),4/16,0.0035622445293973,0.0210903312895746,0,0,7.750809061488673,43.694135438761,TGFB1;F2R;SERPINF2;F2,
GO_Biological_Process_2023,Positive Regulation Of Homotypic Cell-Cell Adhesion (GO:0034112),4/16,0.0035622445293973,0.0210903312895746,0,0,7.750809061488673,43.694135438761,CCL5;PLAUR;F11R;GP6,
GO_Biological_Process_2023,Positive Regulation Of Myeloid Leukocyte Cytokine Production Involved In Immune Response (GO:0061081),4/16,0.0035622445293973,0.0210903312895746,0,0,7.750809061488673,43.694135438761,CD74;SEMA7A;KIT;LILRB1,immune
GO_Biological_Process_2023,Positive Regulation Of Smooth Muscle Cell Migration (GO:0014911),4/16,0.0035622445293973,0.0210903312895746,0,0,7.750809061488673,43.694135438761,PDGFRB;CCL5;PDGFB;CCN4,
GO_Biological_Process_2023,Regulation Of Interleukin-1 Production (GO:0032652),4/16,0.0035622445293973,0.0210903312895746,0,0,7.750809061488673,43.694135438761,ORM1;F2R;SIRPA;GAS6,immune
GO_Biological_Process_2023,Positive Regulation Of Peptidyl-Serine Phosphorylation (GO:0033138),10/89,0.0037144158552381,0.021950690007985,0,0,2.9545665562811427,16.532377185670377,TGFB1;TFRC;BDNF;NTRK3;HCLS1;PARK7;GAS6;EGFR;VEGFA;EIF4G1,
GO_Biological_Process_2023,Antigen Processing And Presentation Of Exogenous Peptide Antigen Via MHC Class II (GO:0019886),5/26,0.0038285890761583,0.0224020920236573,0,0,5.540415437134756,30.833846493446018,CTSV;IFI30;CTSD;CTSS;LGMN,
GO_Biological_Process_2023,Negative Regulation Of Catalytic Activity (GO:0043086),5/26,0.0038285890761583,0.0224020920236573,0,0,5.540415437134756,30.833846493446018,ATP5IF1;NOTCH1;GZMA;TIMP1;SERPINA5,
GO_Biological_Process_2023,Negative Regulation Of Receptor-Mediated Endocytosis (GO:0048261),5/26,0.0038285890761583,0.0224020920236573,0,0,5.540415437134756,30.833846493446018,LRPAP1;ADIPOQ;APOC1;PCSK9;ITGAV,
GO_Biological_Process_2023,Negative Regulation Of Tumor Necrosis Factor Superfamily Cytokine Production (GO:1903556),7/49,0.0038312172234682,0.0224020920236573,0,0,3.883475436459602,21.609881446747988,ORM1;SIRPA;LILRB1;PTPN6;LGALS9;GAS6;HAVCR2,immune
GO_Biological_Process_2023,Negative Regulation Of Endothelial Cell Migration (GO:0010596),6/37,0.0038327650418246,0.0224020920236573,0,0,4.50694607958559,25.077408728800204,NOTCH1;ANGPT2;TGFB1;DNAJA4;STC1;APOE,vascular
GO_Biological_Process_2023,Negative Regulation Of Smooth Muscle Cell Proliferation (GO:0048662),6/37,0.0038327650418246,0.0224020920236573,0,0,4.50694607958559,25.077408728800204,IGFBP3;OGN;IL12B;APOD;APOE;SOD2,
GO_Biological_Process_2023,Glycerophospholipid Metabolic Process (GO:0006650),8/62,0.0039020707609641,0.0227656332374646,0,0,3.4540198735320686,19.156850478454345,PDGFRB;PLA2G1B;ACP6;PLA2G2A;APOA1;PLA2G4A;APOA4;PLA2G7,
GO_Biological_Process_2023,Negative Regulation Of MAPK Cascade (GO:0043409),11/105,0.0041424424022388,0.0241240782079474,0,0,2.732597203052163,14.99231179200997,PTPRC;TNIP1;SMPD1;ADIPOQ;DAG1;PEBP1;SIRPA;TIMP3;APOE;GBP1;DUSP13,
GO_Biological_Process_2023,Regulation Of Epithelial Cell Proliferation (GO:0050678),10/91,0.0043614591561405,0.0253534549493976,0,0,2.881312445289625,15.659785065960694,TGFBR3;YAP1;GRN;TGFB1;ANGPT1;HYAL1;B2M;MTSS1;EGFR;VEGFA,
GO_Biological_Process_2023,Fatty Acid Transport (GO:0015908),6/38,0.0043950106044836,0.0253643584975878,0,0,4.365875912408759,23.69485431382879,FABP1;RBP7;FABP3;FABP4;FABP5;APOE,
GO_Biological_Process_2023,Positive Regulation Of Production Of Molecular Mediator Of Immune Response (GO:0002702),6/38,0.0043950106044836,0.0253643584975878,0,0,4.365875912408759,23.69485431382879,CD86;PTPRC;MZB1;XCL1;TNFRSF14;TNFRSF4,immune
GO_Biological_Process_2023,Positive Regulation Of Protein Tyrosine Kinase Activity (GO:0061098),6/38,0.0043950106044836,0.0253643584975878,0,0,4.365875912408759,23.69485431382879,EFNA1;ERBB3;EGF;PDGFB;GAS6;HBEGF,
GO_Biological_Process_2023,Response To Peptide (GO:1901652),6/38,0.0043950106044836,0.0253643584975878,0,0,4.365875912408759,23.69485431382879,MMP12;REG3A;REG1B;REG1A;MMP3;MMP9,
GO_Biological_Process_2023,Positive Regulation Of JNK Cascade (GO:0046330),9/77,0.0044472863905763,0.0256198890449926,0,0,3.0872656755009698,16.718967383068087,CCL21;SERPINF2;TNFRSF19;CCN2;CCL19;LTBR;MMP8;EDA2R;TLR3,
GO_Biological_Process_2023,Extracellular Matrix Assembly (GO:0085029),4/17,0.0045074060631856,0.0257347978972971,0,0,7.154219566840926,38.64733336019975,TGFB1;TNXB;QSOX1;GAS6,
GO_Biological_Process_2023,Negative Regulation Of Leukocyte Activation (GO:0002695),4/17,0.0045074060631856,0.0257347978972971,0,0,7.154219566840926,38.64733336019975,GRN;FN1;CD300LF;HAVCR2,immune
GO_Biological_Process_2023,Positive Chemotaxis (GO:0050918),4/17,0.0045074060631856,0.0257347978972971,0,0,7.154219566840926,38.64733336019975,LGALS3;CORO1A;MET;VEGFA,
GO_Biological_Process_2023,Positive Regulation Of Amyloid-Beta Formation (GO:1902004),4/17,0.0045074060631856,0.0257347978972971,0,0,7.154219566840926,38.64733336019975,EFNA1;IFNGR1;CASP3;CLU,
GO_Biological_Process_2023,Regulation Of Receptor Signaling Pathway Via STAT (GO:1904892),4/17,0.0045074060631856,0.0257347978972971,0,0,7.154219566840926,38.64733336019975,TGFB1;PTPRC;EGF;IL7R,
GO_Biological_Process_2023,Cellular Response To Virus (GO:0098586),8/64,0.0047526008659792,0.0270050438390861,0,0,3.3303135888501743,17.814058062578084,CXCL10;IFNGR1;IL10RB;CCL5;LGALS9;CCL19;LGALS8;IFNAR1,
GO_Biological_Process_2023,Positive Regulation Of Cysteine-Type Endopeptidase Activity (GO:2001056),8/64,0.0047526008659792,0.0270050438390861,0,0,3.3303135888501743,17.814058062578084,FIS1;CASP8;CLEC7A;PDCD5;F2R;TNFSF10;CTSD;LGMN,
GO_Biological_Process_2023,Regulation Of Release Of Sequestered Calcium Ion Into Cytosol (GO:0051279),7/51,0.0048089116991619,0.0270050438390861,0,0,3.7065662717307055,19.78299863039951,CXCL10;CXCL9;CXCL11;F2R;XCL1;THY1;F2,
GO_Biological_Process_2023,Regulation Of Stress-Activated MAPK Cascade (GO:0032872),7/51,0.0048089116991619,0.0270050438390861,0,0,3.7065662717307055,19.78299863039951,TGFBR3;MAP2K1;EIF2AK2;FAS;LGALS9;IGFBP6;EGFR,stress response
GO_Biological_Process_2023,Proteolysis Involved In Protein Catabolic Process (GO:0051603),9/78,0.0048474229635959,0.0270050438390861,0,0,3.0423634336677816,16.213691977500797,ATXN3;CASP8;GZMA;CTSZ;CTSV;CTSS;CTSC;CTSB;LGMN,
GO_Biological_Process_2023,IMP Metabolic Process (GO:0046040),3/9,0.0049238044339763,0.0270050438390861,0,0,11.615757575757575,61.72234656213445,NT5C1A;SORD;AMPD3,
GO_Biological_Process_2023,T-helper 1 Type Immune Response (GO:0042088),3/9,0.0049238044339763,0.0270050438390861,0,0,11.615757575757575,61.72234656213445,IL18;IL12B;IL18BP,immune
GO_Biological_Process_2023,Amine Metabolic Process (GO:0009308),3/9,0.0049238044339763,0.0270050438390861,0,0,11.615757575757575,61.72234656213445,AOC3;SULT1A1;VCAM1,
GO_Biological_Process_2023,Biomineral Tissue Development (GO:0031214),3/9,0.0049238044339763,0.0270050438390861,0,0,11.615757575757575,61.72234656213445,COL1A1;MEPE;FAM20A,
GO_Biological_Process_2023,Granulocyte Migration (GO:0097530),3/9,0.0049238044339763,0.0270050438390861,0,0,11.615757575757575,61.72234656213445,ITGB2;UMOD;CD177,
GO_Biological_Process_2023,High-Density Lipoprotein Particle Assembly (GO:0034380),3/9,0.0049238044339763,0.0270050438390861,0,0,11.615757575757575,61.72234656213445,APOM;APOA1;APOE,
GO_Biological_Process_2023,Negative Regulation Of Alpha-Beta T Cell Proliferation (GO:0046642),3/9,0.0049238044339763,0.0270050438390861,0,0,11.615757575757575,61.72234656213445,XCL1;TNFRSF14;LGALS9,immune
GO_Biological_Process_2023,Negative Regulation Of Cell-Cell Adhesion Mediated By Cadherin (GO:2000048),3/9,0.0049238044339763,0.0270050438390861,0,0,11.615757575757575,61.72234656213445,NOTCH1;PLG;VEGFA,
GO_Biological_Process_2023,Negative Regulation Of Heterotypic Cell-Cell Adhesion (GO:0034115),3/9,0.0049238044339763,0.0270050438390861,0,0,11.615757575757575,61.72234656213445,IL1RN;APOA1;MBL2,
GO_Biological_Process_2023,Negative Regulation Of Toll-Like Receptor 4 Signaling Pathway (GO:0034144),3/9,0.0049238044339763,0.0270050438390861,0,0,11.615757575757575,61.72234656213445,BPIFB1;TREM2;LILRA2,
GO_Biological_Process_2023,Negative Regulation Of Transforming Growth Factor Beta Production (GO:0071635),3/9,0.0049238044339763,0.0270050438390861,0,0,11.615757575757575,61.72234656213445,CDH3;FN1;LILRB1,
GO_Biological_Process_2023,Positive Regulation Of T Cell Apoptotic Process (GO:0070234),3/9,0.0049238044339763,0.0270050438390861,0,0,11.615757575757575,61.72234656213445,CCL5;LGALS9;PDCD1,immune
GO_Biological_Process_2023,Positive Regulation Of Platelet Activation (GO:0010572),3/9,0.0049238044339763,0.0270050438390861,0,0,11.615757575757575,61.72234656213445,SELP;PLA2G4A;GP1BA,
GO_Biological_Process_2023,"Regulation Of CD4-positive, Alpha-Beta T Cell Proliferation (GO:2000561)",3/9,0.0049238044339763,0.0270050438390861,0,0,11.615757575757575,61.72234656213445,XCL1;LGALS9;CD55,immune
GO_Biological_Process_2023,Regulation Of Cell-Cell Adhesion Involved In Gastrulation (GO:0070587),3/9,0.0049238044339763,0.0270050438390861,0,0,11.615757575757575,61.72234656213445,IL1RN;APOA1;MBL2,
GO_Biological_Process_2023,Regulation Of Cell-Cell Adhesion Mediated By Integrin (GO:0033632),3/9,0.0049238044339763,0.0270050438390861,0,0,11.615757575757575,61.72234656213445,DPP4;CCL5;CXCL13,
GO_Biological_Process_2023,Regulation Of Complement Activation (GO:0030449),3/9,0.0049238044339763,0.0270050438390861,0,0,11.615757575757575,61.72234656213445,CFH;CD59;CD55,immune
GO_Biological_Process_2023,Regulation Of Inflammatory Response To Wounding (GO:0106014),3/9,0.0049238044339763,0.0270050438390861,0,0,11.615757575757575,61.72234656213445,REG3A;GRN;PTPN6,immune
GO_Biological_Process_2023,Negative Regulation Of Mitochondrion Organization (GO:0010823),6/39,0.0050157850400549,0.0273689258659216,0,0,4.233355452333554,22.41631702678841,TFRC;HGF;TRIAP1;CLU;FXN;HSPA1A,
GO_Biological_Process_2023,Negative Regulation Of Protein Secretion (GO:0050709),6/39,0.0050157850400549,0.0273689258659216,0,0,4.233355452333554,22.41631702678841,CHGA;F2R;IL12B;CCN3;APOE;RAB11FIP3,
GO_Biological_Process_2023,Regulation Of Protein Tyrosine Kinase Activity (GO:0061097),6/39,0.0050157850400549,0.0273689258659216,0,0,4.233355452333554,22.41631702678841,EFNA1;PTPRC;ERBB3;PDGFB;THY1;GAS6,
GO_Biological_Process_2023,Negative Regulation Of Cellular Component Organization (GO:0051129),9/79,0.0052749598712913,0.0286853929842889,0,0,2.998744113029827,15.7277657648143,LGALS3;APOM;DNAJA4;APOA1;APOA4;LILRB1;CLU;VEGFA;HSPA1A,
GO_Biological_Process_2023,Positive Regulation Of Protein Localization To Membrane (GO:1905477),9/79,0.0052749598712913,0.0286853929842889,0,0,2.998744113029827,15.7277657648143,ITGB1;LGALS3;FIS1;ITGAM;ITGB2;PDCD5;TREM2;STX3;EGFR,
GO_Biological_Process_2023,Antigen Processing And Presentation Of Peptide Antigen Via MHC Class II (GO:0002495),5/28,0.0053430795853271,0.0288598379625682,0,0,5.058111891806223,26.463804146282808,CTSV;IFI30;CTSD;CTSS;LGMN,
GO_Biological_Process_2023,Apoptotic Cell Clearance (GO:0043277),5/28,0.0053430795853271,0.0288598379625682,0,0,5.058111891806223,26.463804146282808,FCN2;MEGF10;TREM2;ITGAV;GAS6,
GO_Biological_Process_2023,Negative Regulation Of Type II Interferon Production (GO:0032689),5/28,0.0053430795853271,0.0288598379625682,0,0,5.058111891806223,26.463804146282808,XCL1;LILRB1;LGALS9;GAS6;HAVCR2,immune
GO_Biological_Process_2023,Phospholipid Catabolic Process (GO:0009395),5/28,0.0053430795853271,0.0288598379625682,0,0,5.058111891806223,26.463804146282808,SMPD1;ENPP2;ANGPTL3;PLA2G4A;SMPDL3A,
GO_Biological_Process_2023,Dendritic Cell Migration (GO:0036336),4/18,0.0056077779128454,0.0297872515005701,0,0,6.642857142857143,34.43391914749136,CCL21;CCL5;CCL19;CLU,
GO_Biological_Process_2023,Maintenance Of Gastrointestinal Epithelium (GO:0030277),4/18,0.0056077779128454,0.0297872515005701,0,0,6.642857142857143,34.43391914749136,SERPINA3;TFF3;TFF2;TFF1,
GO_Biological_Process_2023,Negative Regulation Of Nervous System Development (GO:0051961),4/18,0.0056077779128454,0.0297872515005701,0,0,6.642857142857143,34.43391914749136,ROBO2;CCL11;NOTCH1;B2M,
GO_Biological_Process_2023,Neutrophil Activation (GO:0042119),4/18,0.0056077779128454,0.0297872515005701,0,0,6.642857142857143,34.43391914749136,CXCL6;CCL5;PRG3;LILRA2,
GO_Biological_Process_2023,Positive Regulation Of Interleukin-4 Production (GO:0032753),4/18,0.0056077779128454,0.0297872515005701,0,0,6.642857142857143,34.43391914749136,CD86;CD40LG;LGALS9;HAVCR2,immune
GO_Biological_Process_2023,Pulmonary Valve Morphogenesis (GO:0003184),4/18,0.0056077779128454,0.0297872515005701,0,0,6.642857142857143,34.43391914749136,NOTCH2;ROBO2;NOTCH1;ROBO1,
GO_Biological_Process_2023,Regulation Of Cell-Cell Adhesion Mediated By Cadherin (GO:2000047),4/18,0.0056077779128454,0.0297872515005701,0,0,6.642857142857143,34.43391914749136,NOTCH1;SERPINF2;PLG;VEGFA,
GO_Biological_Process_2023,Regulation Of Collagen Biosynthetic Process (GO:0032965),4/18,0.0056077779128454,0.0297872515005701,0,0,6.642857142857143,34.43391914749136,TGFB1;F2R;SERPINF2;F2,
GO_Biological_Process_2023,Regulation Of Oligodendrocyte Differentiation (GO:0048713),4/18,0.0056077779128454,0.0297872515005701,0,0,6.642857142857143,34.43391914749136,NOTCH1;PTPRZ1;TNFRSF1B;TNFRSF21,
GO_Biological_Process_2023,Regulation Of Oxidative Stress-Induced Intrinsic Apoptotic Signaling Pathway (GO:1902175),4/18,0.0056077779128454,0.0297872515005701,0,0,6.642857142857143,34.43391914749136,TREM2;PARK7;SOD2;SOD1,stress response
GO_Biological_Process_2023,Positive Regulation Of Myeloid Leukocyte Differentiation (GO:0002763),6/40,0.0056985271568471,0.0301692272452587,0,0,4.108630313439244,21.231542432278253,CD74;CASP8;CSF1;IL12B;HCLS1;TNFRSF11A,immune
GO_Biological_Process_2023,Regulation Of Cytokine-Mediated Signaling Pathway (GO:0001959),6/40,0.0056985271568471,0.0301692272452587,0,0,4.108630313439244,21.231542432278253,CD74;CASP8;PTPRC;AXL;PTPN6;GAS6,immune
GO_Biological_Process_2023,Negative Regulation Of Immune Response (GO:0050777),8/66,0.0057384292097825,0.030330344486689,0,0,3.215138772077376,16.59194793081871,LGALS3;COL3A1;AMBP;SPINK5;TREM2;LILRB1;PDCD1;HAVCR2,immune
GO_Biological_Process_2023,Positive Regulation Of Cellular Biosynthetic Process (GO:0031328),15/174,0.0059156089871101,0.0312153139797592,0,0,2.206247534173455,11.318404682095164,PDGFRB;HGF;CIRBP;PDGFB;APOA4;PARK7;MMP8;CLU;SMOC2;CDH3;CLEC7A;CCL5;PLXNB2;LDLR;CD244,
GO_Biological_Process_2023,Negative Regulation Of Metabolic Process (GO:0009892),7/53,0.0059634072268184,0.0314157785320714,0,0,3.545040512630408,18.158099083985856,NOTCH1;LAMA4;ADIPOQ;ALDH1A1;APOC1;ACOT13;IL18R1,
GO_Biological_Process_2023,Peptidyl-Tyrosine Dephosphorylation (GO:0035335),5/29,0.006240157525085,0.0327659418899139,0,0,4.84710409072499,24.607534977711857,PTPRB;PTPRS;PTPRZ1;PTPN6;PTPRF,
GO_Biological_Process_2023,Response To Alcohol (GO:0097305),5/29,0.006240157525085,0.0327659418899139,0,0,4.84710409072499,24.607534977711857,TGFBR3;TGFB1;CCL21;CCL19;SOD1,
GO_Biological_Process_2023,Regulation Of Transforming Growth Factor Beta Receptor Signaling Pathway (GO:0017015),11/111,0.0063011602160723,0.0330321050279536,0,0,2.567833537331701,13.011267745313518,TGFB1;TNXB;LRG1;CILP;CD109;ADAMTSL2;VASN;ASPN;DKK3;ENG;HSPA1A,
GO_Biological_Process_2023,Cellular Response To Organic Substance (GO:0071310),9/82,0.0067341966815193,0.0350026985562885,0,0,2.875056450398916,14.376882943798917,ROBO2;CRNN;CLEC3B;TGFB1;CCL5;IL18;HCLS1;TREM2;PARK7,
GO_Biological_Process_2023,T Cell Chemotaxis (GO:0010818),3/10,0.0068191472980605,0.0350026985562885,0,0,9.955844155844156,49.65995817447688,CXCL10;CXCL11;CXCL16,immune
GO_Biological_Process_2023,Basement Membrane Organization (GO:0071711),3/10,0.0068191472980605,0.0350026985562885,0,0,9.955844155844156,49.65995817447688,NID1;NID2;CTSS,
GO_Biological_Process_2023,Megakaryocyte Development (GO:0035855),3/10,0.0068191472980605,0.0350026985562885,0,0,9.955844155844156,49.65995817447688,MPIG6B;KIT;GP1BA,
GO_Biological_Process_2023,Negative Regulation Of Hydrogen Peroxide-Induced Cell Death (GO:1903206),3/10,0.0068191472980605,0.0350026985562885,0,0,9.955844155844156,49.65995817447688,HGF;PARK7;MET,
GO_Biological_Process_2023,Negative Regulation Of Interferon-Beta Production (GO:0032688),3/10,0.0068191472980605,0.0350026985562885,0,0,9.955844155844156,49.65995817447688,PTPRS;SIRPA;LILRB1,immune
GO_Biological_Process_2023,Negative Regulation Of Natural Killer Cell Mediated Immunity (GO:0002716),3/10,0.0068191472980605,0.0350026985562885,0,0,9.955844155844156,49.65995817447688,KLRD1;LILRB1;LGALS9,
GO_Biological_Process_2023,Positive Regulation Of Cholesterol Metabolic Process (GO:0090205),3/10,0.0068191472980605,0.0350026985562885,0,0,9.955844155844156,49.65995817447688,APOA1;APOE;CES1,
GO_Biological_Process_2023,Receptor-Mediated Endocytosis Of Virus By Host Cell (GO:0019065),3/10,0.0068191472980605,0.0350026985562885,0,0,9.955844155844156,49.65995817447688,DPP4;CLEC4M;SIGLEC1,immune
GO_Biological_Process_2023,Regulation Of Low-Density Lipoprotein Particle Clearance (GO:0010988),3/10,0.0068191472980605,0.0350026985562885,0,0,9.955844155844156,49.65995817447688,PCSK9;TREM2;LDLR,
GO_Biological_Process_2023,Regulation Of Opsonization (GO:1903027),3/10,0.0068191472980605,0.0350026985562885,0,0,9.955844155844156,49.65995817447688,FCN2;CFP;MBL2,
GO_Biological_Process_2023,Response To Prostaglandin E (GO:0034695),3/10,0.0068191472980605,0.0350026985562885,0,0,9.955844155844156,49.65995817447688,TGFBR3;CCL21;CCL19,
GO_Biological_Process_2023,Epithelial Structure Maintenance (GO:0010669),4/19,0.0068737737720591,0.0350026985562885,0,0,6.199676375404531,30.87464880886384,SERPINA3;TFF3;TFF2;TFF1,
GO_Biological_Process_2023,Leukotriene Biosynthetic Process (GO:0019370),4/19,0.0068737737720591,0.0350026985562885,0,0,6.199676375404531,30.87464880886384,PLA2G1B;PLA2G4A;PRG3;GGT1,
GO_Biological_Process_2023,Neuron Apoptotic Process (GO:0051402),4/19,0.0068737737720591,0.0350026985562885,0,0,6.199676375404531,30.87464880886384,ERBB3;BCL2;FAS;TNFRSF21,
GO_Biological_Process_2023,Receptor Clustering (GO:0043113),4/19,0.0068737737720591,0.0350026985562885,0,0,6.199676375404531,30.87464880886384,PIGR;ITGB2;ITGB7;THY1,
GO_Biological_Process_2023,Regulation Of Acute Inflammatory Response (GO:0002673),4/19,0.0068737737720591,0.0350026985562885,0,0,6.199676375404531,30.87464880886384,APCS;F12;OSMR;KLKB1,immune
GO_Biological_Process_2023,Release Of Cytochrome C From Mitochondria (GO:0001836),4/19,0.0068737737720591,0.0350026985562885,0,0,6.199676375404531,30.87464880886384,FIS1;BCL2;SOD2;CLU,
GO_Biological_Process_2023,Artery Morphogenesis (GO:0048844),5/30,0.0072378852206043,0.0365661614536211,0,0,4.652976913730255,22.931853384782688,PDGFRB;NOTCH1;ANGPTL3;VEGFA;ENG,
GO_Biological_Process_2023,Extrinsic Apoptotic Signaling Pathway Via Death Domain Receptors (GO:0008625),5/30,0.0072378852206043,0.0365661614536211,0,0,4.652976913730255,22.931853384782688,CASP8;TNFRSF10C;BCL2;FASLG;TNFRSF1A,
GO_Biological_Process_2023,Innate Immune Response Activating Cell Surface Receptor Signaling Pathway (GO:0002220),5/30,0.0072378852206043,0.0365661614536211,0,0,4.652976913730255,22.931853384782688,FCN2;CLEC7A;KLRD1;LILRA2;MBL2,immune
GO_Biological_Process_2023,Prostaglandin Metabolic Process (GO:0006693),5/30,0.0072378852206043,0.0365661614536211,0,0,4.652976913730255,22.931853384782688,CD74;PLA2G4A;PTGDS;PTGR1;CES1,
GO_Biological_Process_2023,Regulation Of Calcium-Mediated Signaling (GO:0050848),5/30,0.0072378852206043,0.0365661614536211,0,0,4.652976913730255,22.931853384782688,CLEC7A;CCL4;TREM2;GBP1;CD22,
GO_Biological_Process_2023,MAPK Cascade (GO:0000165),10/98,0.0073500938523114,0.0370745678881158,0,0,2.65114469882196,13.02518577517986,BRAP;PPP1CC;MAP2K1;TGFB1;EGF;CCL5;IL18;ITGAV;LGALS9;MBL2,
GO_Biological_Process_2023,Response To Molecule Of Bacterial Origin (GO:0002237),8/69,0.0074994843110284,0.0377686293211071,0,0,3.056537385045982,14.955396017669797,SELP;CD6;F2R;LGALS9;TNFRSF11A;CD14;SELE;IFNAR1,
GO_Biological_Process_2023,Peptide Metabolic Process (GO:0006518),7/56,0.008066833278208,0.0405621145841452,0,0,3.327475204454498,16.038411453568923,CPM;ADAMTS13;DNPEP;CPQ;ANPEP;TPP1;GGT1,
GO_Biological_Process_2023,Positive Regulation Of Cell-Matrix Adhesion (GO:0001954),6/43,0.0081527991299972,0.0409301185162715,0,0,3.774906293154469,18.15501152269948,CCL25;CSF1;CCL21;THY1;EPHA1;VEGFA,
GO_Biological_Process_2023,Regulation Of Actin Filament Polymerization (GO:0030833),8/70,0.008168425112816,0.0409443906672141,0,0,3.007081038552321,14.456479405247036,CCL24;CCL11;CCL21;TWF2;HIP1R;HCLS1;ESAM;MEGF9,
GO_Biological_Process_2023,Endothelial Cell Development (GO:0001885),4/20,0.0083151471521364,0.0412320313588025,0,0,5.811893203883495,27.837088120746586,PECAM1;STC1;MET;ICAM1,vascular
GO_Biological_Process_2023,Lipopolysaccharide-Mediated Signaling Pathway (GO:0031663),4/20,0.0083151471521364,0.0412320313588025,0,0,5.811893203883495,27.837088120746586,TGFB1;CD6;CCL5;IL18,
GO_Biological_Process_2023,Negative Regulation Of Cytokine Production Involved In Inflammatory Response (GO:1900016),4/20,0.0083151471521364,0.0412320313588025,0,0,5.811893203883495,27.837088120746586,SIRPA;TREM2;APOD;F2,immune
GO_Biological_Process_2023,Regulation Of Macrophage Chemotaxis (GO:0010758),4/20,0.0083151471521364,0.0412320313588025,0,0,5.811893203883495,27.837088120746586,CSF1;RARRES2;CCL5;CXCL17,
GO_Biological_Process_2023,Sulfur Compound Catabolic Process (GO:0044273),4/20,0.0083151471521364,0.0412320313588025,0,0,5.811893203883495,27.837088120746586,IDUA;GPC1;HPSE;SGSH,
GO_Biological_Process_2023,Antigen Processing And Presentation Of Exogenous Peptide Antigen (GO:0002478),5/31,0.0083416660382466,0.0412320313588025,0,0,4.473782596504346,21.413726029603943,CTSV;IFI30;CTSD;CTSS;LGMN,
GO_Biological_Process_2023,Negative Chemotaxis (GO:0050919),5/31,0.0083416660382466,0.0412320313588025,0,0,4.473782596504346,21.413726029603943,SEMA7A;SEMA4D;PDGFA;ITGAV;ROBO1,
GO_Biological_Process_2023,Regulation Of Protein Autophosphorylation (GO:0031952),5/31,0.0083416660382466,0.0412320313588025,0,0,4.473782596504346,21.413726029603943,IMPACT;PDGFB;PDGFA;VEGFA;ENG,
GO_Biological_Process_2023,Regulation Of Transmembrane Receptor Protein Serine/Threonine Kinase Signaling Pathway (GO:0090092),5/31,0.0083416660382466,0.0412320313588025,0,0,4.473782596504346,21.413726029603943,TGFB1;FST;FSTL3;DKK3;ENG,
GO_Biological_Process_2023,Calcium-Mediated Signaling (GO:0019722),9/85,0.0084845557394108,0.0418737011299426,0,0,2.7611336032388665,13.16924809186452,SELP;FIS1;VCAM1;PTPRC;CCL20;AZU1;CLU;SELE;PPP1R9B,
GO_Biological_Process_2023,Circulatory System Development (GO:0072359),12/132,0.0087296068912541,0.0430168167272108,0,0,2.334803921568628,11.069386969699671,CDH5;COL3A1;NOTCH1;TGFB1;CASP8;ERBB3;NTRK3;PDGFB;FN1;HSPG2;PKD1;PDLIM7,
GO_Biological_Process_2023,Negative Regulation Of Protein Binding (GO:0032091),8/71,0.0088811118989729,0.043629143270568,0,0,2.9591947348044907,13.978728472572865,LRPAP1;CFHR2;ADIPOQ;PDGFB;PARK7;B2M;DKK1;PTPRF,
GO_Biological_Process_2023,Negative Regulation Of Supramolecular Fiber Organization (GO:1902904),8/71,0.0088811118989729,0.043629143270568,0,0,2.9591947348044907,13.978728472572865,CDH5;TWF2;HIP1R;TREM2;APOE;CLU;CORO1A;LDLR,
GO_Biological_Process_2023,AMP Metabolic Process (GO:0046033),3/11,0.0090905508491685,0.0439834356040588,0,0,8.710909090909091,40.94580042402029,NT5C1A;SORD;AMPD3,
GO_Biological_Process_2023,Cellular Response To Superoxide (GO:0071451),3/11,0.0090905508491685,0.0439834356040588,0,0,8.710909090909091,40.94580042402029,APOA4;SOD2;SOD1,
GO_Biological_Process_2023,Digestive System Development (GO:0055123),3/11,0.0090905508491685,0.0439834356040588,0,0,8.710909090909091,40.94580042402029,CLMP;KIT;PKD1,
GO_Biological_Process_2023,Macrophage Chemotaxis (GO:0048246),3/11,0.0090905508491685,0.0439834356040588,0,0,8.710909090909091,40.94580042402029,LGALS3;CCL5;CXCL17,
GO_Biological_Process_2023,Negative Regulation Of Amyloid Fibril Formation (GO:1905907),3/11,0.0090905508491685,0.0439834356040588,0,0,8.710909090909091,40.94580042402029,TREM2;CLU;LDLR,
GO_Biological_Process_2023,Positive Regulation Of Vascular Permeability (GO:0043117),3/11,0.0090905508491685,0.0439834356040588,0,0,8.710909090909091,40.94580042402029,TGFB1;FGFBP3;VEGFA,vascular
GO_Biological_Process_2023,Regulation Of Astrocyte Differentiation (GO:0048710),3/11,0.0090905508491685,0.0439834356040588,0,0,8.710909090909091,40.94580042402029,NOTCH1;SERPINE2;F2,
GO_Biological_Process_2023,Regulation Of Homotypic Cell-Cell Adhesion (GO:0034110),3/11,0.0090905508491685,0.0439834356040588,0,0,8.710909090909091,40.94580042402029,CELA2A;CCL5;PLAUR,
GO_Biological_Process_2023,Regulation Of Leukocyte Tethering Or Rolling (GO:1903236),3/11,0.0090905508491685,0.0439834356040588,0,0,8.710909090909091,40.94580042402029,CCL25;SELP;SELE,immune
GO_Biological_Process_2023,Regulation Of Monocyte Chemotactic Protein-1 Production (GO:0071637),3/11,0.0090905508491685,0.0439834356040588,0,0,8.710909090909091,40.94580042402029,CLEC7A;APOD;LGALS9,
GO_Biological_Process_2023,Positive Regulation Of Cytokine-Mediated Signaling Pathway (GO:0001961),6/44,0.0091175199961898,0.0440473854416229,0,0,3.675374567806377,17.26528315356998,CD74;CSF1;AXL;CD300LF;GAS6;HSPA1A,immune
GO_Biological_Process_2023,Positive Regulation Of Synapse Assembly (GO:0051965),5/32,0.0095567400374015,0.0460997565358391,0,0,4.307861932406282,20.033749008830476,CLSTN2;SLITRK2;SEMA4D;BDNF;IL1RAP,
GO_Biological_Process_2023,Peptide Catabolic Process (GO:0043171),4/21,0.0099409474443768,0.0478090910875959,0,0,5.4697315819531696,25.22144071690343,ADAMTS13;CPQ;ANPEP;TPP1,
GO_Biological_Process_2023,Regulation Of Anoikis (GO:2000209),4/21,0.0099409474443768,0.0478090910875959,0,0,5.4697315819531696,25.22144071690343,ITGB1;NOTCH1;BCL2;ITGA5,
GO_Biological_Process_2023,Epidermal Growth Factor Receptor Signaling Pathway (GO:0007173),6/45,0.0101610914448851,0.0487945665636689,0,0,3.580947033501778,16.433644228711223,PIGR;EFEMP1;TGFB1;EGF;EGFR;HBEGF,
KEGG_2021_Human,Complement and coagulation cascades,43/85,7.461162375976123e-37,1.9846691920096492e-34,0,0,24.94965119805884,2075.460118328104,CFD;CPB2;ITGAM;C1S;CFH;C1R;SERPINC1;PROS1;ITGB2;SERPINE1;CFI;PLAT;PLG;TFPI;CLU;SERPINA5;C2;C3;C7;PLAU;CD59;VSIG4;CD55;MBL2;CR2;SERPIND1;F12;F2R;SERPINF2;F11;PLAUR;F2;F3;F7;F9;PROC;CFHR2;CFHR4;SERPING1;F13B;CD46;KLKB1;CFB,immune
KEGG_2021_Human,Cytokine-cytokine receptor interaction,73/295,2.5190568385677984e-36,3.350345595295172e-34,0,0,8.253385836167293,676.52325920065,CXCL6;IL1RN;CD40;CXCL9;TNFRSF13B;CSF1;CXCL17;CXCL1;FASLG;PRL;IL1RAP;CXCL13;CXCL3;EDA2R;CXCL16;TNFSF13B;TNFSF10;IL12B;TNFRSF8;IL6R;TNFRSF4;IL1R1;IFNGR1;IL1R2;TNFRSF19;IL18;IL16;OSMR;TNFRSF1B;IL17RA;TNFRSF1A;XCL1;TNFRSF21;IFNAR1;CCL14;CCL13;CCL11;TNFRSF11B;TNFRSF11A;IL1RL1;CCL8;CCL5;CCL4;TNFRSF14;CCL19;CCL18;CCL17;RELT;CCL16;CCL15;CCL25;CCL24;CCL23;CCL22;TGFB1;CCL21;CCL20;GDF15;IL10RB;TNFSF12;TNFSF13;TNFRSF10C;PPBP;INHBC;CXCL10;CXCL11;CD40LG;IL2RA;FAS;TNFSF8;LTBR;IL7R;IL18R1,immune
KEGG_2021_Human,Viral protein interaction with cytokine and cytokine receptor,38/100,6.027653979457674e-27,5.344519861785804e-25,0,0,14.826051449571253,895.0997222003185,CCL14;CXCL6;CCL13;CXCL9;CCL11;CSF1;CXCL1;CXCL13;CXCL3;CCL8;CCL5;CCL4;TNFSF10;TNFRSF14;CCL19;CCL18;IL6R;CCL17;CCL16;CCL15;CCL25;CCL24;CCL23;CCL22;CCL21;CCL20;IL10RB;TNFRSF10C;IL18;PPBP;TNFRSF1B;TNFRSF1A;CXCL10;CXCL11;IL2RA;XCL1;LTBR;IL18R1,immune
KEGG_2021_Human,Cell adhesion molecules,43/148,7.420969950444708e-25,4.934945017045731e-23,0,0,9.94699423718532,552.6581585370736,CD86;ITGB1;CD40;ITGAM;CD80;ITGB2;ICAM2;ICAM3;CD99L2;F11R;PVR;PTPRF;ICAM1;CDH5;ALCAM;CDH3;CDH1;ITGAV;ITGB7;NCAM1;CD58;NCAM2;CD34;CD99;JAM2;CD276;VCAM1;SELE;SELP;VCAN;NFASC;PTPRC;CD40LG;SELL;CD6;CD8A;CNTN1;PECAM1;ESAM;CDH15;PDCD1;SIGLEC1;CD22,
KEGG_2021_Human,Lysosome,30/128,6.275851411828151e-15,3.338752951092576e-13,0,0,7.31701703237686,239.28158295928503,ASAH1;IDUA;CTSZ;CTSV;CTSS;SGSH;CTSO;LAMP1;AP1G2;GM2A;HYAL1;LAMP3;SMPD1;LAMP2;PSAP;ACP5;IDS;GUSB;CTSD;CTSC;CTSB;ARSA;CD164;PSAPL1;FUCA1;AP3B1;IGF2R;NPC2;TPP1;LGMN,
KEGG_2021_Human,Malaria,17/50,7.1439066728773145e-12,3.167131958308943e-10,0,0,12.15719463438329,312.01149880852995,CD40;TGFB1;VCAM1;KLRB1;HGF;ITGB2;IL18;THBS2;SELE;THBS4;ICAM1;COMP;SELP;KLRK1;CD40LG;PECAM1;MET,
KEGG_2021_Human,Hematopoietic cell lineage,22/99,7.938566196384425e-11,3.016655154626081e-09,0,0,6.768876285005318,157.4217477311326,CR2;ITGAM;CSF1;TFRC;IL1R1;IL1R2;FLT3LG;GP1BA;FCER2;CD8A;CD5;ANPEP;IL2RA;KIT;CD59;CD14;ITGA5;IL7R;IL6R;CD34;CD22;CD55,
KEGG_2021_Human,NF-kappa B signaling pathway,22/104,2.199099802645485e-10,7.312006843796239e-09,0,0,6.354475579495249,141.30957504983274,CCL13;CD40;VCAM1;CCL21;IL1R1;CXCL1;TNFRSF11A;CXCL3;EDA2R;ICAM1;TNFSF13B;TNFRSF1A;CD40LG;PLAU;CCL4;BCL2;TRIM25;CD14;LBP;CCL19;LTBR;LAT,
KEGG_2021_Human,PI3K-Akt signaling pathway,43/354,2.6635442021396594e-10,7.87225286410166e-09,0,0,3.3220267474962624,73.23804378053003,ITGB1;TNXB;CSF1;LAMA4;PDGFB;TNC;PDGFA;FASLG;PRL;THBS2;EGFR;THBS4;COMP;ERBB3;TNN;SPP1;ITGAV;ITGB7;IL6R;PDGFRB;MAP2K1;ANGPT2;ANGPT1;BDNF;EGF;HGF;F2R;FN1;FLT3LG;VEGFD;OSMR;PGF;VEGFA;COL1A1;EFNA1;IL2RA;KIT;BCL2;COL6A3;ITGA5;IL7R;MET;IFNAR1,
KEGG_2021_Human,Lipid and atherosclerosis,32/215,3.3078881722186756e-10,8.798982538101679e-09,0,0,4.171458384820276,91.06102166854944,CD40;CXCL1;FASLG;CXCL3;AGER;ICAM1;CASP7;CASP8;CASP3;CCL5;TNFSF10;IL12B;CD14;LBP;LDLR;VCAM1;MMP1;MMP3;IL18;APOA1;APOA4;SOD2;SELE;MMP9;TNFRSF1A;ERN1;SELP;CD40LG;BCL2;FAS;ARHGEF1;HSPA1A,vascular
KEGG_2021_Human,ECM-receptor interaction,20/88,3.7447754795468967e-10,9.055547977813405e-09,0,0,6.9539895165987184,150.93974481414966,ITGB1;TNXB;LAMA4;TNC;FN1;GP1BA;THBS2;GP6;HSPG2;THBS4;COMP;COL1A1;TNN;DAG1;SPP1;COL6A3;ITGAV;ITGB7;ITGA5;AGRN,
KEGG_2021_Human,Phagosome,26/152,7.209156140495225e-10,1.5980296111431082e-08,0,0,4.900407710881527,103.15602774318246,ITGB1;COLEC12;ITGAM;CLEC4M;TFRC;C1R;ITGB2;THBS2;MPO;CORO1A;CTSS;THBS4;COMP;C3;FCGR3B;LAMP1;CLEC7A;LAMP2;ITGAV;CD14;RILP;MBL2;MSR1;FCGR2A;CD209;ITGA5,
KEGG_2021_Human,Rheumatoid arthritis,20/93,1.0655442413295343e-09,2.1802674476435084e-08,0,0,6.475993489759935,133.79260170976767,CD86;CXCL6;TGFB1;CSF1;ANGPT1;MMP1;CCL20;CD80;ITGB2;MMP3;TNFSF13;IL18;CXCL1;TNFRSF11A;CXCL3;ICAM1;TNFSF13B;VEGFA;CCL5;ACP5,
KEGG_2021_Human,Chemokine signaling pathway,29/192,1.5730671861582371e-09,2.98882765370065e-08,0,0,4.232752597188203,85.79890466355343,CCL14;CXCL6;CCL13;CXCL9;CCL11;CXCL1;CXCL13;CXCL3;CRKL;CXCL16;CCL8;CCL5;CCL4;CCL19;CCL18;CCL17;CCL16;CCL15;CCL25;CCL24;MAP2K1;CCL23;CCL22;CCL21;CCL20;PPBP;CXCL10;CXCL11;XCL1,immune
KEGG_2021_Human,Focal adhesion,29/201,4.627546357687589e-09,8.20618220763266e-08,0,0,4.009372180341706,76.94481996804106,ITGB1;TNXB;LAMA4;PDGFB;TNC;PDGFA;THBS2;EGFR;THBS4;CRKL;COMP;PPP1CC;TNN;SPP1;ITGAV;ITGB7;PDGFRB;MAP2K1;EGF;HGF;FN1;VEGFD;PGF;VEGFA;COL1A1;BCL2;COL6A3;ITGA5;MET,
KEGG_2021_Human,TNF signaling pathway,21/112,5.699068036987197e-09,9.474700611491217e-08,0,0,5.456391192450672,103.5784730897277,CXCL6;MAP2K1;VCAM1;CSF1;CCL20;MMP3;CXCL1;VEGFD;CXCL3;TNFRSF1B;SELE;MMP9;ICAM1;TNFRSF1A;CXCL10;CASP7;CASP8;CASP3;CCL5;FAS;IL18R1,
KEGG_2021_Human,Proteoglycans in cancer,28/205,2.8825278862190014e-08,4.510308339613261e-07,0,0,3.756073446327684,65.21299636663599,ITGB1;FASLG;EGFR;PPP1CC;ERBB3;PLAU;GPC1;CASP3;IL12B;TIMP3;ITGAV;MAP2K1;TGFB1;HGF;FN1;PLAUR;HSPG2;MMP9;VEGFA;COL1A1;HCLS1;FAS;ARHGEF1;PTPN6;HPSE;ITGA5;MET;HBEGF,
KEGG_2021_Human,Osteoclast differentiation,21/127,5.7038521772712326e-08,8.429025995300822e-07,0,0,4.680577961703023,78.06988254618533,LILRA6;MAP2K1;TGFB1;CSF1;IL1R1;IFNGR1;TNFRSF11B;TREM2;LILRB1;TNFRSF11A;LILRB2;LILRA2;LILRA3;SIRPB1;OSCAR;TNFRSF1A;FCGR3B;FCGR2A;SIRPA;ACP5;IFNAR1,
KEGG_2021_Human,Tuberculosis,25/180,1.1364601382644594e-07,1.5910441935702427e-06,0,0,3.819748523681356,61.07845636953947,ITGAM;CLEC4M;ITGB2;CORO1A;CTSS;C3;CASP8;FCGR3B;LAMP1;CLEC7A;CASP3;LAMP2;IL12B;CD14;LBP;CTSD;CD74;TGFB1;IFNGR1;IL10RB;IL18;TNFRSF1A;FCGR2A;CD209;BCL2,
KEGG_2021_Human,Intestinal immune network for IgA production,12/48,4.1231901512774454e-07,5.483842901199002e-06,0,0,7.816993464052287,114.92128300962948,CD86;CCL25;PIGR;CD40;TGFB1;CD40LG;TNFRSF13B;CD80;TNFSF13;ITGB7;LTBR;TNFSF13B,immune
KEGG_2021_Human,Pancreatic secretion,17/102,9.226172346947216e-07,1.1686484972799808e-05,0,0,4.707028360049322,65.40910796390409,PNLIPRP1;CPA2;CELA3A;CPA1;CPB2;CELA2A;CPB1;AMY2A;AMY2B;PLA2G1B;CTRB1;PLA2G2A;RAB27B;BST1;CTRL;CA2;PRSS2,
KEGG_2021_Human,Protein digestion and absorption,17/103,1.0630031097314117e-06,1.285267396311616e-05,0,0,4.652051730565193,63.98623862788472,CPA2;CELA3A;COL18A1;CPA1;CPB2;CELA2A;COL15A1;CPB1;CTRB1;PRCP;DPP4;COL1A1;COL3A1;CTRL;MEP1A;COL6A3;PRSS2,
KEGG_2021_Human,Staphylococcus aureus infection,16/95,1.6632971533446856e-06,1.923639316476897e-05,0,0,4.762237326183201,63.36970480550535,CFD;ITGAM;C1S;CFH;C1R;ITGB2;CFI;PLG;ICAM1;C2;C3;SELP;FCGR3B;FCGR2A;CFB;MBL2,
KEGG_2021_Human,Pertussis,14/76,2.45657220134532e-06,2.722700856491063e-05,0,0,5.301180946342237,68.47399502830137,ITGB1;CXCL6;ITGAM;C1S;C1R;ITGB2;C2;C3;CASP7;CASP3;IL12B;SERPING1;ITGA5;CD14,
KEGG_2021_Human,Legionellosis,12/57,2.9713691327687263e-06,3.161536757265925e-05,0,0,6.250653594771242,79.54886624025465,C3;CASP7;ITGAM;CASP8;CASP3;ITGB2;IL18;IL12B;CXCL1;CD14;CXCL3;HSPA1A,
KEGG_2021_Human,Amoebiasis,16/102,4.362800893851057e-06,4.463480914478388e-05,0,0,4.3730095085347696,53.97341637805556,TGFB1;ITGAM;IL1R1;ARG1;IL1R2;LAMA4;ITGB2;FN1;CXCL1;CXCL3;SERPINB6;COL1A1;COL3A1;CASP3;IL12B;CD14,
KEGG_2021_Human,Cholesterol metabolism,11/50,4.873216883702156e-06,4.80102107801768e-05,0,0,6.605247465712582,80.79377722166332,LRPAP1;NPC2;APOC1;ANGPTL3;PCSK9;APOA1;APOA4;ANGPTL4;APOE;LDLR;PLTP,
KEGG_2021_Human,MAPK signaling pathway,30/294,5.390407504288312e-06,5.120887129073897e-05,0,0,2.69252677147414,32.66274493477568,CSF1;PDGFB;PDGFA;FASLG;IL1RAP;EGFR;CRKL;ERBB3;CASP3;CD14;PDGFRB;MAP2K1;TGFB1;ANGPT2;ANGPT1;IL1R1;BDNF;EGF;HGF;FLT3LG;PLA2G4A;VEGFD;PGF;VEGFA;TNFRSF1A;EFNA1;KIT;FAS;MET;HSPA1A,
KEGG_2021_Human,Toll-like receptor signaling pathway,16/104,5.650983660387506e-06,5.183316047114057e-05,0,0,4.273175100761308,51.635684470389016,CD86;MAP2K1;CD40;CXCL9;CD80;CXCL10;CXCL11;CASP8;CCL5;CCL4;SPP1;IL12B;CD14;LBP;TLR3;IFNAR1,
KEGG_2021_Human,Apoptosis,19/142,6.47568002210613e-06,5.741769619600769e-05,0,0,3.637241601093391,43.45578738461242,MAP2K1;DFFA;CTSZ;FASLG;CTSV;CTSS;LMNB1;TNFRSF1A;ERN1;CASP7;CTSO;CASP8;CASP3;TNFSF10;BCL2;FAS;CTSD;CTSC;CTSB,
KEGG_2021_Human,Rap1 signaling pathway,24/210,6.939781105281772e-06,5.787852989512866e-05,0,0,3.0470229497672925,36.19327087303084,PDGFRB;ITGB1;MAP2K1;FYB1;ITGAM;ANGPT2;CSF1;ANGPT1;EGF;HGF;F2R;ITGB2;PDGFB;PDGFA;VEGFD;EGFR;PGF;CRKL;VEGFA;EFNA1;CDH1;KIT;MET;LAT,
KEGG_2021_Human,IL-17 signaling pathway,15/94,6.962830664075628e-06,5.787852989512866e-05,0,0,4.459105983464898,52.95154672032128,CXCL6;USP25;CCL11;MMP1;CCL20;MMP3;CXCL1;CXCL3;MMP9;IL17RA;CXCL10;CASP8;CASP3;LCN2;CCL17,
KEGG_2021_Human,Influenza A,21/172,9.275267280193084e-06,7.476427565246547e-05,0,0,3.2779487431989955,37.98539166474364,MAP2K1;IFNGR1;IL18;EIF2AK2;FASLG;PLG;ICAM1;TMPRSS11D;TNFRSF1A;CXCL10;CASP8;CASP3;CCL5;TNFSF10;IL12B;TRIM25;FAS;TPSAB1;PRSS2;TLR3;IFNAR1,
KEGG_2021_Human,African trypanosomiasis,9/37,1.4964946491227785e-05,0.0001170786990196056,0,0,7.513343799058084,83.47174688062628,VCAM1;LAMA4;IL18;IL12B;APOA1;FAS;FASLG;SELE;ICAM1,
KEGG_2021_Human,Human papillomavirus infection,31/331,2.115583774095234e-05,0.00016078436683123775,0,0,2.4468088665830194,26.33645888571761,NOTCH2;ITGB1;NOTCH3;TNXB;NOTCH1;LAMA4;TNC;FASLG;THBS2;EGFR;THBS4;COMP;CASP8;TNN;CASP3;SPP1;ITGAV;ITGB7;PDGFRB;MAP2K1;EGF;FN1;EIF2AK2;VEGFA;TNFRSF1A;COL1A1;FAS;COL6A3;ITGA5;TLR3;IFNAR1,
KEGG_2021_Human,Natural killer cell mediated cytotoxicity,17/131,2.9337387513376843e-05,0.0002167706966266178,0,0,3.504294027300063,36.57308265928137,MAP2K1;IFNGR1;ITGB2;ICAM2;FASLG;ICAM1;KLRK1;FCGR3B;CASP3;TNFSF10;FAS;KLRD1;CD48;PTPN6;LAT;CD244;IFNAR1,
KEGG_2021_Human,Viral myocarditis,11/60,3.0653013863531e-05,0.00022037031588376335,0,0,5.254490045712287,54.60875679162877,CD86;CD40;CASP8;CD40LG;CD80;CASP3;ITGB2;DAG1;CD55;ICAM1;EIF4G1,
KEGG_2021_Human,Coronavirus disease,24/232,3.671342229007466e-05,0.00025040436741435537,0,0,2.72158438576349,27.79382167092609,CFD;NRP1;C1S;MMP1;C1R;MMP3;EIF2AK2;F2;EGFR;C2;TNFRSF1A;C3;SELP;CXCL10;FCGR2A;C7;IL12B;F13B;IL6R;CFB;TLR3;HBEGF;IFNAR1;MBL2,
KEGG_2021_Human,Ras signaling pathway,24/232,3.671342229007466e-05,0.00025040436741435537,0,0,2.72158438576349,27.79382167092609,BRAP;PDGFRB;MAP2K1;ANGPT2;CSF1;ANGPT1;BDNF;PLA2G1B;EGF;HGF;PLA2G2A;PDGFB;FLT3LG;PDGFA;PLA2G4A;VEGFD;FASLG;EGFR;PGF;VEGFA;EFNA1;KIT;MET;LAT,
KEGG_2021_Human,Nitrogen metabolism,6/17,4.132920014685576e-05,0.00027483918097659084,0,0,12.71466489714665,128.34108089813623,CA1;CA3;CA2;CA4;CA6;CA14,
KEGG_2021_Human,HIF-1 signaling pathway,15/109,4.276217685281528e-05,0.0002774326595816796,0,0,3.7446023396404176,37.67016242779129,MAP2K1;ANGPT2;TFRC;ANGPT1;IFNGR1;EGF;SERPINE1;ENO1;ENO2;EGFR;VEGFA;BCL2;TIMP1;LTBR;IL6R,stress response
KEGG_2021_Human,Pathways in cancer,42/531,4.892136820247906e-05,0.000309835331949034,0,0,2.0415710516867263,20.263197563385003,NOTCH2;ITGB1;NOTCH3;NOTCH1;LAMA4;PDGFB;PDGFA;FASLG;EGFR;CRKL;CASP7;CASP8;CDH1;CASP3;IL12B;ITGAV;GSTT2B;IL6R;PDGFRB;MAP2K1;TGFB1;IFNGR1;MMP1;EGF;TXNRD1;HGF;F2R;FN1;FLT3LG;VEGFD;F2;MMP9;PGF;VEGFA;IL2RA;KIT;BCL2;FAS;ARHGEF1;IL7R;MET;IFNAR1,
KEGG_2021_Human,Fluid shear stress and atherosclerosis,17/139,6.300408972639374e-05,0.0003810267399072936,0,0,3.2731297123567344,31.658728250854267,VCAM1;IL1R1;IL1R2;PDGFB;PDGFA;PLAT;SELE;MMP9;ICAM1;TNFRSF1A;VEGFA;CDH5;GPC1;BCL2;PECAM1;ITGAV;GSTT2B,stress response;vascular
KEGG_2021_Human,AGE-RAGE signaling pathway in diabetic complications,14/100,6.302697953353728e-05,0.0003810267399072936,0,0,3.816981886749329,36.91764909147499,TGFB1;VCAM1;SERPINE1;FN1;VEGFD;AGER;SELE;F3;ICAM1;VEGFA;COL1A1;COL3A1;CASP3;BCL2,electrolyte transport
KEGG_2021_Human,Glycosaminoglycan degradation,6/19,8.438645525720651e-05,0.0004988177132981541,0,0,10.75743964065132,100.9058988591807,IDUA;HYAL1;IDS;HPSE;GUSB;SGSH,
KEGG_2021_Human,Prostate cancer,13/97,0.00017903236769858445,0.001035274126257,0,0,3.624656733859188,31.273335113582053,PDGFRB;MAP2K1;EGF;IL1R2;MMP3;PDGFB;PDGFA;PLAT;MMP9;EGFR;SPINT1;PLAU;BCL2,
KEGG_2021_Human,Toxoplasmosis,14/112,0.00021687549207565008,0.0012274229977047,0,0,3.347490347490348,28.240055015178577,ITGB1;CD40;TGFB1;IFNGR1;IL10RB;LAMA4;TNFRSF1A;CASP8;CD40LG;CASP3;BCL2;IL12B;LDLR;HSPA1A,
KEGG_2021_Human,Bladder cancer,8/41,0.00023648025945978727,0.0013104947711729,0,0,5.658240946045824,47.2443078808528,MAP2K1;CDH1;EGF;MMP1;MMP9;EGFR;VEGFA;HBEGF,
KEGG_2021_Human,Leukocyte transendothelial migration,14/114,0.00026151472656807395,0.0014196513727981,0,0,3.2801965601965604,27.05840689875924,ITGB1;VCAM1;ITGAM;ITGB2;CD99L2;THY1;F11R;MMP9;ICAM1;CDH5;PECAM1;ESAM;CD99;JAM2,immune;vascular
KEGG_2021_Human,Epithelial cell signaling in Helicobacter pylori infection,10/70,0.0005851014989617495,0.0031127399744765,0,0,3.8940505297473513,28.986242149020907,PTPRZ1;CASP3;CCL5;CXCL1;CXCL3;F11R;MET;EGFR;JAM2;HBEGF,
KEGG_2021_Human,Allograft rejection,7/38,0.000834130663720704,0.0042668991644174,0,0,5.2645082707948605,37.32073348779766,CD86;CD40;CD40LG;CD80;IL12B;FAS;FASLG,
KEGG_2021_Human,Primary immunodeficiency,7/38,0.000834130663720704,0.0042668991644174,0,0,5.2645082707948605,37.32073348779766,CD40;CD40LG;PTPRC;TNFRSF13B;CD8A;IL7R;ADA,
KEGG_2021_Human,PPAR signaling pathway,10/74,0.0009134304129883476,0.0045843866010358,0,0,3.649908312958435,25.543165615034773,FABP1;FABP3;FABP4;FABP5;MMP1;ADIPOQ;APOA1;DBI;ANGPTL4;PLTP,
KEGG_2021_Human,JAK-STAT signaling pathway,16/162,0.0011502343659813,0.0056659692842785,0,0,2.56778460085026,17.37822581618463,PDGFRB;IFNGR1;EGF;IL10RB;PDGFB;PDGFA;PRL;OSMR;EGFR;IL2RA;BCL2;IL12B;PTPN6;IL7R;IL6R;IFNAR1,
KEGG_2021_Human,Leishmaniasis,10/77,0.0012480657158404,0.0060360996438826,0,0,3.485932197204685,23.307501651931545,ITGB1;C3;ITGAM;FCGR3B;TGFB1;FCGR2A;IFNGR1;ITGB2;IL12B;PTPN6,
KEGG_2021_Human,B cell receptor signaling pathway,10/81,0.0018431353009297,0.0086921424943896,0,0,3.2888529219325733,20.70756252074676,LILRA6;CD79B;CR2;MAP2K1;LILRB1;PTPN6;LILRB2;LILRA2;LILRA3;CD22,immune
KEGG_2021_Human,Regulation of actin cytoskeleton,19/218,0.0018626019630835,0.0086921424943896,0,0,2.239174860706499,14.074962490420454,PDGFRB;ITGB1;MAP2K1;ITGAM;EGF;F2R;ITGB2;PDGFB;FN1;PDGFA;F2;EGFR;CRKL;PPP1CC;MYH9;ARHGEF1;ITGAV;ITGB7;ITGA5,
KEGG_2021_Human,Vitamin digestion and absorption,5/24,0.0026488812297226,0.0121483173639003,0,0,6.124256570953508,36.338998447831806,BTD;TCN2;APOA1;APOA4;PLB1,
KEGG_2021_Human,Melanoma,9/72,0.0028162789221496,0.0125231462360199,0,0,3.333158904587476,19.573438350416943,PDGFRB;MAP2K1;CDH1;EGF;HGF;PDGFB;PDGFA;MET;EGFR,
KEGG_2021_Human,Kaposi sarcoma-associated herpesvirus infection,17/193,0.0028247698276736,0.0125231462360199,0,0,2.2624425512834883,13.279018307473722,CD86;MAP2K1;ANGPT2;IFNGR1;PDGFB;EIF2AK2;CXCL1;CXCL3;ICAM1;VEGFA;TNFRSF1A;C3;CASP8;CASP3;FAS;TLR3;IFNAR1,
KEGG_2021_Human,Pathogenic Escherichia coli infection,17/197,0.0034898566131568,0.01521806326393,0,0,2.2117002329086177,12.513566867995548,ITGB1;IL1R1;F2R;IL18;FASLG;F2;TNFRSF1A;CASP7;CASP8;FCGR2A;CASP3;TNFSF10;HCLS1;FAS;MYH9;ARHGEF1;PTPN6,
KEGG_2021_Human,Antigen processing and presentation,9/78,0.0048474229635959,0.0207970081986536,0,0,3.0423634336677816,16.213691977500797,CD74;CD8A;KLRD1;IFI30;B2M;CTSS;CTSB;HSPA1A;LGMN,
KEGG_2021_Human,Measles,13/139,0.0051323600305975,0.021669964573634,0,0,2.411120849157659,12.7118864596975,CLEC4M;EIF2AK2;FASLG;CASP8;CD209;CASP3;IL2RA;BCL2;IL12B;FAS;CD46;IFNAR1;HSPA1A,
KEGG_2021_Human,Autoimmune thyroid disease,7/53,0.0059634072268184,0.024785411286464,0,0,3.545040512630408,18.158099083985856,CD86;CD40;CD40LG;CD80;FAS;FASLG;CGA,immune
KEGG_2021_Human,Transcriptional misregulation in cancer,16/192,0.0063028645569535,0.0257932611099945,0,0,2.1267353336318853,10.77563850037363,CD86;CD40;ITGAM;IGFBP3;IL1R2;MMP3;PDGFA;PLAT;MPO;MMP9;HHEX;SPINT1;PLAU;ITGB7;CD14;MET,
KEGG_2021_Human,Fat digestion and absorption,6/43,0.0081527991299972,0.0328582510390798,0,0,3.774906293154469,18.15501152269948,PNLIPRP1;FABP1;PLA2G1B;PLA2G2A;APOA1;APOA4,
KEGG_2021_Human,Chagas disease,10/102,0.0096554187468338,0.038333453532206,0,0,2.535346018922079,11.764603851863308,C3;TGFB1;CASP8;IFNGR1;CCL5;SERPINE1;IL12B;FAS;FASLG;TNFRSF1A,
KEGG_2021_Human,MicroRNAs in cancer,22/310,0.0101668040673066,0.0397701453221114,0,0,1.7897366969947617,8.212434791690708,PDGFRB;NOTCH2;NOTCH3;MAP2K1;TNXB;NOTCH1;PDGFB;TNC;PDGFA;MMP9;EGFR;CRKL;VEGFA;EFNA1;ERBB3;PLAU;TNN;CASP3;BCL2;TIMP3;ITGA5;MET,
KEGG_2021_Human,Yersinia infection,12/137,0.0115515161187966,0.0445319317043465,0,0,2.240823529411765,9.996176144376989,ITGB1;MAP2K1;FYB1;FCGR2A;CD8A;FN1;IL18;ARHGEF1;ITGA5;LAT;CRKL;SKAP2,
KEGG_2021_Human,Human cytomegalovirus infection,17/225,0.0126377872648608,0.048023591606471,0,0,1.9111495779189984,8.353757049373247,MAP2K1;IL1R1;IL10RB;FASLG;EGFR;CRKL;VEGFA;TNFRSF1A;CASP8;CASP3;CCL5;CCL4;FAS;ARHGEF1;ITGAV;B2M;IL6R,
