Gene_set,Term,Overlap,P-value,Adjusted P-value,Old P-value,Old Adjusted P-value,Odds Ratio,Combined Score,Genes,theme
GO_Biological_Process_2023,Inflammatory Response (GO:0006954),48/236,7.588124785038347e-25,2.2946489349955965e-21,0,0,8.154893617021276,452.9068309588002,CCL13;CXCL6;CD40;CXCL9;CCL11;ITGB2;CXCL1;F11R;CXCL3;AGER;CRHBP;PRDX5;CCL8;ADGRE5;CCL5;CCL4;LGALS9;CD14;CCL17;TNFRSF4;CCL16;AOC3;CCL24;CCL23;CCL22;TGFB1;VCAM1;CCL21;CCL20;IL10RB;F2R;IL18;AZU1;PPBP;HSPG2;SELE;TNFRSF1A;CXCL10;CXCL11;CD40LG;IL2RA;KIT;CHI3L1;XCL1;ADAM8;FOLR2;MGLL;TLR3,immune
GO_Biological_Process_2023,Regulation Of ERK1 And ERK2 Cascade (GO:0070372),45/244,1.5446500102630816e-21,2.33551081551778e-18,0,0,7.182554563864096,344.18434871562056,DDR1;NOTCH2;CCL13;SEMA7A;CCL11;NOTCH1;PDGFB;CXCL17;PDGFA;TREM2;AGER;CRKL;ICAM1;CCL8;CCL5;CCL4;TIMP3;SIRPA;CCN2;LGALS9;APOE;CCL17;GBP1;CCL16;PDGFRB;CCL24;CD74;CCL23;MAP2K1;CCL22;TGFB1;CCL21;ANGPT1;CCL20;NTRK3;ADIPOQ;F2R;FN1;TGFBR3;PTPRC;TNIP1;CHI3L1;XCL1;PTPN6;GAS6,
GO_Biological_Process_2023,Positive Regulation Of ERK1 And ERK2 Cascade (GO:0070374),38/179,1.3532044334622644e-20,1.3640300689299625e-17,0,0,8.487594465759795,388.3008810234081,NOTCH2;DDR1;CCL13;SEMA7A;NOTCH1;CCL11;CXCL17;PDGFB;PDGFA;TREM2;TNFRSF11A;AGER;CRKL;ICAM1;CCL8;CCL5;CCL4;CCN2;LGALS9;APOE;CCL17;CCL16;PDGFRB;CCL24;CD74;MAP2K1;CCL23;TGFB1;CCL22;ANGPT1;CCL21;CCL20;NTRK3;F2R;PTPRC;CHI3L1;XCL1;GAS6,
GO_Biological_Process_2023,Positive Regulation Of MAPK Cascade (GO:0043410),49/310,2.420249449133256e-20,1.8297085835447413e-17,0,0,5.983529381664204,270.2630453716988,DDR1;CD40;CXCL17;TREM2;CRKL;ICAM1;ROBO1;CCN2;LGALS9;PDGFRB;MAP2K1;F2R;MMP8;GFRAL;KIT;ADAM9;CHI3L1;XCL1;ADAM8;GAS6;NOTCH2;CCL13;SEMA7A;CCL11;NOTCH1;PDGFB;PDGFA;AGER;CCL8;CCL5;CCL4;APOE;IGFBP6;CCL17;CCL16;CCL24;CD74;CCL23;CCL22;TGFB1;CCL21;ANGPT1;CCL20;EGF;NTRK3;EIF2AK2;VEGFA;SOD1;PTPRC,
GO_Biological_Process_2023,Neutrophil Migration (GO:1990266),24/77,1.2854120814559742e-17,7.774172268645732e-15,0,0,14.005079825834542,544.6977101837576,CXCL6;CCL13;CCL24;CXCL9;CCL23;CCL11;CCL22;CCL21;CCL20;ITGB2;CXCL1;PPBP;CXCL3;CXCL10;CXCL11;CCL8;CCL5;CCL4;PECAM1;XCL1;PPIB;CCL17;CCL16;CD177,
GO_Biological_Process_2023,Granulocyte Chemotaxis (GO:0071621),23/73,4.677735050644656e-17,2.3575784655249067e-14,0,0,14.206272,534.1719165368628,CXCL6;CCL13;CCL24;CXCL9;CCL23;CCL11;CCL22;CCL21;CCL20;ITGB2;CXCL1;PPBP;CXCL3;CXCL10;CXCL11;CCL8;CCL5;BSG;CCL4;XCL1;PPIB;CCL17;CCL16,
GO_Biological_Process_2023,Leukocyte Cell-Cell Adhesion (GO:0007159),16/31,2.350305240833669e-16,9.062294442678124e-14,0,0,32.63628691983122,1174.4760613953065,ITGB1;VCAM1;CLEC4M;SEMA4D;ITGB2;F11R;SELE;ICAM1;SELP;CD40LG;TNIP1;CD209;CCL5;PECAM1;JAM2;CD177,immune
GO_Biological_Process_2023,Neutrophil Chemotaxis (GO:0030593),22/70,2.39743239224289e-16,9.062294442678124e-14,0,0,14.133652822151223,508.3445703677152,CXCL6;CCL13;CCL24;CXCL9;CCL23;CCL11;CCL22;CCL21;CCL20;ITGB2;CXCL1;PPBP;CXCL3;CXCL10;CXCL11;CCL8;CCL5;CCL4;XCL1;PPIB;CCL17;CCL16,
GO_Biological_Process_2023,Positive Regulation Of Intracellular Signal Transduction (GO:1902533),58/525,2.760081918381706e-16,9.273875245762534e-14,0,0,3.975356585489784,142.4215270517889,ITGB1;DDR1;CD86;CD40;ECM1;FASLG;TREM2;PARK7;CASP8;TNFSF10;IL12B;TRIM25;ITGAV;LGALS9;PDGFRB;HGF;ADIPOQ;F2R;TNFRSF19;IL18;SHISA5;MMP8;TNFRSF1A;EEF1D;GFRAL;KIT;HCLS1;CHI3L1;ADAM8;GAS6;TLR3;ENG;HBEGF;PDGFB;PDGFA;AGER;CCL5;CCL4;IGFBP6;FIS1;CD74;TGFB1;CCL21;ANGPT1;SEMA4D;EGF;NTRK3;FN1;EIF2AK2;VEGFA;SOD1;SELP;PTPRC;AXL;CNTN1;PTPN6;HPSE;LTBR,
GO_Biological_Process_2023,Chemokine-Mediated Signaling Pathway (GO:0070098),20/57,4.795886600098708e-16,1.4502761078698493e-13,0,0,16.62506455500086,586.4259252285167,CXCL6;CCL13;CCL24;CXCL9;CCL23;CCL11;CCL22;CCL21;CCL20;CXCL1;PPBP;CXCL3;CXCL10;CXCL11;CCL8;CCL5;CCL4;XCL1;CCL17;CCL16,immune
GO_Biological_Process_2023,Response To Tumor Necrosis Factor (GO:0034612),26/108,6.5359750911811885e-16,1.7967989705210832e-13,0,0,9.82315112540193,343.457048298697,CCL13;CD40;ASAH1;CCL11;TNFRSF11A;CRHBP;CASP8;CCL8;CASP3;CCL5;CCL4;CD58;CCL17;GBP1;CCL16;CCL24;CCL23;CCL22;CCL21;CCL20;ADIPOQ;SELE;ADAM9;CHI3L1;XCL1;TNFRSF21,
GO_Biological_Process_2023,Cytokine-Mediated Signaling Pathway (GO:0019221),39/257,8.139941115134622e-16,2.0512651610139246e-13,0,0,5.620780042482036,195.29163365292632,CCL13;CXCL6;CXCL9;CCL11;PDGFB;CXCL1;IL1RAP;TNFRSF11A;CXCL3;LILRA3;CCL8;CCL5;CCL4;IL12B;CD300LF;CCL17;IL6R;CCL16;CCL24;CCL23;CCL22;CCL21;IL1R1;CCL20;IL18;PPBP;LILRB2;OSMR;TNFRSF1B;IL17RA;TNFRSF1A;CXCL10;CXCL11;IL2RA;KIT;XCL1;PTPN6;IL7R;IL18R1,immune
GO_Biological_Process_2023,Cellular Response To Chemokine (GO:1990869),20/59,1.042173558352774e-15,2.424256031122145e-13,0,0,15.770863955577331,544.0548731058653,CXCL6;CCL13;CCL24;CXCL9;CCL23;CCL11;CCL22;CCL21;CCL20;CXCL1;PPBP;CXCL3;CXCL10;CXCL11;CCL8;CCL5;CCL4;XCL1;CCL17;CCL16,immune
GO_Biological_Process_2023,Monocyte Chemotaxis (GO:0002548),17/42,4.65053766538702e-15,1.0045161357235964e-12,0,0,20.827828843106182,687.3557076797052,CCL13;CCL24;CCL23;CCL11;CCL22;CCL21;CCL20;PDGFB;TNFRSF11A;CCL8;CCL5;CCL4;XCL1;FOLR2;CCL17;IL6R;CCL16,
GO_Biological_Process_2023,Cell-Cell Adhesion Via Plasma-Membrane Adhesion Molecules (GO:0098742),31/172,6.210350848007565e-15,1.2520067309583249e-12,0,0,6.845534903502419,223.9349644399554,ITGB1;REG3A;ITGAM;PTPRS;ITGB2;PVR;PKD1;PTPRF;ICAM1;ROBO1;CDH5;ALCAM;CDH3;SLITRK2;CDH1;CDH23;SCARF2;SCARF1;CD177;CD164;VCAM1;SELE;SELP;CD6;CD209;PECAM1;PLXNB2;ESAM;DSG2;CNTN4;CDH15,
GO_Biological_Process_2023,Positive Regulation Of Cytokine Production (GO:0001819),42/320,1.168047849153536e-14,2.207610434900184e-12,0,0,4.755253223164043,152.5526007986284,CD86;CD40;SERPINE1;CXCL17;PARK7;LY9;AGER;C3;IL12B;TNFRSF14;LGALS9;CD14;CD58;IL6R;HAVCR2;CD276;MBL2;CD74;TGFB1;IL1R1;ADIPOQ;F2R;IL18;EIF2AK2;IL16;PRG3;LILRB2;MMP8;IL17RA;SOD1;CD40LG;PTPRC;CD6;CNTN1;CHI3L1;XCL1;HPSE;CD46;TLR3;IL18R1;CD244;HSPA1A,immune
GO_Biological_Process_2023,Phagocytosis (GO:0006909),20/69,3.1835791401643444e-14,5.66302548226881e-12,0,0,12.54582087612115,389.9013449534849,ITGB1;ITGAM;MEGF10;CD93;ANXA3;ITGB2;TREM2;MERTK;CORO1A;MESD;BIN2;AXL;PECAM1;MYH9;ITGAV;CD14;HAVCR1;GAS6;MET;LDLR,
GO_Biological_Process_2023,Lymphocyte Chemotaxis (GO:0048247),16/44,2.20181969137124e-13,3.699057081503682e-11,0,0,17.471971066907777,509.2087517620597,CCL13;CCL24;CCL23;CCL11;CCL22;CCL21;CCL20;CXCL10;CXCL11;CCL8;CCL5;CCL4;XCL1;GAS6;CCL17;CCL16,immune
GO_Biological_Process_2023,Response To Interleukin-1 (GO:0070555),21/85,2.381185496801601e-13,3.789844706488442e-11,0,0,10.0938995215311,293.38936159289614,CCL13;CCL24;CD40;CCL23;CCL11;CCL22;CCL21;IL1R1;CCL20;TNFRSF11A;SELE;CCL8;CCL5;CCL4;SIRPA;CHI3L1;XCL1;LGALS9;CCL17;GBP1;CCL16,immune
GO_Biological_Process_2023,Response To Type II Interferon (GO:0034341),20/80,6.971671572567292e-13,1.0163352493748568e-10,0,0,10.239915074309978,286.6331549566324,CCL13;CCL24;CD74;CD40;CCL23;CCL11;CCL22;CCL21;CCL20;CCL8;KYNU;CCL5;CCL4;SIRPA;XCL1;LGALS9;CD58;CCL17;GBP1;CCL16,immune
GO_Biological_Process_2023,Proteolysis (GO:0006508),40/330,7.057883676214284e-13,1.0163352493748568e-10,0,0,4.324410163339383,120.99466536150562,FCN2;CPM;CPB1;CFH;CPQ;KLK4;CTSS;DPP4;ENDOU;CASP7;ADAMTS13;CASP8;PLAU;ANPEP;CASP3;ADAM23;TPSAB1;GGT1;CTSD;CTSC;CTSB;MBL2;USP25;MMP1;HGF;GZMA;MMP3;AZU1;MMP8;MMP9;MMP12;F9;PROC;CTRL;CNTN1;ADAM8;TPP1;CTRC;LGMN;METAP2,
GO_Biological_Process_2023,Cellular Response To Type II Interferon (GO:0071346),18/66,1.9661690152655614e-12,2.70258868280139e-10,0,0,11.49047619047619,309.7250288227282,CCL13;CCL24;CCL23;CCL11;CCL22;CCL21;IFNGR1;CCL20;CCL8;CCL5;CCL4;SIRPA;XCL1;LGALS9;CD58;CCL17;GBP1;CCL16,immune
GO_Biological_Process_2023,Positive Regulation Of Chemotaxis (GO:0050921),15/44,3.730209190218522e-12,4.904414170096005e-10,0,0,15.78934466416081,415.4896070105247,PDGFRB;TGFB1;CCL21;NTRK3;RARRES2;PDGFB;TREM2;VEGFA;SMOC2;CNTN1;XCL1;STX3;IL6R;MET;LGMN,
GO_Biological_Process_2023,Negative Regulation Of Peptidase Activity (GO:0010466),17/60,4.1051506420397846e-12,5.023682925952317e-10,0,0,12.097925035934102,317.1928189619145,CSTB;ECM1;SERPINB1;SERPINE2;SERPIND1;SERPINE1;SPINK5;PARK7;SERPINA4;SERPINA5;SERPINB6;CST3;TIMP3;SERPING1;TIMP1;TIMP4;CTSB,
GO_Biological_Process_2023,Positive Regulation Of Phosphorylation (GO:0042327),32/231,4.153177022116666e-12,5.023682925952317e-10,0,0,4.999804215884618,131.03060669215455,DDR1;CD40;TREM2;AGER;CRKL;C3;CCL5;EPHB4;PDGFRB;CD74;TGFB1;ANGPT1;SEMA4D;EGF;HGF;RARRES2;NTRK3;ADIPOQ;PLAUR;VEGFD;F2;MERTK;MMP9;PGF;VEGFA;EFNA1;AXL;PECAM1;EPHA1;GAS6;MET;ENG,
GO_Biological_Process_2023,Cellular Response To Tumor Necrosis Factor (GO:0071356),23/119,4.417171198348943e-12,5.137509886079694e-10,0,0,7.381466666666666,192.9922963582892,CCL13;CCL24;CD40;ASAH1;CCL23;CCL11;CCL22;CCL21;CCL20;TNFRSF11A;TNFRSF1B;TNFRSF1A;CRHBP;CCL8;CCL5;CCL4;CHI3L1;XCL1;CD58;CCL17;GBP1;TNFRSF21;CCL16,
GO_Biological_Process_2023,Positive Regulation Of Cell Population Proliferation (GO:0008284),48/483,5.632867250093517e-12,6.308811320104738e-10,0,0,3.4789885057471266,90.1141606479184,CD86;REG3A;GRN;NOTCH1;TNXB;MEGF10;REG1B;REG1A;PDGFB;PDGFA;TNFRSF11A;PRL;CRKL;DPP4;CCL5;CCN4;ITGAV;TIMP1;STX3;CGA;IL6R;PDGFRB;CD74;TGFB1;EGF;NTRK3;F2R;TNFSF13;FN1;IL18;FLT3LG;VEGFD;OSMR;PGF;VEGFA;TGFBR3;PTPRC;DNAJA2;HCLS1;PTPN6;HPSE;GAS6;FOLR2;EPHA1;IL7R;FXN;LGMN;HBEGF,
GO_Biological_Process_2023,Regulation Of Inflammatory Response (GO:0050727),32/240,1.1720846715813776e-11,1.2658514453078876e-09,0,0,4.781218781218781,120.34161328472982,REG3A;GRN;SEMA7A;SERPINE1;CXCL17;TNC;PARK7;PLA2G7;AGER;CDH5;CCL5;CCN4;IL12B;SIRPA;APOE;GGT1;IL1R1;ADIPOQ;MMP3;IL18;IL16;MMP8;TNFRSF1B;SELE;MMP9;IL17RA;TNFRSF1A;PROC;TNIP1;XCL1;MGLL;TLR3,immune
GO_Biological_Process_2023,Response To Cytokine (GO:0034097),23/125,1.2821685518781547e-11,1.336992310648117e-09,0,0,6.945098039215687,174.18224761770315,ITIH4;CD74;CD40;IL1R1;ADIPOQ;EIF2AK2;TNFRSF11A;OSMR;SELE;SELP;COL3A1;CASP8;LAMP3;CASP3;KYNU;ADAM9;TIMP3;CHI3L1;HCLS1;LGALS9;TIMP1;IL6R;TIMP4,immune
GO_Biological_Process_2023,Cellular Response To Cytokine Stimulus (GO:0071345),36/308,2.9361279752000975e-11,2.959616999001699e-09,0,0,4.126297577854671,100.06826334734306,CCL13;CD40;ASAH1;CCL11;SHMT1;LILRA3;CRHBP;CCL8;CCL5;CCL4;IL12B;SIRPA;LGALS9;CD58;CCL17;IL6R;GBP1;CCL16;CCL24;CCL23;CCL22;CCL21;CCL20;LILRB2;OSMR;TNFRSF1A;AXL;KIT;HCLS1;CHI3L1;XCL1;PTPN6;GAS6;IL7R;TNFRSF21;IFNAR1,immune
GO_Biological_Process_2023,Positive Regulation Of Cell Motility (GO:2000147),30/221,3.2889940711752275e-11,3.2083606681399646e-09,0,0,4.869872413968383,117.54827058513531,ITGB1;GRN;SEMA7A;CCL11;NOTCH1;PDGFB;PDGFA;CDH5;PLAU;CCL5;CGA;PDGFRB;CCL24;TGFB1;CCL21;SEMA4D;EGF;HGF;NTRK3;F2R;SOD2;VEGFA;COL1A1;KIT;ANGPTL3;CNTN1;PECAM1;ADAM9;EPHA1;HBEGF,
GO_Biological_Process_2023,Regulation Of Protein Phosphorylation (GO:0001932),33/265,3.6343150587203015e-11,3.4344277304906853e-09,0,0,4.422203532380151,106.30099643293808,CD40;ITGB2;PDGFA;TREM2;PARK7;AGER;CRKL;C3;CDH5;SIRPA;CD74;TGFB1;ANGPT1;SEMA4D;HGF;RARRES2;NTRK3;ADIPOQ;FN1;PLAUR;SORD;VEGFD;F2;MMP9;PGF;VEGFA;SOD1;EFNA1;IMPACT;PECAM1;PLXNB2;GAS6;ENG,
GO_Biological_Process_2023,Cell-Matrix Adhesion (GO:0007160),21/109,4.029363922557429e-11,3.692362576307171e-09,0,0,7.331883427577208,175.48736505270736,DDR1;ITGB1;VCAM1;ITGAM;CCL21;ITGB2;FN1;THY1;PTPRK;NID2;PKD1;LYVE1;COL3A1;ADAMTS13;ANGPTL3;ADAM9;ITGAV;ITGB7;HPSE;ITGA5;CD34,
GO_Biological_Process_2023,Positive Regulation Of Protein Phosphorylation (GO:0001934),40/377,4.780970582726233e-11,4.163612954717872e-09,0,0,3.7121271279087926,88.2142186017692,CD40;TNXB;PDGFB;PDGFA;TREM2;PARK7;AGER;CRKL;C3;TNFRSF14;LEFTY2;IL6R;CD74;TGFB1;CCL21;ANGPT1;SEMA4D;BDNF;EGF;HGF;RARRES2;NTRK3;ADIPOQ;PLAUR;VEGFD;AZU1;F2;INHBC;MMP9;PGF;VEGFA;EFNA1;PTPRC;PECAM1;HCLS1;CHI3L1;ITGA5;GAS6;ENG;EIF4G1,
GO_Biological_Process_2023,Positive Regulation Of Phosphatidylinositol 3-Kinase Signaling (GO:0014068),17/69,4.8189964753679065e-11,4.163612954717872e-09,0,0,9.999390466902351,237.54422317757647,DDR1;PDGFRB;SEMA4D;EGF;HGF;NTRK3;F2R;IL18;PDGFB;FN1;PDGFA;TREM2;SELP;CCL5;KIT;HCLS1;PTPN6,
GO_Biological_Process_2023,Regulation Of Peptidyl-Tyrosine Phosphorylation (GO:0050730),19/90,6.462042608520908e-11,5.428115791157563e-09,0,0,8.203027385297476,192.4634526061314,CD74;TGFB1;ANGPT1;SEMA4D;HGF;ITGB2;PDGFB;PDGFA;TREM2;VEGFA;EFNA1;PTPRC;PECAM1;IL12B;HCLS1;TNFRSF14;PTPN6;ITGA5;IL6R,
GO_Biological_Process_2023,Positive Regulation Of Cell Migration (GO:0030335),33/272,7.340720204533514e-11,5.999550783380904e-09,0,0,4.291111337891621,100.1330790558509,ITGB1;GRN;SEMA7A;CCL11;NOTCH1;PDGFB;PDGFA;CRKL;CDH5;PLAU;CCL5;CCN4;CGA;PDGFRB;CCL24;TGFB1;SEMA4D;EGF;HGF;NTRK3;F2R;FN1;SOD2;VEGFA;COL1A1;PTPRC;KIT;ANGPTL3;CNTN1;PECAM1;ADAM9;EPHA1;HBEGF,
GO_Biological_Process_2023,Regulation Of Cell Migration (GO:0030334),43/434,8.192308817254831e-11,6.4586996911387445e-09,0,0,3.4466529982456517,80.04934396996686,ITGB1;GRN;SEMA7A;CCL11;NOTCH1;TNXB;SERPINE2;SERPINE1;PDGFB;TNC;PDGFA;THY1;PTPRK;ROBO1;CDH5;CDH1;PLAU;CCL5;DAG1;CGA;TMSB10;PDGFRB;CCL24;CD74;TGFB1;SEMA4D;EGF;NTRK3;HGF;ADIPOQ;F2R;SOD2;VEGFA;COL1A1;KIT;ANGPTL3;PECAM1;CNTN1;ADAM9;PLXNB2;EPHA1;ENG;HBEGF,
GO_Biological_Process_2023,Cellular Response To Interleukin-1 (GO:0071347),18/81,8.329672220714649e-11,6.4586996911387445e-09,0,0,8.747845804988662,203.0253583958479,CCL13;CCL24;CD40;CCL23;CCL11;CCL22;CCL21;IL1R1;CCL20;IL1RAP;CCL8;CCL5;CCL4;SIRPA;XCL1;CCL17;GBP1;CCL16,immune
GO_Biological_Process_2023,Positive Regulation Of Peptidyl-Tyrosine Phosphorylation (GO:0050731),22/130,1.9594736930455188e-10,1.4813621119424121e-08,0,0,6.262099159862738,139.9777984924258,CD74;CD40;TGFB1;ANGPT1;SEMA4D;HGF;PDGFB;IL18;TREM2;TNFRSF1A;VEGFA;EFNA1;PTPRC;CCL5;KIT;PECAM1;IL12B;HCLS1;TNFRSF14;ITGA5;GAS6;IL6R,
GO_Biological_Process_2023,Lymphocyte Migration (GO:0072676),13/41,2.9410279721527006e-10,2.1691874604365283e-08,0,0,14.1289088863892,310.08845978853185,CCL13;CCL24;CCL23;CCL11;CCL22;CCL21;CCL20;CCL8;CCL5;CCL4;XCL1;CCL17;CCL16,immune
GO_Biological_Process_2023,Response To Lipopolysaccharide (GO:0032496),24/159,3.42231865448326e-10,2.4640694312279475e-08,0,0,5.474928774928775,119.32898881254772,CD86;CXCL6;CXCL9;SERPINE1;F2R;CXCL1;TNFRSF11A;PPBP;LILRB2;CXCL3;TNFRSF1B;SELE;SELP;CXCL10;CXCL11;CASP7;CD6;TNIP1;AXL;SIRPA;ADAM9;LGALS9;CD14;IFNAR1,
GO_Biological_Process_2023,Cellular Response To Lipopolysaccharide (GO:0071222),21/124,4.994479142908493e-10,3.5123964949198335e-08,0,0,6.259255818274725,134.05772289621186,CD86;CXCL6;CXCL9;TGFB1;SERPINE1;IL18;CXCL1;PPBP;LILRB2;CXCL3;TNFRSF1B;CXCL10;CXCL11;CASP7;CD6;TNIP1;AXL;CCL5;SIRPA;ADAM9;CD14,
GO_Biological_Process_2023,Regulation Of Phosphatidylinositol 3-Kinase Signaling (GO:0014066),18/90,5.265791309385328e-10,3.61903475445028e-08,0,0,7.650793650793651,163.45629521815437,DDR1;PDGFRB;SEMA4D;EGF;HGF;NTRK3;F2R;IL18;PDGFB;FN1;PDGFA;TREM2;SELP;PIK3IP1;CCL5;KIT;HCLS1;PTPN6,
GO_Biological_Process_2023,Positive Regulation Of Cellular Process (GO:0048522),50/594,7.617017051017215e-10,5.0754969242374786e-08,0,0,2.890763328742868,60.69292347175761,CD86;REG1B;REG1A;PRL;DNPH1;CRKL;CDH3;IL12B;ITGAV;TIMP1;CCN2;IL6R;PDGFRB;F2R;FLT3LG;TNFRSF1B;OSMR;PGF;HCLS1;ADAM8;EPHA1;FXN;HDGFL2;HBEGF;REG3A;GRN;NOTCH1;TNXB;PDGFB;PDGFA;TNFRSF11A;DPP4;CCL5;STX3;CGA;TGFB1;CCL21;EGF;NTRK3;TNFSF13;FN1;VEGFD;AZU1;VEGFA;DNAJA2;PTPN6;FOLR2;IL7R;LGMN;EIF4G1,
GO_Biological_Process_2023,Regulation Of Blood Coagulation (GO:0030193),11/29,7.720663310678702e-10,5.0754969242374786e-08,0,0,18.54822954822955,389.1780369984175,PROC;SERPINE2;PLAU;SERPINE1;F2R;PLAUR;GP1BA;APOE;HPSE;TFPI;F2,
GO_Biological_Process_2023,Positive Regulation Of Response To External Stimulus (GO:0032103),23/155,1.1270150868312416e-09,7.251263026761011e-08,0,0,5.358303030303031,110.4008317907634,PDGFRB;GRN;TGFB1;CCL21;RARRES2;SERPINE1;PDGFB;IL18;TREM2;IL16;F2;PLA2G7;IL17RA;TNFRSF1A;TNIP1;PLAU;CCL5;CCN4;IL12B;ADAM8;STX3;SCARF1;TLR3,
GO_Biological_Process_2023,Positive Regulation Of Leukocyte Chemotaxis (GO:0002690),14/54,1.1974392364939034e-09,7.543867189911593e-08,0,0,10.661198738170349,219.01386422348472,RARRES2;SERPINE1;CXCL17;VEGFD;PLA2G7;PGF;VEGFA;CXCL10;CCL5;XCL1;LGALS9;GAS6;IL6R;LGMN,immune
GO_Biological_Process_2023,Positive Regulation Of Lymphocyte Proliferation (GO:0050671),16/74,1.4396053597449496e-09,8.88442164871169e-08,0,0,8.421649934526407,171.45550204298138,CD86;CD74;CD40;VCAM1;IL18;LILRB2;TNFSF13B;CD40LG;PTPRC;CD6;CD209;CCL5;IL12B;CD46;TNFRSF4;CD276,immune
GO_Biological_Process_2023,Eosinophil Chemotaxis (GO:0048245),10/24,1.5480704213545474e-09,9.179146968972847e-08,0,0,21.65024630541872,439.20245137669,CCL13;CCL24;CCL23;CCL11;CCL22;CCL8;CCL5;CCL4;XCL1;CCL16,
GO_Biological_Process_2023,Eosinophil Migration (GO:0072677),10/24,1.5480704213545474e-09,9.179146968972847e-08,0,0,21.65024630541872,439.20245137669,CCL13;CCL24;CCL23;CCL11;CCL22;CCL8;CCL5;CCL4;XCL1;CCL16,
GO_Biological_Process_2023,Integrin-Mediated Signaling Pathway (GO:0007229),17/85,1.5922878488067643e-09,9.259766259214723e-08,0,0,7.640253565768621,154.7769745854214,ITGB1;SEMA7A;ITGAM;FYB1;MPIG6B;ITGB2;FN1;THY1;COL3A1;ADAMTS13;CD40LG;ANGPTL3;ADAM9;MYH9;ITGAV;ITGB7;ITGA5,
GO_Biological_Process_2023,Regulation Of Cell Population Proliferation (GO:0042127),58/766,1.8096064675028434e-09,1.0324999920242639e-07,0,0,2.5887005649717514,52.11094734033728,CD86;CXCL9;REG1B;PDCD5;REG1A;CXCL1;PRL;PTPRK;CRKL;PPP1R9B;HHEX;TNFRSF8;ITGAV;TIMP1;IL6R;ENPP7;PDGFRB;MAP2K1;F2R;FLT3LG;OSMR;PGF;KIT;HCLS1;EPHA1;FXN;ENG;HBEGF;REG3A;NOTCH1;TNXB;PDGFB;PDGFA;TNFRSF11A;DPP4;IGFBP7;STX3;IGFBP6;CGA;CCL23;TGFB1;EGF;NTRK3;TNFSF13;FN1;EIF2AK2;VEGFD;SOD2;VEGFA;CXCL10;CXCL11;DNAJA2;PTPN6;MELTF;FOLR2;IL7R;HSPA1A;LGMN,
GO_Biological_Process_2023,Regulation Of T Cell Proliferation (GO:0042129),16/77,2.673483723351049e-09,1.4971508850765878e-07,0,0,8.006225357958083,158.04195543813154,CD86;VCAM1;ARG1;LILRB2;TNFRSF1B;CD40LG;PTPRC;CD6;CD209;CCL5;IL12B;TNFSF8;VSIG4;CD46;TNFRSF21;CD276,immune
GO_Biological_Process_2023,Extracellular Matrix Organization (GO:0030198),24/176,2.812881372849207e-09,1.5465733220901826e-07,0,0,4.8582995951417,95.6553351224616,VIT;COL15A1;TGFB1;MMP1;SPINK5;MMP3;KLK4;MMP8;NID2;MMP9;CTSS;MMP10;COL1A1;MMP12;SMOC2;COL3A1;ADAMTS13;SPINT1;SMOC1;ADAM8;QSOX1;TPSAB1;GAS6;MATN2,
GO_Biological_Process_2023,Negative Regulation Of Apoptotic Process (GO:0043066),42/482,6.668203602941421e-09,3.58492840447538e-07,0,0,2.978937893789379,56.08123258620393,NOTCH2;ITGB1;GRN;NOTCH1;TREM2;PARK7;TRIAP1;MPO;COMP;PRDX5;PTPRZ1;LAMP3;APOE;TXNDC5;CD74;DFFA;ANGPT1;SEMA4D;BDNF;HGF;F2R;PLAUR;AZU1;MERTK;SOD2;DKK1;PRAP1;MMP9;VEGFA;SOD1;FABP1;CD40LG;PROC;AXL;TAX1BP1;HCLS1;ADAM8;ITGA5;GAS6;FXN;LGMN;HSPA1A,
GO_Biological_Process_2023,Positive Regulation Of Protein Kinase B Signaling (GO:0051897),17/93,6.757305524308752e-09,3.58492840447538e-07,0,0,6.833180415380766,128.5501742617907,ITGB1;TGFB1;ANGPT1;CCL21;EGF;IL18;PDGFA;PARK7;AXL;GFRAL;CNTN1;CHI3L1;HCLS1;HPSE;GAS6;ENG;HBEGF,
GO_Biological_Process_2023,Regulation Of Angiogenesis (GO:0045765),25/205,1.3426251419301186e-08,6.997903509797904e-07,0,0,4.274121633672196,77.47295947170386,ITGB1;CD40;ECM1;GRN;SERPINE1;FASLG;PRL;THBS2;CDH5;HHEX;CD34;ANXA3;CD160;TNFSF12;SPINK5;VEGFD;HSPG2;PGF;VEGFA;SMOC2;CXCL10;ANGPTL3;CNTN1;CHI3L1;EPHA1,vascular
GO_Biological_Process_2023,Heterotypic Cell-Cell Adhesion (GO:0034113),10/29,1.3653317033005172e-08,6.997903509797904e-07,0,0,15.948688335258208,288.8193159446984,ITGB1;VCAM1;ITGB2;ITGAV;ITGB7;DSG2;CD58;LILRB2;ITGA5;DSC2,
GO_Biological_Process_2023,Regulation Of Protein Kinase B Signaling (GO:0051896),20/136,1.6018268626434146e-08,8.07320738772281e-07,0,0,5.281133318690973,94.7938925026488,ITGB1;TGFB1;ANGPT1;CCL21;EGF;NTRK3;IL18;SORD;PDGFA;PARK7;AXL;GFRAL;DAG1;CNTN1;CHI3L1;HCLS1;HPSE;GAS6;ENG;HBEGF,
GO_Biological_Process_2023,Negative Regulation Of Blood Coagulation (GO:0030195),10/30,1.9888294217961992e-08,9.85937733034706e-07,0,0,15.150470219435736,268.6653262689504,PROC;SERPINE2;PLAU;SERPINE1;PDGFB;PDGFA;GP1BA;APOE;TFPI;F2,
GO_Biological_Process_2023,Heterophilic Cell-Cell Adhesion Via Plasma Membrane Cell Adhesion Molecules (GO:0007157),12/49,3.720941541196059e-08,1.814859229125304e-06,0,0,9.849566547679755,168.49361951087695,SELP;REG3A;CD164;ALCAM;VCAM1;CD6;CD209;SCARF2;PVR;SCARF1;SELE;ICAM1,
GO_Biological_Process_2023,Positive Regulation Of Vasculature Development (GO:1904018),17/104,3.863925444355816e-08,1.854684213290792e-06,0,0,5.965808696285771,101.83037147164282,ITGB1;CD40;ECM1;GRN;ANXA3;TNFSF12;SERPINE1;VEGFD;PGF;VEGFA;CDH5;SMOC2;CNTN1;ANGPTL3;CHI3L1;EPHA1;CD34,
GO_Biological_Process_2023,Regulation Of Interleukin-8 Production (GO:0032677),15/81,4.3515883438408745e-08,2.056125492464813e-06,0,0,6.924457848628465,117.37052877414952,CD74;SERPINE1;F2R;SSC5D;PARK7;PRG3;PTPRC;CNTN1;CHI3L1;LGALS9;CD14;CD58;TLR3;CD244;HSPA1A,immune
GO_Biological_Process_2023,Endocytosis (GO:0006897),23/189,5.304558105052865e-08,2.4504554335086057e-06,0,0,4.253281927710844,71.25146488905547,ITGB1;ITGAM;CD93;SCARA5;ANXA3;ITGB2;STAB2;HIP1R;MERTK;HSPG2;CORO1A;MESD;IGF2R;AXL;DNER;PECAM1;APOE;CD14;GAS6;SCARF1;MET;LDLR;PDLIM7,
GO_Biological_Process_2023,Positive Regulation Of Angiogenesis (GO:0045766),18/119,5.348216223927512e-08,2.4504554335086057e-06,0,0,5.445827439886846,91.184486215325,ITGB1;CD40;ECM1;GRN;ANXA3;TNFSF12;SERPINE1;VEGFD;PGF;VEGFA;CDH5;SMOC2;CNTN1;ANGPTL3;CHI3L1;ITGA5;EPHA1;CD34,vascular
GO_Biological_Process_2023,Positive Regulation Of Interleukin-8 Production (GO:0032757),13/61,6.038715124129552e-08,2.725533512741457e-06,0,0,8.233333333333333,136.85849673866156,CD74;SERPINE1;F2R;PARK7;PRG3;CNTN1;CHI3L1;LGALS9;CD14;CD58;TLR3;CD244;HSPA1A,immune
GO_Biological_Process_2023,Positive Regulation Of Hydrolase Activity (GO:0051345),22/176,6.367589400565194e-08,2.83170446283958e-06,0,0,4.38110451848471,72.59253509367517,RTN4R;ITGB1;CCL13;CCL24;CD40;CCL23;CCL11;CCL22;CCL21;SEMA4D;CCL20;F2R;THY1;CTSS;CCL8;CCL5;PSAP;CCL4;XCL1;AGRN;CCL17;CCL16,
GO_Biological_Process_2023,Positive Regulation Of Protein Modification Process (GO:0031401),25/225,8.628279534466144e-08,3.7746849421771246e-06,0,0,3.842696629213483,62.50390315909825,CD40;TREM2;AGER;CRKL;C3;CDH5;CD74;TGFB1;ANGPT1;SEMA4D;HGF;RARRES2;NTRK3;ADIPOQ;PLAUR;VEGFD;LILRB2;F2;MMP9;PGF;VEGFA;EFNA1;PECAM1;GAS6;ENG,electrolyte transport
GO_Biological_Process_2023,Negative Regulation Of Extracellular Matrix Organization (GO:1903054),6/9,8.73769662541001e-08,3.7746849421771246e-06,0,0,60.27725856697819,979.6883409341,CST3;DPP4;NOTCH1;TGFB1;TNFRSF1B;TNFRSF1A,
GO_Biological_Process_2023,Regulation Of GTPase Activity (GO:0043087),24/214,1.3100023695858825e-07,5.579503050179871e-06,0,0,3.878947368421053,61.473816639543664,RTN4R;ITGB1;CCL13;CCL24;CD40;CCL23;CCL11;CCL22;CCL21;SEMA4D;CCL20;F2R;THY1;SOD1;KLRK1;CCL8;CCL5;CCL4;PLXNB2;XCL1;EPHA1;AGRN;CCL17;CCL16,
GO_Biological_Process_2023,Antimicrobial Humoral Immune Response Mediated By Antimicrobial Peptide (GO:0061844),13/65,1.3407293922959638e-07,5.631063447643047e-06,0,0,7.5984251968503935,120.24418108102137,CXCL6;CCL13;REG3A;CXCL9;REG1B;REG1A;CXCL1;PPBP;CXCL3;F2;CXCL10;CXCL11;PGLYRP1,immune
GO_Biological_Process_2023,Cellular Response To Molecule Of Bacterial Origin (GO:0071219),17/117,2.274748922793768e-07,9.423069510312814e-06,0,0,5.1867511885895405,79.33771822177071,CD86;CXCL6;CXCL9;SERPINE1;CXCL1;PPBP;LILRB2;CXCL3;TNFRSF1B;CXCL10;CXCL11;CASP7;TNIP1;AXL;SIRPA;ADAM9;CD14,
GO_Biological_Process_2023,Regulation Of Endothelial Cell Proliferation (GO:0001936),15/93,2.913922204025483e-07,1.1907703709423054e-05,0,0,5.855510997691092,88.11721727483976,CCL24;ECM1;CCL11;ANGPT1;EGF;TNFSF12;SORD;PDGFB;VEGFD;PRL;PGF;VEGFA;ATP5IF1;CNTN1;APOE,vascular
GO_Biological_Process_2023,Regulation Of Plasminogen Activation (GO:0010755),7/16,3.217350286137004e-07,1.29723563537044e-05,0,0,23.47044548448605,350.8723054440563,CLEC3B;SERPINE2;PLAU;SERPINE1;PLAUR;ENO1;MELTF,
GO_Biological_Process_2023,Positive Regulation Of T Cell Activation (GO:0050870),16/107,3.44300594125885e-07,1.3699539429429953e-05,0,0,5.358464320489637,79.74333037205896,CD86;VCAM1;THY1;LILRB2;SIRPB1;PTPRC;CD40LG;CD6;CD209;CCL5;IL12B;SIRPA;LGALS9;CD46;B2M;CD276,immune
GO_Biological_Process_2023,Positive Regulation Of Macromolecule Metabolic Process (GO:0010604),32/364,3.5245923846005934e-07,1.3842035546795058e-05,0,0,2.9760600844938194,44.21928538558572,CALCOCO1;NOTCH1;PDCD5;PDGFB;TNC;TREM2;PARK7;ROBO1;CDH5;CDH3;LAMP3;LGALS9;CD34;CD74;MAP2K1;TGFB1;ANGPT1;IFNGR1;EGF;NTRK3;FN1;AZU1;MMP8;DKK1;VEGFA;DNAJA4;CNTN1;CD46;GAS6;TLR3;HSPA1A;EIF4G1,
GO_Biological_Process_2023,Positive Regulation Of Mononuclear Cell Migration (GO:0071677),9/31,3.960838236582645e-07,1.535586516336656e-05,0,0,12.375160051216389,182.43015407322827,CXCL10;CCL5;SERPINE1;CXCL17;LGALS9;GAS6;PLA2G7;JAM2;LGMN,
GO_Biological_Process_2023,Positive Regulation Of Phagocytosis (GO:0050766),12/60,4.074336673591271e-07,1.5595941899924052e-05,0,0,7.588050314465409,111.64592614108992,C3;FCN2;PTPRC;SIRPA;TREM2;AZU1;GAS6;CFP;CD300LF;MERTK;SIRPB1;MBL2,
GO_Biological_Process_2023,Extracellular Structure Organization (GO:0043062),16/109,4.4612951089333813e-07,1.686369551176818e-05,0,0,5.2426840887437045,76.66196879792338,VIT;COL15A1;MMP1;SPINK5;MMP3;MMP8;MMP9;MMP10;COL1A1;MMP12;SMOC2;COL3A1;ADAMTS13;SPINT1;SMOC1;MATN2,
GO_Biological_Process_2023,External Encapsulating Structure Organization (GO:0045229),16/110,5.066401116368703e-07,1.8914564167776493e-05,0,0,5.186641529760301,75.18278037002875,VIT;COL15A1;MMP1;SPINK5;MMP3;MMP8;MMP9;MMP10;COL1A1;MMP12;SMOC2;COL3A1;ADAMTS13;SPINT1;SMOC1;MATN2,
GO_Biological_Process_2023,Negative Regulation Of Proteolysis (GO:0045861),10/41,5.377814355719687e-07,1.9763480897856578e-05,0,0,9.76893518050359,141.02252746236545,CST3;EFNA1;CSTB;ECM1;SERPINE2;TIMP3;TIMP1;F2;TIMP4;CTSB,
GO_Biological_Process_2023,Negative Regulation Of Multicellular Organismal Process (GO:0051241),24/231,5.424500378710635e-07,1.9763480897856578e-05,0,0,3.557227796358231,51.32072961982891,LRPAP1;REG3A;GRN;NOTCH1;IFNGR1;LAMA4;ADIPOQ;F2R;ACOT13;TREM2;APOA4;DKK1;AGER;VASN;ROBO1;EFNA1;CRHBP;APOM;PROC;ALDH1A1;TIMP1;GAS6;RAB11FIP3;IL18R1,
GO_Biological_Process_2023,Negative Regulation Of Macromolecule Metabolic Process (GO:0010605),21/186,7.098419730807996e-07,2.5554311030908785e-05,0,0,3.894707843990141,55.14214398535984,NOTCH2;NOTCH1;TGFB1;PDGFB;SORD;PCSK9;PARK7;LILRB2;MMP8;CRKL;ROBO1;VEGFA;CILP;LGALS9;APOE;CD46;CD34;LDLR;LGMN;HAVCR2;ENG,
GO_Biological_Process_2023,Antimicrobial Humoral Response (GO:0019730),15/100,7.664723960600185e-07,2.7268382655123483e-05,0,0,5.371340953442989,75.6363611994482,REG3A;CXCL6;CCL13;CXCL9;REG1B;RARRES2;REG1A;CXCL1;AZU1;PPBP;CXCL3;F2;CXCL10;CXCL11;PGLYRP1,
GO_Biological_Process_2023,Positive Regulation Of Chemokine Production (GO:0032722),11/53,8.382778187463299e-07,2.947618748708025e-05,0,0,7.939373551618449,111.08704993442642,CD74;ADIPOQ;IL18;EIF2AK2;LGALS9;AZU1;IL6R;AGER;TLR3;MBL2;IL17RA,immune
GO_Biological_Process_2023,Defense Response To Bacterium (GO:0042742),22/204,8.52904682950612e-07,2.953622591199929e-05,0,0,3.701681704876593,51.72958792766196,COLEC12;CHGA;FCN2;PGLYRP2;ANXA3;RARRES2;SERPINE1;STAB2;IL18;TREM2;AZU1;CFP;MPO;SELP;LCN2;IL12B;TNFRSF14;PGLYRP1;IL6R;GBP1;TLR3;MBL2,
GO_Biological_Process_2023,Positive Regulation Of Cell Adhesion (GO:0045785),14/88,8.59519801671937e-07,2.953622591199929e-05,0,0,5.752664336260551,80.34684134605098,VIT;MEGF10;CCL21;PDGFB;AZU1;FBLN2;FSTL3;VEGFA;CCL5;IL12B;ADAM9;ITGAV;ADAM8;STX3,
GO_Biological_Process_2023,Negative Regulation Of Complement Activation (GO:0045916),6/12,8.841455294407725e-07,2.9707289789209954e-05,0,0,30.133956386292837,420.0264952555535,CR2;SERPING1;CD59;VSIG4;CD46;CD55,immune
GO_Biological_Process_2023,Positive Regulation Of Cellular Extravasation (GO:0002693),6/12,8.841455294407725e-07,2.9707289789209954e-05,0,0,30.133956386292837,420.0264952555535,THY1;AGER;LYVE1;CD99;ICAM1;XG,
GO_Biological_Process_2023,Regulation Of Cell Adhesion (GO:0030155),18/144,9.961852218653383e-07,3.3104001218909705e-05,0,0,4.359637188208617,60.24727645399693,CD164;TNXB;ANGPT1;SEMA4D;TNC;IL18;PLAUR;AZU1;VEGFA;EFNA1;ATXN3;PLAU;CCL5;IL12B;PLXNB2;ADAM8;ITGAV;STX3,
GO_Biological_Process_2023,Positive Regulation Of T Cell Proliferation (GO:0042102),12/65,1.0115062665952565e-06,3.323826726736236e-05,0,0,6.870416518333927,94.83971044524375,CD86;VCAM1;CD40LG;PTPRC;CD6;CD209;CCL5;IL18;IL12B;LILRB2;CD46;CD276,immune
GO_Biological_Process_2023,Regulation Of Smooth Muscle Cell Proliferation (GO:0048660),11/54,1.022208616357374e-06,3.323826726736236e-05,0,0,7.7543353656310465,106.95977351175527,PDGFRB;TGFB1;CCL5;OGN;IL18;PDGFB;CCN4;IL12B;APOD;APOE;IL6R,
GO_Biological_Process_2023,Extracellular Matrix Disassembly (GO:0022617),10/44,1.0903126331160278e-06,3.507558938875391e-05,0,0,8.905587313295223,122.26521862464516,MMP12;MMP1;MMP3;KLK4;ADAM8;TPSAB1;MMP8;MMP9;CTSS;MMP10,
GO_Biological_Process_2023,Positive Regulation Of Gene Expression (GO:0010628),37/480,1.123470692237634e-06,3.57618460350169e-05,0,0,2.584790503670481,35.40927213655114,CALCOCO1;NOTCH1;PDCD5;PDGFB;TNC;DPY30;TREM2;PARK7;ROBO1;CDH5;CDH3;LAMP3;LGALS9;CD34;CD74;MAP2K1;TGFB1;ANGPT1;IFNGR1;EGF;NTRK3;FN1;CIRBP;EIF2AK2;AZU1;MMP8;DKK1;VEGFA;SOD1;ERN1;DNAJA4;CNTN1;PLXNB2;GAS6;CD46;TLR3;HSPA1A,
GO_Biological_Process_2023,Negative Regulation Of Endopeptidase Activity (GO:0010951),12/66,1.2002725375175123e-06,3.7808584931801645e-05,0,0,6.742837176799441,91.92484241254512,CST3;SERPINB1;SERPINE2;SERPIND1;SERPINE1;TIMP3;SERPING1;TIMP1;SERPINA4;TIMP4;SERPINA5;SERPINB6,
GO_Biological_Process_2023,Positive Regulation Of Kinase Activity (GO:0033674),15/104,1.2807448440288083e-06,3.98732882019943e-05,0,0,5.128867351829171,69.58882478733865,PDGFRB;DDR1;CD74;CCL21;NTRK3;TREM2;AZU1;F2;MERTK;PTPRC;AXL;EPHA1;GAS6;MET;EPHB4,
GO_Biological_Process_2023,Regulation Of Smooth Muscle Cell Migration (GO:0014910),7/19,1.3016500556050534e-06,3.98732882019943e-05,0,0,17.600104004160166,238.5144591681716,PDGFRB;PLAU;CCL5;SERPINE1;PDGFB;PDGFA;CCN4,
GO_Biological_Process_2023,Positive Regulation Of MAP Kinase Activity (GO:0043406),14/91,1.3053755066129087e-06,3.98732882019943e-05,0,0,5.527674218525954,74.89456751241691,PDGFRB;CD40;TGFB1;EGF;NTRK3;PDGFB;PDGFA;TNFRSF11A;DKK1;ROBO1;VEGFA;ERN1;KIT;ADAM9,
GO_Biological_Process_2023,Negative Regulation Of Cytokine Production (GO:0001818),20/178,1.4039775555067294e-06,4.24562812785235e-05,0,0,3.868822059179231,52.13702462581385,FN1;SSC5D;TREM2;F2;MMP8;AGER;PTPRC;AXL;IL12B;SIRPA;XCL1;APOD;PTPN6;LGALS9;VSIG4;GAS6;CD34;GBP1;TNFRSF21;HAVCR2,immune
GO_Biological_Process_2023,Positive Regulation Of Endocytosis (GO:0045807),13/79,1.4215011022718229e-06,4.256058745811873e-05,0,0,5.9822953948938205,80.54441157113813,CCL21;SERPINE1;TREM2;AZU1;MERTK;SIRPB1;C3;AXL;SIRPA;APOE;GAS6;B2M;MBL2,
GO_Biological_Process_2023,Cellular Component Disassembly (GO:0022411),10/46,1.6895770706425009e-06,5.009099080022473e-05,0,0,8.409961685823754,111.77707252919782,MMP12;MMP1;MMP3;KLK4;ADAM8;TPSAB1;MMP8;MMP9;CTSS;MMP10,
GO_Biological_Process_2023,Nervous System Development (GO:0007399),34/433,2.034404253338807e-06,5.972221397431783e-05,0,0,2.630362551329464,34.4717101561746,NOTCH2;DCTN1;PCSK9;CXCL1;PKD1;ROBO1;ATXN3;PTPRZ1;OPHN1;CDH1;ADAM23;DNER;NPTX1;PCDH1;MBL2;CDON;DBNL;TGFB1;BDNF;SPINK5;FN1;CRIM1;GFRA1;MERTK;VEGFA;NFASC;BTD;AXL;APEX1;GFRAL;TPP1;CNTN4;MELTF;MET,
GO_Biological_Process_2023,Positive Regulation Of Receptor Signaling Pathway Via STAT (GO:1904894),9/37,2.0539385758363275e-06,5.972221397431783e-05,0,0,9.720321931589536,127.29491907322348,NOTCH1;TGFB1;IL10RB;CCL5;F2R;KIT;PRL;F2;IL7R,
GO_Biological_Process_2023,Transmembrane Receptor Protein Tyrosine Kinase Signaling Pathway (GO:0007169),26/284,2.0846956512181005e-06,6.00392347550813e-05,0,0,3.0935716244173586,40.46666296143474,DDR1;PDGFB;PDGFA;CASP3;EPHB4;PDGFRB;ANGPT2;ANGPT1;BDNF;HGF;RARRES2;NTRK3;VEGFD;MERTK;MMP9;MTSS1;PGF;VEGFA;EFNA1;AXL;CD8A;APEX1;GFRAL;KIT;EPHA1;MET,
GO_Biological_Process_2023,Positive Regulation Of Reactive Oxygen Species Metabolic Process (GO:2000379),10/48,2.5572397626487034e-06,7.29537079457517e-05,0,0,7.966507177033493,102.58138370641277,PDGFRB;ITGAM;TGFB1;ITGB2;PDGFB;SORD;F2;MMP8;CD177;SOD1,stress response
GO_Biological_Process_2023,Regulation Of Response To External Stimulus (GO:0032101),16/127,3.561447256477692e-06,0.00010065249068774337,0,0,4.388413730185882,55.05415794174159,SEMA7A;GRN;IL1R1;F2R;TNC;TREM2;GP1BA;PARK7;F2;AGER;SELE;CASP8;XCL1;GGT1;MGLL;CD55,
GO_Biological_Process_2023,Cell Chemotaxis (GO:0060326),10/50,3.788482312758209e-06,0.00010607750475722984,0,0,7.567398119122257,94.46795543919892,PDGFRB;BIN2;CCL21;CCL20;HGF;KIT;PDGFB;AZU1;HBEGF;VEGFA,
GO_Biological_Process_2023,Regulation Of Receptor Binding (GO:1900120),5/9,3.975826225057192e-06,0.0001103018211428711,0,0,37.61275272161742,467.72503553949696,BDNF;ADIPOQ;B2M;MMP9;PTPRF,
GO_Biological_Process_2023,Regulation Of Interleukin-6 Production (GO:0032675),15/114,4.150190595884857e-06,0.00011409251238141643,0,0,4.608406338264159,57.10901330999375,CD74;F2R;TREM2;IL16;LILRB2;MMP8;AGER;IL17RA;SIRPA;PTPN6;LGALS9;GAS6;IL6R;TLR3;MBL2,immune
GO_Biological_Process_2023,Regulation Of Type II Interferon Production (GO:0032649),13/87,4.346951933132477e-06,0.0001184250688810145,0,0,5.333347520749095,65.8456986970034,IL1R1;IL18;IL12B;SIRPA;XCL1;LGALS9;CD14;GAS6;TLR3;CD244;IL18R1;HAVCR2;CD276,immune
GO_Biological_Process_2023,Protein Catabolic Process (GO:0030163),14/102,5.236736038469448e-06,0.0001413918730386751,0,0,4.833954688844279,58.779980944093815,GZMA;PCSK9;CTSS;CASP7;CASP8;CTRL;CASP3;LAMP2;TPP1;APOE;CTSD;CTSC;LGMN;CTSB,
GO_Biological_Process_2023,Cellular Response To Lipid (GO:0071396),22/228,5.416705362279785e-06,0.0001449567877480891,0,0,3.2663233971277026,39.607511966396416,CD86;CXCL6;CXCL9;SERPINE1;TWF2;CXCL1;TREM2;PPBP;LILRB2;CXCL3;TNFRSF1B;TFPI;CRHBP;CXCL10;CXCL11;CASP7;TNIP1;AXL;SIRPA;ADAM9;CD14;HSPA1A,
GO_Biological_Process_2023,Positive Regulation Of Protein Serine/Threonine Kinase Activity (GO:0071902),15/117,5.749105703370414e-06,0.00015250259339466782,0,0,4.4721680141250815,53.96326438485468,PDGFRB;MAP2K1;CD40;TGFB1;EGF;NTRK3;ADIPOQ;PDGFB;PDGFA;PKD1;ROBO1;VEGFA;KIT;ADAM9;ADAM8,
GO_Biological_Process_2023,Positive Regulation Of Signal Transduction (GO:0009967),24/266,6.560751191501718e-06,0.00017055221840930052,0,0,3.0371900826446283,36.24705787701821,CD74;TNXB;TGFB1;BDNF;ADIPOQ;TREM2;CTSS;ROBO1;VEGFA;C3;ERN1;SMOC2;HHEX;CDH3;PTPRC;AXL;APEX1;CNTN1;RSPO3;ITGAV;ITGA5;FGFBP3;GAS6;IL7R,
GO_Biological_Process_2023,Regulation Of Receptor Signaling Pathway Via JAK-STAT (GO:0046425),10/53,6.588941124975928e-06,0.00017055221840930052,0,0,7.038346577239921,83.96830449754897,NOTCH1;PTPRC;EGF;IL10RB;CCL5;F2R;KIT;PRL;F2;IL7R,
GO_Biological_Process_2023,Positive Regulation Of Inflammatory Response (GO:0050729),14/104,6.598746545597936e-06,0.00017055221840930052,0,0,4.726042762004907,56.375219462342514,GRN;SERPINE1;IL18;IL16;MMP8;OSMR;PLA2G7;IL17RA;TNFRSF1A;TNIP1;CCN4;IL12B;ADAM8;TLR3,immune
GO_Biological_Process_2023,Positive Regulation Of Lymphocyte Migration (GO:2000403),6/16,6.856619649210731e-06,0.00017423880520347267,0,0,18.07663551401869,214.93654694904,CXCL10;CCL21;CCL20;CCL5;TNFRSF14;JAM2,immune
GO_Biological_Process_2023,Positive Regulation Of Positive Chemotaxis (GO:0050927),6/16,6.856619649210731e-06,0.00017423880520347267,0,0,18.07663551401869,214.93654694904,NTRK3;CNTN1;IL16;VEGFD;PGF;VEGFA,
GO_Biological_Process_2023,Angiogenesis Involved In Wound Healing (GO:0060055),5/10,7.739259184873494e-06,0.00019214195567599152,0,0,30.08864696734059,354.11944191945275,MCAM;PRCP;HPSE;CD34;VEGFA,vascular
GO_Biological_Process_2023,Negative Regulation Of Hemostasis (GO:1900047),5/10,7.739259184873494e-06,0.00019214195567599152,0,0,30.08864696734059,354.11944191945275,PROC;SERPINE2;SERPINE1;APOE;TFPI,
GO_Biological_Process_2023,Regulation Of Endothelial Cell Apoptotic Process (GO:2000351),9/43,7.826478634870612e-06,0.00019214195567599152,0,0,8.00248550124275,94.09320753006654,CDH5;CD40;CD40LG;ANGPT1;CD160;SERPINE1;FASLG;GAS6;ICAM1,vascular
GO_Biological_Process_2023,Positive Regulation Of Receptor-Mediated Endocytosis (GO:0048260),9/43,7.826478634870612e-06,0.00019214195567599152,0,0,8.00248550124275,94.09320753006654,C3;ANGPT1;CCL21;EGF;SERPINE1;PCSK9;B2M;SELE;VEGFA,
GO_Biological_Process_2023,Positive Regulation Of Release Of Sequestered Calcium Ion Into Cytosol (GO:0051281),8/33,7.878836806819758e-06,0.00019214195567599152,0,0,9.6635,113.55898014472078,CXCL10;CXCL9;CXCL11;APEX1;F2R;XCL1;THY1;F2,
GO_Biological_Process_2023,Positive Regulation Of GTPase Activity (GO:0043547),22/234,8.225789643758938e-06,0.00019899830306181624,0,0,3.1728856471155584,37.14889478429827,RTN4R;ITGB1;CCL13;CCL24;CD40;CCL23;CCL11;CCL22;CCL21;SEMA4D;CCL20;NTRK3;F2R;THY1;CCL8;CCL5;CCL4;XCL1;EPHA1;AGRN;CCL17;CCL16,
GO_Biological_Process_2023,Leukocyte Tethering Or Rolling (GO:0050901),6/17,1.0306629764682458e-05,0.00024735911435237897,0,0,16.432455395072218,188.68933685250147,ITGB1;SELP;VCAM1;ITGB7;SELE;JAM2,immune
GO_Biological_Process_2023,Positive Regulation Of Epithelial Cell Proliferation (GO:0050679),15/123,1.0674719598279344e-05,0.00025417600051336013,0,0,4.22239775320344,48.33645676087076,NOTCH2;REG3A;CCL24;ECM1;GRN;CCL11;EGF;TNFSF12;PDGFB;VEGFD;PGF;VEGFA;MMP12;CDH3;CNTN1,
GO_Biological_Process_2023,Regulation Of Endopeptidase Activity (GO:0052548),11/69,1.2537838619601288e-05,0.0002952808614658687,0,0,5.74443782818167,64.83608763483073,SERPINB1;SERPINE2;SERPIND1;SERPINE1;TIMP3;SERPING1;TIMP1;SERPINA4;TIMP4;SERPINA5;SERPINB6,
GO_Biological_Process_2023,Positive Regulation Of Tumor Necrosis Factor Superfamily Cytokine Production (GO:1903557),12/82,1.2596306590309876e-05,0.0002952808614658687,0,0,5.197304582210243,58.63654596491398,CD86;PTPRC;IFNGR1;IL12B;TNFRSF8;LGALS9;CD14;AZU1;MMP8;AGER;TLR3;HAVCR2,immune
GO_Biological_Process_2023,Regulation Of Defense Response (GO:0031347),13/97,1.4724004617624667e-05,0.00034250299972074614,0,0,4.6959880014998125,52.24771009412105,SEMA7A;GRN;IL1R1;TNC;TREM2;PARK7;AGER;SELE;CASP8;XCL1;APOE;GGT1;MGLL,
GO_Biological_Process_2023,Positive Regulation Of Monocyte Chemotaxis (GO:0090026),6/18,1.50371394531037e-05,0.00034711686798614955,0,0,15.062305295950155,167.2667113318518,CXCL10;CCL5;SERPINE1;CXCL17;PLA2G7;LGMN,
GO_Biological_Process_2023,Regulation Of Phagocytosis (GO:0050764),10/58,1.5241836486862738e-05,0.0003491766176990373,0,0,6.30355276907001,69.91564443580455,PTPRC;ADIPOQ;SIRPA;TREM2;ITGAV;AZU1;GAS6;MERTK;SIRPB1;MBL2,
GO_Biological_Process_2023,Regulation Of Natural Killer Cell Chemotaxis (GO:2000501),4/6,1.5548440288486108e-05,0.0003508842047192686,0,0,60.09316770186335,665.3245245324053,KLRK1;CCL5;CCL4;XCL1,
GO_Biological_Process_2023,Receptor-Mediated Virion Attachment To Host Cell (GO:0046813),4/6,1.5548440288486108e-05,0.0003508842047192686,0,0,60.09316770186335,665.3245245324053,DPP4;CLEC4M;GAS6;ICAM1,immune
GO_Biological_Process_2023,Regulation Of Wound Healing (GO:0061041),9/47,1.68475536707738e-05,0.00037461031103249977,0,0,7.158636026686435,78.68275262942714,ITGB1;REG3A;PLAU;CD109;SERPINE1;F2R;GP1BA;F2;HBEGF,
GO_Biological_Process_2023,Positive Regulation Of Smooth Muscle Cell Proliferation (GO:0048661),9/47,1.68475536707738e-05,0.00037461031103249977,0,0,7.158636026686435,78.68275262942714,PDGFRB;ERN1;TGFB1;CCL5;PDGFB;IL18;CCN4;IL6R;MMP9,
GO_Biological_Process_2023,Positive Regulation Of Receptor Signaling Pathway Via JAK-STAT (GO:0046427),8/37,1.954068500701215e-05,0.00043132139752704186,0,0,8.328879310344828,90.31013710351904,NOTCH1;IL10RB;CCL5;F2R;KIT;PRL;F2;IL7R,
GO_Biological_Process_2023,Homophilic Cell Adhesion Via Plasma Membrane Adhesion Molecules (GO:0007156),10/60,2.07774589783774e-05,0.00045529736196096566,0,0,6.050783699059561,65.23738282678177,ITGB1;CDH1;PECAM1;PLXNB2;DSG2;ESAM;CNTN4;PKD1;PVR;ROBO1,
GO_Biological_Process_2023,Regulation Of Neuroinflammatory Response (GO:0150077),6/19,2.1376655243657394e-05,0.0004573552281958728,0,0,13.902947519769947,149.5013297013051,MMP3;IL18;TREM2;MMP8;TNFRSF1B;MMP9,immune
GO_Biological_Process_2023,Regulation Of Vascular Endothelial Growth Factor Signaling Pathway (GO:1900746),6/19,2.1376655243657394e-05,0.0004573552281958728,0,0,13.902947519769947,149.5013297013051,SMOC2;TNXB;SORD;IL12B;ROBO1;VEGFA,vascular
GO_Biological_Process_2023,Leukocyte Adhesion To Vascular Endothelial Cell (GO:0061756),6/19,2.1376655243657394e-05,0.0004573552281958728,0,0,13.902947519769947,149.5013297013051,ITGB1;SELP;VCAM1;ITGB7;SELE;JAM2,immune;vascular
GO_Biological_Process_2023,Negative Regulation Of Signal Transduction (GO:0009968),23/267,2.1476336773748e-05,0.0004573552281958728,0,0,2.8818622950819672,30.97586645935892,BRAP;LRPAP1;MPIG6B;BDNF;ADIPOQ;SORD;TREM2;DKK1;DLK1;DKK3;FSTL3;CRHBP;HHEX;BPIFB1;PTPRC;CILP;WIF1;GPC1;CCL5;PALM;IL12B;APOD;LGMN,
GO_Biological_Process_2023,Hemopoiesis (GO:0030097),13/101,2.2902958566304056e-05,0.0004805600254257144,0,0,4.481603435934145,47.882546685495896,NOTCH2;CD164;TGFB1;PDGFB;FLT3LG;PBXIP1;FSTL3;TGFBR3;MFAP5;PTPRC;KIT;IL7R;CD34,
GO_Biological_Process_2023,Negative Regulation Of Coagulation (GO:0050819),5/12,2.304272608688115e-05,0.0004805600254257144,0,0,21.48966896245279,229.4701323258186,PROC;SERPINE2;SERPINE1;APOE;TFPI,
GO_Biological_Process_2023,Positive Regulation Of T-helper 1 Type Immune Response (GO:0002827),5/12,2.304272608688115e-05,0.0004805600254257144,0,0,21.48966896245279,229.4701323258186,IL1R1;IL18;IL12B;XCL1;IL18R1,immune
GO_Biological_Process_2023,Regulation Of Chemotaxis (GO:0050920),7/28,2.371971487947316e-05,0.0004912905328460743,0,0,10.052522100884037,107.05135860869436,PDGFRB;TGFB1;CCL21;RARRES2;PDGFB;TREM2;STX3,
GO_Biological_Process_2023,Negative Regulation Of Cysteine-Type Endopeptidase Activity Involved In Apoptotic Process (GO:0043154),9/49,2.3975954047215263e-05,0.0004932196261141426,0,0,6.8,72.34152218306056,FABP1;LAMP3;HGF;PLAUR;PARK7;TRIAP1;GAS6;MMP9;VEGFA,
GO_Biological_Process_2023,Negative Regulation Of Neuron Death (GO:1901215),12/88,2.616666911292993e-05,0.0005346486986317575,0,0,4.785501489572989,50.49194168276942,CHGA;GRN;PTPRZ1;BDNF;F2R;PARK7;APOE;TNFRSF1B;SOD2;SOD1;EIF4G1;LGMN,
GO_Biological_Process_2023,Regulation Of Apoptotic Process (GO:0042981),44/705,2.7147641457063715e-05,0.000550969582323226,0,0,2.0599032170802816,21.65827639859192,NOTCH2;ITGB1;PDCD5;PCSK9;FASLG;PARK7;TRIAP1;MPO;COMP;PRDX5;CASP8;TCTN3;CASP3;TNFSF10;TNFRSF8;CTSD;TXNDC5;CTSB;CD74;DFFA;SEMA4D;ANGPT1;GZMA;HGF;HIP1R;PLAUR;AZU1;DKK1;PRAP1;MMP9;VEGFA;SOD1;FABP1;CXCL10;CD40LG;PROC;PLSCR3;AXL;APEX1;TAX1BP1;PTPN6;GAS6;FXN;HSPA1A,
GO_Biological_Process_2023,Defense Response To Gram-negative Bacterium (GO:0050829),11/75,2.8245403670176964e-05,0.0005694273379907676,0,0,5.204277864992151,54.5126238791597,CHGA;SELP;FCN2;RARRES2;SERPINE1;IL12B;TREM2;TNFRSF14;AZU1;F2;IL6R,
GO_Biological_Process_2023,Regulation Of Receptor-Mediated Endocytosis (GO:0048259),8/39,2.9409866143244027e-05,0.0005870882611874159,0,0,7.790725806451613,81.28983817498197,C3;LRPAP1;CCL21;SERPINE1;APOC1;HIP1R;B2M;DKK1,
GO_Biological_Process_2023,Calcium-Mediated Signaling Using Intracellular Calcium Source (GO:0035584),6/20,2.970387035769664e-05,0.0005870882611874159,0,0,12.90921228304406,134.5686393386849,SELP;FIS1;VCAM1;PTPRC;CCL20;AZU1,
GO_Biological_Process_2023,Microglial Cell Activation (GO:0001774),6/20,2.970387035769664e-05,0.0005870882611874159,0,0,12.90921228304406,134.5686393386849,GRN;ITGAM;IFNGR1;ITGB2;TREM2;AZU1,
GO_Biological_Process_2023,Maintenance Of Blood-Brain Barrier (GO:0035633),7/29,3.03978968573747e-05,0.0005969041564720851,0,0,9.595092894624877,99.7998770130387,ITGB1;CDH5;PECAM1;ESAM;F11R;JAM2;MBL2,
GO_Biological_Process_2023,Positive Regulation Of Vascular Endothelial Growth Factor Signaling Pathway (GO:1900748),4/7,3.534721723438904e-05,0.0006896128059147899,0,0,40.06004140786749,410.6270774602468,SMOC2;TNXB;ROBO1;VEGFA,vascular
GO_Biological_Process_2023,Positive Regulation Of Wound Healing (GO:0090303),8/40,3.57276308186174e-05,0.0006925663820224296,0,0,7.546875,77.27687707316886,ITGB1;REG3A;SMOC2;SERPINE1;F2R;HPSE;F2;HBEGF,
GO_Biological_Process_2023,Negative Regulation Of Cell Activation (GO:0050866),5/13,3.644646418011203e-05,0.0006975576435484732,0,0,18.80248833592535,192.15515280918723,PDGFB;PDGFA;TREM2;F2;LDLR,
GO_Biological_Process_2023,Negative Regulation Of Neuroinflammatory Response (GO:0150079),5/13,3.644646418011203e-05,0.0006975576435484732,0,0,18.80248833592535,192.15515280918723,GRN;PTPRC;TREM2;TNFRSF1B;LDLR,immune
GO_Biological_Process_2023,Regulation Of MAPK Cascade (GO:0043408),19/204,3.816593416155833e-05,0.0007258728610349206,0,0,3.129575044042453,31.838942068382003,CD74;MAP2K1;EGF;F2R;PDGFB;FN1;PDGFA;EIF2AK2;PEBP1;MMP8;DUSP13;SOD1;TGFBR3;PTPRC;GFRAL;KIT;DAG1;PTPN6;IGFBP6,
GO_Biological_Process_2023,Positive Regulation Of Locomotion (GO:0040017),7/30,3.854796762606292e-05,0.0007285565881325891,0,0,9.177440141083904,93.27589651019689,PDGFRB;TGFB1;CCL21;RARRES2;PDGFB;TREM2;STX3,
GO_Biological_Process_2023,Sprouting Angiogenesis (GO:0002040),9/52,3.937652265981746e-05,0.0007395938169148324,0,0,6.324598755322634,64.14623594180874,TGFB1;ANGPT1;RSPO3;VEGFD;EPHB4;PGF;ROBO1;ENG;VEGFA,vascular
GO_Biological_Process_2023,Regulation Of Membrane Protein Ectodomain Proteolysis (GO:0051043),6/21,4.045009224130567e-05,0.0007458602374250509,0,0,12.04797507788162,121.87058870921,ADAM9;TIMP3;APOE;TIMP1;TNFRSF1B;TIMP4,
GO_Biological_Process_2023,Positive Regulation Of Blood Coagulation (GO:0030194),6/21,4.045009224130567e-05,0.0007458602374250509,0,0,12.04797507788162,121.87058870921,PLAU;F2R;SERPINE1;CNTN1;HPSE;F2,
GO_Biological_Process_2023,Positive Regulation Of Natural Killer Cell Mediated Cytotoxicity (GO:0045954),6/21,4.045009224130567e-05,0.0007458602374250509,0,0,12.04797507788162,121.87058870921,KLRK1;LAMP1;CD160;IL12B;KLRD1;PVR,
GO_Biological_Process_2023,B Cell Activation (GO:0042113),12/92,4.109526404002422e-05,0.0007531641118608076,0,0,4.5452830188679245,45.9056207073785,CD86;ITGB1;CD79B;CD40;HHEX;CR2;CASP8;VCAM1;CD40LG;PTPRC;KIT;CD22,immune
GO_Biological_Process_2023,Regulation Of Chemokine Production (GO:0032642),8/41,4.313999595455243e-05,0.0007811697471051889,0,0,7.31780303030303,73.5516774046298,CD74;IL18;EIF2AK2;TREM2;LGALS9;AGER;IL6R;TLR3,immune
GO_Biological_Process_2023,Regulation Of Release Of Cytochrome C From Mitochondria (GO:0090199),8/41,4.313999595455243e-05,0.0007811697471051889,0,0,7.31780303030303,73.5516774046298,PLSCR3;HGF;PDCD5;TNFSF10;PLAUR;TRIAP1;MMP9;FXN,
GO_Biological_Process_2023,Positive Regulation Of Leukocyte Migration (GO:0002687),7/31,4.840857303110879e-05,0.0008713543145599582,0,0,8.794591783671347,87.38160081674694,XCL1;ADAM8;THY1;IL6R;LYVE1;ICAM1;VEGFA,immune
GO_Biological_Process_2023,Regulation Of Extracellular Matrix Disassembly (GO:0010715),5/14,5.518462899248984e-05,0.0009758965969198204,0,0,16.712458959737344,163.86275386610728,DDR1;CST3;DPP4;TGFB1;MELTF,
GO_Biological_Process_2023,Regulation Of Microglial Cell Activation (GO:1903978),5/14,5.518462899248984e-05,0.0009758965969198204,0,0,16.712458959737344,163.86275386610728,GRN;PTPRC;TREM2;MMP8;LDLR,
GO_Biological_Process_2023,Regulation Of Superoxide Anion Generation (GO:0032928),5/14,5.518462899248984e-05,0.0009758965969198204,0,0,16.712458959737344,163.86275386610728,ITGAM;TGFB1;ITGB2;SOD1;CD177,electrolyte transport
GO_Biological_Process_2023,Regulation Of Natural Killer Cell Mediated Cytotoxicity (GO:0042269),7/32,6.024325728391513e-05,0.0010591605234102,0,0,8.442371294851794,82.03553414748235,KLRK1;KLRB1;LAMP1;CD160;KLRD1;LGALS9;PVR,
GO_Biological_Process_2023,Response To Amyloid-Beta (GO:1904645),8/43,6.184112134800053e-05,0.0010809685026378,0,0,6.898928571428572,66.85711679133044,MMP12;VCAM1;MMP3;TREM2;AGER;MMP9;ICAM1;LGMN,
GO_Biological_Process_2023,Positive Regulation Of Tyrosine Phosphorylation Of STAT Protein (GO:0042531),9/55,6.241698957289195e-05,0.0010847642325771,0,0,5.911206368646663,57.23036739734501,CD40;CCL5;KIT;IL18;IL12B;HCLS1;IL6R;TNFRSF1A;VEGFA,
GO_Biological_Process_2023,Cellular Response To Transforming Growth Factor Beta Stimulus (GO:0071560),12/96,6.290242134421424e-05,0.001086953840828,0,0,4.327942497753819,41.86819502212656,ITGB1;TGFBR3;CDH5;CLEC3B;COL3A1;TGFB1;PDCD5;ADAM9;XCL1;PTPRK;CRKL;ENG,
GO_Biological_Process_2023,Positive Regulation Of Transferase Activity (GO:0051347),15/143,6.414362626915761e-05,0.0011021041240791,0,0,3.558945497630332,34.359432976783204,PDGFRB;DDR1;CD74;TGFB1;NTRK3;ADIPOQ;TREM2;APOA4;MERTK;TNIP1;AXL;APOE;EPHA1;MET;EPHB4,
GO_Biological_Process_2023,Regulation Of Tumor Necrosis Factor Production (GO:0032680),14/127,6.492994988053587e-05,0.0011093116860945,0,0,3.759610284470003,36.25092016248134,IFNGR1;AZU1;MMP8;AGER;PTPRC;IL12B;SIRPA;TNFRSF8;PTPN6;LGALS9;CD14;GAS6;TLR3;HAVCR2,
GO_Biological_Process_2023,CD40 Signaling Pathway (GO:0023035),4/8,6.887923277066548e-05,0.0011636357536228,0,0,30.043478260869566,287.9113340457378,CD86;ITGB1;CD40LG;ITGA5,
GO_Biological_Process_2023,Synapse Pruning (GO:0098883),4/8,6.887923277066548e-05,0.0011636357536228,0,0,30.043478260869566,287.9113340457378,C3;ITGAM;TREM2;DKK1,
GO_Biological_Process_2023,Adaptive Immune Response Based On Somatic Recombination Of Immune Receptors Built From Immunoglobulin Superfamily Domains (GO:0002460),6/23,7.119993157158458e-05,0.0011895502379694,0,0,10.629466739967016,101.5116061443039,CR2;CD8A;IL18;IL12B;CD46;IL18BP,immune
GO_Biological_Process_2023,Regulation Of T Cell Migration (GO:2000404),6/23,7.119993157158458e-05,0.0011895502379694,0,0,10.629466739967016,101.5116061443039,CXCL10;CCL21;CCL20;CCL5;APOD;TNFRSF14,immune
GO_Biological_Process_2023,Positive Regulation Of Cellular Metabolic Process (GO:0031325),9/56,7.225811384683806e-05,0.0012005963531474,0,0,5.785136350014984,55.16281356704261,PDGFRB;IL10RB;CCL5;ADIPOQ;SORD;PDGFB;F2;B2M;IFNAR1,
GO_Biological_Process_2023,Regulation Of Cell Adhesion Mediated By Integrin (GO:0033628),7/33,7.434146628863787e-05,0.0012284622626056,0,0,8.117244689787592,77.16936005598578,DPP4;EFNA1;CCL21;PLAU;SERPINE1;ADAM9;ADA,
GO_Biological_Process_2023,High-Density Lipoprotein Particle Remodeling (GO:0034375),5/15,8.05741457380157e-05,0.0013170606308743,0,0,15.040435458786936,141.77614907458332,APOM;APOC1;APOA4;APOE;PLTP,
GO_Biological_Process_2023,Negative Regulation Of Platelet Activation (GO:0010544),5/15,8.05741457380157e-05,0.0013170606308743,0,0,15.040435458786936,141.77614907458332,SERPINE2;PDGFB;PDGFA;APOE;F2,
GO_Biological_Process_2023,Negative Regulation Of Epithelial Cell Proliferation (GO:0050680),10/70,8.175593297556621e-05,0.001329193232893,0,0,5.039707419017764,47.43257806247822,ATP5IF1;TGFBR3;TGFB1;SORD;PRL;PTPRK;APOE;B2M;MTSS1;ROBO1,
GO_Biological_Process_2023,Regulation Of Cysteine-Type Endopeptidase Activity Involved In Apoptotic Process (GO:0043281),11/84,8.232244942825972e-05,0.0013312464549254,0,0,4.560525580095052,42.89113521710348,FABP1;FIS1;LAMP3;HGF;PDCD5;F2R;TNFSF10;TRIAP1;GAS6;CTSD;VEGFA,
GO_Biological_Process_2023,Regulation Of MAP Kinase Activity (GO:0043405),13/114,8.283184332085769e-05,0.0013323590117142,0,0,3.9021283230685273,36.67492562415392,PDGFRB;CD40;TGFB1;EGF;NTRK3;ADIPOQ;PDGFB;PDGFA;ROBO1;VEGFA;KIT;ADAM9;APOE,
GO_Biological_Process_2023,Regulation Of Kinase Activity (GO:0043549),11/85,9.18376714947641e-05,0.001461669045264,0,0,4.498663498663499,41.817272476306655,DDR1;PDGFRB;CD74;AXL;NTRK3;TREM2;EPHA1;MERTK;MET;EPHB4;SOD1,
GO_Biological_Process_2023,Positive Regulation Of Endothelial Cell Migration (GO:0010595),11/85,9.18376714947641e-05,0.001461669045264,0,0,4.498663498663499,41.817272476306655,SMOC2;CD40;GRN;TGFB1;ANGPT1;ANXA3;EGF;PDGFB;MET;VEGFA;LGMN,vascular
GO_Biological_Process_2023,Positive Regulation Of Type II Interferon Production (GO:0032729),9/58,9.588527779327435e-05,0.0015180998955333,0,0,5.548433457890198,51.336093269128384,IL1R1;IL18;IL12B;LGALS9;CD14;TLR3;CD244;IL18R1;CD276,immune
GO_Biological_Process_2023,Axon Guidance (GO:0007411),15/149,0.00010261617407630684,0.0016078306238691,0,0,3.3985286835962367,31.213837657407037,NOTCH2;SEMA7A;NOTCH1;SEMA4D;BDNF;VEGFA;EFNA1;NFASC;ALCAM;OPHN1;DAG1;CNTN1;PLXNB2;NCAM1;CNTN4,
GO_Biological_Process_2023,Negative Regulation Of Protein Phosphorylation (GO:0001933),15/149,0.00010261617407630684,0.0016078306238691,0,0,3.3985286835962367,31.213837657407037,TGFB1;SEMA4D;NTRK3;SORD;PARK7;THY1;DKK1;CRKL;IMPACT;PTPRC;SIRPA;PTPN6;EPHA1;EIF4G1;ENG,
GO_Biological_Process_2023,Cholesterol Homeostasis (GO:0042632),10/72,0.0001042774439642592,0.0016171025156303,0,0,4.876630599656184,44.71117054766604,APOM;NPC2;IL18;ANGPTL3;PCSK9;APOA4;APOE;LDLR;CES1;GPIHBP1,
GO_Biological_Process_2023,Negative Regulation Of Cell Adhesion (GO:0007162),10/72,0.0001042774439642592,0.0016171025156303,0,0,4.876630599656184,44.71117054766604,CD164;NOTCH1;TGFB1;PTPRC;ANGPT1;SEMA4D;CDH1;SERPINE1;PLXNB2;SPINT2,
GO_Biological_Process_2023,Negative Regulation Of Gene Expression (GO:0010629),25/336,0.00010764835771920256,0.0016608603762391,0,0,2.456865184022957,22.447494164536025,NOTCH2;NOTCH1;SHMT1;PDGFB;PARK7;CRKL;ROBO1;LGALS9;APOE;NUDT16;CD34;HAVCR2;TGFB1;SORD;EIF2AK2;PRG3;MMP8;VEGFA;ERN1;CILP;DXO;CD46;LGMN;ENG;HSPA1A,
GO_Biological_Process_2023,Positive Regulation Of Proteolysis (GO:0045862),9/59,0.00010993605021141516,0.001687546273296,0,0,5.437183098591549,49.56324999330602,ATP5IF1;CASP8;TNIP1;IST1;ADAM9;APOE;TNFRSF1B;CTSS;CTSC,
GO_Biological_Process_2023,Macrophage Activation (GO:0042116),7/35,0.0001106211782992148,0.0016894870867516,0,0,7.536661466458658,68.65445643856388,FCER2;ITGAM;CD93;IFNGR1;ITGB2;TREM2;AZU1,
GO_Biological_Process_2023,Regulation Of Establishment Of Endothelial Barrier (GO:1903140),5/16,0.00011408237348083412,0.0017249254870302,0,0,13.672416230736603,124.12625848050246,CDH5;PROC;F11R;TNFRSF1A;VEGFA,vascular
GO_Biological_Process_2023,Regulation Of Transforming Growth Factor Beta Production (GO:0071634),5/16,0.00011408237348083412,0.0017249254870302,0,0,13.672416230736603,124.12625848050246,FN1;XCL1;ITGAV;LGALS9;CD46,
GO_Biological_Process_2023,Sterol Homeostasis (GO:0055092),10/73,0.00011737592010109444,0.0017521202366806,0,0,4.798974971388764,43.43134151016576,APOM;NPC2;IL18;ANGPTL3;PCSK9;APOA4;APOE;LDLR;CES1;GPIHBP1,
GO_Biological_Process_2023,Regulation Of Monocyte Chemotaxis (GO:0090025),6/25,0.00011819858739512188,0.0017521202366806,0,0,9.509591736350222,85.99661129523855,CXCL10;CCL5;SERPINE1;CXCL17;PLA2G7;LGMN,
GO_Biological_Process_2023,Negative Regulation Of Response To Wounding (GO:1903035),6/25,0.00011819858739512188,0.0017521202366806,0,0,9.509591736350222,85.99661129523855,RTN4R;REG3A;PTPRS;CD109;SERPINE1;PTPN6,
GO_Biological_Process_2023,Positive Regulation Of T Cell Migration (GO:2000406),6/25,0.00011819858739512188,0.0017521202366806,0,0,9.509591736350222,85.99661129523855,CXCL10;CCL21;CCL20;CCL5;XCL1;TNFRSF14,immune
GO_Biological_Process_2023,Negative Regulation Of Receptor Binding (GO:1900121),4/9,0.00012080244463726364,0.001781983378454,0,0,24.033540372670807,216.8150764308667,ADIPOQ;PCSK9;B2M;PTPRF,
GO_Biological_Process_2023,Negative Regulation Of Programmed Cell Death (GO:0043069),27/381,0.00013066336613746198,0.0019180874718431,0,0,2.333333333333333,20.86673462139704,NOTCH2;TREM2;TRIAP1;MPO;COMP;PRDX5;TXNDC5;CD74;CDSN;ANGPT1;SEMA4D;HGF;PLAUR;AZU1;DKK1;PRAP1;MMP9;VEGFA;FABP1;CD40LG;PROC;AXL;TAX1BP1;GAS6;FXN;MET;HSPA1A,
GO_Biological_Process_2023,Regulation Of Receptor Internalization (GO:0002090),7/36,0.00013351890558858627,0.0019505370555549,0,0,7.276400021518102,64.91471084891157,LRPAP1;ANGPT1;EGF;PCSK9;DKK1;SELE;VEGFA,
GO_Biological_Process_2023,Regulation Of Neuron Apoptotic Process (GO:0043523),12/105,0.00015089007450185893,0.0021937095446808,0,0,3.907283424629743,34.380026536264424,GRN;PTPRZ1;BDNF;F2R;PCSK9;TREM2;PARK7;APOE;SOD2;DKK1;LGMN;SOD1,
GO_Biological_Process_2023,Cellular Response To Oxygen-Containing Compound (GO:1901701),28/406,0.0001560006513586804,0.0022440730582986,0,0,2.2669056152927123,19.87090205756746,CD86;CXCL6;CXCL9;SHMT1;SERPINE1;PDGFB;TWF2;CXCL1;PTPRK;CXCL3;CRHBP;PRDX5;CASP7;CDH1;SIRPA;CD14;MMP3;PPBP;LILRB2;TNFRSF1B;MMP9;CXCL10;CRYGD;CXCL11;TNIP1;AXL;ADAM9;LGMN,
GO_Biological_Process_2023,Response To Interferon-Alpha (GO:0035455),5/17,0.00015732258212940484,0.0022440730582986,0,0,12.532400207361327,109.74888795741197,AXL;LAMP3;EIF2AK2;GAS6;IFNAR1,immune
GO_Biological_Process_2023,Positive Regulation Of Alpha-Beta T Cell Proliferation (GO:0046641),5/17,0.00015732258212940484,0.0022440730582986,0,0,12.532400207361327,109.74888795741197,IL18;IL12B;XCL1;LGALS9;CD55,immune
GO_Biological_Process_2023,Positive Regulation Of Glial Cell Differentiation (GO:0045687),5/17,0.00015732258212940484,0.0022440730582986,0,0,12.532400207361327,109.74888795741197,NOTCH1;TGFB1;SERPINE2;PTPRZ1;TNFRSF1B,
GO_Biological_Process_2023,Positive Regulation Of Immune Effector Process (GO:0002699),7/37,0.00016011398032940034,0.0022731674953807,0,0,7.033489339573583,61.47005659166364,FCN2;PTPRC;IL12B;LGALS9;CFP;CD46;MBL2,immune
GO_Biological_Process_2023,Erythrocyte Differentiation (GO:0030218),8/49,0.00016212019537309425,0.0022900813494943,0,0,5.8875,51.38122839454718,ATP5IF1;TGFBR3;MPIG6B;CASP3;KIT;HCLS1;AHSP;VEGFA,
GO_Biological_Process_2023,Regulation Of T Cell Activation (GO:0050863),9/62,0.00016281993721603002,0.0022900813494943,0,0,5.128620781291523,44.736270031782745,CD209;CCL5;SPINK5;SIRPA;TNFSF8;THY1;TNFRSF1B;B2M;SIRPB1,immune
GO_Biological_Process_2023,Positive Regulation Of Interleukin-6 Production (GO:0032755),10/76,0.00016530624184469262,0.0023108823358482,0,0,4.580127291726038,39.88242385213745,CD74;F2R;IL16;LGALS9;LILRB2;MMP8;IL6R;TLR3;MBL2;IL17RA,immune
GO_Biological_Process_2023,Receptor-Mediated Endocytosis (GO:0006898),13/122,0.0001658272046557787,0.0023108823358482,0,0,3.614231019287727,31.460306112936813,ITGB1;ITGAM;CLEC4M;ITGB2;STAB2;HIP1R;HSPG2;IGF2R;DPP4;APOE;SCARF1;LDLR;PDLIM7,
GO_Biological_Process_2023,Positive Regulation Of Multicellular Organismal Process (GO:0051240),27/387,0.000168642551385174,0.0023393352082053,0,0,2.293719806763285,19.92721645821633,LRPAP1;TNXB;SERPINE1;PDGFB;TREM2;OXT;ENO1;TNFRSF11A;PRL;IL12B;APOE;TGFB1;EGF;ADIPOQ;F2R;IL18;EIF2AK2;LILRB2;VEGFA;SOD1;COL1A1;FABP5;APEX1;LCN2;ADAM8;GAS6;PPIB,
GO_Biological_Process_2023,Positive Regulation Of Endothelial Cell Proliferation (GO:0001938),10/77,0.0001845551669136745,0.0025483781951915,0,0,4.511533242876526,38.788187364028005,CCL24;ECM1;CCL11;EGF;TNFSF12;PDGFB;CNTN1;VEGFD;PGF;VEGFA,vascular
GO_Biological_Process_2023,Positive Regulation Of Defense Response (GO:0031349),13/124,0.00019529094577564385,0.0026249728902224,0,0,3.548740866851103,30.309867008709656,GRN;SERPINE1;IL18;IL16;PLA2G7;IL17RA;TNFRSF1A;TNIP1;CCL5;CCN4;IL12B;ADAM8;TLR3,
GO_Biological_Process_2023,Regulation Of Coagulation (GO:0050818),4/10,0.00019617852949413872,0.0026249728902224,0,0,20.026915113871635,170.95946944897773,PROC;F2R;GP1BA;F2,
GO_Biological_Process_2023,Regulation Of Cysteine-Type Endopeptidase Activity Involved In Apoptotic Signaling Pathway (GO:2001267),4/10,0.00019617852949413872,0.0026249728902224,0,0,20.026915113871635,170.95946944897773,PLAUR;LGALS9;PARK7;MMP9,
GO_Biological_Process_2023,Cellular Response To UV-A (GO:0071492),4/10,0.00019617852949413872,0.0026249728902224,0,0,20.026915113871635,170.95946944897773,MMP1;MMP3;TIMP1;MMP9,
GO_Biological_Process_2023,Induction Of Positive Chemotaxis (GO:0050930),4/10,0.00019617852949413872,0.0026249728902224,0,0,20.026915113871635,170.95946944897773,IL16;VEGFD;PGF;VEGFA,
GO_Biological_Process_2023,Positive Regulation Of Transforming Growth Factor Beta Production (GO:0071636),4/10,0.00019617852949413872,0.0026249728902224,0,0,20.026915113871635,170.95946944897773,TNXB;XCL1;LGALS9;CD46,
GO_Biological_Process_2023,Regulation Of Axon Regeneration (GO:0048679),4/10,0.00019617852949413872,0.0026249728902224,0,0,20.026915113871635,170.95946944897773,RTN4R;GRN;PTPRS;SCARF1,
GO_Biological_Process_2023,Organonitrogen Compound Catabolic Process (GO:1901565),10/78,0.00020565376251951284,0.002727618323943,0,0,4.444956666052001,37.73464426787882,CASP7;ADAMTS13;CTRL;CPQ;ANPEP;CASP3;PLA2G4A;TPP1;NPL;PLA2G7,
GO_Biological_Process_2023,Positive Regulation Of Tumor Necrosis Factor Production (GO:0032760),10/78,0.00020565376251951284,0.002727618323943,0,0,4.444956666052001,37.73464426787882,PTPRC;IFNGR1;IL12B;TNFRSF8;LGALS9;CD14;AZU1;MMP8;TLR3;HAVCR2,
GO_Biological_Process_2023,Regulation Of Lymphocyte Proliferation (GO:0050670),5/18,0.00021204812695560128,0.0027879718952771,0,0,11.567771264505325,97.84827550557456,CD209;IL12B;TNFSF8;TNFRSF1B;CD22,immune
GO_Biological_Process_2023,Positive Regulation Of Natural Killer Cell Activation (GO:0032816),5/18,0.00021204812695560128,0.0027879718952771,0,0,11.567771264505325,97.84827550557456,LAMP1;AXL;IL18;IL12B;GAS6,
GO_Biological_Process_2023,Positive Regulation Of Cysteine-Type Endopeptidase Activity Involved In Apoptotic Process (GO:0043280),12/109,0.0002154645042844582,0.0028187694370158,0,0,3.745380276210854,31.62117589887194,FIS1;CASP8;PDCD5;F2R;TNFSF10;CNTN1;SORD;HIP1R;FASLG;LGALS9;CTSD;ROBO1,
GO_Biological_Process_2023,Positive Regulation Of Leukocyte Mediated Cytotoxicity (GO:0001912),8/51,0.00021625479807793656,0.0028187694370158,0,0,5.613081395348837,47.369092650229724,ITGAM;KLRK1;LAMP1;CD160;IL12B;XCL1;KLRD1;PVR,immune
GO_Biological_Process_2023,Regulation Of Platelet Activation (GO:0010543),6/28,0.00023147404665245337,0.0029913569105855,0,0,8.211554800339847,68.73927668995881,SELP;PDGFB;PDGFA;PLA2G4A;GP1BA;F2,
GO_Biological_Process_2023,Negative Regulation Of Wound Healing (GO:0061045),6/28,0.00023147404665245337,0.0029913569105855,0,0,8.211554800339847,68.73927668995881,PROC;SERPINE2;CD109;SERPINE1;APOE;TFPI,
GO_Biological_Process_2023,Regulation Of Tyrosine Phosphorylation Of STAT Protein (GO:0042509),9/65,0.00023538554720531964,0.0030289612542505,0,0,4.853118712273642,40.54434055813603,CD40;CCL5;KIT;IL18;IL12B;HCLS1;IL6R;TNFRSF1A;VEGFA,
GO_Biological_Process_2023,Positive Regulation Of Immune Response (GO:0050778),10/80,0.0002539612128781935,0.0032492788393264,0,0,4.317510076130766,35.74176890474669,CD74;ITGAM;PTPRC;CCL5;ITGB2;IL12B;LGALS9;CD46;CFP;CD177,immune
GO_Biological_Process_2023,T Cell Activation (GO:0042110),12/111,0.0002557302790210664,0.0032492788393264,0,0,3.669334858014104,30.350489621039173,CD86;DPP4;CD74;PTPRC;CASP8;CCL21;CD8A;TREML2;KIT;TNFRSF4;LY9;CD276,immune
GO_Biological_Process_2023,Negative Regulation Of Inflammatory Response (GO:0050728),12/111,0.0002557302790210664,0.0032492788393264,0,0,3.669334858014104,30.350489621039173,CDH5;REG3A;GRN;PROC;ADIPOQ;CXCL17;SIRPA;TREM2;PTPN6;APOE;TNFRSF1B;TNFRSF1A,immune
GO_Biological_Process_2023,Negative Regulation Of Cell-Cell Adhesion (GO:0022408),7/40,0.00026654252352859427,0.0033724878290814,0,0,6.39308845081076,52.61496940118835,IL1RN;NOTCH1;TGFB1;CDH1;SPINT2;MBL2;VEGFA,
GO_Biological_Process_2023,Regulation Of Insulin-Like Growth Factor Receptor Signaling Pathway (GO:0043567),5/19,0.00028014551977465765,0.0035298335491606,0,0,10.740946456343035,87.86310498513934,IGFBP1;CDH3;IGFBP4;CILP;IGFBP6,
GO_Biological_Process_2023,Activation Of Protein Kinase Activity (GO:0032147),10/81,0.0002814687130905016,0.0035317899933015,0,0,4.256479314760034,34.79880092370974,CD86;ANGPT1;NTRK3;IL18;PDGFB;CHI3L1;PARK7;GAS6;TLR3;VEGFA,
GO_Biological_Process_2023,Extrinsic Apoptotic Signaling Pathway (GO:0097191),9/67,0.00029728481562625857,0.0036776485151182,0,0,4.6852841185041285,38.04834852315663,CASP8;TGFB1;TNFSF12;FASLG;ITGAV;TNFRSF1B;IL6R;TLR3;TNFRSF1A,
GO_Biological_Process_2023,Negative Regulation Of Leukocyte Apoptotic Process (GO:2000107),4/11,0.0003003899415457003,0.0036776485151182,0,0,17.165039929015084,139.2158397235148,CCL21;HCLS1;GAS6;MERTK,immune
GO_Biological_Process_2023,Negative Regulation Of Nitrogen Compound Metabolic Process (GO:0051172),4/11,0.0003003899415457003,0.0036776485151182,0,0,17.165039929015084,139.2158397235148,TGFB1;APOE;LILRB2;LDLR,
GO_Biological_Process_2023,Positive Regulation Of Coagulation (GO:0050820),4/11,0.0003003899415457003,0.0036776485151182,0,0,17.165039929015084,139.2158397235148,F2R;SERPINE1;HPSE;F2,
GO_Biological_Process_2023,Positive Regulation Of Hemostasis (GO:1900048),4/11,0.0003003899415457003,0.0036776485151182,0,0,17.165039929015084,139.2158397235148,F2R;SERPINE1;HPSE;F2,
GO_Biological_Process_2023,Positive Regulation Of Lipid Transport (GO:0032370),4/11,0.0003003899415457003,0.0036776485151182,0,0,17.165039929015084,139.2158397235148,ADIPOQ;APOE;TRIAP1;PRAP1,
GO_Biological_Process_2023,Negative Regulation Of Protein Metabolic Process (GO:0051248),14/147,0.00030903967299603774,0.0037597140864299,0,0,3.190934750124523,25.789265152510477,CSTB;SERPINE2;SHMT1;EIF2AK2;TREM2;PRG3;LILRB2;F2;ATRAID;CST3;ITGAV;APOE;LDLR;RILP,
GO_Biological_Process_2023,Regulation Of Glomerular Filtration (GO:0003093),3/5,0.0003224186300747857,0.0037597140864299,0,0,45.0,361.78468935343005,F2R;PDGFB;GAS6,
GO_Biological_Process_2023,Regulation Of Hyaluronan Biosynthetic Process (GO:1900125),3/5,0.0003224186300747857,0.0037597140864299,0,0,45.0,361.78468935343005,TGFB1;EGF;PDGFB,
GO_Biological_Process_2023,Glomerulus Vasculature Development (GO:0072012),3/5,0.0003224186300747857,0.0037597140864299,0,0,45.0,361.78468935343005,ANGPT2;PECAM1;CD34,
GO_Biological_Process_2023,Glycolipid Transport (GO:0046836),3/5,0.0003224186300747857,0.0037597140864299,0,0,45.0,361.78468935343005,NPC2;PSAP;PLTP,
GO_Biological_Process_2023,Venous Blood Vessel Morphogenesis (GO:0048845),3/5,0.0003224186300747857,0.0037597140864299,0,0,45.0,361.78468935343005,NOTCH1;ENG;VEGFA,vascular
GO_Biological_Process_2023,Positive Regulation Of T-helper 1 Cell Cytokine Production (GO:2000556),3/5,0.0003224186300747857,0.0037597140864299,0,0,45.0,361.78468935343005,IL1R1;XCL1;IL18R1,immune
GO_Biological_Process_2023,Positive Regulation Of Endothelial Cell Development (GO:1901552),3/5,0.0003224186300747857,0.0037597140864299,0,0,45.0,361.78468935343005,CDH5;PROC;F11R,vascular
GO_Biological_Process_2023,Positive Regulation Of Establishment Of Endothelial Barrier (GO:1903142),3/5,0.0003224186300747857,0.0037597140864299,0,0,45.0,361.78468935343005,CDH5;PROC;F11R,vascular
GO_Biological_Process_2023,Positive Regulation Of Receptor Binding (GO:1900122),3/5,0.0003224186300747857,0.0037597140864299,0,0,45.0,361.78468935343005,BDNF;B2M;MMP9,
GO_Biological_Process_2023,Positive Regulation Of Vascular Associated Smooth Muscle Cell Differentiation (GO:1905065),3/5,0.0003224186300747857,0.0037597140864299,0,0,45.0,361.78468935343005,KIT;SOD2;ENG,vascular
GO_Biological_Process_2023,Regulation Of T-helper 1 Cell Cytokine Production (GO:2000554),3/5,0.0003224186300747857,0.0037597140864299,0,0,45.0,361.78468935343005,IL1R1;XCL1;IL18R1,immune
GO_Biological_Process_2023,Negative Regulation Of Protein Catabolic Process (GO:0042177),8/54,0.0003244991324597281,0.0037597140864299,0,0,5.246195652173913,42.14388420796088,CST3;OPHN1;LAMP3;TIMP3;TIMP1;ATRAID;RILP;TIMP4,
GO_Biological_Process_2023,Regulation Of Blood Vessel Endothelial Cell Migration (GO:0043535),8/54,0.0003244991324597281,0.0037597140864299,0,0,5.246195652173913,42.14388420796088,CD40;ANGPT2;TGFB1;ANGPT1;PDGFB;PRCP;APOE;VEGFA,vascular
GO_Biological_Process_2023,"Phagocytosis, Engulfment (GO:0006911)",6/30,0.00034527458875624446,0.0039700013551288,0,0,7.526479750778816,59.99485371999673,ITGAM;MEGF10;BIN2;ITGB2;MYH9;HAVCR1,
GO_Biological_Process_2023,Positive Regulation Of Lipid Kinase Activity (GO:0090218),6/30,0.00034527458875624446,0.0039700013551288,0,0,7.526479750778816,59.99485371999673,PDGFRB;TGFB1;CCL21;KIT;PDGFB;F2,
GO_Biological_Process_2023,Negative Regulation Of Cellular Process (GO:0048523),33/537,0.0003577824027319566,0.0040982347949296,0,0,2.006658923732094,15.924013598989898,NOTCH1;PDCD5;TREM2;CXCL1;ENO1;SPINT2;PARK7;PTPRK;PPP1R9B;CCN5;TNFRSF8;CCN4;IGFBP7;IGFBP6;CCN2;JAM2;ENPP7;CD164;CCL23;MAP2K1;TGFB1;ANGPT1;SEMA4D;SUSD2;F2R;EIF2AK2;SOD2;PLXNB2;MYH9;PTPN6;CHMP6;TNFRSF21;HSPA1A,
GO_Biological_Process_2023,Pulmonary Valve Development (GO:0003177),5/20,0.0003636265767426156,0.0041459127630828,0,0,10.024364955935718,79.38678647019704,NOTCH2;NOTCH1;TNFRSF1B;ROBO1;TNFRSF1A,
GO_Biological_Process_2023,Positive Regulation Of Calcium Ion Transmembrane Transport (GO:1904427),7/42,0.0003646867708267354,0.0041459127630828,0,0,6.027145085803432,47.71372371409853,CXCL10;CXCL9;CXCL11;F2R;XCL1;THY1;F2,
GO_Biological_Process_2023,Endodermal Cell Differentiation (GO:0035987),6/31,0.0004165228081647416,0.0046998692980976,0,0,7.225046728971963,56.23665217337083,ITGB2;FN1;ITGAV;ITGA5;MMP8;MMP9,
GO_Biological_Process_2023,Positive Regulation Of Cholesterol Transport (GO:0032376),6/31,0.0004165228081647416,0.0046998692980976,0,0,7.225046728971963,56.23665217337083,ADIPOQ;TREM2;APOE;PLTP;ENPP7;CES1,
GO_Biological_Process_2023,Regulation Of Cell-Cell Adhesion (GO:0022407),7/43,0.0004235737086341574,0.0047616613193668,0,0,5.859421043508407,45.508851824713325,DPP4;TGFB1;MEGF10;CDH1;ADAM8;SPINT2;FSTL3,
GO_Biological_Process_2023,Fibrinolysis (GO:0042730),4/12,0.0004390644955121504,0.004917522349736,0,0,15.01863354037267,116.10701698705763,PLAU;SERPINE1;GP1BA;F2,
GO_Biological_Process_2023,Myeloid Leukocyte Differentiation (GO:0002573),9/71,0.00046171045540650027,0.0051277748163097,0,0,4.382099045888233,33.657029788947824,CASP8;KIT;MYH9;TREM2;LGALS9;TNFRSF11A;MMP9;OSCAR;VEGFA,immune
GO_Biological_Process_2023,Negative Regulation Of Biomineral Tissue Development (GO:0070168),5/21,0.0004646198080915593,0.0051277748163097,0,0,9.397356143079316,72.11804664821865,ECM1;NOTCH1;TGFB1;GAS6;ASPN,
GO_Biological_Process_2023,Negative Regulation Of Interleukin-2 Production (GO:0032703),5/21,0.0004646198080915593,0.0051277748163097,0,0,9.397356143079316,72.11804664821865,PTPRC;XCL1;VSIG4;GBP1;HAVCR2,immune
GO_Biological_Process_2023,Positive Regulation Of T Cell Cytokine Production (GO:0002726),5/21,0.0004646198080915593,0.0051277748163097,0,0,9.397356143079316,72.11804664821865,IL1R1;IL18;XCL1;CD55;IL18R1,immune
GO_Biological_Process_2023,Regulation Of B Cell Proliferation (GO:0030888),7/44,0.00048981183689315,0.0053861490718723,0,0,5.700763165661762,43.448305166496496,CD74;CD40;PTPRC;TNFRSF4;CD22;TNFRSF21;TNFSF13B,immune
GO_Biological_Process_2023,Cellular Response To Growth Factor Stimulus (GO:0071363),14/155,0.0005302037010490333,0.0058054497554288,0,0,3.0086359263485245,22.69188216028528,NOTCH1;TGFB1;HGF;NTRK3;PDCD5;PDGFB;TWF2;CRKL;VEGFA;ERN1;CLEC3B;CCL5;XCL1;LGMN,
GO_Biological_Process_2023,Regulation Of Neuron Death (GO:1901214),8/58,0.000533702060849611,0.0058054497554288,0,0,4.8255,36.363389160065466,CHGA;ITGAM;ITGB2;PCSK9;PARK7;TNFRSF1B;DKK1;EIF4G1,
GO_Biological_Process_2023,Positive Regulation Of Mitochondrion Organization (GO:0010822),8/58,0.000533702060849611,0.0058054497554288,0,0,4.8255,36.363389160065466,FIS1;PDCD5;TNFSF10;PLAUR;HIP1R;TREM2;PARK7;MMP9,
GO_Biological_Process_2023,Regulation Of Rho Protein Signal Transduction (GO:0035023),9/73,0.0005683753880848573,0.0061604558192423,0,0,4.244718309859155,31.71962733159572,RTN4R;COL3A1;OPHN1;F2R;EPS8L2;APOE;F11R;MET;ROBO1,
GO_Biological_Process_2023,Blood Vessel Endothelial Cell Migration (GO:0043534),5/22,0.0005853611977962189,0.0062270583695644,0,0,8.844113072911902,65.82922294653909,CDH5;MYH9;EPHB4;ROBO1;VEGFA,vascular
GO_Biological_Process_2023,Cellular Response To Low-Density Lipoprotein Particle Stimulus (GO:0071404),5/22,0.0005853611977962189,0.0062270583695644,0,0,8.844113072911902,65.82922294653909,ITGB1;ITGB2;TREM2;LDLR;CES1,
GO_Biological_Process_2023,Positive Regulation Of Cholesterol Efflux (GO:0010875),5/22,0.0005853611977962189,0.0062270583695644,0,0,8.844113072911902,65.82922294653909,ADIPOQ;TREM2;APOE;PLTP;CES1,
GO_Biological_Process_2023,Positive Regulation Of Receptor Internalization (GO:0002092),5/22,0.0005853611977962189,0.0062270583695644,0,0,8.844113072911902,65.82922294653909,ANGPT1;EGF;PCSK9;SELE;VEGFA,
GO_Biological_Process_2023,Positive Regulation Of I-kappaB kinase/NF-kappaB Signaling (GO:0043123),15/175,0.0005923858932290126,0.0062270583695644,0,0,2.8424170616113744,21.123002536442883,CD74;CD40;ECM1;CCL21;F2R;TNFRSF19;SHISA5;FASLG;TNFRSF1A;CASP8;EEF1D;TNFSF10;TRIM25;LGALS9;LTBR,
GO_Biological_Process_2023,Vasculogenesis (GO:0001570),6/33,0.0005930531780537571,0.0062270583695644,0,0,6.689165801315334,49.70201691068696,PDGFRB;TGFBR3;NOTCH1;TGFB1;VEGFA;ENG,
GO_Biological_Process_2023,Positive Regulation Of DNA Binding (GO:0043388),6/33,0.0005930531780537571,0.0062270583695644,0,0,6.689165801315334,49.70201691068696,TGFB1;EGF;PLAUR;PARK7;MMP8;MMP9,
GO_Biological_Process_2023,Positive Regulation Of Epidermal Growth Factor Receptor Signaling Pathway (GO:0045742),6/33,0.0005930531780537571,0.0062270583695644,0,0,6.689165801315334,49.70201691068696,EGF;APEX1;HIP1R;PLAUR;MMP9;HBEGF,
GO_Biological_Process_2023,Positive Regulation Of Interleukin-12 Production (GO:0032735),6/33,0.0005930531780537571,0.0062270583695644,0,0,6.689165801315334,49.70201691068696,CD40;CD40LG;IL12B;IL16;LGALS9;TLR3,immune
GO_Biological_Process_2023,Response To UV-A (GO:0070141),4/13,0.0006180069614139178,0.006280452270702,0,0,13.34920634920635,98.63743036823752,MMP1;MMP3;TIMP1;MMP9,
GO_Biological_Process_2023,Positive Regulation Of Leukocyte Degranulation (GO:0043302),4/13,0.0006180069614139178,0.006280452270702,0,0,13.34920634920635,98.63743036823752,ITGAM;LAMP1;ITGB2;CD177,immune
GO_Biological_Process_2023,Positive Regulation Of Superoxide Anion Generation (GO:0032930),4/13,0.0006180069614139178,0.006280452270702,0,0,13.34920634920635,98.63743036823752,ITGAM;TGFB1;ITGB2;SOD1,electrolyte transport
GO_Biological_Process_2023,Regulation Of T Cell Chemotaxis (GO:0010819),4/13,0.0006180069614139178,0.006280452270702,0,0,13.34920634920635,98.63743036823752,CXCL10;CCL21;CCL5;XCL1,immune
GO_Biological_Process_2023,Negative Regulation Of Neuron Apoptotic Process (GO:0043524),9/74,0.0006288192552887591,0.006280452270702,0,0,4.17919826652221,30.80765667328888,GRN;PTPRZ1;BDNF;F2R;PARK7;APOE;SOD2;SOD1;LGMN,
GO_Biological_Process_2023,Vascular Associated Smooth Muscle Cell Development (GO:0097084),3/6,0.0006292913485524901,0.006280452270702,0,0,29.9984496124031,221.11605868064737,NOTCH1;ENG;VEGFA,vascular
GO_Biological_Process_2023,Vascular Wound Healing (GO:0061042),3/6,0.0006292913485524901,0.006280452270702,0,0,29.9984496124031,221.11605868064737,MCAM;CD34;VEGFA,vascular
GO_Biological_Process_2023,Negative Regulation Of Lipoprotein Particle Clearance (GO:0010985),3/6,0.0006292913485524901,0.006280452270702,0,0,29.9984496124031,221.11605868064737,LRPAP1;PCSK9;LDLR,
GO_Biological_Process_2023,Negative Regulation Of Low-Density Lipoprotein Receptor Activity (GO:1905598),3/6,0.0006292913485524901,0.006280452270702,0,0,29.9984496124031,221.11605868064737,ADIPOQ;PCSK9;ITGAV,
GO_Biological_Process_2023,Negative Regulation Of Membrane Protein Ectodomain Proteolysis (GO:0051045),3/6,0.0006292913485524901,0.006280452270702,0,0,29.9984496124031,221.11605868064737,TIMP3;TIMP1;TIMP4,
GO_Biological_Process_2023,Negative Regulation Of Neuron Projection Regeneration (GO:0070571),3/6,0.0006292913485524901,0.006280452270702,0,0,29.9984496124031,221.11605868064737,RTN4R;PTPRS;THY1,
GO_Biological_Process_2023,Negative Regulation Of Plasminogen Activation (GO:0010757),3/6,0.0006292913485524901,0.006280452270702,0,0,29.9984496124031,221.11605868064737,SERPINE2;PLAU;SERPINE1,
GO_Biological_Process_2023,Positive Regulation Of Activation Of Janus Kinase Activity (GO:0010536),3/6,0.0006292913485524901,0.006280452270702,0,0,29.9984496124031,221.11605868064737,CCL5;IL12B;IL6R,
GO_Biological_Process_2023,Positive Regulation Of Amyloid-Beta Clearance (GO:1900223),3/6,0.0006292913485524901,0.006280452270702,0,0,29.9984496124031,221.11605868064737,LRPAP1;TREM2;APOE,
GO_Biological_Process_2023,Positive Regulation Of Steroid Metabolic Process (GO:0045940),3/6,0.0006292913485524901,0.006280452270702,0,0,29.9984496124031,221.11605868064737,APOE;CGA;CES1,
GO_Biological_Process_2023,Regulation Of Interleukin-10 Production (GO:0032653),7/46,0.0006469476097382841,0.006435426223186,0,0,5.40785631425257,39.71121514295125,CD40LG;IL12B;XCL1;LGALS9;MMP8;CD46;TNFRSF21,immune
GO_Biological_Process_2023,Negative Regulation Of Cell Population Proliferation (GO:0008285),25/379,0.0006631539524973646,0.0065750083683673,0,0,2.153558052434457,15.76082190483894,NOTCH1;PDCD5;CXCL1;TREM2;PTPRK;ATRAID;IL12B;TNFRSF8;APOD;IGFBP7;APOE;IGFBP6;B2M;ENPP7;CCL23;MAP2K1;TGFB1;F2R;EIF2AK2;SOD2;MTSS1;TGFBR3;OGN;PTPN6;HSPA1A,
GO_Biological_Process_2023,Regulation Of Phosphatidylinositol 3-Kinase Activity (GO:0043551),6/34,0.0007006323336927652,0.0069013425963743,0,0,6.449933244325767,46.84926618292076,PDGFRB;TGFB1;CCL21;PIK3IP1;KIT;PDGFB,
GO_Biological_Process_2023,Regulation Of DNA Biosynthetic Process (GO:2000278),6/34,0.0007006323336927652,0.0069013425963743,0,0,6.449933244325767,46.84926618292076,PDGFRB;SMOC2;HGF;ADIPOQ;PDGFB;PDGFA,
GO_Biological_Process_2023,Cholesterol Efflux (GO:0033344),5/23,0.0007281845083964863,0.0071263105287733,0,0,8.352341454985313,60.34530031340771,APOM;NPC2;APOC1;APOA4;APOE,
GO_Biological_Process_2023,Positive Regulation Of Neutrophil Migration (GO:1902624),5/23,0.0007281845083964863,0.0071263105287733,0,0,8.352341454985313,60.34530031340771,CD74;CCL21;XCL1;CD99;XG,
GO_Biological_Process_2023,Regulation Of Interleukin-2 Production (GO:0032663),7/47,0.0007392229122028641,0.0071878137829628,0,0,5.272386895475819,38.01344049629264,CD86;PTPRC;XCL1;VSIG4;CD34;GBP1;HAVCR2,immune
GO_Biological_Process_2023,Negative Regulation Of Hydrolase Activity (GO:0051346),7/47,0.0007392229122028641,0.0071878137829628,0,0,5.272386895475819,38.01344049629264,ATP5IF1;CST3;CSTB;ECM1;KLRK1;SERPINA5;CTSB,
GO_Biological_Process_2023,Endoderm Formation (GO:0001706),6/35,0.0008227041566742932,0.0079739018262277,0,0,6.227199484369964,44.23126172157316,ITGB2;FN1;ITGAV;ITGA5;MMP8;MMP9,
GO_Biological_Process_2023,Cellular Response To Mechanical Stimulus (GO:0071260),7/48,0.0008416037938989124,0.0080685027446939,0,0,5.1435257410296416,36.41719716517792,CD40;CASP8;TNFRSF8;LTBR;F11R;TLR3;TNFRSF1A,
GO_Biological_Process_2023,Regulation Of Immune Response (GO:0050776),9/77,0.0008423800104118193,0.0080685027446939,0,0,3.9942004971002487,28.27606100604333,COL3A1;CASP8;FCGR3B;SPINK5;TREM2;PDCD1;CFP;CD22;CD276,immune
GO_Biological_Process_2023,Regulation Of Endothelial Cell Chemotaxis (GO:2001026),4/14,0.0008431371915751577,0.0080685027446939,0,0,12.013664596273292,85.03729367032972,SMOC2;NOTCH1;MET;LGMN,vascular
GO_Biological_Process_2023,Positive Regulation Of Endothelial Cell Chemotaxis (GO:2001028),4/14,0.0008431371915751577,0.0080685027446939,0,0,12.013664596273292,85.03729367032972,SMOC2;MET;VEGFA;LGMN,vascular
GO_Biological_Process_2023,Response To Lipid (GO:0033993),11/110,0.0008863991282090039,0.0084557443649969,0,0,3.358276643990929,23.60312090011649,SELP;TGFB1;CD6;BGLAP;F2R;TREM2;APOA4;LGALS9;TNFRSF11A;SELE;IFNAR1,
GO_Biological_Process_2023,Acylglycerol Homeostasis (GO:0055090),5/24,0.0008955112322175039,0.0084891096119928,0,0,7.912335270524679,55.52968512621457,IL18;ANGPTL3;APOA4;APOE;GPIHBP1,
GO_Biological_Process_2023,Positive Regulation Of Natural Killer Cell Mediated Immunity (GO:0002717),5/24,0.0008955112322175039,0.0084891096119928,0,0,7.912335270524679,55.52968512621457,KLRK1;LAMP1;CD160;KLRD1;PVR,
GO_Biological_Process_2023,Negative Regulation Of T Cell Proliferation (GO:0042130),6/36,0.0009605418041595928,0.0090771200493081,0,0,6.019314641744549,41.822276703191925,CD86;TNFRSF14;LGALS9;VSIG4;LILRB2;TNFRSF21,immune
GO_Biological_Process_2023,Central Nervous System Development (GO:0007417),20/283,0.0009696715403808288,0.009134849651438,0,0,2.311520670364002,16.038609056324752,VIT;ITGAM;SPINK5;HSPG2;PKD1;C3;NFASC;BTD;PTPRZ1;APEX1;DNER;ADAM23;CNTN1;PLXNB2;APOD;TPP1;NPTX1;CNTN4;MELTF;MBL2,
GO_Biological_Process_2023,Negative Regulation Of Cell Death (GO:0060548),8/64,0.0010399594554132,0.0097599147901001,0,0,4.307142857142857,29.583927512259475,CHGA;CCN5;CCN4;PARK7;CCN2;TNFRSF1B;CHMP6;EIF4G1,
GO_Biological_Process_2023,Regulation Of Extracellular Matrix Constituent Secretion (GO:0003330),3/7,0.0010747525215288,0.0097599147901001,0,0,22.49767441860465,153.786562374812,NOTCH1;TNFRSF1B;TNFRSF1A,
GO_Biological_Process_2023,Regulation Of Natural Killer Cell Mediated Cytotoxicity Directed Against Tumor Cell Target (GO:0002858),3/7,0.0010747525215288,0.0097599147901001,0,0,22.49767441860465,153.786562374812,TGFB1;IL12B;PVR,
GO_Biological_Process_2023,Regulation Of Positive Chemotaxis (GO:0050926),3/7,0.0010747525215288,0.0097599147901001,0,0,22.49767441860465,153.786562374812,NTRK3;CNTN1;VEGFA,
GO_Biological_Process_2023,Coronary Vasculature Morphogenesis (GO:0060977),3/7,0.0010747525215288,0.0097599147901001,0,0,22.49767441860465,153.786562374812,TGFBR3;NOTCH1;VEGFA,
GO_Biological_Process_2023,Immunological Synapse Formation (GO:0001771),3/7,0.0010747525215288,0.0097599147901001,0,0,22.49767441860465,153.786562374812,CCL21;CD6;CORO1A,
GO_Biological_Process_2023,Lymphocyte Apoptotic Process (GO:0070227),3/7,0.0010747525215288,0.0097599147901001,0,0,22.49767441860465,153.786562374812,CASP7;FASLG;TNFRSF21,immune
GO_Biological_Process_2023,Negative Regulation Of Microglial Cell Activation (GO:1903979),3/7,0.0010747525215288,0.0097599147901001,0,0,22.49767441860465,153.786562374812,GRN;PTPRC;LDLR,
GO_Biological_Process_2023,Positive Regulation Of Apoptotic Cell Clearance (GO:2000427),3/7,0.0010747525215288,0.0097599147901001,0,0,22.49767441860465,153.786562374812,C3;TREM2;CD300LF,
GO_Biological_Process_2023,Positive Regulation Of Dendritic Cell Chemotaxis (GO:2000510),3/7,0.0010747525215288,0.0097599147901001,0,0,22.49767441860465,153.786562374812,CCL21;LGALS9;GAS6,
GO_Biological_Process_2023,Positive Regulation Of Plasminogen Activation (GO:0010756),3/7,0.0010747525215288,0.0097599147901001,0,0,22.49767441860465,153.786562374812,CLEC3B;ENO1;MELTF,
GO_Biological_Process_2023,Regulation Of Activation Of Janus Kinase Activity (GO:0010533),3/7,0.0010747525215288,0.0097599147901001,0,0,22.49767441860465,153.786562374812,CCL5;IL12B;IL6R,
GO_Biological_Process_2023,Activation Of Protein Kinase B Activity (GO:0032148),5/25,0.0010898402987816,0.0098672965973526,0,0,7.516329704510109,51.27432755159865,NTRK3;PDGFB;IL18;PARK7;GAS6,
GO_Biological_Process_2023,Positive Regulation Of Endothelial Cell Apoptotic Process (GO:2000353),4/15,0.001120434324126,0.0100839089171345,0,0,10.920948616600793,74.19734950163674,CD40;CD40LG;CD160;FASLG,vascular
GO_Biological_Process_2023,Regulation Of Amyloid-Beta Clearance (GO:1900221),4/15,0.001120434324126,0.0100839089171345,0,0,10.920948616600793,74.19734950163674,LRPAP1;IFNGR1;TREM2;APOE,
GO_Biological_Process_2023,Synapse Organization (GO:0050808),12/131,0.0011467742618251,0.0102903423375643,0,0,3.04946884414143,20.64735056513216,PTPRS;DBNL;SLITRK2;CDH1;BDNF;DCTN1;F2R;DNER;TNC;AGRN;DKK1;PTPRF,
GO_Biological_Process_2023,Regulation Of Release Of Sequestered Calcium Ion Into Cytosol (GO:0051279),7/51,0.0012171306928636,0.0108253035741751,0,0,4.792086228903702,32.16093222244916,CXCL10;CXCL9;CXCL11;F2R;XCL1;THY1;F2,
GO_Biological_Process_2023,Cholesterol Transport (GO:0030301),7/51,0.0012171306928636,0.0108253035741751,0,0,4.792086228903702,32.16093222244916,APOM;NPC2;APOC1;APOA4;APOE;LDLR;CES1,
GO_Biological_Process_2023,Positive Regulation Of Ras Protein Signal Transduction (GO:0046579),7/51,0.0012171306928636,0.0108253035741751,0,0,4.792086228903702,32.16093222244916,NOTCH2;RTN4R;COL3A1;NOTCH1;F2R;F11R;ROBO1,
GO_Biological_Process_2023,Regulation Of Endocytosis (GO:0030100),8/66,0.001275371421261,0.0112968940855147,0,0,4.158189655172414,27.71232910574091,LRPAP1;PTPRC;OPHN1;HIP1R;ITGAV;APOE;CD22;CD177,
GO_Biological_Process_2023,MAPK Cascade (GO:0000165),10/98,0.0012851641544829,0.0112968940855147,0,0,3.4311769734967226,22.84089501802775,BRAP;PPP1CC;MAP2K1;TGFB1;EGF;CCL5;IL18;ITGAV;LGALS9;MBL2,
GO_Biological_Process_2023,Calcium-Dependent Cell-Cell Adhesion Via Plasma Membrane Cell Adhesion Molecules (GO:0016339),6/38,0.0012888321625339,0.0112968940855147,0,0,5.642523364485982,37.54545638310545,SELP;CDH5;CDH3;CDH1;CDH23;CDH15,immune
GO_Biological_Process_2023,Response To Peptide (GO:1901652),6/38,0.0012888321625339,0.0112968940855147,0,0,5.642523364485982,37.54545638310545,MMP12;REG3A;REG1B;REG1A;MMP3;MMP9,
GO_Biological_Process_2023,Positive Regulation Of Axonogenesis (GO:0050772),6/38,0.0012888321625339,0.0112968940855147,0,0,5.642523364485982,37.54545638310545,SEMA7A;SEMA4D;BDNF;TWF2;PLXNB2;ROBO1,
GO_Biological_Process_2023,Acute Inflammatory Response (GO:0002526),5/26,0.0013137376353507,0.0113506931694303,0,0,7.15803895430645,47.49272267939596,ITIH4;CD6;CNTN1;IL6R;MBL2,immune
GO_Biological_Process_2023,Negative Regulation Of Catalytic Activity (GO:0043086),5/26,0.0013137376353507,0.0113506931694303,0,0,7.15803895430645,47.49272267939596,ATP5IF1;NOTCH1;GZMA;TIMP1;SERPINA5,
GO_Biological_Process_2023,Negative Regulation Of Receptor-Mediated Endocytosis (GO:0048261),5/26,0.0013137376353507,0.0113506931694303,0,0,7.15803895430645,47.49272267939596,LRPAP1;ADIPOQ;APOC1;PCSK9;ITGAV,
GO_Biological_Process_2023,Plasma Membrane Invagination (GO:0099024),5/26,0.0013137376353507,0.0113506931694303,0,0,7.15803895430645,47.49272267939596,ITGAM;BIN2;ITGB2;MYH9;HAVCR1,
GO_Biological_Process_2023,Positive Regulation Of Phosphatidylinositol 3-Kinase Activity (GO:0043552),5/26,0.0013137376353507,0.0113506931694303,0,0,7.15803895430645,47.49272267939596,PDGFRB;TGFB1;CCL21;KIT;PDGFB,
GO_Biological_Process_2023,Negative Regulation Of Apoptotic Signaling Pathway (GO:2001234),9/82,0.0013266570758378,0.0114296609610647,0,0,3.719660428323365,24.643096182920143,BDNF;HGF;PLAUR;ITGAV;PARK7;TRIAP1;MMP9;FXN;HSPA1A,
GO_Biological_Process_2023,Regulation Of Proteolysis (GO:0030162),7/52,0.0013678204052553,0.011750820754239,0,0,4.685352747443231,30.89773088492012,CST3;CSTB;CASP8;SERPINE2;IST1;PLAUR;F2,
GO_Biological_Process_2023,Negative Regulation Of Cellular Catabolic Process (GO:0031330),8/67,0.0014079937819586,0.0120616804437473,0,0,4.0875,26.83684682569385,HGF;APOC1;TIMP3;TREM2;TIMP1;MET;TIMP4;EIF4G1,
GO_Biological_Process_2023,Regulation Of Fibrinolysis (GO:0051917),4/16,0.0014558866380601,0.0122977686969104,0,0,10.010351966873706,65.38902240600797,PLAU;SERPINE1;PLAUR;F2,
GO_Biological_Process_2023,Reverse Cholesterol Transport (GO:0043691),4/16,0.0014558866380601,0.0122977686969104,0,0,10.010351966873706,65.38902240600797,APOM;APOA4;APOE;CES1,
GO_Biological_Process_2023,Lymphocyte Mediated Immunity (GO:0002449),4/16,0.0014558866380601,0.0122977686969104,0,0,10.010351966873706,65.38902240600797,CR2;CD8A;KLRD1;CD46,immune
GO_Biological_Process_2023,Positive Regulation Of Homotypic Cell-Cell Adhesion (GO:0034112),4/16,0.0014558866380601,0.0122977686969104,0,0,10.010351966873706,65.38902240600797,CCL5;PLAUR;F11R;GP6,
GO_Biological_Process_2023,Positive Regulation Of Smooth Muscle Cell Migration (GO:0014911),4/16,0.0014558866380601,0.0122977686969104,0,0,10.010351966873706,65.38902240600797,PDGFRB;CCL5;PDGFB;CCN4,
GO_Biological_Process_2023,Protein Processing (GO:0016485),11/117,0.0014726549854804,0.0124047595434339,0,0,3.135363289002103,20.44472701170133,CPM;ADAMTS13;F9;MEP1A;CNTN1;PCSK9;GGT1;FXN;CTSS;LGMN;METAP2,
GO_Biological_Process_2023,Release Of Sequestered Calcium Ion Into Cytosol (GO:0051209),6/39,0.0014820478976061,0.0124492023398918,0,0,5.471254602095724,35.64156036144188,PTPRC;CCL21;F2R;XCL1;FASLG;GP1BA,
GO_Biological_Process_2023,Negative Regulation Of Cysteine-Type Endopeptidase Activity (GO:2000117),7/53,0.0015326916135359,0.0127682078218532,0,0,4.583259852133216,29.70286900125129,CST3;FABP1;LAMP3;HGF;TRIAP1;GAS6;VEGFA,
GO_Biological_Process_2023,Negative Regulation Of Metabolic Process (GO:0009892),7/53,0.0015326916135359,0.0127682078218532,0,0,4.583259852133216,29.70286900125129,NOTCH1;LAMA4;ADIPOQ;ALDH1A1;APOC1;ACOT13;IL18R1,
GO_Biological_Process_2023,Positive Regulation Of NIK/NF-kappaB Signaling (GO:1901224),7/53,0.0015326916135359,0.0127682078218532,0,0,4.583259852133216,29.70286900125129,CD86;IL12B;EIF2AK2;LGALS9;MMP8;AGER;TLR3,
GO_Biological_Process_2023,Regulation Of I-kappaB kinase/NF-kappaB Signaling (GO:0043122),17/232,0.0015399980451729,0.0127938299137447,0,0,2.3980319168540154,15.529592661078569,CD74;CD40;ECM1;CCL21;F2R;TNFRSF19;SHISA5;FASLG;TREM2;TNFRSF1A;CASP8;TNIP1;EEF1D;TNFSF10;TRIM25;LGALS9;LTBR,
GO_Biological_Process_2023,Cell-Cell Junction Organization (GO:0045216),8/68,0.0015513338588373,0.0128175781123606,0,0,4.019166666666667,25.99854292591761,CDH5;CDH3;TGFB1;CDH1;F2R;DSG2;CDH15;CD177,
GO_Biological_Process_2023,Skin Development (GO:0043588),8/68,0.0015513338588373,0.0128175781123606,0,0,4.019166666666667,25.99854292591761,COL1A1;ASAH1;COL3A1;CDSN;CASP3;ADAM9;PDGFA;PKD1,
GO_Biological_Process_2023,Regulation Of Peptidase Activity (GO:0052547),5/27,0.0015698256687116,0.0128998717994132,0,0,6.832320090484942,44.11486085262797,CST3;CSTB;ECM1;CTSS;CTSB,
GO_Biological_Process_2023,Positive Regulation Of Response To Wounding (GO:1903036),5/27,0.0015698256687116,0.0128998717994132,0,0,6.832320090484942,44.11486085262797,ITGB1;REG3A;GRN;SCARF1;HBEGF,
GO_Biological_Process_2023,"Regulation Of Complement Activation, Classical Pathway (GO:0030450)",3/8,0.0016782800905679,0.0136795660212334,0,0,17.997209302325583,115.00191126196997,CR2;TREM2;CD46,immune
GO_Biological_Process_2023,Positive Regulation Of Extracellular Matrix Assembly (GO:1901203),3/8,0.0016782800905679,0.0136795660212334,0,0,17.997209302325583,115.00191126196997,PHLDB1;TGFB1;DAG1,
GO_Biological_Process_2023,Regulation Of Cell Killing (GO:0031341),3/8,0.0016782800905679,0.0136795660212334,0,0,17.997209302325583,115.00191126196997,CFH;CD59;ICAM1,
GO_Biological_Process_2023,Regulation Of Cytokine-Mediated Signaling Pathway (GO:0001959),6/40,0.0016965496476232,0.0136809763584337,0,0,5.310060472787246,33.873718512596746,CD74;CASP8;PTPRC;AXL;PTPN6;GAS6,immune
GO_Biological_Process_2023,Aortic Valve Development (GO:0003176),6/40,0.0016965496476232,0.0136809763584337,0,0,5.310060472787246,33.873718512596746,EFNA1;NOTCH1;TGFB1;TNFRSF1B;ROBO1;TNFRSF1A,
GO_Biological_Process_2023,Endothelial Cell Migration (GO:0043542),6/40,0.0016965496476232,0.0136809763584337,0,0,5.310060472787246,33.873718512596746,DPP4;CDH5;TNFSF12;MYH9;LGALS8;VEGFA,vascular
GO_Biological_Process_2023,Negative Regulation Of Secretion By Cell (GO:1903531),6/40,0.0016965496476232,0.0136809763584337,0,0,5.310060472787246,33.873718512596746,CHGA;NOTCH1;IL12B;APOE;TNFRSF1B;TNFRSF1A,
GO_Biological_Process_2023,Response To Molecule Of Bacterial Origin (GO:0002237),8/69,0.0017059921853751,0.0137010863425428,0,0,3.953073770491803,25.195344231305867,SELP;CD6;F2R;LGALS9;TNFRSF11A;CD14;SELE;IFNAR1,
GO_Biological_Process_2023,Defense Response To Gram-positive Bacterium (GO:0050830),9/85,0.0017111430786463,0.0137010863425428,0,0,3.5722757598220904,22.757517324253715,CHGA;FCN2;PGLYRP2;RARRES2;STAB2;IL18;TNFRSF14;PGLYRP1;MBL2,
GO_Biological_Process_2023,Regulation Of Lipid Metabolic Process (GO:0019216),7/54,0.0017126357928178,0.0137010863425428,0,0,4.485511335347031,28.57145886994501,PSAPL1;NPC2;RARRES2;ADGRF5;PSAP;APOC1;TREM2,
GO_Biological_Process_2023,T Cell Migration (GO:0072678),4/17,0.0018554466574654,0.0145399924767388,0,0,9.239847109412327,58.11521796899218,CXCL10;CXCL11;CD99;XG,immune
GO_Biological_Process_2023,Regulation Of Receptor Signaling Pathway Via STAT (GO:1904892),4/17,0.0018554466574654,0.0145399924767388,0,0,9.239847109412327,58.11521796899218,TGFB1;PTPRC;EGF;IL7R,
GO_Biological_Process_2023,Extracellular Matrix Assembly (GO:0085029),4/17,0.0018554466574654,0.0145399924767388,0,0,9.239847109412327,58.11521796899218,TGFB1;TNXB;QSOX1;GAS6,
GO_Biological_Process_2023,Negative Regulation Of Leukocyte Activation (GO:0002695),4/17,0.0018554466574654,0.0145399924767388,0,0,9.239847109412327,58.11521796899218,GRN;FN1;CD300LF;HAVCR2,immune
GO_Biological_Process_2023,Positive Regulation Of Lymphocyte Chemotaxis (GO:0140131),4/17,0.0018554466574654,0.0145399924767388,0,0,9.239847109412327,58.11521796899218,CCL21;CCL5;CCL4;XCL1,immune
GO_Biological_Process_2023,Negative Regulation Of Angiogenesis (GO:0016525),9/86,0.0018574754132553,0.0145399924767388,0,0,3.525699652460216,22.17149277860203,CXCL10;HHEX;CD160;SERPINE1;SPINK5;FASLG;PRL;THBS2;HSPG2,vascular
GO_Biological_Process_2023,Apoptotic Cell Clearance (GO:0043277),5/28,0.0018607728467255,0.0145399924767388,0,0,6.534924606126175,41.08352463012663,FCN2;MEGF10;TREM2;ITGAV;GAS6,
GO_Biological_Process_2023,Negative Regulation Of Signaling (GO:0023057),5/28,0.0018607728467255,0.0145399924767388,0,0,6.534924606126175,41.08352463012663,BRAP;MPIG6B;ADIPOQ;PCSK9;LDLR,
GO_Biological_Process_2023,Positive Regulation Of Fibroblast Proliferation (GO:0048146),5/28,0.0018607728467255,0.0145399924767388,0,0,6.534924606126175,41.08352463012663,CD74;PDGFB;FN1;PDGFA;GAS6,
GO_Biological_Process_2023,Peptide Metabolic Process (GO:0006518),7/56,0.0021214228286679,0.0165339758605457,0,0,4.301983507911745,26.48158337693109,CPM;ADAMTS13;DNPEP;CPQ;ANPEP;TPP1;GGT1,
GO_Biological_Process_2023,Negative Regulation Of MAPK Cascade (GO:0043409),10/105,0.0021648229389761,0.0167857040191379,0,0,3.1771984820986634,19.493436639801697,PTPRC;TNIP1;ADIPOQ;DAG1;PEBP1;SIRPA;TIMP3;APOE;GBP1;DUSP13,
GO_Biological_Process_2023,Positive Regulation Of Stress-Activated MAPK Cascade (GO:0032874),10/105,0.0021648229389761,0.0167857040191379,0,0,3.1771984820986634,19.493436639801697,CCL21;TNFRSF19;SORD;EIF2AK2;CCN2;IGFBP6;LTBR;MMP8;TLR3;VEGFA,stress response
GO_Biological_Process_2023,Regulation Of Endothelial Cell Migration (GO:0010594),9/88,0.0021800983259471,0.01680302675282,0,0,3.436084863612052,21.05765196617598,SMOC2;GRN;ANGPT1;ANXA3;EGF;DNAJA4;PRCP;APOE;VEGFA,vascular
GO_Biological_Process_2023,Peptidyl-Tyrosine Dephosphorylation (GO:0035335),5/29,0.0021892832475565,0.01680302675282,0,0,6.262312078797304,38.35153310583679,PTPRB;PTPRS;PTPRZ1;PTPN6;PTPRF,
GO_Biological_Process_2023,Positive Regulation Of B Cell Proliferation (GO:0030890),5/29,0.0021892832475565,0.01680302675282,0,0,6.262312078797304,38.35153310583679,CD74;CD40;PTPRC;TNFRSF4;TNFSF13B,immune
GO_Biological_Process_2023,Positive Regulation Of Calcium Ion Transport (GO:0051928),5/29,0.0021892832475565,0.01680302675282,0,0,6.262312078797304,38.35153310583679,PDGFRB;CCL5;CCL4;F2R;PDGFB,electrolyte transport
GO_Biological_Process_2023,Transforming Growth Factor Beta Receptor Signaling Pathway (GO:0007179),8/72,0.0022441164043256,0.017180273434635,0,0,3.7671875,22.977747005321675,ITGB1;TGFBR3;CDH5;COL3A1;TGFB1;ADAM9;PTPRK;ENG,
GO_Biological_Process_2023,Regulation Of Oligodendrocyte Differentiation (GO:0048713),4/18,0.0023249911258046,0.0175769329110828,0,0,8.579414374445431,52.02590385117996,NOTCH1;PTPRZ1;TNFRSF1B;TNFRSF21,
GO_Biological_Process_2023,Regulation Of Oxidative Stress-Induced Intrinsic Apoptotic Signaling Pathway (GO:1902175),4/18,0.0023249911258046,0.0175769329110828,0,0,8.579414374445431,52.02590385117996,TREM2;PARK7;SOD2;SOD1,stress response
GO_Biological_Process_2023,Positive Regulation Of G Protein-Coupled Receptor Signaling Pathway (GO:0045745),4/18,0.0023249911258046,0.0175769329110828,0,0,8.579414374445431,52.02590385117996,CHGA;C3;LRPAP1;F2,
GO_Biological_Process_2023,Positive Regulation Of Interleukin-4 Production (GO:0032753),4/18,0.0023249911258046,0.0175769329110828,0,0,8.579414374445431,52.02590385117996,CD86;CD40LG;LGALS9;HAVCR2,immune
GO_Biological_Process_2023,Positive Regulation Of Macrophage Migration (GO:1905523),4/18,0.0023249911258046,0.0175769329110828,0,0,8.579414374445431,52.02590385117996,RARRES2;CCL5;CXCL17;TREM2,
GO_Biological_Process_2023,Enzyme-Linked Receptor Protein Signaling Pathway (GO:0007167),11/124,0.0023442904498248,0.017634662488235,0,0,2.940067517817201,17.804380031074206,PDGFRB;DDR1;CD8A;BDNF;AXL;NTRK3;GP6;MERTK;MET;PTPRF;MTSS1,
GO_Biological_Process_2023,Neuron Projection Guidance (GO:0097485),11/124,0.0023442904498248,0.017634662488235,0,0,2.940067517817201,17.804380031074206,NOTCH2;EFNA1;SEMA7A;NFASC;NOTCH1;OPHN1;SEMA4D;BDNF;DAG1;CNTN1;CNTN4,
GO_Biological_Process_2023,Regulation Of Complement Activation (GO:0030449),3/9,0.002457022996377,0.0179904056683879,0,0,14.9968992248062,90.1134404363324,CFH;CD59;CD55,immune
GO_Biological_Process_2023,Regulation Of Dendritic Cell Apoptotic Process (GO:2000668),3/9,0.002457022996377,0.0179904056683879,0,0,14.9968992248062,90.1134404363324,CCL21;LGALS9;GAS6,
GO_Biological_Process_2023,Regulation Of Inflammatory Response To Wounding (GO:0106014),3/9,0.002457022996377,0.0179904056683879,0,0,14.9968992248062,90.1134404363324,REG3A;GRN;PTPN6,immune
GO_Biological_Process_2023,T-helper 1 Type Immune Response (GO:0042088),3/9,0.002457022996377,0.0179904056683879,0,0,14.9968992248062,90.1134404363324,IL18;IL12B;IL18BP,immune
GO_Biological_Process_2023,Amine Metabolic Process (GO:0009308),3/9,0.002457022996377,0.0179904056683879,0,0,14.9968992248062,90.1134404363324,AOC3;SULT1A1;VCAM1,
GO_Biological_Process_2023,"Wound Healing, Spreading Of Epidermal Cells (GO:0035313)",3/9,0.002457022996377,0.0179904056683879,0,0,14.9968992248062,90.1134404363324,ITGB1;MMP12;ITGA5,
GO_Biological_Process_2023,Negative Regulation Of Alpha-Beta T Cell Proliferation (GO:0046642),3/9,0.002457022996377,0.0179904056683879,0,0,14.9968992248062,90.1134404363324,XCL1;TNFRSF14;LGALS9,immune
GO_Biological_Process_2023,Positive Regulation Of T Cell Apoptotic Process (GO:0070234),3/9,0.002457022996377,0.0179904056683879,0,0,14.9968992248062,90.1134404363324,CCL5;LGALS9;PDCD1,immune
GO_Biological_Process_2023,Positive Regulation Of Platelet Activation (GO:0010572),3/9,0.002457022996377,0.0179904056683879,0,0,14.9968992248062,90.1134404363324,SELP;PLA2G4A;GP1BA,
GO_Biological_Process_2023,"Regulation Of CD4-positive, Alpha-Beta T Cell Proliferation (GO:2000561)",3/9,0.002457022996377,0.0179904056683879,0,0,14.9968992248062,90.1134404363324,XCL1;LGALS9;CD55,immune
GO_Biological_Process_2023,Regulation Of Cellular Extravasation (GO:0002691),3/9,0.002457022996377,0.0179904056683879,0,0,14.9968992248062,90.1134404363324,THY1;LYVE1;ICAM1,
GO_Biological_Process_2023,Regulation Of Primary Metabolic Process (GO:0080090),6/43,0.0024826441345415,0.0181340962870858,0,0,4.878757261934832,29.264889306377857,PSAPL1;PSAP;ADGRF5;TREM2;APOE;LDLR,
GO_Biological_Process_2023,Artery Morphogenesis (GO:0048844),5/30,0.002558086336026,0.0185507268108942,0,0,6.011508553654744,35.87966370453989,PDGFRB;NOTCH1;ANGPTL3;VEGFA;ENG,
GO_Biological_Process_2023,Positive Regulation Of Interleukin-10 Production (GO:0032733),5/30,0.002558086336026,0.0185507268108942,0,0,6.011508553654744,35.87966370453989,CD40LG;IL12B;XCL1;LGALS9;CD46,immune
GO_Biological_Process_2023,Prostaglandin Metabolic Process (GO:0006693),5/30,0.002558086336026,0.0185507268108942,0,0,6.011508553654744,35.87966370453989,CD74;PLA2G4A;PTGDS;PTGR1;CES1,
GO_Biological_Process_2023,Response To Organic Cyclic Compound (GO:0014070),7/58,0.0026017517628747,0.0188222424185008,0,0,4.132850019883148,24.59694745696661,TGFB1;BGLAP;KYNU;CCL5;IL18;TLR3;ADA,
GO_Biological_Process_2023,Lipid Transport (GO:0006869),10/108,0.0026661988259331,0.0192424468964723,0,0,3.079457488324483,18.252257041685944,FABP1;RBP7;GM2A;FABP5;NPC2;APOA4;APOE;TRIAP1;PLTP;LDLR,
GO_Biological_Process_2023,Positive Regulation Of Protein Kinase Activity (GO:0045860),12/145,0.0027171065475376,0.019563167142271,0,0,2.7264860263867217,16.108591298472994,EFNA1;MAP2K1;PTPRC;CCL21;CCL5;PDGFB;IL12B;AZU1;GAS6;IL6R;DKK1;VEGFA,
GO_Biological_Process_2023,Positive Regulation Of Binding (GO:0051099),9/91,0.0027460441748009,0.0197245548327744,0,0,3.309859154929577,19.520205111670432,EGF;PLAUR;HIP1R;APOE;MMP8;PKD1;B2M;MMP9;MET,
GO_Biological_Process_2023,Negative Regulation Of Immune System Process (GO:0002683),6/44,0.0027973028865496,0.0199505753040708,0,0,4.750122970978849,27.92644596758569,COL3A1;BPIFB1;SPINK5;TREM2;LILRB2;PDCD1,immune
GO_Biological_Process_2023,Positive Regulation Of Biosynthetic Process (GO:0009891),6/44,0.0027973028865496,0.0199505753040708,0,0,4.750122970978849,27.92644596758569,TGFB1;CCL5;F2R;APOE;F2;MMP8,
GO_Biological_Process_2023,Regulation Of Cell-Substrate Adhesion (GO:0010810),6/44,0.0027973028865496,0.0199505753040708,0,0,4.750122970978849,27.92644596758569,VIT;ATXN3;NOTCH1;PDGFB;THY1;FBLN2,
GO_Biological_Process_2023,Positive Regulation Of DNA-binding Transcription Factor Activity (GO:0051091),17/246,0.0028516171529537,0.0202900947541933,0,0,2.2497802752960228,13.183417744968514,CD40;ANXA3;IL18;EIF2AK2;IL1RAP;PARK7;TNFRSF11A;AGER;VEGFA;CD40LG;KIT;TRIM25;HCLS1;ADAM8;LGALS9;IL18R1;HSPA1A,
GO_Biological_Process_2023,Regulation Of Tissue Remodeling (GO:0034103),4/19,0.0028702854985016,0.0203180239993301,0,0,8.00703933747412,46.86795388082661,CST3;TGFB1;IL18;IL12B,
GO_Biological_Process_2023,Phospholipid Transport (GO:0015914),7/59,0.0028711955299915,0.0203180239993301,0,0,4.053162126485059,23.72326644963317,NPC2;APOC1;APOA4;TRIAP1;APOE;LDLR;PLTP,
GO_Biological_Process_2023,Negative Regulation Of Response To External Stimulus (GO:0032102),12/146,0.0028756991639263,0.0203180239993301,0,0,2.705998310335117,15.834039376158248,RTN4R;CDH5;REG3A;PROC;PTPRS;CD109;SERPINE1;ADIPOQ;CXCL17;SIRPA;APOE;TNFRSF1A,
GO_Biological_Process_2023,Positive Regulation Of Protein Catabolic Process (GO:0045732),9/92,0.0029585307134285,0.0206936843829482,0,0,3.269811640929917,19.040317595716783,TNFSF12;PCSK9;ADAM9;TREM2;ADAM8;APOE;TNFRSF1B;RILP;TNFSF13B,
GO_Biological_Process_2023,Regulation Of Protein Autophosphorylation (GO:0031952),5/31,0.0029699269253305,0.0206936843829482,0,0,5.779997607369302,33.6350657164148,IMPACT;PDGFB;PDGFA;VEGFA;ENG,
GO_Biological_Process_2023,Triglyceride Homeostasis (GO:0070328),5/31,0.0029699269253305,0.0206936843829482,0,0,5.779997607369302,33.6350657164148,IL18;ANGPTL3;APOA4;APOE;GPIHBP1,
GO_Biological_Process_2023,Negative Chemotaxis (GO:0050919),5/31,0.0029699269253305,0.0206936843829482,0,0,5.779997607369302,33.6350657164148,SEMA7A;SEMA4D;PDGFA;ITGAV;ROBO1,
GO_Biological_Process_2023,Negative Regulation Of Chemotaxis (GO:0050922),5/31,0.0029699269253305,0.0206936843829482,0,0,5.779997607369302,33.6350657164148,SEMA7A;NOTCH1;ANGPT2;SEMA4D;ROBO1,
GO_Biological_Process_2023,Positive Regulation Of Rho Protein Signal Transduction (GO:0035025),5/31,0.0029699269253305,0.0206936843829482,0,0,5.779997607369302,33.6350657164148,RTN4R;COL3A1;F2R;F11R;ROBO1,
GO_Biological_Process_2023,Regulation Of Peptidyl-Serine Phosphorylation (GO:0033135),9/93,0.0031837842725225,0.0221327899772605,0,0,3.2307176391683434,18.57560799608165,TGFB1;BDNF;NTRK3;HCLS1;PARK7;GAS6;DKK1;VEGFA;EIF4G1,
GO_Biological_Process_2023,Apoptotic Process (GO:0006915),16/228,0.0032166827365578,0.0223102032003462,0,0,2.2856460472892284,13.118247566901438,NOTCH2;TNFSF12;GZMA;ITGB2;TNFRSF19;FASLG;YARS1;CASP7;CASP8;PLSCR3;CASP3;IL2RA;CD14;PDCD1;RELT;TNFRSF21,
GO_Biological_Process_2023,Regulation Of Transforming Growth Factor Beta Receptor Signaling Pathway (GO:0017015),10/111,0.0032564425964011,0.022482836555975,0,0,2.987522890220057,17.10990181876352,TGFB1;TNXB;CILP;CD109;ADAMTSL2;VASN;ASPN;DKK3;ENG;HSPA1A,
GO_Biological_Process_2023,Negative Regulation Of Transmembrane Receptor Protein Serine/Threonine Kinase Signaling Pathway (GO:0090101),10/111,0.0032564425964011,0.022482836555975,0,0,2.987522890220057,17.10990181876352,NOTCH1;CILP;CD109;ADAMTSL2;CRIM1;DKK1;VASN;ASPN;FSTL3;HSPA1A,
GO_Biological_Process_2023,Transmembrane Receptor Protein Serine/Threonine Kinase Signaling Pathway (GO:0007178),11/130,0.0033880339557789,0.0231891503706781,0,0,2.7909581414983577,15.873589723875536,ITGB1;TGFBR3;CDH5;COL3A1;TGFB1;ADAM9;PTPRK;RGMB;INHBC;LEFTY2;ENG,
GO_Biological_Process_2023,Regulation Of Low-Density Lipoprotein Particle Clearance (GO:0010988),3/10,0.0034259608683705,0.0231891503706781,0,0,12.853820598006644,72.9630840597034,PCSK9;TREM2;LDLR,
GO_Biological_Process_2023,Regulation Of Opsonization (GO:1903027),3/10,0.0034259608683705,0.0231891503706781,0,0,12.853820598006644,72.9630840597034,FCN2;CFP;MBL2,
GO_Biological_Process_2023,Megakaryocyte Development (GO:0035855),3/10,0.0034259608683705,0.0231891503706781,0,0,12.853820598006644,72.9630840597034,MPIG6B;KIT;GP1BA,
GO_Biological_Process_2023,Negative Regulation Of Hydrogen Peroxide-Induced Cell Death (GO:1903206),3/10,0.0034259608683705,0.0231891503706781,0,0,12.853820598006644,72.9630840597034,HGF;PARK7;MET,
GO_Biological_Process_2023,Positive Regulation Of Phospholipid Transport (GO:2001140),3/10,0.0034259608683705,0.0231891503706781,0,0,12.853820598006644,72.9630840597034,APOE;TRIAP1;PRAP1,
GO_Biological_Process_2023,Regulation Of Cholesterol Efflux (GO:0010874),5/32,0.0034275553806486,0.0231891503706781,0,0,5.565635620067969,31.59003567936073,ADIPOQ;TREM2;APOE;PLTP;CES1,
GO_Biological_Process_2023,Positive Regulation Of Synapse Assembly (GO:0051965),5/32,0.0034275553806486,0.0231891503706781,0,0,5.565635620067969,31.59003567936073,CLSTN2;SLITRK2;SEMA4D;BDNF;IL1RAP,
GO_Biological_Process_2023,Negative Regulation Of Blood Vessel Morphogenesis (GO:2000181),8/77,0.0034277613147133,0.0231891503706781,0,0,3.4932971014492757,19.82742304813872,CXCL10;HHEX;CD160;SPINK5;FASLG;PRL;THBS2;HSPG2,vascular
GO_Biological_Process_2023,Negative Regulation Of Intrinsic Apoptotic Signaling Pathway (GO:2001243),7/61,0.0034736930624943,0.0232588172962445,0,0,3.902640550066447,22.09884638690976,PLAUR;HYOU1;ENO1;PARK7;SOD2;MMP9;HSPA1A,
GO_Biological_Process_2023,Leukotriene Metabolic Process (GO:0006691),4/20,0.0034969526156745,0.0232588172962445,0,0,7.506211180124223,42.454104868547866,PLA2G4A;PRG3;PTGR1;GGT1,
GO_Biological_Process_2023,Lipopolysaccharide-Mediated Signaling Pathway (GO:0031663),4/20,0.0034969526156745,0.0232588172962445,0,0,7.506211180124223,42.454104868547866,TGFB1;CD6;CCL5;IL18,
GO_Biological_Process_2023,Negative Regulation Of Cytokine Production Involved In Inflammatory Response (GO:1900016),4/20,0.0034969526156745,0.0232588172962445,0,0,7.506211180124223,42.454104868547866,SIRPA;TREM2;APOD;F2,immune
GO_Biological_Process_2023,Positive Regulation Of Protein Processing (GO:0010954),4/20,0.0034969526156745,0.0232588172962445,0,0,7.506211180124223,42.454104868547866,CLEC3B;MYH9;ENO1;MELTF,
GO_Biological_Process_2023,Regulation Of Cytokine Production Involved In Inflammatory Response (GO:1900015),6/46,0.0035149733810792,0.0232588172962445,0,0,4.51214953271028,25.496908618038177,CD6;SIRPA;TREM2;APOD;F2;IL17RA,immune
GO_Biological_Process_2023,Vacuolar Transport (GO:0007034),6/46,0.0035149733810792,0.0232588172962445,0,0,4.51214953271028,25.496908618038177,GRN;AP1G2;PSAP;PCSK9;IGF2R;HSPA1A,
GO_Biological_Process_2023,Homotypic Cell-Cell Adhesion (GO:0034109),6/46,0.0035149733810792,0.0232588172962445,0,0,4.51214953271028,25.496908618038177,MEGF10;MYH9;GP1BA;CD99;DSC2;XG,
GO_Biological_Process_2023,Negative Regulation Of Cold-Induced Thermogenesis (GO:0120163),6/46,0.0035149733810792,0.0232588172962445,0,0,4.51214953271028,25.496908618038177,NOTCH1;LAMA4;ADIPOQ;ALDH1A1;ACOT13;IL18R1,heat adaptation
GO_Biological_Process_2023,Positive Regulation Of Cell-Cell Adhesion (GO:0022409),6/46,0.0035149733810792,0.0232588172962445,0,0,4.51214953271028,25.496908618038177,MEGF10;CCL5;PLAUR;THY1;AGER;FSTL3,
GO_Biological_Process_2023,Cell Junction Assembly (GO:0034329),9/95,0.00367469062084,0.0242625861079046,0,0,3.15525712414019,17.689274897426277,CDH5;CDH3;DBNL;OPHN1;CDH1;BDNF;DNER;FN1;CDH15,
GO_Biological_Process_2023,Circulatory System Development (GO:0072359),11/132,0.0038087807588547,0.0250931438230427,0,0,2.744541173112601,15.288318816378732,CDH5;COL3A1;NOTCH1;TGFB1;CASP8;NTRK3;PDGFB;FN1;HSPG2;PKD1;PDLIM7,
GO_Biological_Process_2023,Positive Regulation Of Cytokine Production Involved In Immune Response (GO:0002720),5/33,0.0039337181194268,0.0258038255816634,0,0,5.366585203288159,29.72106232369231,CD160;KIT;XCL1;TNFRSF14;CD55,immune
GO_Biological_Process_2023,Regulation Of Amyloid-Beta Formation (GO:1902003),5/33,0.0039337181194268,0.0258038255816634,0,0,5.366585203288159,29.72106232369231,EFNA1;IFNGR1;CASP3;APEX1;APOE,
GO_Biological_Process_2023,Negative Regulation Of Cell Motility (GO:2000146),11/133,0.0040342571132412,0.026406046559397,0,0,2.7219033893506963,15.005671303576907,CD74;CDH1;SERPINE1;ADIPOQ;DAG1;SPINT2;THY1;PTPRK;EPHA1;ROBO1;ENG,
GO_Biological_Process_2023,Peptide Catabolic Process (GO:0043171),4/21,0.0042104452443976,0.0274404879721085,0,0,7.06430398246255,38.643062947886655,ADAMTS13;CPQ;ANPEP;TPP1,
GO_Biological_Process_2023,Positive Regulation Of Amyloid Precursor Protein Catabolic Process (GO:1902993),4/21,0.0042104452443976,0.0274404879721085,0,0,7.06430398246255,38.643062947886655,EFNA1;IFNGR1;CASP3;AGER,
GO_Biological_Process_2023,Regulation Of Signal Transduction (GO:0009966),14/193,0.0042246315981002,0.0274737332315166,0,0,2.365243289921224,12.930366932828434,BRAP;IGFBP1;MPIG6B;IGFBP4;ADIPOQ;TREM2;IGFBP7;NCAM1;TIMP1;IGFBP6;CD46;MGLL;CD55;CD177,
GO_Biological_Process_2023,Regulation Of DNA Binding (GO:0051101),6/48,0.0043611229343511,0.0283005059087505,0,0,4.296840231419671,23.353437090995108,TGFB1;EGF;GZMA;PLAUR;MMP8;MMP9,
GO_Biological_Process_2023,Epithelium Development (GO:0060429),12/154,0.0044334984118903,0.0287085635921978,0,0,2.5524847196385863,13.83080767633714,TGFB1;SPINT1;SPINK5;TNC;DAG1;TPP1;DNPH1;PKD1;CD34;CES1;CTSB;VEGFA,
GO_Biological_Process_2023,Positive Regulation Of Cellular Biosynthetic Process (GO:0031328),13/174,0.0044734380908893,0.0288962400682026,0,0,2.440289529026263,13.200985399930987,PDGFRB;HGF;CIRBP;PDGFB;APOA4;PARK7;MMP8;SMOC2;CDH3;CCL5;PLXNB2;LDLR;CD244,
GO_Biological_Process_2023,Cellular Response To Amyloid-Beta (GO:1904646),5/34,0.0044911484232986,0.0288962400682026,0,0,5.18126240145868,28.008074708844163,VCAM1;TREM2;AGER;ICAM1;LGMN,
GO_Biological_Process_2023,Cellular Response To Vascular Endothelial Growth Factor Stimulus (GO:0035924),5/34,0.0044911484232986,0.0288962400682026,0,0,5.18126240145868,28.008074708844163,ERN1;NOTCH1;VEGFD;PGF;VEGFA,vascular
GO_Biological_Process_2023,Cellular Response To Virus (GO:0098586),7/64,0.0045520425005051,0.0290282213215685,0,0,3.696663656019925,19.93307304371547,CXCL10;IFNGR1;IL10RB;CCL5;LGALS9;LGALS8;IFNAR1,
GO_Biological_Process_2023,Positive Regulation Of Cysteine-Type Endopeptidase Activity (GO:2001056),7/64,0.0045520425005051,0.0290282213215685,0,0,3.696663656019925,19.93307304371547,FIS1;CASP8;PDCD5;F2R;TNFSF10;CTSD;LGMN,
GO_Biological_Process_2023,Cellular Response To Superoxide (GO:0071451),3/11,0.0045980548984891,0.0290282213215685,0,0,11.246511627906976,60.5300966781221,APOA4;SOD2;SOD1,
GO_Biological_Process_2023,Digestive System Development (GO:0055123),3/11,0.0045980548984891,0.0290282213215685,0,0,11.246511627906976,60.5300966781221,CLMP;KIT;PKD1,
GO_Biological_Process_2023,Negative Regulation Of Fibrinolysis (GO:0051918),3/11,0.0045980548984891,0.0290282213215685,0,0,11.246511627906976,60.5300966781221,PLAU;SERPINE1;F2,
GO_Biological_Process_2023,Phospholipid Efflux (GO:0033700),3/11,0.0045980548984891,0.0290282213215685,0,0,11.246511627906976,60.5300966781221,APOC1;APOA4;APOE,
GO_Biological_Process_2023,Positive Regulation Of Keratinocyte Proliferation (GO:0010838),3/11,0.0045980548984891,0.0290282213215685,0,0,11.246511627906976,60.5300966781221,NOTCH2;REG3A;CDH3,
GO_Biological_Process_2023,Positive Regulation Of Vascular Permeability (GO:0043117),3/11,0.0045980548984891,0.0290282213215685,0,0,11.246511627906976,60.5300966781221,TGFB1;FGFBP3;VEGFA,vascular
GO_Biological_Process_2023,Regulation Of Astrocyte Differentiation (GO:0048710),3/11,0.0045980548984891,0.0290282213215685,0,0,11.246511627906976,60.5300966781221,NOTCH1;SERPINE2;F2,
GO_Biological_Process_2023,Protein Maturation (GO:0051604),10/117,0.004746662572038,0.0299039742038397,0,0,2.819119327337181,15.08317226366544,CPM;CASP7;ADAMTS13;CASP8;GALNT2;CASP3;GZMA;CNTN1;CTSS;METAP2,
GO_Biological_Process_2023,Adherens Junction Organization (GO:0034332),5/35,0.0051025576086727,0.0320127265739135,0,0,5.0082944530845,26.433845099603616,CDH5;CDH3;CDH1;CDH15;MTSS1,
GO_Biological_Process_2023,Regulation Of Axon Extension (GO:0030516),5/35,0.0051025576086727,0.0320127265739135,0,0,5.0082944530845,26.433845099603616,RTN4R;SEMA7A;PTPRS;TWF2;APOE,
GO_Biological_Process_2023,Regulation Of Protein-Containing Complex Assembly (GO:0043254),10/119,0.005347541300018,0.0333493670369485,0,0,2.7671047712173937,14.475052666284292,SELP;CDH5;TGFB1;MMP1;MMP3;EIF2AK2;PARK7;APOE;SEPTIN8;VEGFA,
GO_Biological_Process_2023,Regulation Of Interleukin-12 Production (GO:0032655),6/50,0.0053486914725264,0.0333493670369485,0,0,4.101104502973662,21.4524812117998,CD40;CD40LG;IL12B;IL16;LGALS9;TLR3,immune
GO_Biological_Process_2023,Positive Regulation Of Developmental Growth (GO:0048639),6/50,0.0053486914725264,0.0333493670369485,0,0,4.101104502973662,21.4524812117998,SEMA7A;SEMA4D;BDNF;TWF2;PPIB;AGRN,
GO_Biological_Process_2023,Response To Reactive Oxygen Species (GO:0000302),7/66,0.0053997186974024,0.0335982496727266,0,0,3.5709828393135727,18.645559864304648,CRYGD;PRDX5;APOD;PTPRK;APOE;MMP9;SOD1,stress response
GO_Biological_Process_2023,Regulation Of Peptidyl-Threonine Phosphorylation (GO:0010799),5/36,0.0057706265675682,0.0356858379147776,0,0,4.8464857271860735,24.983510889745805,TGFB1;EGF;CHI3L1;AZU1;EIF4G1,
GO_Biological_Process_2023,Substrate Adhesion-Dependent Cell Spreading (GO:0034446),5/36,0.0057706265675682,0.0356858379147776,0,0,4.8464857271860735,24.983510889745805,EFNA1;FN1;ITGAV;ITGB7;EPHA1,immune
GO_Biological_Process_2023,Negative Regulation Of Sequestering Of Calcium Ion (GO:0051283),5/36,0.0057706265675682,0.0356858379147776,0,0,4.8464857271860735,24.983510889745805,PTPRC;CCL21;F2R;XCL1;GP1BA,
GO_Biological_Process_2023,Activation Of Cysteine-Type Endopeptidase Activity Involved In Apoptotic Process (GO:0006919),7/67,0.0058654210390831,0.0361935926758145,0,0,3.5112844513780552,18.0433707346332,CASP8;F2R;SORD;HIP1R;CNTN1;FASLG;ROBO1,
GO_Biological_Process_2023,Regulation Of Interleukin-4 Production (GO:0032673),4/23,0.00591872774547,0.0361935926758145,0,0,6.320039228506047,32.419486597654604,CD86;CD40LG;LGALS9;HAVCR2,immune
GO_Biological_Process_2023,Artery Development (GO:0060840),4/23,0.00591872774547,0.0361935926758145,0,0,6.320039228506047,32.419486597654604,ANGPTL3;ROBO1;VEGFA;ENG,
GO_Biological_Process_2023,Positive Regulation Of Epithelial Cell Apoptotic Process (GO:1904037),4/23,0.00591872774547,0.0361935926758145,0,0,6.320039228506047,32.419486597654604,CD40;CD40LG;CD160;FASLG,
GO_Biological_Process_2023,Astrocyte Activation (GO:0048143),3/12,0.005984390323382,0.0361935926758145,0,0,9.996382428940567,51.16749122382853,GRN;IFNGR1;TREM2,
GO_Biological_Process_2023,Detection Of Bacterium (GO:0016045),3/12,0.005984390323382,0.0361935926758145,0,0,9.996382428940567,51.16749122382853,PGLYRP2;SSC5D;PGLYRP1,
GO_Biological_Process_2023,Synaptic Membrane Adhesion (GO:0099560),3/12,0.005984390323382,0.0361935926758145,0,0,9.996382428940567,51.16749122382853,PTPRS;SLITRK2;PTPRF,
GO_Biological_Process_2023,Granulocyte Activation (GO:0036230),3/12,0.005984390323382,0.0361935926758145,0,0,9.996382428940567,51.16749122382853,CXCL6;CCL5;PRG3,
GO_Biological_Process_2023,Positive Regulation Of T Cell Chemotaxis (GO:0010820),3/12,0.005984390323382,0.0361935926758145,0,0,9.996382428940567,51.16749122382853,CCL21;CCL5;XCL1,immune
GO_Biological_Process_2023,Positive Regulation Of Myeloid Leukocyte Mediated Immunity (GO:0002888),3/12,0.005984390323382,0.0361935926758145,0,0,9.996382428940567,51.16749122382853,ITGAM;ITGB2;CD177,immune
GO_Biological_Process_2023,Positive Regulation Of Neuroinflammatory Response (GO:0150078),3/12,0.005984390323382,0.0361935926758145,0,0,9.996382428940567,51.16749122382853,IL18;TREM2;MMP8,immune
GO_Biological_Process_2023,Regulation Of Osteoblast Differentiation (GO:0045667),8/85,0.0062646123711087,0.0376624012131866,0,0,3.129058441558441,15.873208333468131,NOTCH1;SEMA4D;HGF;SMOC1;CRIM1;CCN4;ATRAID;IL6R,
GO_Biological_Process_2023,Calcium-Mediated Signaling (GO:0019722),8/85,0.0062646123711087,0.0376624012131866,0,0,3.129058441558441,15.873208333468131,SELP;FIS1;VCAM1;PTPRC;CCL20;AZU1;SELE;PPP1R9B,
GO_Biological_Process_2023,Macromolecule Catabolic Process (GO:0009057),8/85,0.0062646123711087,0.0376624012131866,0,0,3.129058441558441,15.873208333468131,CASP7;TGFB1;CTRL;CASP3;RNASET2;APEX1;TPP1;LGMN,
GO_Biological_Process_2023,Positive Regulation Of Macromolecule Biosynthetic Process (GO:0010557),10/122,0.0063586134419352,0.0380873180981346,0,0,2.6925660546350203,13.618850845390202,PDGFRB;FCER2;SMOC2;CCL21;EGF;HGF;CIRBP;PDGFB;PLXNB2;AZU1,
GO_Biological_Process_2023,B Cell Differentiation (GO:0030183),7/68,0.0063604813622876,0.0380873180981346,0,0,3.453543387637145,17.466817922970453,ITGB1;CD79B;HHEX;CR2;VCAM1;PTPRC;KIT,immune
GO_Biological_Process_2023,Negative Regulation Of Response To Stimulus (GO:0048585),6/52,0.0064906665774008,0.0385293040234419,0,0,3.922389272653393,19.75860467529884,BRAP;COL3A1;MPIG6B;SPINK5;THY1;PDCD1,
GO_Biological_Process_2023,Regulation Of Vascular Associated Smooth Muscle Cell Proliferation (GO:1904705),5/37,0.0064979977023661,0.0385293040234419,0,0,4.694790046656299,23.644188932178853,ERN1;ADIPOQ;PDGFB;SOD2;MMP9,vascular
GO_Biological_Process_2023,Negative Regulation Of Endothelial Cell Migration (GO:0010596),5/37,0.0064979977023661,0.0385293040234419,0,0,4.694790046656299,23.644188932178853,NOTCH1;ANGPT2;TGFB1;DNAJA4;APOE,vascular
GO_Biological_Process_2023,Negative Regulation Of Endothelial Cell Proliferation (GO:0001937),5/37,0.0064979977023661,0.0385293040234419,0,0,4.694790046656299,23.644188932178853,ATP5IF1;SORD;IL12B;PRL;APOE,vascular
GO_Biological_Process_2023,Negative Regulation Of Smooth Muscle Cell Proliferation (GO:0048662),5/37,0.0064979977023661,0.0385293040234419,0,0,4.694790046656299,23.644188932178853,OGN;IL12B;APOD;APOE;SOD2,
GO_Biological_Process_2023,ERK1 And ERK2 Cascade (GO:0070371),4/24,0.0069233740713625,0.0402762606239042,0,0,6.003726708074535,29.855644641564712,MAP2K1;EGF;ITGAV;LGALS9,
GO_Biological_Process_2023,Regulation Of Heterotypic Cell-Cell Adhesion (GO:0034114),4/24,0.0069233740713625,0.0402762606239042,0,0,6.003726708074535,29.855644641564712,IL1RN;THY1;AGER;MBL2,
GO_Biological_Process_2023,Regulation Of Proteolysis Involved In Protein Catabolic Process (GO:1903050),4/24,0.0069233740713625,0.0402762606239042,0,0,6.003726708074535,29.855644641564712,ATP5IF1;EFNA1;PKD1;CTSC,
GO_Biological_Process_2023,Mononuclear Cell Differentiation (GO:1903131),4/24,0.0069233740713625,0.0402762606239042,0,0,6.003726708074535,29.855644641564712,MYH9;TREM2;GAS6;VEGFA,
GO_Biological_Process_2023,Multivesicular Body Sorting Pathway (GO:0071985),4/24,0.0069233740713625,0.0402762606239042,0,0,6.003726708074535,29.855644641564712,VTA1;RAB27B;CHMP6;RILP,
GO_Biological_Process_2023,Positive Regulation Of ERBB Signaling Pathway (GO:1901186),4/24,0.0069233740713625,0.0402762606239042,0,0,6.003726708074535,29.855644641564712,APEX1;HIP1R;PLAUR;MMP9,
GO_Biological_Process_2023,Positive Regulation Of Interleukin-17 Production (GO:0032740),4/24,0.0069233740713625,0.0402762606239042,0,0,6.003726708074535,29.855644641564712,TGFB1;IL18;IL12B;LY9,immune
GO_Biological_Process_2023,Positive Regulation Of Peptidyl-Threonine Phosphorylation (GO:0010800),4/24,0.0069233740713625,0.0402762606239042,0,0,6.003726708074535,29.855644641564712,TGFB1;EGF;CHI3L1;AZU1,
GO_Biological_Process_2023,Positive Regulation Of Vascular Endothelial Growth Factor Production (GO:0010575),4/24,0.0069233740713625,0.0402762606239042,0,0,6.003726708074535,29.855644641564712,C3;TGFB1;CXCL17;HPSE,vascular
GO_Biological_Process_2023,Negative Regulation Of Cell Migration (GO:0030336),12/163,0.006925812012047,0.0402762606239042,0,0,2.3992252905160565,11.930147698851313,CD74;COL3A1;CDH1;SERPINE1;ADIPOQ;DAG1;THY1;PTPRK;TIMP1;EPHA1;ROBO1;ENG,
GO_Biological_Process_2023,Response To Transforming Growth Factor Beta (GO:0071559),5/38,0.0072872672664458,0.0420547637666643,0,0,4.552288043734389,22.404662217383024,CLEC3B;TGFB1;PDCD5;XCL1;CRKL,
GO_Biological_Process_2023,Lymphocyte Proliferation (GO:0046651),5/38,0.0072872672664458,0.0420547637666643,0,0,4.552288043734389,22.404662217383024,CD40;CR2;CD40LG;PTPRC;TNFRSF4,immune
GO_Biological_Process_2023,Positive Regulation Of Production Of Molecular Mediator Of Immune Response (GO:0002702),5/38,0.0072872672664458,0.0420547637666643,0,0,4.552288043734389,22.404662217383024,CD86;PTPRC;XCL1;TNFRSF14;TNFRSF4,immune
GO_Biological_Process_2023,Positive Regulation Of Protein Tyrosine Kinase Activity (GO:0061098),5/38,0.0072872672664458,0.0420547637666643,0,0,4.552288043734389,22.404662217383024,EFNA1;EGF;PDGFB;GAS6;HBEGF,
GO_Biological_Process_2023,Regulation Of Actin Filament Polymerization (GO:0030833),7/70,0.0074430355090691,0.0427903790483365,0,0,3.34356040908303,16.385039260576985,CCL24;CCL11;CCL21;TWF2;HIP1R;HCLS1;ESAM,
GO_Biological_Process_2023,Regulation Of Actin Filament-Based Process (GO:0032970),7/70,0.0074430355090691,0.0427903790483365,0,0,3.34356040908303,16.385039260576985,PDGFRB;TWF2;HIP1R;PDGFA;ESAM;F11R;CORO1A,
GO_Biological_Process_2023,Regulation Of Humoral Immune Response (GO:0002920),3/13,0.0075943109342801,0.0431676621527504,0,0,8.996279069767441,43.90504339581146,CFH;CD59;CD55,immune
GO_Biological_Process_2023,Regulation Of Immune Effector Process (GO:0002697),3/13,0.0075943109342801,0.0431676621527504,0,0,8.996279069767441,43.90504339581146,CFH;CD59;CD55,immune
GO_Biological_Process_2023,Acute-Phase Response (GO:0006953),3/13,0.0075943109342801,0.0431676621527504,0,0,8.996279069767441,43.90504339581146,ITIH4;IL6R;MBL2,
GO_Biological_Process_2023,Immune Response-Regulating Cell Surface Receptor Signaling Pathway (GO:0002768),3/13,0.0075943109342801,0.0431676621527504,0,0,8.996279069767441,43.90504339581146,CD40;KIT;LILRB2,immune
GO_Biological_Process_2023,Positive Regulation Of Macrophage Chemotaxis (GO:0010759),3/13,0.0075943109342801,0.0431676621527504,0,0,8.996279069767441,43.90504339581146,RARRES2;CCL5;CXCL17,
GO_Biological_Process_2023,Positive Regulation Of Type 2 Immune Response (GO:0002830),3/13,0.0075943109342801,0.0431676621527504,0,0,8.996279069767441,43.90504339581146,CD86;IL18;XCL1,immune
GO_Biological_Process_2023,Negative Regulation Of Protein Binding (GO:0032091),7/71,0.0080327092264893,0.0447447665003191,0,0,3.2911466458658345,15.87725963851531,LRPAP1;ADIPOQ;PDGFB;PARK7;B2M;DKK1;PTPRF,
GO_Biological_Process_2023,Negative Regulation Of Supramolecular Fiber Organization (GO:1902904),7/71,0.0080327092264893,0.0447447665003191,0,0,3.2911466458658345,15.87725963851531,CDH5;TWF2;HIP1R;TREM2;APOE;CORO1A;LDLR,
GO_Biological_Process_2023,Positive Regulation Of Cell-Substrate Adhesion (GO:0010811),7/71,0.0080327092264893,0.0447447665003191,0,0,3.2911466458658345,15.87725963851531,VIT;CCL21;PDGFB;FN1;EPHA1;FBLN2;CRKL,
GO_Biological_Process_2023,Regulation Of Keratinocyte Proliferation (GO:0010837),4/25,0.0080345265243628,0.0447447665003191,0,0,5.717539189588879,27.581450263625246,NOTCH2;REG3A;CDH3;PTPRK,
GO_Biological_Process_2023,Regulation Of Myelination (GO:0031641),4/25,0.0080345265243628,0.0447447665003191,0,0,5.717539189588879,27.581450263625246,PTPRZ1;TNFRSF1B;JAM2;TNFRSF21,
GO_Biological_Process_2023,Regulation Of Neutrophil Chemotaxis (GO:0090022),4/25,0.0080345265243628,0.0447447665003191,0,0,5.717539189588879,27.581450263625246,DPP4;CD74;CCL21;XCL1,
GO_Biological_Process_2023,Regulation Of Protein Processing (GO:0070613),4/25,0.0080345265243628,0.0447447665003191,0,0,5.717539189588879,27.581450263625246,SERPINE2;PLAU;PLAUR;ADAM8,
GO_Biological_Process_2023,"Wound Healing, Spreading Of Cells (GO:0044319)",4/25,0.0080345265243628,0.0447447665003191,0,0,5.717539189588879,27.581450263625246,DDR1;ITGB1;MMP12;ITGA5,
GO_Biological_Process_2023,Organophosphate Ester Transport (GO:0015748),4/25,0.0080345265243628,0.0447447665003191,0,0,5.717539189588879,27.581450263625246,NPC2;TRIAP1;LDLR;PLTP,
GO_Biological_Process_2023,Positive Regulation Of Release Of Cytochrome C From Mitochondria (GO:0090200),4/25,0.0080345265243628,0.0447447665003191,0,0,5.717539189588879,27.581450263625246,PDCD5;TNFSF10;PLAUR;MMP9,
GO_Biological_Process_2023,Regulation Of Biomineral Tissue Development (GO:0070167),4/25,0.0080345265243628,0.0447447665003191,0,0,5.717539189588879,27.581450263625246,ECM1;NOTCH1;TGFB1;GAS6,
GO_Biological_Process_2023,Regulation Of Cold-Induced Thermogenesis (GO:0120161),11/146,0.0080502451641256,0.0447498922358748,0,0,2.458131286702715,11.853238688735466,NOTCH1;FABP5;LAMA4;ADIPOQ;ALDH1A1;LCN2;IL18;ACOT13;OXT;IL18R1;VEGFA,heat adaptation
GO_Biological_Process_2023,Regulation Of Protein Tyrosine Kinase Activity (GO:0061097),5/39,0.0081409781349348,0.0450060655942287,0,0,4.418168511572592,21.25512363764163,EFNA1;PTPRC;PDGFB;THY1;GAS6,
GO_Biological_Process_2023,Digestive Tract Development (GO:0048565),5/39,0.0081409781349348,0.0450060655942287,0,0,4.418168511572592,21.25512363764163,CLMP;NPY;RARRES2;KIT;PKD1,
GO_Biological_Process_2023,Negative Regulation Of Protein Secretion (GO:0050709),5/39,0.0081409781349348,0.0450060655942287,0,0,4.418168511572592,21.25512363764163,CHGA;F2R;IL12B;APOE;RAB11FIP3,
GO_Biological_Process_2023,Positive Regulation Of Peptidyl-Serine Phosphorylation (GO:0033138),8/89,0.0082212550974367,0.0453669259391401,0,0,2.97391975308642,14.277885069693385,TGFB1;BDNF;NTRK3;HCLS1;PARK7;GAS6;VEGFA;EIF4G1,
GO_Biological_Process_2023,Regulation Of Cytokine Production (GO:0001817),12/167,0.0083382468825779,0.0459287041401015,0,0,2.3368228849665247,11.18614282085162,PTPRC;CASP8;BTN2A1;CCN4;IL12B;SIRPA;EIF2AK2;TREM2;LGALS9;TNFRSF1B;CD276;SOD1,immune
GO_Biological_Process_2023,Dephosphorylation (GO:0016311),11/147,0.0084553471474514,0.0464890359525329,0,0,2.4399298180810787,11.645678248494985,NT5C;PPP1CC;PTPRB;PTPRC;PTPRS;PTPRZ1;ACP6;PTPN6;PTPRK;PTPRH;DUSP13,
GO_Biological_Process_2023,Positive Regulation Of Myeloid Leukocyte Differentiation (GO:0002763),5/40,0.0090616129873164,0.0497319739993553,0,0,4.291712952677183,20.186965153713107,CD74;CASP8;IL12B;HCLS1;TNFRSF11A,immune
KEGG_2021_Human,Cytokine-cytokine receptor interaction,58/295,5.263820228928066e-29,1.352801798834513e-26,0,0,7.92869913466352,516.2701928001397,CXCL6;IL1RN;CD40;CXCL9;CXCL17;CXCL1;FASLG;PRL;IL1RAP;CXCL3;TNFSF13B;TNFSF10;IL12B;TNFRSF8;IL6R;TNFRSF4;IL1R1;IFNGR1;IL1R2;TNFRSF19;IL18;IL16;OSMR;TNFRSF1B;IL17RA;TNFRSF1A;XCL1;TNFRSF21;IFNAR1;CCL13;CCL11;TNFRSF11A;CCL8;CCL5;CCL4;TNFRSF14;CCL17;RELT;CCL16;CCL24;CCL23;CCL22;TGFB1;CCL21;CCL20;IL10RB;TNFSF12;TNFSF13;PPBP;INHBC;CXCL10;CXCL11;CD40LG;IL2RA;TNFSF8;LTBR;IL7R;IL18R1,immune
KEGG_2021_Human,Cell adhesion molecules,39/148,8.446788365640499e-25,1.085412304984804e-22,0,0,11.305599493831066,626.6788883004543,CD86;ITGB1;CD40;ITGAM;ITGB2;ICAM2;ICAM3;CD99L2;F11R;PVR;PTPRF;ICAM1;CDH5;ALCAM;CDH3;CDH1;ITGAV;ITGB7;NCAM1;CD58;NCAM2;CD34;CD99;JAM2;CD276;VCAM1;SELE;SELP;NFASC;PTPRC;CD40LG;CD6;CD8A;CNTN1;PECAM1;ESAM;CDH15;PDCD1;CD22,
KEGG_2021_Human,Viral protein interaction with cytokine and cytokine receptor,30/100,3.735722919310775e-21,3.2002693008762304e-19,0,0,13.371705963938972,628.9561829857664,CXCL6;CCL13;CXCL9;CCL11;CXCL1;CXCL3;CCL8;CCL5;CCL4;TNFSF10;TNFRSF14;IL6R;CCL17;CCL16;CCL24;CCL23;CCL22;CCL21;CCL20;IL10RB;IL18;PPBP;TNFRSF1B;TNFRSF1A;CXCL10;CXCL11;IL2RA;XCL1;LTBR;IL18R1,immune
KEGG_2021_Human,Complement and coagulation cascades,26/85,9.595784378888716e-19,6.165291463436e-17,0,0,13.668810289389068,567.088770366988,CFD;ITGAM;C1S;CFH;SERPINC1;PROS1;ITGB2;SERPINE1;TFPI;SERPINA5;C3;PLAU;CD59;VSIG4;CD55;MBL2;CR2;SERPIND1;F2R;PLAUR;F2;F9;PROC;SERPING1;CD46;CFB,immune
KEGG_2021_Human,Malaria,16/50,2.171096866122513e-12,1.1159437891869718e-10,0,0,14.38421444527178,386.29942243181296,CD40;TGFB1;VCAM1;KLRB1;HGF;ITGB2;IL18;THBS2;SELE;ICAM1;COMP;SELP;KLRK1;CD40LG;PECAM1;MET,
KEGG_2021_Human,Hematopoietic cell lineage,20/99,4.7526333151132256e-11,2.0357112699734982e-09,0,0,7.769491252116423,184.6787650569277,CR2;ITGAM;IL1R1;IL1R2;FLT3LG;GP1BA;FCER2;CD8A;CD5;ANPEP;IL2RA;KIT;CD59;CD14;ITGA5;IL7R;IL6R;CD34;CD22;CD55,
KEGG_2021_Human,Lysosome,22/128,1.4347841798660284e-10,5.267707631793847e-09,0,0,6.3809150641991685,144.62239658247626,ARSA;CD164;ASAH1;PSAPL1;AP3B1;IGF2R;CTSS;CTSO;LAMP1;AP1G2;GM2A;NPC2;LAMP3;LAMP2;PSAP;ACP5;TPP1;GUSB;CTSD;CTSC;LGMN;CTSB,
KEGG_2021_Human,Lipid and atherosclerosis,28/215,3.9746260404721947e-10,1.2768486155016929e-08,0,0,4.628428497498707,100.1865942050766,CD40;CXCL1;FASLG;CXCL3;AGER;ICAM1;CASP7;CASP8;CASP3;CCL5;TNFSF10;IL12B;CD14;LDLR;VCAM1;MMP1;MMP3;IL18;APOA4;SOD2;SELE;MMP9;TNFRSF1A;ERN1;SELP;CD40LG;ARHGEF1;HSPA1A,vascular
KEGG_2021_Human,Rheumatoid arthritis,18/93,9.242663184669763e-10,2.6392938205112552e-08,0,0,7.343619047619048,152.76211663384092,CD86;CXCL6;TGFB1;ANGPT1;MMP1;CCL20;ITGB2;MMP3;TNFSF13;IL18;CXCL1;TNFRSF11A;CXCL3;ICAM1;TNFSF13B;VEGFA;CCL5;ACP5,
KEGG_2021_Human,PI3K-Akt signaling pathway,36/354,1.4459797376582456e-09,3.716167925781692e-08,0,0,3.5209027007029228,71.66613911774715,ITGB1;TNXB;LAMA4;PDGFB;TNC;PDGFA;FASLG;PRL;THBS2;COMP;ITGAV;ITGB7;IL6R;PDGFRB;MAP2K1;ANGPT2;ANGPT1;BDNF;EGF;HGF;F2R;FN1;FLT3LG;VEGFD;OSMR;PGF;VEGFA;COL1A1;EFNA1;IL2RA;KIT;COL6A3;ITGA5;IL7R;MET;IFNAR1,
KEGG_2021_Human,ECM-receptor interaction,17/88,2.792784288383659e-09,6.524959655587278e-08,0,0,7.316287582866454,144.10325946308473,ITGB1;TNXB;LAMA4;TNC;FN1;GP1BA;THBS2;GP6;HSPG2;COMP;COL1A1;DAG1;COL6A3;ITGAV;ITGB7;ITGA5;AGRN,
KEGG_2021_Human,TNF signaling pathway,19/112,3.244887520135436e-09,6.949467438956727e-08,0,0,6.25538061780946,122.26882773884437,CXCL6;MAP2K1;VCAM1;CCL20;MMP3;CXCL1;VEGFD;CXCL3;TNFRSF1B;SELE;MMP9;ICAM1;TNFRSF1A;CXCL10;CASP7;CASP8;CASP3;CCL5;IL18R1,
KEGG_2021_Human,NF-kappa B signaling pathway,18/104,6.044843648628945e-09,1.1950190905366453e-07,0,0,6.400664451827242,121.12655952025716,CCL13;CD40;VCAM1;CCL21;IL1R1;CXCL1;TNFRSF11A;CXCL3;ICAM1;TNFSF13B;TNFRSF1A;CD40LG;PLAU;CCL4;TRIM25;CD14;LTBR;LAT,
KEGG_2021_Human,Proteoglycans in cancer,25/205,1.3426251419301186e-08,2.464676153400289e-07,0,0,4.274121633672196,77.47295947170386,ITGB1;FASLG;PPP1CC;PLAU;GPC1;CASP3;IL12B;TIMP3;ITGAV;MAP2K1;TGFB1;HGF;FN1;PLAUR;HSPG2;MMP9;VEGFA;COL1A1;HCLS1;ARHGEF1;PTPN6;HPSE;ITGA5;MET;HBEGF,
KEGG_2021_Human,Phagosome,21/152,2.175331649777289e-08,3.727068226618422e-07,0,0,4.914240841520874,86.70440636285751,ITGB1;COLEC12;ITGAM;CLEC4M;ITGB2;THBS2;MPO;CORO1A;CTSS;COMP;C3;FCGR3B;FCGR2A;LAMP1;CD209;LAMP2;ITGAV;CD14;ITGA5;RILP;MBL2,
KEGG_2021_Human,Focal adhesion,24/201,3.946781871601802e-08,6.339518381260394e-07,0,0,4.166666666666667,71.03241755479586,PDGFRB;ITGB1;MAP2K1;TNXB;EGF;HGF;LAMA4;PDGFB;FN1;TNC;PDGFA;VEGFD;THBS2;PGF;CRKL;VEGFA;COL1A1;COMP;PPP1CC;COL6A3;ITGAV;ITGB7;ITGA5;MET,
KEGG_2021_Human,Tuberculosis,22/180,9.546099035973349e-08,1.443145560144206e-06,0,0,4.269300764346665,69.0113177756062,CD74;TGFB1;ITGAM;CLEC4M;IFNGR1;IL10RB;ITGB2;IL18;CORO1A;CTSS;TNFRSF1A;C3;CASP8;FCGR3B;FCGR2A;LAMP1;CD209;CASP3;LAMP2;IL12B;CD14;CTSD,
KEGG_2021_Human,Amoebiasis,16/102,1.7499558358458986e-07,2.4985480545133104e-06,0,0,5.671474830733,88.23967007848573,TGFB1;ITGAM;IL1R1;ARG1;IL1R2;LAMA4;ITGB2;FN1;CXCL1;CXCL3;SERPINB6;COL1A1;COL3A1;CASP3;IL12B;CD14,
KEGG_2021_Human,Legionellosis,12/57,2.250536907084785e-07,3.04414729010942e-06,0,0,8.095178197064989,123.9123004017309,C3;CASP7;ITGAM;CASP8;CASP3;ITGB2;IL18;IL12B;CXCL1;CD14;CXCL3;HSPA1A,
KEGG_2021_Human,Chemokine signaling pathway,22/192,2.994509984229293e-07,3.8479453297346415e-06,0,0,3.96545762074798,59.566388215093816,CXCL6;CCL13;CCL24;MAP2K1;CXCL9;CCL23;CCL11;CCL22;CCL21;CCL20;CXCL1;PPBP;CXCL3;CRKL;CXCL10;CXCL11;CCL8;CCL5;CCL4;XCL1;CCL17;CCL16,immune
KEGG_2021_Human,IL-17 signaling pathway,15/94,3.364977698703291e-07,4.118091755079742e-06,0,0,5.781090647309377,86.16527328544268,CXCL6;USP25;CCL11;MMP1;CCL20;MMP3;CXCL1;CXCL3;MMP9;IL17RA;CXCL10;CASP8;CASP3;LCN2;CCL17,
KEGG_2021_Human,Rap1 signaling pathway,22/210,1.3934471931730938e-06,1.6277996756612957e-05,0,0,3.582421317381552,48.304401380869685,PDGFRB;ITGB1;MAP2K1;FYB1;ITGAM;ANGPT2;ANGPT1;EGF;HGF;F2R;ITGB2;PDGFB;PDGFA;VEGFD;PGF;CRKL;VEGFA;EFNA1;CDH1;KIT;MET;LAT,
KEGG_2021_Human,Osteoclast differentiation,16/127,3.561447256477692e-06,3.979530195281595e-05,0,0,4.388413730185882,55.05415794174159,MAP2K1;TGFB1;IL1R1;IFNGR1;TREM2;TNFRSF11A;LILRB2;LILRA3;SIRPB1;OSCAR;TNFRSF1A;FCGR3B;FCGR2A;SIRPA;ACP5;IFNAR1,
KEGG_2021_Human,MAPK signaling pathway,26/294,3.943954376213506e-06,4.223317811195296e-05,0,0,2.9765801218985457,37.03855887332658,PDGFB;PDGFA;FASLG;IL1RAP;CRKL;CASP3;CD14;PDGFRB;MAP2K1;TGFB1;ANGPT2;ANGPT1;IL1R1;BDNF;EGF;HGF;FLT3LG;PLA2G4A;VEGFD;PGF;VEGFA;TNFRSF1A;EFNA1;KIT;MET;HSPA1A,
KEGG_2021_Human,Natural killer cell mediated cytotoxicity,16/131,5.354804066774749e-06,5.504738580644442e-05,0,0,4.234892680242157,51.4010795431999,MAP2K1;IFNGR1;ITGB2;ICAM2;FASLG;ICAM1;KLRK1;FCGR3B;CASP3;TNFSF10;KLRD1;CD48;PTPN6;LAT;CD244;IFNAR1,
KEGG_2021_Human,Pertussis,12/76,5.629518843396898e-06,5.564562856742319e-05,0,0,5.686320754716981,68.7333258261451,ITGB1;C3;CXCL6;CASP7;ITGAM;C1S;CASP3;ITGB2;IL12B;SERPING1;ITGA5;CD14,
KEGG_2021_Human,Pathways in cancer,37/531,1.1457326965724576e-05,0.00010905677889597096,0,0,2.311687881418263,26.299798220256587,NOTCH2;ITGB1;NOTCH1;LAMA4;PDGFB;PDGFA;FASLG;CRKL;CASP7;CASP8;CDH1;CASP3;IL12B;ITGAV;IL6R;PDGFRB;MAP2K1;TGFB1;IFNGR1;MMP1;EGF;TXNRD1;HGF;F2R;FN1;FLT3LG;VEGFD;F2;MMP9;PGF;VEGFA;IL2RA;KIT;ARHGEF1;IL7R;MET;IFNAR1,
KEGG_2021_Human,Leukocyte transendothelial migration,14/114,1.9273802917062e-05,0.00017690597677446192,0,0,4.251230283911672,46.15460282190264,ITGB1;VCAM1;ITGAM;ITGB2;CD99L2;THY1;F11R;MMP9;ICAM1;CDH5;PECAM1;ESAM;CD99;JAM2,immune;vascular
KEGG_2021_Human,Viral myocarditis,10/60,2.07774589783774e-05,0.00018413127439458597,0,0,6.050783699059561,65.23738282678177,CD86;CD40;CASP8;CD40LG;CASP3;ITGB2;DAG1;CD55;ICAM1;EIF4G1,
KEGG_2021_Human,Cholesterol metabolism,9/50,2.840738099976263e-05,0.0002433565638979665,0,0,6.633802816901408,69.44836325477476,LRPAP1;NPC2;APOC1;ANGPTL3;PCSK9;APOA4;APOE;LDLR;PLTP,
KEGG_2021_Human,Toll-like receptor signaling pathway,13/104,3.141693200036024e-05,0.0002604565007771801,0,0,4.33318335208099,44.92715379356476,CD86;MAP2K1;CD40;CXCL9;CXCL10;CXCL11;CASP8;CCL5;CCL4;IL12B;CD14;TLR3;IFNAR1,
KEGG_2021_Human,Influenza A,17/172,4.577564660532615e-05,0.0003676356617990256,0,0,3.33673125095854,33.339812311018626,MAP2K1;IFNGR1;IL18;EIF2AK2;FASLG;ICAM1;TNFRSF1A;CXCL10;CASP8;CASP3;CCL5;TNFSF10;IL12B;TRIM25;TPSAB1;TLR3;IFNAR1,
KEGG_2021_Human,Staphylococcus aureus infection,12/95,5.66813078514241e-05,0.0004414271550853332,0,0,4.380313707660832,42.83099683691932,CFD;C3;SELP;ITGAM;FCGR3B;FCGR2A;C1S;CFH;ITGB2;CFB;ICAM1;MBL2,
KEGG_2021_Human,Apoptosis,15/142,5.9148358628940384e-05,0.00044709200493052,0,0,3.58715527857596,34.92261288831532,MAP2K1;DFFA;FASLG;CTSS;LMNB1;TNFRSF1A;ERN1;CASP7;CTSO;CASP8;CASP3;TNFSF10;CTSD;CTSC;CTSB,
KEGG_2021_Human,Toxoplasmosis,13/112,6.889210538019721e-05,0.000505864888077448,0,0,3.981372782947586,38.1533718264326,ITGB1;CD40;TGFB1;IFNGR1;IL10RB;LAMA4;TNFRSF1A;CASP8;CD40LG;CASP3;IL12B;LDLR;HSPA1A,
KEGG_2021_Human,Ras signaling pathway,20/232,7.202132747058783e-05,0.0005141522544428076,0,0,2.87525537795938,27.425762205325093,BRAP;PDGFRB;MAP2K1;ANGPT2;ANGPT1;BDNF;EGF;HGF;PDGFB;FLT3LG;PDGFA;PLA2G4A;VEGFD;FASLG;PGF;VEGFA;EFNA1;KIT;MET;LAT,
KEGG_2021_Human,Human papillomavirus infection,25/331,8.486782577704519e-05,0.0005894873303973139,0,0,2.4976657329598506,23.414156367334947,NOTCH2;ITGB1;TNXB;NOTCH1;LAMA4;TNC;FASLG;THBS2;COMP;CASP8;CASP3;ITGAV;ITGB7;PDGFRB;MAP2K1;EGF;FN1;EIF2AK2;VEGFA;TNFRSF1A;COL1A1;COL6A3;ITGA5;TLR3;IFNAR1,
KEGG_2021_Human,AGE-RAGE signaling pathway in diabetic complications,12/100,9.40481710762544e-05,0.000636062630699931,0,0,4.130360205831904,38.295474964777206,COL1A1;COL3A1;TGFB1;VCAM1;CASP3;SERPINE1;FN1;VEGFD;AGER;SELE;ICAM1;VEGFA,electrolyte transport
KEGG_2021_Human,Intestinal immune network for IgA production,8/48,0.00013956593053188768,0.000919703696069106,0,0,6.035,53.57253475899612,CD86;CD40;TGFB1;CD40LG;TNFSF13;ITGB7;LTBR;TNFSF13B,immune
KEGG_2021_Human,Nitrogen metabolism,5/17,0.00015732258212940484,0.001003641291333,0,0,12.532400207361327,109.74888795741197,CA1;CA2;CA4;CA6;CA14,
KEGG_2021_Human,African trypanosomiasis,7/37,0.00016011398032940034,0.001003641291333,0,0,7.033489339573583,61.47005659166364,VCAM1;LAMA4;IL18;IL12B;FASLG;SELE;ICAM1,
KEGG_2021_Human,Fluid shear stress and atherosclerosis,14/139,0.00017216381418712993,0.0010534785772879,0,0,3.3965678233438488,29.4382711343805,VCAM1;IL1R1;IL1R2;PDGFB;PDGFA;SELE;MMP9;ICAM1;TNFRSF1A;VEGFA;CDH5;GPC1;PECAM1;ITGAV,stress response;vascular
KEGG_2021_Human,Leishmaniasis,10/77,0.0001845551669136745,0.0011030390208561,0,0,4.511533242876526,38.788187364028005,ITGB1;C3;ITGAM;FCGR3B;TGFB1;FCGR2A;IFNGR1;ITGB2;IL12B;PTPN6,
KEGG_2021_Human,Coronavirus disease,19/232,0.0002112156829393876,0.001230541724469,0,0,2.7142046769221584,22.969311967628997,CFD;NRP1;C1S;MMP1;MMP3;EIF2AK2;F2;TNFRSF1A;C3;SELP;CXCL10;FCGR2A;IL12B;IL6R;CFB;TLR3;HBEGF;IFNAR1;MBL2,
KEGG_2021_Human,HIF-1 signaling pathway,12/109,0.0002154645042844582,0.001230541724469,0,0,3.745380276210854,31.62117589887194,MAP2K1;ANGPT2;ANGPT1;IFNGR1;EGF;SERPINE1;ENO1;TIMP1;LTBR;ENO2;IL6R;VEGFA,stress response
KEGG_2021_Human,Regulation of actin cytoskeleton,18/218,0.00027793891944639644,0.0015528326586461,0,0,2.736,22.40266672369193,PDGFRB;ITGB1;MAP2K1;ITGAM;EGF;F2R;ITGB2;PDGFB;FN1;PDGFA;F2;CRKL;PPP1CC;MYH9;ARHGEF1;ITGAV;ITGB7;ITGA5,
KEGG_2021_Human,Bladder cancer,7/41,0.0003125373980972896,0.0017089810917234,0,0,6.204735248233459,50.077092993776,MAP2K1;CDH1;EGF;MMP1;MMP9;VEGFA;HBEGF,
KEGG_2021_Human,Epithelial cell signaling in Helicobacter pylori infection,9/70,0.0004149010026809075,0.0022214491185206,0,0,4.454167628723159,34.68669951827767,PTPRZ1;CASP3;CCL5;CXCL1;CXCL3;F11R;MET;JAM2;HBEGF,
KEGG_2021_Human,Kaposi sarcoma-associated herpesvirus infection,16/193,0.0005696505758351694,0.0029877591426456,0,0,2.742616033755274,20.48867855053093,CD86;MAP2K1;ANGPT2;IFNGR1;PDGFB;EIF2AK2;CXCL1;CXCL3;ICAM1;VEGFA;TNFRSF1A;C3;CASP8;CASP3;TLR3;IFNAR1,
KEGG_2021_Human,Pathogenic Escherichia coli infection,16/197,0.0007118657829259795,0.0036589901242395,0,0,2.681446254982866,19.43410664771493,ITGB1;IL1R1;F2R;IL18;FASLG;F2;TNFRSF1A;CASP7;CASP8;FCGR2A;CASP3;TNFSF10;HCLS1;MYH9;ARHGEF1;PTPN6,
KEGG_2021_Human,JAK-STAT signaling pathway,14/162,0.0008224392973670054,0.0041444490083003,0,0,2.865291158666553,20.3528389667254,PDGFRB;IFNGR1;EGF;IL10RB;PDGFB;PDGFA;PRL;OSMR;IL2RA;IL12B;PTPN6;IL7R;IL6R;IFNAR1,
KEGG_2021_Human,Antigen processing and presentation,9/78,0.000925431553661594,0.0045737674863659,0,0,3.93610941008369,27.49470977120864,CD74;CD8A;KLRD1;IFI30;B2M;CTSS;CTSB;HSPA1A;LGMN,
KEGG_2021_Human,Prostate cancer,10/97,0.0011877131560414,0.0057592883226915,0,0,3.4707959499873886,23.37832891869455,PDGFRB;MAP2K1;SPINT1;PLAU;EGF;IL1R2;MMP3;PDGFB;PDGFA;MMP9,
KEGG_2021_Human,Primary immunodeficiency,6/38,0.0012888321625339,0.0061338864031707,0,0,5.642523364485982,37.54545638310545,CD40;CD40LG;PTPRC;CD8A;IL7R;ADA,
KEGG_2021_Human,Yersinia infection,12/137,0.0016870899587077,0.007883311261598,0,0,2.902188679245283,18.52974961145553,ITGB1;MAP2K1;FYB1;FCGR2A;CD8A;FN1;IL18;ARHGEF1;ITGA5;LAT;CRKL;SKAP2,
KEGG_2021_Human,Melanoma,8/72,0.0022441164043256,0.010298891355566,0,0,3.7671875,22.977747005321675,PDGFRB;MAP2K1;CDH1;EGF;HGF;PDGFB;PDGFA;MET,
KEGG_2021_Human,Platelet activation,11/124,0.0023442904498248,0.0105698709755262,0,0,2.940067517817201,17.804380031074206,COL1A1;ITGB1;PPP1CC;COL3A1;FCGR2A;F2R;PLA2G4A;GP1BA;ARHGEF1;GP6;F2,
KEGG_2021_Human,Bacterial invasion of epithelial cells,8/77,0.0034277613147133,0.0151885285841608,0,0,3.4932971014492757,19.82742304813872,ITGB1;CDH1;FN1;HCLS1;ITGA5;MET;CRKL;SEPTIN8,
KEGG_2021_Human,Transcriptional misregulation in cancer,14/192,0.0040345180958613,0.0175740872989213,0,0,2.378655229858576,13.11321328782759,CD86;CD40;ITGAM;IL1R2;MMP3;PDGFA;MPO;MMP9;HHEX;SPINT1;PLAU;ITGB7;CD14;MET,
KEGG_2021_Human,Measles,11/139,0.0056199732705373,0.024072218842135,0,0,2.593504709576138,13.43805888309046,CASP8;CLEC4M;CD209;CASP3;IL2RA;IL12B;EIF2AK2;FASLG;CD46;IFNAR1;HSPA1A,
KEGG_2021_Human,Chagas disease,9/102,0.0058744076360003,0.024749553482821,0,0,2.916704528244737,14.98354881879592,C3;TGFB1;CASP8;IFNGR1;CCL5;SERPINE1;IL12B;FASLG;TNFRSF1A,
KEGG_2021_Human,Protein digestion and absorption,9/103,0.0062573355062866,0.0259376649212205,0,0,2.885525921486365,14.641160898831435,DPP4;COL1A1;COL15A1;COL3A1;CPB1;CTRL;MEP1A;COL6A3;PRCP,
KEGG_2021_Human,Human cytomegalovirus infection,15/225,0.0067803423391495,0.0276515511053475,0,0,2.1600090273076056,10.786496881253855,MAP2K1;IL1R1;IL10RB;FASLG;CRKL;VEGFA;TNFRSF1A;CASP8;CASP3;CCL5;CCL4;ARHGEF1;ITGAV;B2M;IL6R,
KEGG_2021_Human,Renal cell carcinoma,7/69,0.00688598938032,0.0276515511053475,0,0,3.397664938855619,16.91448139478418,MAP2K1;TGFB1;HGF;PDGFB;MET;CRKL;VEGFA,
KEGG_2021_Human,Allograft rejection,5/38,0.0072872672664458,0.0288127336534857,0,0,4.552288043734389,22.404662217383024,CD86;CD40;CD40LG;IL12B;FASLG,
KEGG_2021_Human,Arrhythmogenic right ventricular cardiomyopathy,7/77,0.0123164123049305,0.047959363066169,0,0,3.00811232449298,13.226136168349722,ITGB1;DAG1;ITGAV;ITGB7;DSG2;ITGA5;DSC2,
